[2026-05-14 10:02:22] NEGATIVO | WhatsApp no conectado (QR visible) — ciclo abortado

=== SESIÓN 10:03-10:03 (14/05/2026) ===
RESERVA                   TELÉFONO             ESTADO       RESPUESTA                 REVIEW
-----------------------------------------------------------------------------------------------
9/5_14:30_maf             34665976040          ENVIADO      recordatorio FALLIDO (chat_input_not_found) -
9/5_19:00_maf/csi         34%C2%A0628%C2%A061%C2%A027%C2%A078%E2%80%AC ENVIADO      recordatorio FALLIDO (chat_input_not_found) -
9/5_20:30_4e              34747414084          ENVIADO      recordatorio FALLIDO (chat_input_not_found) -
9/5_19:00_4e              34675651585          ENVIADO      recordatorio FALLIDO (chat_input_not_found) -
10/5_17:30_maf            34722714718          ENVIADO      recordatorio FALLIDO (chat_input_not_found) -
10/5_17:30_4e             34653197010          ENVIADO      recordatorio FALLIDO (chat_input_not_found) -

[2026-05-14 10:03:41] POSITIVO | Fotos nuevas: 0 | Envios OK: 0 | Envios FAIL: 0 | Reviews negativas: 0 | Fotos borradas: 0

=== SESIÓN 10:04-10:04 (14/05/2026) ===
RESERVA                   TELÉFONO             ESTADO       RESPUESTA                 REVIEW
-----------------------------------------------------------------------------------------------
9/5_14:30_maf             34665976040          ENVIADO      recordatorio FALLIDO (chat_input_not_found) -
9/5_19:00_maf/csi         34%C2%A0628%C2%A061%C2%A027%C2%A078%E2%80%AC ENVIADO      recordatorio FALLIDO (chat_input_not_found) -
9/5_20:30_4e              34747414084          ENVIADO      recordatorio FALLIDO (chat_input_not_found) -
9/5_19:00_4e              34675651585          ENVIADO      recordatorio FALLIDO (chat_input_not_found) -
10/5_17:30_maf            34722714718          ENVIADO      recordatorio FALLIDO (chat_input_not_found) -
10/5_17:30_4e             34653197010          ENVIADO      recordatorio FALLIDO (chat_input_not_found) -

[2026-05-14 10:04:59] POSITIVO | Fotos nuevas: 0 | Envios OK: 0 | Envios FAIL: 0 | Reviews negativas: 0 | Fotos borradas: 0

=== SESIÓN 10:06-10:06 (14/05/2026) ===
RESERVA                   TELÉFONO             ESTADO       RESPUESTA                 REVIEW
-----------------------------------------------------------------------------------------------
9/5_14:30_maf             34665976040          ENVIADO      recordatorio FALLIDO (chat_input_not_found) -
9/5_19:00_maf/csi         34%C2%A0628%C2%A061%C2%A027%C2%A078%E2%80%AC ENVIADO      recordatorio FALLIDO (chat_input_not_found) -
9/5_20:30_4e              34747414084          ENVIADO      recordatorio FALLIDO (chat_input_not_found) -
9/5_19:00_4e              34675651585          ENVIADO      recordatorio FALLIDO (chat_input_not_found) -
10/5_17:30_maf            34722714718          ENVIADO      recordatorio FALLIDO (chat_input_not_found) -
10/5_17:30_4e             34653197010          ENVIADO      recordatorio FALLIDO (chat_input_not_found) -

[2026-05-14 10:06:16] POSITIVO | Fotos nuevas: 0 | Envios OK: 0 | Envios FAIL: 0 | Reviews negativas: 0 | Fotos borradas: 0

=== SESIÓN 10:07-10:07 (14/05/2026) ===
RESERVA                   TELÉFONO             ESTADO       RESPUESTA                 REVIEW
-----------------------------------------------------------------------------------------------
9/5_14:30_maf             34665976040          ENVIADO      recordatorio FALLIDO (chat_input_not_found) -
9/5_19:00_maf/csi         34%C2%A0628%C2%A061%C2%A027%C2%A078%E2%80%AC ENVIADO      recordatorio FALLIDO (chat_input_not_found) -
9/5_20:30_4e              34747414084          ENVIADO      recordatorio FALLIDO (chat_input_not_found) -
9/5_19:00_4e              34675651585          ENVIADO      recordatorio FALLIDO (chat_input_not_found) -
10/5_17:30_maf            34722714718          ENVIADO      recordatorio FALLIDO (chat_input_not_found) -
10/5_17:30_4e             34653197010          ENVIADO      recordatorio FALLIDO (chat_input_not_found) -

[2026-05-14 10:07:32] POSITIVO | Fotos nuevas: 0 | Envios OK: 0 | Envios FAIL: 0 | Reviews negativas: 0 | Fotos borradas: 0

=== SESIÓN 10:08-10:08 (14/05/2026) ===
RESERVA                   TELÉFONO             ESTADO       RESPUESTA                 REVIEW
-----------------------------------------------------------------------------------------------
9/5_14:30_maf             34665976040          ENVIADO      recordatorio FALLIDO (chat_input_not_found) -
9/5_19:00_maf/csi         34%C2%A0628%C2%A061%C2%A027%C2%A078%E2%80%AC ENVIADO      recordatorio FALLIDO (chat_input_not_found) -
9/5_20:30_4e              34747414084          ENVIADO      recordatorio FALLIDO (chat_input_not_found) -
9/5_19:00_4e              34675651585          ENVIADO      recordatorio FALLIDO (chat_input_not_found) -
10/5_17:30_maf            34722714718          ENVIADO      recordatorio FALLIDO (chat_input_not_found) -
10/5_17:30_4e             34653197010          ENVIADO      recordatorio FALLIDO (chat_input_not_found) -

[2026-05-14 10:08:47] POSITIVO | Fotos nuevas: 0 | Envios OK: 0 | Envios FAIL: 0 | Reviews negativas: 0 | Fotos borradas: 0

=== SESIÓN 10:09-10:10 (14/05/2026) ===
RESERVA                   TELÉFONO             ESTADO       RESPUESTA                 REVIEW
-----------------------------------------------------------------------------------------------
9/5_14:30_maf             34665976040          ENVIADO      recordatorio FALLIDO (chat_input_not_found) -
9/5_19:00_maf/csi         34%C2%A0628%C2%A061%C2%A027%C2%A078%E2%80%AC ENVIADO      recordatorio FALLIDO (chat_input_not_found) -
9/5_20:30_4e              34747414084          ENVIADO      recordatorio FALLIDO (chat_input_not_found) -
9/5_19:00_4e              34675651585          ENVIADO      recordatorio FALLIDO (chat_input_not_found) -
10/5_17:30_maf            34722714718          ENVIADO      recordatorio FALLIDO (chat_input_not_found) -
10/5_17:30_4e             34653197010          ENVIADO      recordatorio FALLIDO (chat_input_not_found) -

[2026-05-14 10:10:09] POSITIVO | Fotos nuevas: 0 | Envios OK: 0 | Envios FAIL: 0 | Reviews negativas: 0 | Fotos borradas: 0

=== SESIÓN 10:11-10:11 (14/05/2026) ===
RESERVA                   TELÉFONO             ESTADO       RESPUESTA                 REVIEW
-----------------------------------------------------------------------------------------------
9/5_14:30_maf             34665976040          ENVIADO      recordatorio FALLIDO (chat_input_not_found) -
9/5_19:00_maf/csi         34%C2%A0628%C2%A061%C2%A027%C2%A078%E2%80%AC ENVIADO      recordatorio FALLIDO (chat_input_not_found) -
9/5_20:30_4e              34747414084          ENVIADO      recordatorio FALLIDO (chat_input_not_found) -
9/5_19:00_4e              34675651585          ENVIADO      recordatorio FALLIDO (chat_input_not_found) -
10/5_17:30_maf            34722714718          ENVIADO      recordatorio FALLIDO (chat_input_not_found) -
10/5_17:30_4e             34653197010          ENVIADO      recordatorio FALLIDO (chat_input_not_found) -

[2026-05-14 10:11:26] POSITIVO | Fotos nuevas: 0 | Envios OK: 0 | Envios FAIL: 0 | Reviews negativas: 0 | Fotos borradas: 0

=== SESIÓN 10:09-10:11 (14/05/2026) ===
RESERVA                   TELÉFONO             ESTADO       RESPUESTA                 REVIEW
-----------------------------------------------------------------------------------------------
9/5_14:30_maf             34665976040          ENVIADO      recordatorio FALLIDO (exception: HTTPConnectionPool(host='localhost', port=59681): Max retries exceeded with url: /session/ae171815ed4c2095c0e2db0ccd3fee1b/source (Caused by NewConnectionError("HTTPConnection(host='localhost', port=59681): Failed to establish a new connection: [WinError 10061] No connection could be made because the target machine actively refused it"))) -
9/5_19:00_maf/csi         34%C2%A0628%C2%A061%C2%A027%C2%A078%E2%80%AC ENVIADO      recordatorio FALLIDO (exception: HTTPConnectionPool(host='localhost', port=59681): Max retries exceeded with url: /session/ae171815ed4c2095c0e2db0ccd3fee1b/source (Caused by NewConnectionError("HTTPConnection(host='localhost', port=59681): Failed to establish a new connection: [WinError 10061] No connection could be made because the target machine actively refused it"))) -
9/5_20:30_4e              34747414084          ENVIADO      recordatorio FALLIDO (exception: HTTPConnectionPool(host='localhost', port=59681): Max retries exceeded with url: /session/ae171815ed4c2095c0e2db0ccd3fee1b/source (Caused by NewConnectionError("HTTPConnection(host='localhost', port=59681): Failed to establish a new connection: [WinError 10061] No connection could be made because the target machine actively refused it"))) -
9/5_19:00_4e              34675651585          ENVIADO      recordatorio FALLIDO (exception: HTTPConnectionPool(host='localhost', port=59681): Max retries exceeded with url: /session/ae171815ed4c2095c0e2db0ccd3fee1b/source (Caused by NewConnectionError("HTTPConnection(host='localhost', port=59681): Failed to establish a new connection: [WinError 10061] No connection could be made because the target machine actively refused it"))) -
10/5_17:30_maf            34722714718          ENVIADO      recordatorio FALLIDO (exception: HTTPConnectionPool(host='localhost', port=59681): Max retries exceeded with url: /session/ae171815ed4c2095c0e2db0ccd3fee1b/source (Caused by NewConnectionError("HTTPConnection(host='localhost', port=59681): Failed to establish a new connection: [WinError 10061] No connection could be made because the target machine actively refused it"))) -
10/5_17:30_4e             34653197010          ENVIADO      recordatorio FALLIDO (exception: HTTPConnectionPool(host='localhost', port=59681): Max retries exceeded with url: /session/ae171815ed4c2095c0e2db0ccd3fee1b/source (Caused by NewConnectionError("HTTPConnection(host='localhost', port=59681): Failed to establish a new connection: [WinError 10061] No connection could be made because the target machine actively refused it"))) -

[2026-05-14 10:11:51] POSITIVO | Fotos nuevas: 0 | Envios OK: 0 | Envios FAIL: 0 | Reviews negativas: 0 | Fotos borradas: 0

=== SESIÓN 10:12-10:13 (14/05/2026) ===
RESERVA                   TELÉFONO             ESTADO       RESPUESTA                 REVIEW
-----------------------------------------------------------------------------------------------
9/5_14:30_maf             34665976040          ENVIADO      recordatorio FALLIDO (chat_input_not_found) -
9/5_19:00_maf/csi         34%C2%A0628%C2%A061%C2%A027%C2%A078%E2%80%AC ENVIADO      recordatorio FALLIDO (exception: Message: invalid session id: session deleted as the browser has closed the connection
from disconnected: Unable to receive message from renderer
  (Session info: chrome=147.0.7727.101); For documentation on this error, please visit: https://www.selenium.dev/documentation/webdriver/troubleshooting/errors#invalidsessionidexception
Stacktrace:
	chromedriver!GetHandleVerifier [0x4eb373+10553]
	chromedriver!GetHandleVerifier [0x4eb4a4+10684]
	chromedriver!(No symbol) [0x2f1e10]
	chromedriver!(No symbol) [0x2e21b3]
	chromedriver!(No symbol) [0x2e1ee5]
	chromedriver!(No symbol) [0x2dfff8]
	chromedriver!(No symbol) [0x2e0846]
	chromedriver!(No symbol) [0x30454e]
	chromedriver!(No symbol) [0x2fa8fb]
	chromedriver!(No symbol) [0x2fa80d]
	chromedriver!(No symbol) [0x37d0cf]
	chromedriver!(No symbol) [0x35d86c]
	chromedriver!(No symbol) [0x37aa36]
	chromedriver!(No symbol) [0x35d606]
	chromedriver!(No symbol) [0x330039]
	chromedriver!(No symbol) [0x330df4]
	chromedriver!GetHandleVerifier [0x76ddb4+292f94]
	chromedriver!GetHandleVerifier [0x76937d+28e55d]
	chromedriver!GetHandleVerifier [0x788215+2ad3f5]
	chromedriver!GetHandleVerifier [0x504c18+29df8]
	chromedriver!GetHandleVerifier [0x50c6fd+318dd]
	chromedriver!GetHandleVerifier [0x4f3c78+18e58]
	chromedriver!GetHandleVerifier [0x4f3e42+19022]
	chromedriver!GetHandleVerifier [0x4dd45f+263f]
	KERNEL32!BaseThreadInitThunk [0x765562c4+24]
	ntdll!RtlSubscribeWnfStateChangeNotification [0x770a0aa9+439]
	ntdll!RtlSubscribeWnfStateChangeNotification [0x770a0a74+404]
) -
9/5_20:30_4e              34747414084          ENVIADO      recordatorio FALLIDO (exception: Message: invalid session id; For documentation on this error, please visit: https://www.selenium.dev/documentation/webdriver/troubleshooting/errors#invalidsessionidexception
Stacktrace:
	chromedriver!GetHandleVerifier [0x4eb373+10553]
	chromedriver!GetHandleVerifier [0x4eb4a4+10684]
	chromedriver!(No symbol) [0x2f1c4e]
	chromedriver!(No symbol) [0x32f2c5]
	chromedriver!(No symbol) [0x35d726]
	chromedriver!(No symbol) [0x358c62]
	chromedriver!(No symbol) [0x358281]
	chromedriver!(No symbol) [0x2c501e]
	chromedriver!(No symbol) [0x2c55be]
	chromedriver!(No symbol) [0x2c5a9d]
	chromedriver!GetHandleVerifier [0x76ddb4+292f94]
	chromedriver!GetHandleVerifier [0x76937d+28e55d]
	chromedriver!GetHandleVerifier [0x788215+2ad3f5]
	chromedriver!GetHandleVerifier [0x504c18+29df8]
	chromedriver!GetHandleVerifier [0x50c6fd+318dd]
	chromedriver!(No symbol) [0x2c4b99]
	chromedriver!(No symbol) [0x2c41e0]
	chromedriver!GetHandleVerifier [0x8d2bef+3f7dcf]
	KERNEL32!BaseThreadInitThunk [0x765562c4+24]
	ntdll!RtlSubscribeWnfStateChangeNotification [0x770a0aa9+439]
	ntdll!RtlSubscribeWnfStateChangeNotification [0x770a0a74+404]
) -
9/5_19:00_4e              34675651585          ENVIADO      recordatorio FALLIDO (exception: Message: invalid session id; For documentation on this error, please visit: https://www.selenium.dev/documentation/webdriver/troubleshooting/errors#invalidsessionidexception
Stacktrace:
	chromedriver!GetHandleVerifier [0x4eb373+10553]
	chromedriver!GetHandleVerifier [0x4eb4a4+10684]
	chromedriver!(No symbol) [0x2f1c4e]
	chromedriver!(No symbol) [0x32f2c5]
	chromedriver!(No symbol) [0x35d726]
	chromedriver!(No symbol) [0x358c62]
	chromedriver!(No symbol) [0x358281]
	chromedriver!(No symbol) [0x2c501e]
	chromedriver!(No symbol) [0x2c55be]
	chromedriver!(No symbol) [0x2c5a9d]
	chromedriver!GetHandleVerifier [0x76ddb4+292f94]
	chromedriver!GetHandleVerifier [0x76937d+28e55d]
	chromedriver!GetHandleVerifier [0x788215+2ad3f5]
	chromedriver!GetHandleVerifier [0x504c18+29df8]
	chromedriver!GetHandleVerifier [0x50c6fd+318dd]
	chromedriver!(No symbol) [0x2c4b99]
	chromedriver!(No symbol) [0x2c41e0]
	chromedriver!GetHandleVerifier [0x8d2bef+3f7dcf]
	KERNEL32!BaseThreadInitThunk [0x765562c4+24]
	ntdll!RtlSubscribeWnfStateChangeNotification [0x770a0aa9+439]
	ntdll!RtlSubscribeWnfStateChangeNotification [0x770a0a74+404]
) -
10/5_17:30_maf            34722714718          ENVIADO      recordatorio FALLIDO (exception: Message: invalid session id; For documentation on this error, please visit: https://www.selenium.dev/documentation/webdriver/troubleshooting/errors#invalidsessionidexception
Stacktrace:
	chromedriver!GetHandleVerifier [0x4eb373+10553]
	chromedriver!GetHandleVerifier [0x4eb4a4+10684]
	chromedriver!(No symbol) [0x2f1c4e]
	chromedriver!(No symbol) [0x32f2c5]
	chromedriver!(No symbol) [0x35d726]
	chromedriver!(No symbol) [0x358c62]
	chromedriver!(No symbol) [0x358281]
	chromedriver!(No symbol) [0x2c501e]
	chromedriver!(No symbol) [0x2c55be]
	chromedriver!(No symbol) [0x2c5a9d]
	chromedriver!GetHandleVerifier [0x76ddb4+292f94]
	chromedriver!GetHandleVerifier [0x76937d+28e55d]
	chromedriver!GetHandleVerifier [0x788215+2ad3f5]
	chromedriver!GetHandleVerifier [0x504c18+29df8]
	chromedriver!GetHandleVerifier [0x50c6fd+318dd]
	chromedriver!(No symbol) [0x2c4b99]
	chromedriver!(No symbol) [0x2c41e0]
	chromedriver!GetHandleVerifier [0x8d2bef+3f7dcf]
	KERNEL32!BaseThreadInitThunk [0x765562c4+24]
	ntdll!RtlSubscribeWnfStateChangeNotification [0x770a0aa9+439]
	ntdll!RtlSubscribeWnfStateChangeNotification [0x770a0a74+404]
) -
10/5_17:30_4e             34653197010          ENVIADO      recordatorio FALLIDO (exception: HTTPConnectionPool(host='localhost', port=60605): Max retries exceeded with url: /session/7634f926279dd0348fbe3864f71cc714/source (Caused by NewConnectionError("HTTPConnection(host='localhost', port=60605): Failed to establish a new connection: [WinError 10061] No connection could be made because the target machine actively refused it"))) -

[2026-05-14 10:13:08] POSITIVO | Fotos nuevas: 0 | Envios OK: 0 | Envios FAIL: 0 | Reviews negativas: 0 | Fotos borradas: 0

=== SESIÓN 10:14-10:14 (14/05/2026) ===
RESERVA                   TELÉFONO             ESTADO       RESPUESTA                 REVIEW
-----------------------------------------------------------------------------------------------
9/5_14:30_maf             34665976040          ENVIADO      recordatorio FALLIDO (chat_input_not_found) -
9/5_19:00_maf/csi         34%C2%A0628%C2%A061%C2%A027%C2%A078%E2%80%AC ENVIADO      recordatorio FALLIDO (chat_input_not_found) -
9/5_20:30_4e              34747414084          ENVIADO      recordatorio FALLIDO (chat_input_not_found) -
9/5_19:00_4e              34675651585          ENVIADO      recordatorio FALLIDO (chat_input_not_found) -
10/5_17:30_maf            34722714718          ENVIADO      recordatorio FALLIDO (chat_input_not_found) -
10/5_17:30_4e             34653197010          ENVIADO      recordatorio FALLIDO (chat_input_not_found) -

[2026-05-14 10:14:30] POSITIVO | Fotos nuevas: 0 | Envios OK: 0 | Envios FAIL: 0 | Reviews negativas: 0 | Fotos borradas: 0
[2026-05-14 10:14:54] NEGATIVO | WhatsApp no conectado (QR visible) — ciclo abortado

=== SESIÓN 10:15-10:15 (14/05/2026) ===
RESERVA                   TELÉFONO             ESTADO       RESPUESTA                 REVIEW
-----------------------------------------------------------------------------------------------
9/5_14:30_maf             34665976040          ENVIADO      recordatorio FALLIDO (chat_input_not_found) -
9/5_19:00_maf/csi         34%C2%A0628%C2%A061%C2%A027%C2%A078%E2%80%AC ENVIADO      recordatorio FALLIDO (chat_input_not_found) -
9/5_20:30_4e              34747414084          ENVIADO      recordatorio FALLIDO (exception: Message: invalid session id; For documentation on this error, please visit: https://www.selenium.dev/documentation/webdriver/troubleshooting/errors#invalidsessionidexception
Stacktrace:
	chromedriver!GetHandleVerifier [0x4eb373+10553]
	chromedriver!GetHandleVerifier [0x4eb4a4+10684]
	chromedriver!(No symbol) [0x2f1c4e]
	chromedriver!(No symbol) [0x32f2c5]
	chromedriver!(No symbol) [0x35d726]
	chromedriver!(No symbol) [0x358c62]
	chromedriver!(No symbol) [0x358281]
	chromedriver!(No symbol) [0x2c501e]
	chromedriver!(No symbol) [0x2c55be]
	chromedriver!(No symbol) [0x2c5a9d]
	chromedriver!GetHandleVerifier [0x76ddb4+292f94]
	chromedriver!GetHandleVerifier [0x76937d+28e55d]
	chromedriver!GetHandleVerifier [0x788215+2ad3f5]
	chromedriver!GetHandleVerifier [0x504c18+29df8]
	chromedriver!GetHandleVerifier [0x50c6fd+318dd]
	chromedriver!(No symbol) [0x2c4b99]
	chromedriver!(No symbol) [0x2c41e0]
	chromedriver!GetHandleVerifier [0x8d2bef+3f7dcf]
	KERNEL32!BaseThreadInitThunk [0x765562c4+24]
	ntdll!RtlSubscribeWnfStateChangeNotification [0x770a0aa9+439]
	ntdll!RtlSubscribeWnfStateChangeNotification [0x770a0a74+404]
) -
9/5_19:00_4e              34675651585          ENVIADO      recordatorio FALLIDO (exception: Message: invalid session id; For documentation on this error, please visit: https://www.selenium.dev/documentation/webdriver/troubleshooting/errors#invalidsessionidexception
Stacktrace:
	chromedriver!GetHandleVerifier [0x4eb373+10553]
	chromedriver!GetHandleVerifier [0x4eb4a4+10684]
	chromedriver!(No symbol) [0x2f1c4e]
	chromedriver!(No symbol) [0x32f2c5]
	chromedriver!(No symbol) [0x35d726]
	chromedriver!(No symbol) [0x358c62]
	chromedriver!(No symbol) [0x358281]
	chromedriver!(No symbol) [0x2c501e]
	chromedriver!(No symbol) [0x2c55be]
	chromedriver!(No symbol) [0x2c5a9d]
	chromedriver!GetHandleVerifier [0x76ddb4+292f94]
	chromedriver!GetHandleVerifier [0x76937d+28e55d]
	chromedriver!GetHandleVerifier [0x788215+2ad3f5]
	chromedriver!GetHandleVerifier [0x504c18+29df8]
	chromedriver!GetHandleVerifier [0x50c6fd+318dd]
	chromedriver!(No symbol) [0x2c4b99]
	chromedriver!(No symbol) [0x2c41e0]
	chromedriver!GetHandleVerifier [0x8d2bef+3f7dcf]
	KERNEL32!BaseThreadInitThunk [0x765562c4+24]
	ntdll!RtlSubscribeWnfStateChangeNotification [0x770a0aa9+439]
	ntdll!RtlSubscribeWnfStateChangeNotification [0x770a0a74+404]
) -
10/5_17:30_maf            34722714718          ENVIADO      recordatorio FALLIDO (exception: Message: invalid session id; For documentation on this error, please visit: https://www.selenium.dev/documentation/webdriver/troubleshooting/errors#invalidsessionidexception
Stacktrace:
	chromedriver!GetHandleVerifier [0x4eb373+10553]
	chromedriver!GetHandleVerifier [0x4eb4a4+10684]
	chromedriver!(No symbol) [0x2f1c4e]
	chromedriver!(No symbol) [0x32f2c5]
	chromedriver!(No symbol) [0x35d726]
	chromedriver!(No symbol) [0x358c62]
	chromedriver!(No symbol) [0x358281]
	chromedriver!(No symbol) [0x2c501e]
	chromedriver!(No symbol) [0x2c55be]
	chromedriver!(No symbol) [0x2c5a9d]
	chromedriver!GetHandleVerifier [0x76ddb4+292f94]
	chromedriver!GetHandleVerifier [0x76937d+28e55d]
	chromedriver!GetHandleVerifier [0x788215+2ad3f5]
	chromedriver!GetHandleVerifier [0x504c18+29df8]
	chromedriver!GetHandleVerifier [0x50c6fd+318dd]
	chromedriver!(No symbol) [0x2c4b99]
	chromedriver!(No symbol) [0x2c41e0]
	chromedriver!GetHandleVerifier [0x8d2bef+3f7dcf]
	KERNEL32!BaseThreadInitThunk [0x765562c4+24]
	ntdll!RtlSubscribeWnfStateChangeNotification [0x770a0aa9+439]
	ntdll!RtlSubscribeWnfStateChangeNotification [0x770a0a74+404]
) -
10/5_17:30_4e             34653197010          ENVIADO      recordatorio FALLIDO (exception: Message: invalid session id; For documentation on this error, please visit: https://www.selenium.dev/documentation/webdriver/troubleshooting/errors#invalidsessionidexception
Stacktrace:
	chromedriver!GetHandleVerifier [0x4eb373+10553]
	chromedriver!GetHandleVerifier [0x4eb4a4+10684]
	chromedriver!(No symbol) [0x2f1c4e]
	chromedriver!(No symbol) [0x32f2c5]
	chromedriver!(No symbol) [0x35d726]
	chromedriver!(No symbol) [0x358c62]
	chromedriver!(No symbol) [0x358281]
	chromedriver!(No symbol) [0x2c501e]
	chromedriver!(No symbol) [0x2c55be]
	chromedriver!(No symbol) [0x2c5a9d]
	chromedriver!GetHandleVerifier [0x76ddb4+292f94]
	chromedriver!GetHandleVerifier [0x76937d+28e55d]
	chromedriver!GetHandleVerifier [0x788215+2ad3f5]
	chromedriver!GetHandleVerifier [0x504c18+29df8]
	chromedriver!GetHandleVerifier [0x50c6fd+318dd]
	chromedriver!(No symbol) [0x2c4b99]
	chromedriver!(No symbol) [0x2c41e0]
	chromedriver!GetHandleVerifier [0x8d2bef+3f7dcf]
	KERNEL32!BaseThreadInitThunk [0x765562c4+24]
	ntdll!RtlSubscribeWnfStateChangeNotification [0x770a0aa9+439]
	ntdll!RtlSubscribeWnfStateChangeNotification [0x770a0a74+404]
) -

[2026-05-14 10:15:41] POSITIVO | Fotos nuevas: 0 | Envios OK: 0 | Envios FAIL: 0 | Reviews negativas: 0 | Fotos borradas: 0

=== SESIÓN 10:17-10:17 (14/05/2026) ===
RESERVA                   TELÉFONO             ESTADO       RESPUESTA                 REVIEW
-----------------------------------------------------------------------------------------------
9/5_14:30_maf             34665976040          ENVIADO      recordatorio FALLIDO (chat_input_not_found) -
9/5_19:00_maf/csi         34%C2%A0628%C2%A061%C2%A027%C2%A078%E2%80%AC ENVIADO      recordatorio FALLIDO (chat_input_not_found) -
9/5_20:30_4e              34747414084          ENVIADO      recordatorio FALLIDO (chat_input_not_found) -
9/5_19:00_4e              34675651585          ENVIADO      recordatorio FALLIDO (chat_input_not_found) -
10/5_17:30_maf            34722714718          ENVIADO      recordatorio FALLIDO (chat_input_not_found) -
10/5_17:30_4e             34653197010          ENVIADO      recordatorio FALLIDO (chat_input_not_found) -

[2026-05-14 10:17:33] POSITIVO | Fotos nuevas: 0 | Envios OK: 0 | Envios FAIL: 0 | Reviews negativas: 0 | Fotos borradas: 0
[2026-05-14 10:17:59] NEGATIVO | WhatsApp no conectado (QR visible) — ciclo abortado

=== SESIÓN 10:18-10:18 (14/05/2026) ===
RESERVA                   TELÉFONO             ESTADO       RESPUESTA                 REVIEW
-----------------------------------------------------------------------------------------------
9/5_14:30_maf             34665976040          ENVIADO      recordatorio FALLIDO (chat_input_not_found) -
9/5_19:00_maf/csi         34%C2%A0628%C2%A061%C2%A027%C2%A078%E2%80%AC ENVIADO      recordatorio FALLIDO (chat_input_not_found) -
9/5_20:30_4e              34747414084          ENVIADO      recordatorio FALLIDO (chat_input_not_found) -
9/5_19:00_4e              34675651585          ENVIADO      recordatorio FALLIDO (chat_input_not_found) -
10/5_17:30_maf            34722714718          ENVIADO      recordatorio FALLIDO (exception: Message: invalid session id: session deleted as the browser has closed the connection
from disconnected: Unable to receive message from renderer
  (Session info: chrome=147.0.7727.101); For documentation on this error, please visit: https://www.selenium.dev/documentation/webdriver/troubleshooting/errors#invalidsessionidexception
Stacktrace:
	chromedriver!GetHandleVerifier [0x4eb373+10553]
	chromedriver!GetHandleVerifier [0x4eb4a4+10684]
	chromedriver!(No symbol) [0x2f1e10]
	chromedriver!(No symbol) [0x2e21b3]
	chromedriver!(No symbol) [0x2e1ee5]
	chromedriver!(No symbol) [0x2dfff8]
	chromedriver!(No symbol) [0x2e0846]
	chromedriver!(No symbol) [0x2ed6bb]
	chromedriver!(No symbol) [0x2ff45e]
	chromedriver!(No symbol) [0x304eb6]
	chromedriver!(No symbol) [0x2e0ecc]
	chromedriver!(No symbol) [0x2fece9]
	chromedriver!(No symbol) [0x37a946]
	chromedriver!(No symbol) [0x35d606]
	chromedriver!(No symbol) [0x330039]
	chromedriver!(No symbol) [0x330df4]
	chromedriver!GetHandleVerifier [0x76ddb4+292f94]
	chromedriver!GetHandleVerifier [0x76937d+28e55d]
	chromedriver!GetHandleVerifier [0x788215+2ad3f5]
	chromedriver!GetHandleVerifier [0x504c18+29df8]
	chromedriver!GetHandleVerifier [0x50c6fd+318dd]
	chromedriver!GetHandleVerifier [0x4f3c78+18e58]
	chromedriver!GetHandleVerifier [0x4f3e42+19022]
	chromedriver!GetHandleVerifier [0x4dd45f+263f]
	KERNEL32!BaseThreadInitThunk [0x765562c4+24]
	ntdll!RtlSubscribeWnfStateChangeNotification [0x770a0aa9+439]
	ntdll!RtlSubscribeWnfStateChangeNotification [0x770a0a74+404]
) -
10/5_17:30_4e             34653197010          ENVIADO      recordatorio FALLIDO (exception: Message: invalid session id; For documentation on this error, please visit: https://www.selenium.dev/documentation/webdriver/troubleshooting/errors#invalidsessionidexception
Stacktrace:
	chromedriver!GetHandleVerifier [0x4eb373+10553]
	chromedriver!GetHandleVerifier [0x4eb4a4+10684]
	chromedriver!(No symbol) [0x2f1c4e]
	chromedriver!(No symbol) [0x32f2c5]
	chromedriver!(No symbol) [0x35d726]
	chromedriver!(No symbol) [0x358c62]
	chromedriver!(No symbol) [0x358281]
	chromedriver!(No symbol) [0x2c501e]
	chromedriver!(No symbol) [0x2c55be]
	chromedriver!(No symbol) [0x2c5a9d]
	chromedriver!GetHandleVerifier [0x76ddb4+292f94]
	chromedriver!GetHandleVerifier [0x76937d+28e55d]
	chromedriver!GetHandleVerifier [0x788215+2ad3f5]
	chromedriver!GetHandleVerifier [0x504c18+29df8]
	chromedriver!GetHandleVerifier [0x50c6fd+318dd]
	chromedriver!(No symbol) [0x2c4b99]
	chromedriver!(No symbol) [0x2c41e0]
	chromedriver!GetHandleVerifier [0x8d2bef+3f7dcf]
	KERNEL32!BaseThreadInitThunk [0x765562c4+24]
	ntdll!RtlSubscribeWnfStateChangeNotification [0x770a0aa9+439]
	ntdll!RtlSubscribeWnfStateChangeNotification [0x770a0a74+404]
) -

[2026-05-14 10:18:46] POSITIVO | Fotos nuevas: 0 | Envios OK: 0 | Envios FAIL: 0 | Reviews negativas: 0 | Fotos borradas: 0

=== SESIÓN 10:20-10:20 (14/05/2026) ===
RESERVA                   TELÉFONO             ESTADO       RESPUESTA                 REVIEW
-----------------------------------------------------------------------------------------------
9/5_14:30_maf             34665976040          ENVIADO      recordatorio FALLIDO (chat_input_not_found) -
9/5_19:00_maf/csi         34%C2%A0628%C2%A061%C2%A027%C2%A078%E2%80%AC ENVIADO      recordatorio FALLIDO (chat_input_not_found) -
9/5_20:30_4e              34747414084          ENVIADO      recordatorio FALLIDO (chat_input_not_found) -
9/5_19:00_4e              34675651585          ENVIADO      recordatorio FALLIDO (chat_input_not_found) -
10/5_17:30_maf            34722714718          ENVIADO      recordatorio FALLIDO (chat_input_not_found) -
10/5_17:30_4e             34653197010          ENVIADO      recordatorio FALLIDO (chat_input_not_found) -

[2026-05-14 10:20:39] POSITIVO | Fotos nuevas: 0 | Envios OK: 0 | Envios FAIL: 0 | Reviews negativas: 0 | Fotos borradas: 0
[2026-05-14 10:21:04] NEGATIVO | WhatsApp no conectado (QR visible) — ciclo abortado

=== SESIÓN 10:21-10:21 (14/05/2026) ===
RESERVA                   TELÉFONO             ESTADO       RESPUESTA                 REVIEW
-----------------------------------------------------------------------------------------------
9/5_14:30_maf             34665976040          ENVIADO      recordatorio FALLIDO (chat_input_not_found) -
9/5_19:00_maf/csi         34%C2%A0628%C2%A061%C2%A027%C2%A078%E2%80%AC ENVIADO      recordatorio FALLIDO (exception: Message: invalid session id: session deleted as the browser has closed the connection
from disconnected: Unable to receive message from renderer
  (Session info: chrome=147.0.7727.101); For documentation on this error, please visit: https://www.selenium.dev/documentation/webdriver/troubleshooting/errors#invalidsessionidexception
Stacktrace:
	chromedriver!GetHandleVerifier [0x4eb373+10553]
	chromedriver!GetHandleVerifier [0x4eb4a4+10684]
	chromedriver!(No symbol) [0x2f1e10]
	chromedriver!(No symbol) [0x2e21b3]
	chromedriver!(No symbol) [0x2e1ee5]
	chromedriver!(No symbol) [0x2dfff8]
	chromedriver!(No symbol) [0x2e0846]
	chromedriver!(No symbol) [0x30454e]
	chromedriver!(No symbol) [0x2fa8fb]
	chromedriver!(No symbol) [0x2fa80d]
	chromedriver!(No symbol) [0x37d0cf]
	chromedriver!(No symbol) [0x35d86c]
	chromedriver!(No symbol) [0x37aa36]
	chromedriver!(No symbol) [0x35d606]
	chromedriver!(No symbol) [0x330039]
	chromedriver!(No symbol) [0x330df4]
	chromedriver!GetHandleVerifier [0x76ddb4+292f94]
	chromedriver!GetHandleVerifier [0x76937d+28e55d]
	chromedriver!GetHandleVerifier [0x788215+2ad3f5]
	chromedriver!GetHandleVerifier [0x504c18+29df8]
	chromedriver!GetHandleVerifier [0x50c6fd+318dd]
	chromedriver!GetHandleVerifier [0x4f3c78+18e58]
	chromedriver!GetHandleVerifier [0x4f3e42+19022]
	chromedriver!GetHandleVerifier [0x4dd45f+263f]
	KERNEL32!BaseThreadInitThunk [0x765562c4+24]
	ntdll!RtlSubscribeWnfStateChangeNotification [0x770a0aa9+439]
	ntdll!RtlSubscribeWnfStateChangeNotification [0x770a0a74+404]
) -
9/5_20:30_4e              34747414084          ENVIADO      recordatorio FALLIDO (exception: Message: invalid session id; For documentation on this error, please visit: https://www.selenium.dev/documentation/webdriver/troubleshooting/errors#invalidsessionidexception
Stacktrace:
	chromedriver!GetHandleVerifier [0x4eb373+10553]
	chromedriver!GetHandleVerifier [0x4eb4a4+10684]
	chromedriver!(No symbol) [0x2f1c4e]
	chromedriver!(No symbol) [0x32f2c5]
	chromedriver!(No symbol) [0x35d726]
	chromedriver!(No symbol) [0x358c62]
	chromedriver!(No symbol) [0x358281]
	chromedriver!(No symbol) [0x2c501e]
	chromedriver!(No symbol) [0x2c55be]
	chromedriver!(No symbol) [0x2c5a9d]
	chromedriver!GetHandleVerifier [0x76ddb4+292f94]
	chromedriver!GetHandleVerifier [0x76937d+28e55d]
	chromedriver!GetHandleVerifier [0x788215+2ad3f5]
	chromedriver!GetHandleVerifier [0x504c18+29df8]
	chromedriver!GetHandleVerifier [0x50c6fd+318dd]
	chromedriver!(No symbol) [0x2c4b99]
	chromedriver!(No symbol) [0x2c41e0]
	chromedriver!GetHandleVerifier [0x8d2bef+3f7dcf]
	KERNEL32!BaseThreadInitThunk [0x765562c4+24]
	ntdll!RtlSubscribeWnfStateChangeNotification [0x770a0aa9+439]
	ntdll!RtlSubscribeWnfStateChangeNotification [0x770a0a74+404]
) -
9/5_19:00_4e              34675651585          ENVIADO      recordatorio FALLIDO (exception: Message: invalid session id; For documentation on this error, please visit: https://www.selenium.dev/documentation/webdriver/troubleshooting/errors#invalidsessionidexception
Stacktrace:
	chromedriver!GetHandleVerifier [0x4eb373+10553]
	chromedriver!GetHandleVerifier [0x4eb4a4+10684]
	chromedriver!(No symbol) [0x2f1c4e]
	chromedriver!(No symbol) [0x32f2c5]
	chromedriver!(No symbol) [0x35d726]
	chromedriver!(No symbol) [0x358c62]
	chromedriver!(No symbol) [0x358281]
	chromedriver!(No symbol) [0x2c501e]
	chromedriver!(No symbol) [0x2c55be]
	chromedriver!(No symbol) [0x2c5a9d]
	chromedriver!GetHandleVerifier [0x76ddb4+292f94]
	chromedriver!GetHandleVerifier [0x76937d+28e55d]
	chromedriver!GetHandleVerifier [0x788215+2ad3f5]
	chromedriver!GetHandleVerifier [0x504c18+29df8]
	chromedriver!GetHandleVerifier [0x50c6fd+318dd]
	chromedriver!(No symbol) [0x2c4b99]
	chromedriver!(No symbol) [0x2c41e0]
	chromedriver!GetHandleVerifier [0x8d2bef+3f7dcf]
	KERNEL32!BaseThreadInitThunk [0x765562c4+24]
	ntdll!RtlSubscribeWnfStateChangeNotification [0x770a0aa9+439]
	ntdll!RtlSubscribeWnfStateChangeNotification [0x770a0a74+404]
) -
10/5_17:30_maf            34722714718          ENVIADO      recordatorio FALLIDO (exception: Message: invalid session id; For documentation on this error, please visit: https://www.selenium.dev/documentation/webdriver/troubleshooting/errors#invalidsessionidexception
Stacktrace:
	chromedriver!GetHandleVerifier [0x4eb373+10553]
	chromedriver!GetHandleVerifier [0x4eb4a4+10684]
	chromedriver!(No symbol) [0x2f1c4e]
	chromedriver!(No symbol) [0x32f2c5]
	chromedriver!(No symbol) [0x35d726]
	chromedriver!(No symbol) [0x358c62]
	chromedriver!(No symbol) [0x358281]
	chromedriver!(No symbol) [0x2c501e]
	chromedriver!(No symbol) [0x2c55be]
	chromedriver!(No symbol) [0x2c5a9d]
	chromedriver!GetHandleVerifier [0x76ddb4+292f94]
	chromedriver!GetHandleVerifier [0x76937d+28e55d]
	chromedriver!GetHandleVerifier [0x788215+2ad3f5]
	chromedriver!GetHandleVerifier [0x504c18+29df8]
	chromedriver!GetHandleVerifier [0x50c6fd+318dd]
	chromedriver!(No symbol) [0x2c4b99]
	chromedriver!(No symbol) [0x2c41e0]
	chromedriver!GetHandleVerifier [0x8d2bef+3f7dcf]
	KERNEL32!BaseThreadInitThunk [0x765562c4+24]
	ntdll!RtlSubscribeWnfStateChangeNotification [0x770a0aa9+439]
	ntdll!RtlSubscribeWnfStateChangeNotification [0x770a0a74+404]
) -
10/5_17:30_4e             34653197010          ENVIADO      recordatorio FALLIDO (exception: Message: invalid session id; For documentation on this error, please visit: https://www.selenium.dev/documentation/webdriver/troubleshooting/errors#invalidsessionidexception
Stacktrace:
	chromedriver!GetHandleVerifier [0x4eb373+10553]
	chromedriver!GetHandleVerifier [0x4eb4a4+10684]
	chromedriver!(No symbol) [0x2f1c4e]
	chromedriver!(No symbol) [0x32f2c5]
	chromedriver!(No symbol) [0x35d726]
	chromedriver!(No symbol) [0x358c62]
	chromedriver!(No symbol) [0x358281]
	chromedriver!(No symbol) [0x2c501e]
	chromedriver!(No symbol) [0x2c55be]
	chromedriver!(No symbol) [0x2c5a9d]
	chromedriver!GetHandleVerifier [0x76ddb4+292f94]
	chromedriver!GetHandleVerifier [0x76937d+28e55d]
	chromedriver!GetHandleVerifier [0x788215+2ad3f5]
	chromedriver!GetHandleVerifier [0x504c18+29df8]
	chromedriver!GetHandleVerifier [0x50c6fd+318dd]
	chromedriver!(No symbol) [0x2c4b99]
	chromedriver!(No symbol) [0x2c41e0]
	chromedriver!GetHandleVerifier [0x8d2bef+3f7dcf]
	KERNEL32!BaseThreadInitThunk [0x765562c4+24]
	ntdll!RtlSubscribeWnfStateChangeNotification [0x770a0aa9+439]
	ntdll!RtlSubscribeWnfStateChangeNotification [0x770a0a74+404]
) -

[2026-05-14 10:21:50] POSITIVO | Fotos nuevas: 0 | Envios OK: 0 | Envios FAIL: 0 | Reviews negativas: 0 | Fotos borradas: 0

=== SESIÓN 10:23-10:23 (14/05/2026) ===
RESERVA                   TELÉFONO             ESTADO       RESPUESTA                 REVIEW
-----------------------------------------------------------------------------------------------
9/5_14:30_maf             34665976040          ENVIADO      recordatorio FALLIDO (chat_input_not_found) -
9/5_19:00_maf/csi         34%C2%A0628%C2%A061%C2%A027%C2%A078%E2%80%AC ENVIADO      recordatorio FALLIDO (chat_input_not_found) -
9/5_20:30_4e              34747414084          ENVIADO      recordatorio FALLIDO (chat_input_not_found) -
9/5_19:00_4e              34675651585          ENVIADO      recordatorio FALLIDO (chat_input_not_found) -
10/5_17:30_maf            34722714718          ENVIADO      recordatorio FALLIDO (chat_input_not_found) -
10/5_17:30_4e             34653197010          ENVIADO      recordatorio FALLIDO (chat_input_not_found) -

[2026-05-14 10:23:47] POSITIVO | Fotos nuevas: 0 | Envios OK: 0 | Envios FAIL: 0 | Reviews negativas: 0 | Fotos borradas: 0
[2026-05-14 10:24:08] NEGATIVO | WhatsApp no conectado (QR visible) — ciclo abortado

=== SESIÓN 10:26-10:26 (14/05/2026) ===
RESERVA                   TELÉFONO             ESTADO       RESPUESTA                 REVIEW
-----------------------------------------------------------------------------------------------
9/5_14:30_maf             34665976040          ENVIADO      recordatorio FALLIDO (chat_input_not_found) -
9/5_19:00_maf/csi         34%C2%A0628%C2%A061%C2%A027%C2%A078%E2%80%AC ENVIADO      recordatorio FALLIDO (chat_input_not_found) -
9/5_20:30_4e              34747414084          ENVIADO      recordatorio FALLIDO (chat_input_not_found) -
9/5_19:00_4e              34675651585          ENVIADO      recordatorio FALLIDO (chat_input_not_found) -
10/5_17:30_maf            34722714718          ENVIADO      recordatorio FALLIDO (chat_input_not_found) -
10/5_17:30_4e             34653197010          ENVIADO      recordatorio FALLIDO (chat_input_not_found) -

[2026-05-14 10:26:12] POSITIVO | Fotos nuevas: 0 | Envios OK: 0 | Envios FAIL: 0 | Reviews negativas: 0 | Fotos borradas: 0

=== SESIÓN 10:27-10:27 (14/05/2026) ===
RESERVA                   TELÉFONO             ESTADO       RESPUESTA                 REVIEW
-----------------------------------------------------------------------------------------------
9/5_14:30_maf             34665976040          ENVIADO      recordatorio FALLIDO (chat_input_not_found) -
9/5_19:00_maf/csi         34%C2%A0628%C2%A061%C2%A027%C2%A078%E2%80%AC ENVIADO      recordatorio FALLIDO (chat_input_not_found) -
9/5_20:30_4e              34747414084          ENVIADO      recordatorio FALLIDO (chat_input_not_found) -
9/5_19:00_4e              34675651585          ENVIADO      recordatorio FALLIDO (chat_input_not_found) -
10/5_17:30_maf            34722714718          ENVIADO      recordatorio FALLIDO (chat_input_not_found) -
10/5_17:30_4e             34653197010          ENVIADO      recordatorio FALLIDO (chat_input_not_found) -

[2026-05-14 10:27:30] POSITIVO | Fotos nuevas: 0 | Envios OK: 0 | Envios FAIL: 0 | Reviews negativas: 0 | Fotos borradas: 0

=== SESIÓN 10:28-10:28 (14/05/2026) ===
RESERVA                   TELÉFONO             ESTADO       RESPUESTA                 REVIEW
-----------------------------------------------------------------------------------------------
9/5_14:30_maf             34665976040          ENVIADO      recordatorio FALLIDO (chat_input_not_found) -
9/5_19:00_maf/csi         34%C2%A0628%C2%A061%C2%A027%C2%A078%E2%80%AC ENVIADO      recordatorio FALLIDO (chat_input_not_found) -
9/5_20:30_4e              34747414084          ENVIADO      recordatorio FALLIDO (chat_input_not_found) -
9/5_19:00_4e              34675651585          ENVIADO      recordatorio FALLIDO (chat_input_not_found) -
10/5_17:30_maf            34722714718          ENVIADO      recordatorio FALLIDO (chat_input_not_found) -
10/5_17:30_4e             34653197010          ENVIADO      recordatorio FALLIDO (chat_input_not_found) -

[2026-05-14 10:28:47] POSITIVO | Fotos nuevas: 0 | Envios OK: 0 | Envios FAIL: 0 | Reviews negativas: 0 | Fotos borradas: 0

=== SESIÓN 10:26-10:28 (14/05/2026) ===
RESERVA                   TELÉFONO             ESTADO       RESPUESTA                 REVIEW
-----------------------------------------------------------------------------------------------
9/5_14:30_maf             34665976040          ENVIADO      recordatorio FALLIDO (exception: HTTPConnectionPool(host='localhost', port=61727): Max retries exceeded with url: /session/06234d89248de3a9313180972bc96ec4/source (Caused by NewConnectionError("HTTPConnection(host='localhost', port=61727): Failed to establish a new connection: [WinError 10061] No connection could be made because the target machine actively refused it"))) -
9/5_19:00_maf/csi         34%C2%A0628%C2%A061%C2%A027%C2%A078%E2%80%AC ENVIADO      recordatorio FALLIDO (exception: HTTPConnectionPool(host='localhost', port=61727): Max retries exceeded with url: /session/06234d89248de3a9313180972bc96ec4/source (Caused by NewConnectionError("HTTPConnection(host='localhost', port=61727): Failed to establish a new connection: [WinError 10061] No connection could be made because the target machine actively refused it"))) -
9/5_20:30_4e              34747414084          ENVIADO      recordatorio FALLIDO (exception: HTTPConnectionPool(host='localhost', port=61727): Max retries exceeded with url: /session/06234d89248de3a9313180972bc96ec4/source (Caused by NewConnectionError("HTTPConnection(host='localhost', port=61727): Failed to establish a new connection: [WinError 10061] No connection could be made because the target machine actively refused it"))) -
9/5_19:00_4e              34675651585          ENVIADO      recordatorio FALLIDO (exception: HTTPConnectionPool(host='localhost', port=61727): Max retries exceeded with url: /session/06234d89248de3a9313180972bc96ec4/source (Caused by NewConnectionError("HTTPConnection(host='localhost', port=61727): Failed to establish a new connection: [WinError 10061] No connection could be made because the target machine actively refused it"))) -
10/5_17:30_maf            34722714718          ENVIADO      recordatorio FALLIDO (exception: HTTPConnectionPool(host='localhost', port=61727): Max retries exceeded with url: /session/06234d89248de3a9313180972bc96ec4/source (Caused by NewConnectionError("HTTPConnection(host='localhost', port=61727): Failed to establish a new connection: [WinError 10061] No connection could be made because the target machine actively refused it"))) -
10/5_17:30_4e             34653197010          ENVIADO      recordatorio FALLIDO (exception: HTTPConnectionPool(host='localhost', port=61727): Max retries exceeded with url: /session/06234d89248de3a9313180972bc96ec4/source (Caused by NewConnectionError("HTTPConnection(host='localhost', port=61727): Failed to establish a new connection: [WinError 10061] No connection could be made because the target machine actively refused it"))) -

[2026-05-14 10:28:47] POSITIVO | Fotos nuevas: 0 | Envios OK: 0 | Envios FAIL: 0 | Reviews negativas: 0 | Fotos borradas: 0
[2026-05-14 10:30:52] NEGATIVO | WhatsApp no conectado (QR visible) — ciclo abortado

=== SESIÓN 10:30-10:30 (14/05/2026) ===
RESERVA                   TELÉFONO             ESTADO       RESPUESTA                 REVIEW
-----------------------------------------------------------------------------------------------
9/5_14:30_maf             34665976040          ENVIADO      recordatorio FALLIDO (chat_input_not_found) -
9/5_19:00_maf/csi         34%C2%A0628%C2%A061%C2%A027%C2%A078%E2%80%AC ENVIADO      recordatorio FALLIDO (chat_input_not_found) -
9/5_20:30_4e              34747414084          ENVIADO      recordatorio FALLIDO (chat_input_not_found) -
9/5_19:00_4e              34675651585          ENVIADO      recordatorio FALLIDO (chat_input_not_found) -
10/5_17:30_maf            34722714718          ENVIADO      recordatorio FALLIDO (chat_input_not_found) -
10/5_17:30_4e             34653197010          ENVIADO      recordatorio FALLIDO (chat_input_not_found) -

[2026-05-14 10:30:53] POSITIVO | Fotos nuevas: 0 | Envios OK: 0 | Envios FAIL: 0 | Reviews negativas: 0 | Fotos borradas: 0
[2026-05-14 10:32:59] NEGATIVO | WhatsApp no conectado (QR visible) — ciclo abortado

=== SESIÓN 10:32-10:33 (14/05/2026) ===
RESERVA                   TELÉFONO             ESTADO       RESPUESTA                 REVIEW
-----------------------------------------------------------------------------------------------
9/5_14:30_maf             34665976040          ENVIADO      recordatorio FALLIDO (chat_input_not_found) -
9/5_19:00_maf/csi         34%C2%A0628%C2%A061%C2%A027%C2%A078%E2%80%AC ENVIADO      recordatorio FALLIDO (chat_input_not_found) -
9/5_20:30_4e              34747414084          ENVIADO      recordatorio FALLIDO (chat_input_not_found) -
9/5_19:00_4e              34675651585          ENVIADO      recordatorio FALLIDO (chat_input_not_found) -
10/5_17:30_maf            34722714718          ENVIADO      recordatorio FALLIDO (chat_input_not_found) -
10/5_17:30_4e             34653197010          ENVIADO      recordatorio FALLIDO (chat_input_not_found) -

[2026-05-14 10:33:00] POSITIVO | Fotos nuevas: 0 | Envios OK: 0 | Envios FAIL: 0 | Reviews negativas: 0 | Fotos borradas: 0
[2026-05-14 10:35:06] NEGATIVO | WhatsApp no conectado (QR visible) — ciclo abortado

=== SESIÓN 10:34-10:35 (14/05/2026) ===
RESERVA                   TELÉFONO             ESTADO       RESPUESTA                 REVIEW
-----------------------------------------------------------------------------------------------
9/5_14:30_maf             34665976040          ENVIADO      recordatorio FALLIDO (chat_input_not_found) -
9/5_19:00_maf/csi         34%C2%A0628%C2%A061%C2%A027%C2%A078%E2%80%AC ENVIADO      recordatorio FALLIDO (chat_input_not_found) -
9/5_20:30_4e              34747414084          ENVIADO      recordatorio FALLIDO (chat_input_not_found) -
9/5_19:00_4e              34675651585          ENVIADO      recordatorio FALLIDO (chat_input_not_found) -
10/5_17:30_maf            34722714718          ENVIADO      recordatorio FALLIDO (chat_input_not_found) -
10/5_17:30_4e             34653197010          ENVIADO      recordatorio FALLIDO (chat_input_not_found) -

[2026-05-14 10:35:07] POSITIVO | Fotos nuevas: 0 | Envios OK: 0 | Envios FAIL: 0 | Reviews negativas: 0 | Fotos borradas: 0
[2026-05-14 10:36:58] NEGATIVO | WhatsApp no conectado (QR visible) — ciclo abortado

=== SESIÓN 10:37-10:38 (14/05/2026) ===
RESERVA                   TELÉFONO             ESTADO       RESPUESTA                 REVIEW
-----------------------------------------------------------------------------------------------
9/5_14:30_maf             34665976040          ENVIADO      recordatorio FALLIDO (chat_input_not_found) -
9/5_19:00_maf/csi         34%C2%A0628%C2%A061%C2%A027%C2%A078%E2%80%AC ENVIADO      recordatorio FALLIDO (chat_input_not_found) -
9/5_20:30_4e              34747414084          ENVIADO      recordatorio FALLIDO (chat_input_not_found) -
9/5_19:00_4e              34675651585          ENVIADO      recordatorio FALLIDO (chat_input_not_found) -
10/5_17:30_maf            34722714718          ENVIADO      recordatorio FALLIDO (exception: HTTPConnectionPool(host='localhost', port=62671): Max retries exceeded with url: /session/3fec0a019faa4405a721a43bc7b41da0/source (Caused by NewConnectionError("HTTPConnection(host='localhost', port=62671): Failed to establish a new connection: [WinError 10061] No connection could be made because the target machine actively refused it"))) -
10/5_17:30_4e             34653197010          ENVIADO      recordatorio FALLIDO (exception: HTTPConnectionPool(host='localhost', port=62671): Max retries exceeded with url: /session/3fec0a019faa4405a721a43bc7b41da0/source (Caused by NewConnectionError("HTTPConnection(host='localhost', port=62671): Failed to establish a new connection: [WinError 10061] No connection could be made because the target machine actively refused it"))) -

[2026-05-14 10:38:02] POSITIVO | Fotos nuevas: 0 | Envios OK: 0 | Envios FAIL: 0 | Reviews negativas: 0 | Fotos borradas: 0

=== SESIÓN 10:39-10:39 (14/05/2026) ===
RESERVA                   TELÉFONO             ESTADO       RESPUESTA                 REVIEW
-----------------------------------------------------------------------------------------------
9/5_14:30_maf             34665976040          ENVIADO      recordatorio FALLIDO (chat_input_not_found) -
9/5_19:00_maf/csi         34%C2%A0628%C2%A061%C2%A027%C2%A078%E2%80%AC ENVIADO      recordatorio FALLIDO (chat_input_not_found) -
9/5_20:30_4e              34747414084          ENVIADO      recordatorio FALLIDO (chat_input_not_found) -
9/5_19:00_4e              34675651585          ENVIADO      recordatorio FALLIDO (chat_input_not_found) -
10/5_17:30_maf            34722714718          ENVIADO      recordatorio FALLIDO (chat_input_not_found) -
10/5_17:30_4e             34653197010          ENVIADO      recordatorio FALLIDO (chat_input_not_found) -

[2026-05-14 10:39:28] POSITIVO | Fotos nuevas: 0 | Envios OK: 0 | Envios FAIL: 0 | Reviews negativas: 0 | Fotos borradas: 0

=== SESIÓN 10:40-10:40 (14/05/2026) ===
RESERVA                   TELÉFONO             ESTADO       RESPUESTA                 REVIEW
-----------------------------------------------------------------------------------------------
9/5_14:30_maf             34665976040          ENVIADO      recordatorio FALLIDO (chat_input_not_found) -
9/5_19:00_maf/csi         34%C2%A0628%C2%A061%C2%A027%C2%A078%E2%80%AC ENVIADO      recordatorio FALLIDO (chat_input_not_found) -
9/5_20:30_4e              34747414084          ENVIADO      recordatorio FALLIDO (chat_input_not_found) -
9/5_19:00_4e              34675651585          ENVIADO      recordatorio FALLIDO (chat_input_not_found) -
10/5_17:30_maf            34722714718          ENVIADO      recordatorio FALLIDO (chat_input_not_found) -
10/5_17:30_4e             34653197010          ENVIADO      recordatorio FALLIDO (chat_input_not_found) -

[2026-05-14 10:40:48] POSITIVO | Fotos nuevas: 0 | Envios OK: 0 | Envios FAIL: 0 | Reviews negativas: 0 | Fotos borradas: 0

=== SESIÓN 10:39-10:42 (14/05/2026) ===
RESERVA                   TELÉFONO             ESTADO       RESPUESTA                 REVIEW
-----------------------------------------------------------------------------------------------
9/5_14:30_maf             34665976040          ENVIADO      recordatorio FALLIDO (exception: HTTPConnectionPool(host='localhost', port=62850): Max retries exceeded with url: /session/d1c6230fc744e1d5bebf5fcdd9e62f20/source (Caused by NewConnectionError("HTTPConnection(host='localhost', port=62850): Failed to establish a new connection: [WinError 10061] No connection could be made because the target machine actively refused it"))) -
9/5_19:00_maf/csi         34%C2%A0628%C2%A061%C2%A027%C2%A078%E2%80%AC ENVIADO      recordatorio FALLIDO (exception: HTTPConnectionPool(host='localhost', port=62850): Max retries exceeded with url: /session/d1c6230fc744e1d5bebf5fcdd9e62f20/source (Caused by NewConnectionError("HTTPConnection(host='localhost', port=62850): Failed to establish a new connection: [WinError 10061] No connection could be made because the target machine actively refused it"))) -
9/5_20:30_4e              34747414084          ENVIADO      recordatorio FALLIDO (exception: HTTPConnectionPool(host='localhost', port=62850): Max retries exceeded with url: /session/d1c6230fc744e1d5bebf5fcdd9e62f20/source (Caused by NewConnectionError("HTTPConnection(host='localhost', port=62850): Failed to establish a new connection: [WinError 10061] No connection could be made because the target machine actively refused it"))) -
9/5_19:00_4e              34675651585          ENVIADO      recordatorio FALLIDO (exception: HTTPConnectionPool(host='localhost', port=62850): Max retries exceeded with url: /session/d1c6230fc744e1d5bebf5fcdd9e62f20/source (Caused by NewConnectionError("HTTPConnection(host='localhost', port=62850): Failed to establish a new connection: [WinError 10061] No connection could be made because the target machine actively refused it"))) -
10/5_17:30_maf            34722714718          ENVIADO      recordatorio FALLIDO (exception: HTTPConnectionPool(host='localhost', port=62850): Max retries exceeded with url: /session/d1c6230fc744e1d5bebf5fcdd9e62f20/source (Caused by NewConnectionError("HTTPConnection(host='localhost', port=62850): Failed to establish a new connection: [WinError 10061] No connection could be made because the target machine actively refused it"))) -
10/5_17:30_4e             34653197010          ENVIADO      recordatorio FALLIDO (exception: HTTPConnectionPool(host='localhost', port=62850): Max retries exceeded with url: /session/d1c6230fc744e1d5bebf5fcdd9e62f20/source (Caused by NewConnectionError("HTTPConnection(host='localhost', port=62850): Failed to establish a new connection: [WinError 10061] No connection could be made because the target machine actively refused it"))) -

[2026-05-14 10:42:02] POSITIVO | Fotos nuevas: 0 | Envios OK: 0 | Envios FAIL: 0 | Reviews negativas: 0 | Fotos borradas: 0

=== SESIÓN 10:41-10:42 (14/05/2026) ===
RESERVA                   TELÉFONO             ESTADO       RESPUESTA                 REVIEW
-----------------------------------------------------------------------------------------------
9/5_14:30_maf             34665976040          ENVIADO      recordatorio FALLIDO (chat_input_not_found) -
9/5_19:00_maf/csi         34%C2%A0628%C2%A061%C2%A027%C2%A078%E2%80%AC ENVIADO      recordatorio FALLIDO (chat_input_not_found) -
9/5_20:30_4e              34747414084          ENVIADO      recordatorio FALLIDO (chat_input_not_found) -
9/5_19:00_4e              34675651585          ENVIADO      recordatorio FALLIDO (chat_input_not_found) -
10/5_17:30_maf            34722714718          ENVIADO      recordatorio FALLIDO (chat_input_not_found) -
10/5_17:30_4e             34653197010          ENVIADO      recordatorio FALLIDO (chat_input_not_found) -

[2026-05-14 10:42:06] POSITIVO | Fotos nuevas: 0 | Envios OK: 0 | Envios FAIL: 0 | Reviews negativas: 0 | Fotos borradas: 0

=== SESIÓN 10:43-10:44 (14/05/2026) ===
RESERVA                   TELÉFONO             ESTADO       RESPUESTA                 REVIEW
-----------------------------------------------------------------------------------------------
9/5_14:30_maf             34665976040          ENVIADO      recordatorio FALLIDO (chat_input_not_found) -
9/5_19:00_maf/csi         34%C2%A0628%C2%A061%C2%A027%C2%A078%E2%80%AC ENVIADO      recordatorio FALLIDO (chat_input_not_found) -
9/5_20:30_4e              34747414084          ENVIADO      recordatorio FALLIDO (chat_input_not_found) -
9/5_19:00_4e              34675651585          ENVIADO      recordatorio FALLIDO (chat_input_not_found) -
10/5_17:30_maf            34722714718          ENVIADO      recordatorio FALLIDO (chat_input_not_found) -
10/5_17:30_4e             34653197010          ENVIADO      recordatorio FALLIDO (chat_input_not_found) -

[2026-05-14 10:44:05] POSITIVO | Fotos nuevas: 0 | Envios OK: 0 | Envios FAIL: 0 | Reviews negativas: 0 | Fotos borradas: 0
[2026-05-14 10:44:27] NEGATIVO | WhatsApp no conectado (QR visible) — ciclo abortado

=== SESIÓN 10:45-10:45 (14/05/2026) ===
RESERVA                   TELÉFONO             ESTADO       RESPUESTA                 REVIEW
-----------------------------------------------------------------------------------------------
9/5_14:30_maf             34665976040          ENVIADO      recordatorio FALLIDO (exception: Message: invalid session id; For documentation on this error, please visit: https://www.selenium.dev/documentation/webdriver/troubleshooting/errors#invalidsessionidexception
Stacktrace:
	chromedriver!GetHandleVerifier [0x4eb373+10553]
	chromedriver!GetHandleVerifier [0x4eb4a4+10684]
	chromedriver!(No symbol) [0x2f1c4e]
	chromedriver!(No symbol) [0x32f2c5]
	chromedriver!(No symbol) [0x35d726]
	chromedriver!(No symbol) [0x358c62]
	chromedriver!(No symbol) [0x358281]
	chromedriver!(No symbol) [0x2c501e]
	chromedriver!(No symbol) [0x2c55be]
	chromedriver!(No symbol) [0x2c5a9d]
	chromedriver!GetHandleVerifier [0x76ddb4+292f94]
	chromedriver!GetHandleVerifier [0x76937d+28e55d]
	chromedriver!GetHandleVerifier [0x788215+2ad3f5]
	chromedriver!GetHandleVerifier [0x504c18+29df8]
	chromedriver!GetHandleVerifier [0x50c6fd+318dd]
	chromedriver!(No symbol) [0x2c4b99]
	chromedriver!(No symbol) [0x2c41e0]
	chromedriver!GetHandleVerifier [0x8d2bef+3f7dcf]
	KERNEL32!BaseThreadInitThunk [0x765562c4+24]
	ntdll!RtlSubscribeWnfStateChangeNotification [0x770a0aa9+439]
	ntdll!RtlSubscribeWnfStateChangeNotification [0x770a0a74+404]
) -
9/5_19:00_maf/csi         34%C2%A0628%C2%A061%C2%A027%C2%A078%E2%80%AC ENVIADO      recordatorio FALLIDO (exception: Message: invalid session id; For documentation on this error, please visit: https://www.selenium.dev/documentation/webdriver/troubleshooting/errors#invalidsessionidexception
Stacktrace:
	chromedriver!GetHandleVerifier [0x4eb373+10553]
	chromedriver!GetHandleVerifier [0x4eb4a4+10684]
	chromedriver!(No symbol) [0x2f1c4e]
	chromedriver!(No symbol) [0x32f2c5]
	chromedriver!(No symbol) [0x35d726]
	chromedriver!(No symbol) [0x358c62]
	chromedriver!(No symbol) [0x358281]
	chromedriver!(No symbol) [0x2c501e]
	chromedriver!(No symbol) [0x2c55be]
	chromedriver!(No symbol) [0x2c5a9d]
	chromedriver!GetHandleVerifier [0x76ddb4+292f94]
	chromedriver!GetHandleVerifier [0x76937d+28e55d]
	chromedriver!GetHandleVerifier [0x788215+2ad3f5]
	chromedriver!GetHandleVerifier [0x504c18+29df8]
	chromedriver!GetHandleVerifier [0x50c6fd+318dd]
	chromedriver!(No symbol) [0x2c4b99]
	chromedriver!(No symbol) [0x2c41e0]
	chromedriver!GetHandleVerifier [0x8d2bef+3f7dcf]
	KERNEL32!BaseThreadInitThunk [0x765562c4+24]
	ntdll!RtlSubscribeWnfStateChangeNotification [0x770a0aa9+439]
	ntdll!RtlSubscribeWnfStateChangeNotification [0x770a0a74+404]
) -
9/5_20:30_4e              34747414084          ENVIADO      recordatorio FALLIDO (exception: Message: invalid session id; For documentation on this error, please visit: https://www.selenium.dev/documentation/webdriver/troubleshooting/errors#invalidsessionidexception
Stacktrace:
	chromedriver!GetHandleVerifier [0x4eb373+10553]
	chromedriver!GetHandleVerifier [0x4eb4a4+10684]
	chromedriver!(No symbol) [0x2f1c4e]
	chromedriver!(No symbol) [0x32f2c5]
	chromedriver!(No symbol) [0x35d726]
	chromedriver!(No symbol) [0x358c62]
	chromedriver!(No symbol) [0x358281]
	chromedriver!(No symbol) [0x2c501e]
	chromedriver!(No symbol) [0x2c55be]
	chromedriver!(No symbol) [0x2c5a9d]
	chromedriver!GetHandleVerifier [0x76ddb4+292f94]
	chromedriver!GetHandleVerifier [0x76937d+28e55d]
	chromedriver!GetHandleVerifier [0x788215+2ad3f5]
	chromedriver!GetHandleVerifier [0x504c18+29df8]
	chromedriver!GetHandleVerifier [0x50c6fd+318dd]
	chromedriver!(No symbol) [0x2c4b99]
	chromedriver!(No symbol) [0x2c41e0]
	chromedriver!GetHandleVerifier [0x8d2bef+3f7dcf]
	KERNEL32!BaseThreadInitThunk [0x765562c4+24]
	ntdll!RtlSubscribeWnfStateChangeNotification [0x770a0aa9+439]
	ntdll!RtlSubscribeWnfStateChangeNotification [0x770a0a74+404]
) -
9/5_19:00_4e              34675651585          ENVIADO      recordatorio FALLIDO (exception: Message: invalid session id; For documentation on this error, please visit: https://www.selenium.dev/documentation/webdriver/troubleshooting/errors#invalidsessionidexception
Stacktrace:
	chromedriver!GetHandleVerifier [0x4eb373+10553]
	chromedriver!GetHandleVerifier [0x4eb4a4+10684]
	chromedriver!(No symbol) [0x2f1c4e]
	chromedriver!(No symbol) [0x32f2c5]
	chromedriver!(No symbol) [0x35d726]
	chromedriver!(No symbol) [0x358c62]
	chromedriver!(No symbol) [0x358281]
	chromedriver!(No symbol) [0x2c501e]
	chromedriver!(No symbol) [0x2c55be]
	chromedriver!(No symbol) [0x2c5a9d]
	chromedriver!GetHandleVerifier [0x76ddb4+292f94]
	chromedriver!GetHandleVerifier [0x76937d+28e55d]
	chromedriver!GetHandleVerifier [0x788215+2ad3f5]
	chromedriver!GetHandleVerifier [0x504c18+29df8]
	chromedriver!GetHandleVerifier [0x50c6fd+318dd]
	chromedriver!(No symbol) [0x2c4b99]
	chromedriver!(No symbol) [0x2c41e0]
	chromedriver!GetHandleVerifier [0x8d2bef+3f7dcf]
	KERNEL32!BaseThreadInitThunk [0x765562c4+24]
	ntdll!RtlSubscribeWnfStateChangeNotification [0x770a0aa9+439]
	ntdll!RtlSubscribeWnfStateChangeNotification [0x770a0a74+404]
) -
10/5_17:30_maf            34722714718          ENVIADO      recordatorio FALLIDO (exception: Message: invalid session id; For documentation on this error, please visit: https://www.selenium.dev/documentation/webdriver/troubleshooting/errors#invalidsessionidexception
Stacktrace:
	chromedriver!GetHandleVerifier [0x4eb373+10553]
	chromedriver!GetHandleVerifier [0x4eb4a4+10684]
	chromedriver!(No symbol) [0x2f1c4e]
	chromedriver!(No symbol) [0x32f2c5]
	chromedriver!(No symbol) [0x35d726]
	chromedriver!(No symbol) [0x358c62]
	chromedriver!(No symbol) [0x358281]
	chromedriver!(No symbol) [0x2c501e]
	chromedriver!(No symbol) [0x2c55be]
	chromedriver!(No symbol) [0x2c5a9d]
	chromedriver!GetHandleVerifier [0x76ddb4+292f94]
	chromedriver!GetHandleVerifier [0x76937d+28e55d]
	chromedriver!GetHandleVerifier [0x788215+2ad3f5]
	chromedriver!GetHandleVerifier [0x504c18+29df8]
	chromedriver!GetHandleVerifier [0x50c6fd+318dd]
	chromedriver!(No symbol) [0x2c4b99]
	chromedriver!(No symbol) [0x2c41e0]
	chromedriver!GetHandleVerifier [0x8d2bef+3f7dcf]
	KERNEL32!BaseThreadInitThunk [0x765562c4+24]
	ntdll!RtlSubscribeWnfStateChangeNotification [0x770a0aa9+439]
	ntdll!RtlSubscribeWnfStateChangeNotification [0x770a0a74+404]
) -
10/5_17:30_4e             34653197010          ENVIADO      recordatorio FALLIDO (exception: Message: invalid session id; For documentation on this error, please visit: https://www.selenium.dev/documentation/webdriver/troubleshooting/errors#invalidsessionidexception
Stacktrace:
	chromedriver!GetHandleVerifier [0x4eb373+10553]
	chromedriver!GetHandleVerifier [0x4eb4a4+10684]
	chromedriver!(No symbol) [0x2f1c4e]
	chromedriver!(No symbol) [0x32f2c5]
	chromedriver!(No symbol) [0x35d726]
	chromedriver!(No symbol) [0x358c62]
	chromedriver!(No symbol) [0x358281]
	chromedriver!(No symbol) [0x2c501e]
	chromedriver!(No symbol) [0x2c55be]
	chromedriver!(No symbol) [0x2c5a9d]
	chromedriver!GetHandleVerifier [0x76ddb4+292f94]
	chromedriver!GetHandleVerifier [0x76937d+28e55d]
	chromedriver!GetHandleVerifier [0x788215+2ad3f5]
	chromedriver!GetHandleVerifier [0x504c18+29df8]
	chromedriver!GetHandleVerifier [0x50c6fd+318dd]
	chromedriver!(No symbol) [0x2c4b99]
	chromedriver!(No symbol) [0x2c41e0]
	chromedriver!GetHandleVerifier [0x8d2bef+3f7dcf]
	KERNEL32!BaseThreadInitThunk [0x765562c4+24]
	ntdll!RtlSubscribeWnfStateChangeNotification [0x770a0aa9+439]
	ntdll!RtlSubscribeWnfStateChangeNotification [0x770a0a74+404]
) -

[2026-05-14 10:45:14] POSITIVO | Fotos nuevas: 0 | Envios OK: 0 | Envios FAIL: 0 | Reviews negativas: 0 | Fotos borradas: 0

=== SESIÓN 10:46-10:46 (14/05/2026) ===
RESERVA                   TELÉFONO             ESTADO       RESPUESTA                 REVIEW
-----------------------------------------------------------------------------------------------
9/5_14:30_maf             34665976040          ENVIADO      recordatorio FALLIDO (chat_input_not_found) -
9/5_19:00_maf/csi         34%C2%A0628%C2%A061%C2%A027%C2%A078%E2%80%AC ENVIADO      recordatorio FALLIDO (chat_input_not_found) -
9/5_20:30_4e              34747414084          ENVIADO      recordatorio FALLIDO (chat_input_not_found) -
9/5_19:00_4e              34675651585          ENVIADO      recordatorio FALLIDO (chat_input_not_found) -
10/5_17:30_maf            34722714718          ENVIADO      recordatorio FALLIDO (chat_input_not_found) -
10/5_17:30_4e             34653197010          ENVIADO      recordatorio FALLIDO (chat_input_not_found) -

[2026-05-14 10:46:32] POSITIVO | Fotos nuevas: 0 | Envios OK: 0 | Envios FAIL: 0 | Reviews negativas: 0 | Fotos borradas: 0

=== SESIÓN 10:46-10:46 (14/05/2026) ===
RESERVA                   TELÉFONO             ESTADO       RESPUESTA                 REVIEW
-----------------------------------------------------------------------------------------------
9/5_14:30_maf             34665976040          ENVIADO      recordatorio FALLIDO (chat_input_not_found) -
9/5_19:00_maf/csi         34%C2%A0628%C2%A061%C2%A027%C2%A078%E2%80%AC ENVIADO      recordatorio FALLIDO (chat_input_not_found) -
9/5_20:30_4e              34747414084          ENVIADO      recordatorio FALLIDO (chat_input_not_found) -
9/5_19:00_4e              34675651585          ENVIADO      recordatorio FALLIDO (chat_input_not_found) -
10/5_17:30_maf            34722714718          ENVIADO      recordatorio FALLIDO (chat_input_not_found) -
10/5_17:30_4e             34653197010          ENVIADO      recordatorio FALLIDO (exception: Message: no such window: target window already closed
from unknown error: web view not found
  (Session info: chrome=147.0.7727.101)
Stacktrace:
	chromedriver!GetHandleVerifier [0x4eb373+10553]
	chromedriver!GetHandleVerifier [0x4eb4a4+10684]
	chromedriver!(No symbol) [0x2f1e10]
	chromedriver!(No symbol) [0x2d0923]
	chromedriver!(No symbol) [0x363bcb]
	chromedriver!(No symbol) [0x37a3a9]
	chromedriver!(No symbol) [0x35d606]
	chromedriver!(No symbol) [0x330039]
	chromedriver!(No symbol) [0x330df4]
	chromedriver!GetHandleVerifier [0x76ddb4+292f94]
	chromedriver!GetHandleVerifier [0x76937d+28e55d]
	chromedriver!GetHandleVerifier [0x788215+2ad3f5]
	chromedriver!GetHandleVerifier [0x504c18+29df8]
	chromedriver!GetHandleVerifier [0x50c6fd+318dd]
	chromedriver!GetHandleVerifier [0x4f3c78+18e58]
	chromedriver!GetHandleVerifier [0x4f3e42+19022]
	chromedriver!GetHandleVerifier [0x4dd45f+263f]
	KERNEL32!BaseThreadInitThunk [0x765562c4+24]
	ntdll!RtlSubscribeWnfStateChangeNotification [0x770a0aa9+439]
	ntdll!RtlSubscribeWnfStateChangeNotification [0x770a0a74+404]
) -

[2026-05-14 10:46:32] POSITIVO | Fotos nuevas: 0 | Envios OK: 0 | Envios FAIL: 0 | Reviews negativas: 0 | Fotos borradas: 0

=== SESIÓN 10:47-10:47 (14/05/2026) ===
RESERVA                   TELÉFONO             ESTADO       RESPUESTA                 REVIEW
-----------------------------------------------------------------------------------------------
9/5_14:30_maf             34665976040          ENVIADO      recordatorio FALLIDO (chat_input_not_found) -
9/5_19:00_maf/csi         34%C2%A0628%C2%A061%C2%A027%C2%A078%E2%80%AC ENVIADO      recordatorio FALLIDO (chat_input_not_found) -
9/5_20:30_4e              34747414084          ENVIADO      recordatorio FALLIDO (chat_input_not_found) -
9/5_19:00_4e              34675651585          ENVIADO      recordatorio FALLIDO (chat_input_not_found) -
10/5_17:30_maf            34722714718          ENVIADO      recordatorio FALLIDO (chat_input_not_found) -
10/5_17:30_4e             34653197010          ENVIADO      recordatorio FALLIDO (chat_input_not_found) -

[2026-05-14 10:47:53] POSITIVO | Fotos nuevas: 0 | Envios OK: 0 | Envios FAIL: 0 | Reviews negativas: 0 | Fotos borradas: 0

=== SESIÓN 10:47-10:47 (14/05/2026) ===
RESERVA                   TELÉFONO             ESTADO       RESPUESTA                 REVIEW
-----------------------------------------------------------------------------------------------
9/5_14:30_maf             34665976040          ENVIADO      recordatorio FALLIDO (chat_input_not_found) -
9/5_19:00_maf/csi         34%C2%A0628%C2%A061%C2%A027%C2%A078%E2%80%AC ENVIADO      recordatorio FALLIDO (chat_input_not_found) -
9/5_20:30_4e              34747414084          ENVIADO      recordatorio FALLIDO (chat_input_not_found) -
9/5_19:00_4e              34675651585          ENVIADO      recordatorio FALLIDO (exception: Message: invalid session id: session deleted as the browser has closed the connection
from disconnected: Unable to receive message from renderer
  (Session info: chrome=147.0.7727.101); For documentation on this error, please visit: https://www.selenium.dev/documentation/webdriver/troubleshooting/errors#invalidsessionidexception
Stacktrace:
	chromedriver!GetHandleVerifier [0x4eb373+10553]
	chromedriver!GetHandleVerifier [0x4eb4a4+10684]
	chromedriver!(No symbol) [0x2f1e10]
	chromedriver!(No symbol) [0x2e21b3]
	chromedriver!(No symbol) [0x2e1ee5]
	chromedriver!(No symbol) [0x2dfff8]
	chromedriver!(No symbol) [0x2e0846]
	chromedriver!(No symbol) [0x30454e]
	chromedriver!(No symbol) [0x2fa8fb]
	chromedriver!(No symbol) [0x2fa80d]
	chromedriver!(No symbol) [0x37d0cf]
	chromedriver!(No symbol) [0x35d86c]
	chromedriver!(No symbol) [0x37aa36]
	chromedriver!(No symbol) [0x35d606]
	chromedriver!(No symbol) [0x330039]
	chromedriver!(No symbol) [0x330df4]
	chromedriver!GetHandleVerifier [0x76ddb4+292f94]
	chromedriver!GetHandleVerifier [0x76937d+28e55d]
	chromedriver!GetHandleVerifier [0x788215+2ad3f5]
	chromedriver!GetHandleVerifier [0x504c18+29df8]
	chromedriver!GetHandleVerifier [0x50c6fd+318dd]
	chromedriver!GetHandleVerifier [0x4f3c78+18e58]
	chromedriver!GetHandleVerifier [0x4f3e42+19022]
	chromedriver!GetHandleVerifier [0x4dd45f+263f]
	KERNEL32!BaseThreadInitThunk [0x765562c4+24]
	ntdll!RtlSubscribeWnfStateChangeNotification [0x770a0aa9+439]
	ntdll!RtlSubscribeWnfStateChangeNotification [0x770a0a74+404]
) -
10/5_17:30_maf            34722714718          ENVIADO      recordatorio FALLIDO (exception: Message: invalid session id; For documentation on this error, please visit: https://www.selenium.dev/documentation/webdriver/troubleshooting/errors#invalidsessionidexception
Stacktrace:
	chromedriver!GetHandleVerifier [0x4eb373+10553]
	chromedriver!GetHandleVerifier [0x4eb4a4+10684]
	chromedriver!(No symbol) [0x2f1c4e]
	chromedriver!(No symbol) [0x32f2c5]
	chromedriver!(No symbol) [0x35d726]
	chromedriver!(No symbol) [0x358c62]
	chromedriver!(No symbol) [0x358281]
	chromedriver!(No symbol) [0x2c501e]
	chromedriver!(No symbol) [0x2c55be]
	chromedriver!(No symbol) [0x2c5a9d]
	chromedriver!GetHandleVerifier [0x76ddb4+292f94]
	chromedriver!GetHandleVerifier [0x76937d+28e55d]
	chromedriver!GetHandleVerifier [0x788215+2ad3f5]
	chromedriver!GetHandleVerifier [0x504c18+29df8]
	chromedriver!GetHandleVerifier [0x50c6fd+318dd]
	chromedriver!(No symbol) [0x2c4b99]
	chromedriver!(No symbol) [0x2c41e0]
	chromedriver!GetHandleVerifier [0x8d2bef+3f7dcf]
	KERNEL32!BaseThreadInitThunk [0x765562c4+24]
	ntdll!RtlSubscribeWnfStateChangeNotification [0x770a0aa9+439]
	ntdll!RtlSubscribeWnfStateChangeNotification [0x770a0a74+404]
) -
10/5_17:30_4e             34653197010          ENVIADO      recordatorio FALLIDO (exception: Message: invalid session id; For documentation on this error, please visit: https://www.selenium.dev/documentation/webdriver/troubleshooting/errors#invalidsessionidexception
Stacktrace:
	chromedriver!GetHandleVerifier [0x4eb373+10553]
	chromedriver!GetHandleVerifier [0x4eb4a4+10684]
	chromedriver!(No symbol) [0x2f1c4e]
	chromedriver!(No symbol) [0x32f2c5]
	chromedriver!(No symbol) [0x35d726]
	chromedriver!(No symbol) [0x358c62]
	chromedriver!(No symbol) [0x358281]
	chromedriver!(No symbol) [0x2c501e]
	chromedriver!(No symbol) [0x2c55be]
	chromedriver!(No symbol) [0x2c5a9d]
	chromedriver!GetHandleVerifier [0x76ddb4+292f94]
	chromedriver!GetHandleVerifier [0x76937d+28e55d]
	chromedriver!GetHandleVerifier [0x788215+2ad3f5]
	chromedriver!GetHandleVerifier [0x504c18+29df8]
	chromedriver!GetHandleVerifier [0x50c6fd+318dd]
	chromedriver!(No symbol) [0x2c4b99]
	chromedriver!(No symbol) [0x2c41e0]
	chromedriver!GetHandleVerifier [0x8d2bef+3f7dcf]
	KERNEL32!BaseThreadInitThunk [0x765562c4+24]
	ntdll!RtlSubscribeWnfStateChangeNotification [0x770a0aa9+439]
	ntdll!RtlSubscribeWnfStateChangeNotification [0x770a0a74+404]
) -

[2026-05-14 10:47:54] POSITIVO | Fotos nuevas: 0 | Envios OK: 0 | Envios FAIL: 0 | Reviews negativas: 0 | Fotos borradas: 0

=== SESIÓN 10:49-10:49 (14/05/2026) ===
RESERVA                   TELÉFONO             ESTADO       RESPUESTA                 REVIEW
-----------------------------------------------------------------------------------------------
9/5_14:30_maf             34665976040          ENVIADO      recordatorio FALLIDO (chat_input_not_found) -
9/5_19:00_maf/csi         34%C2%A0628%C2%A061%C2%A027%C2%A078%E2%80%AC ENVIADO      recordatorio FALLIDO (chat_input_not_found) -
9/5_20:30_4e              34747414084          ENVIADO      recordatorio FALLIDO (chat_input_not_found) -
9/5_19:00_4e              34675651585          ENVIADO      recordatorio FALLIDO (chat_input_not_found) -
10/5_17:30_maf            34722714718          ENVIADO      recordatorio FALLIDO (chat_input_not_found) -
10/5_17:30_4e             34653197010          ENVIADO      recordatorio FALLIDO (chat_input_not_found) -

[2026-05-14 10:49:14] POSITIVO | Fotos nuevas: 0 | Envios OK: 0 | Envios FAIL: 0 | Reviews negativas: 0 | Fotos borradas: 0

=== SESIÓN 10:49-10:49 (14/05/2026) ===
RESERVA                   TELÉFONO             ESTADO       RESPUESTA                 REVIEW
-----------------------------------------------------------------------------------------------
9/5_14:30_maf             34665976040          ENVIADO      recordatorio FALLIDO (chat_input_not_found) -
9/5_19:00_maf/csi         34%C2%A0628%C2%A061%C2%A027%C2%A078%E2%80%AC ENVIADO      recordatorio FALLIDO (chat_input_not_found) -
9/5_20:30_4e              34747414084          ENVIADO      recordatorio FALLIDO (chat_input_not_found) -
9/5_19:00_4e              34675651585          ENVIADO      recordatorio FALLIDO (chat_input_not_found) -
10/5_17:30_maf            34722714718          ENVIADO      recordatorio FALLIDO (chat_input_not_found) -
10/5_17:30_4e             34653197010          ENVIADO      recordatorio FALLIDO (exception: argument of type 'NoneType' is not iterable) -

[2026-05-14 10:49:14] POSITIVO | Fotos nuevas: 0 | Envios OK: 0 | Envios FAIL: 0 | Reviews negativas: 0 | Fotos borradas: 0

=== SESIÓN 10:51-10:51 (14/05/2026) ===
RESERVA                   TELÉFONO             ESTADO       RESPUESTA                 REVIEW
-----------------------------------------------------------------------------------------------
9/5_14:30_maf             34665976040          ENVIADO      recordatorio FALLIDO (chat_input_not_found) -
9/5_19:00_maf/csi         34%C2%A0628%C2%A061%C2%A027%C2%A078%E2%80%AC ENVIADO      recordatorio FALLIDO (chat_input_not_found) -
9/5_20:30_4e              34747414084          ENVIADO      recordatorio FALLIDO (chat_input_not_found) -
9/5_19:00_4e              34675651585          ENVIADO      recordatorio FALLIDO (chat_input_not_found) -
10/5_17:30_maf            34722714718          ENVIADO      recordatorio FALLIDO (chat_input_not_found) -
10/5_17:30_4e             34653197010          ENVIADO      recordatorio FALLIDO (chat_input_not_found) -

[2026-05-14 10:51:11] POSITIVO | Fotos nuevas: 0 | Envios OK: 0 | Envios FAIL: 0 | Reviews negativas: 0 | Fotos borradas: 0
[2026-05-14 10:51:33] NEGATIVO | WhatsApp no conectado (QR visible) — ciclo abortado

=== SESIÓN 10:53-10:53 (14/05/2026) ===
RESERVA                   TELÉFONO             ESTADO       RESPUESTA                 REVIEW
-----------------------------------------------------------------------------------------------
9/5_14:30_maf             34665976040          ENVIADO      recordatorio FALLIDO (chat_input_not_found) -
9/5_19:00_maf/csi         34%C2%A0628%C2%A061%C2%A027%C2%A078%E2%80%AC ENVIADO      recordatorio FALLIDO (chat_input_not_found) -
9/5_20:30_4e              34747414084          ENVIADO      recordatorio FALLIDO (chat_input_not_found) -
9/5_19:00_4e              34675651585          ENVIADO      recordatorio FALLIDO (chat_input_not_found) -
10/5_17:30_maf            34722714718          ENVIADO      recordatorio FALLIDO (chat_input_not_found) -
10/5_17:30_4e             34653197010          ENVIADO      recordatorio FALLIDO (chat_input_not_found) -

[2026-05-14 10:53:33] POSITIVO | Fotos nuevas: 0 | Envios OK: 0 | Envios FAIL: 0 | Reviews negativas: 0 | Fotos borradas: 0

=== SESIÓN 10:54-10:54 (14/05/2026) ===
RESERVA                   TELÉFONO             ESTADO       RESPUESTA                 REVIEW
-----------------------------------------------------------------------------------------------
9/5_14:30_maf             34665976040          ENVIADO      recordatorio FALLIDO (chat_input_not_found) -
9/5_19:00_maf/csi         34%C2%A0628%C2%A061%C2%A027%C2%A078%E2%80%AC ENVIADO      recordatorio FALLIDO (chat_input_not_found) -
9/5_20:30_4e              34747414084          ENVIADO      recordatorio FALLIDO (chat_input_not_found) -
9/5_19:00_4e              34675651585          ENVIADO      recordatorio FALLIDO (chat_input_not_found) -
10/5_17:30_maf            34722714718          ENVIADO      recordatorio FALLIDO (chat_input_not_found) -
10/5_17:30_4e             34653197010          ENVIADO      recordatorio FALLIDO (chat_input_not_found) -

[2026-05-14 10:54:53] POSITIVO | Fotos nuevas: 0 | Envios OK: 0 | Envios FAIL: 0 | Reviews negativas: 0 | Fotos borradas: 0

=== SESIÓN 10:53-10:56 (14/05/2026) ===
RESERVA                   TELÉFONO             ESTADO       RESPUESTA                 REVIEW
-----------------------------------------------------------------------------------------------
9/5_14:30_maf             34665976040          ENVIADO      recordatorio FALLIDO (exception: HTTPConnectionPool(host='localhost', port=63878): Max retries exceeded with url: /session/ed636dd0914ee770b9a7916d66f955cd/source (Caused by NewConnectionError("HTTPConnection(host='localhost', port=63878): Failed to establish a new connection: [WinError 10061] No connection could be made because the target machine actively refused it"))) -
9/5_19:00_maf/csi         34%C2%A0628%C2%A061%C2%A027%C2%A078%E2%80%AC ENVIADO      recordatorio FALLIDO (exception: HTTPConnectionPool(host='localhost', port=63878): Max retries exceeded with url: /session/ed636dd0914ee770b9a7916d66f955cd/source (Caused by NewConnectionError("HTTPConnection(host='localhost', port=63878): Failed to establish a new connection: [WinError 10061] No connection could be made because the target machine actively refused it"))) -
9/5_20:30_4e              34747414084          ENVIADO      recordatorio FALLIDO (exception: HTTPConnectionPool(host='localhost', port=63878): Max retries exceeded with url: /session/ed636dd0914ee770b9a7916d66f955cd/source (Caused by NewConnectionError("HTTPConnection(host='localhost', port=63878): Failed to establish a new connection: [WinError 10061] No connection could be made because the target machine actively refused it"))) -
9/5_19:00_4e              34675651585          ENVIADO      recordatorio FALLIDO (exception: HTTPConnectionPool(host='localhost', port=63878): Max retries exceeded with url: /session/ed636dd0914ee770b9a7916d66f955cd/source (Caused by NewConnectionError("HTTPConnection(host='localhost', port=63878): Failed to establish a new connection: [WinError 10061] No connection could be made because the target machine actively refused it"))) -
10/5_17:30_maf            34722714718          ENVIADO      recordatorio FALLIDO (exception: HTTPConnectionPool(host='localhost', port=63878): Max retries exceeded with url: /session/ed636dd0914ee770b9a7916d66f955cd/source (Caused by NewConnectionError("HTTPConnection(host='localhost', port=63878): Failed to establish a new connection: [WinError 10061] No connection could be made because the target machine actively refused it"))) -
10/5_17:30_4e             34653197010          ENVIADO      recordatorio FALLIDO (exception: HTTPConnectionPool(host='localhost', port=63878): Max retries exceeded with url: /session/ed636dd0914ee770b9a7916d66f955cd/source (Caused by NewConnectionError("HTTPConnection(host='localhost', port=63878): Failed to establish a new connection: [WinError 10061] No connection could be made because the target machine actively refused it"))) -

[2026-05-14 10:56:11] POSITIVO | Fotos nuevas: 0 | Envios OK: 0 | Envios FAIL: 0 | Reviews negativas: 0 | Fotos borradas: 0

=== SESIÓN 10:56-10:56 (14/05/2026) ===
RESERVA                   TELÉFONO             ESTADO       RESPUESTA                 REVIEW
-----------------------------------------------------------------------------------------------
9/5_14:30_maf             34665976040          ENVIADO      recordatorio FALLIDO (chat_input_not_found) -
9/5_19:00_maf/csi         34%C2%A0628%C2%A061%C2%A027%C2%A078%E2%80%AC ENVIADO      recordatorio FALLIDO (chat_input_not_found) -
9/5_20:30_4e              34747414084          ENVIADO      recordatorio FALLIDO (chat_input_not_found) -
9/5_19:00_4e              34675651585          ENVIADO      recordatorio FALLIDO (chat_input_not_found) -
10/5_17:30_maf            34722714718          ENVIADO      recordatorio FALLIDO (chat_input_not_found) -
10/5_17:30_4e             34653197010          ENVIADO      recordatorio FALLIDO (chat_input_not_found) -

[2026-05-14 10:56:12] POSITIVO | Fotos nuevas: 0 | Envios OK: 0 | Envios FAIL: 0 | Reviews negativas: 0 | Fotos borradas: 0

=== SESIÓN 10:58-10:58 (14/05/2026) ===
RESERVA                   TELÉFONO             ESTADO       RESPUESTA                 REVIEW
-----------------------------------------------------------------------------------------------
9/5_14:30_maf             34665976040          ENVIADO      recordatorio FALLIDO (chat_input_not_found) -
9/5_19:00_maf/csi         34%C2%A0628%C2%A061%C2%A027%C2%A078%E2%80%AC ENVIADO      recordatorio FALLIDO (chat_input_not_found) -
9/5_20:30_4e              34747414084          ENVIADO      recordatorio FALLIDO (chat_input_not_found) -
9/5_19:00_4e              34675651585          ENVIADO      recordatorio FALLIDO (chat_input_not_found) -
10/5_17:30_maf            34722714718          ENVIADO      recordatorio FALLIDO (chat_input_not_found) -
10/5_17:30_4e             34653197010          ENVIADO      recordatorio FALLIDO (chat_input_not_found) -

[2026-05-14 10:58:14] POSITIVO | Fotos nuevas: 0 | Envios OK: 0 | Envios FAIL: 0 | Reviews negativas: 0 | Fotos borradas: 0
[2026-05-14 10:58:35] NEGATIVO | WhatsApp no conectado (QR visible) — ciclo abortado

=== SESIÓN 11:00-11:00 (14/05/2026) ===
RESERVA                   TELÉFONO             ESTADO       RESPUESTA                 REVIEW
-----------------------------------------------------------------------------------------------
9/5_14:30_maf             34665976040          ENVIADO      recordatorio FALLIDO (chat_input_not_found) -
9/5_19:00_maf/csi         34%C2%A0628%C2%A061%C2%A027%C2%A078%E2%80%AC ENVIADO      recordatorio FALLIDO (chat_input_not_found) -
9/5_20:30_4e              34747414084          ENVIADO      recordatorio FALLIDO (chat_input_not_found) -
9/5_19:00_4e              34675651585          ENVIADO      recordatorio FALLIDO (chat_input_not_found) -
10/5_17:30_maf            34722714718          ENVIADO      recordatorio FALLIDO (chat_input_not_found) -
10/5_17:30_4e             34653197010          ENVIADO      recordatorio FALLIDO (chat_input_not_found) -

[2026-05-14 11:00:37] POSITIVO | Fotos nuevas: 0 | Envios OK: 0 | Envios FAIL: 0 | Reviews negativas: 0 | Fotos borradas: 0

=== SESIÓN 11:01-11:01 (14/05/2026) ===
RESERVA                   TELÉFONO             ESTADO       RESPUESTA                 REVIEW
-----------------------------------------------------------------------------------------------
9/5_14:30_maf             34665976040          ENVIADO      recordatorio FALLIDO (chat_input_not_found) -
9/5_19:00_maf/csi         34%C2%A0628%C2%A061%C2%A027%C2%A078%E2%80%AC ENVIADO      recordatorio FALLIDO (chat_input_not_found) -
9/5_20:30_4e              34747414084          ENVIADO      recordatorio FALLIDO (chat_input_not_found) -
9/5_19:00_4e              34675651585          ENVIADO      recordatorio FALLIDO (chat_input_not_found) -
10/5_17:30_maf            34722714718          ENVIADO      recordatorio FALLIDO (chat_input_not_found) -
10/5_17:30_4e             34653197010          ENVIADO      recordatorio FALLIDO (chat_input_not_found) -

[2026-05-14 11:01:57] POSITIVO | Fotos nuevas: 0 | Envios OK: 0 | Envios FAIL: 0 | Reviews negativas: 0 | Fotos borradas: 0

=== SESIÓN 11:00-11:03 (14/05/2026) ===
RESERVA                   TELÉFONO             ESTADO       RESPUESTA                 REVIEW
-----------------------------------------------------------------------------------------------
9/5_14:30_maf             34665976040          ENVIADO      recordatorio FALLIDO (exception: HTTPConnectionPool(host='localhost', port=64442): Max retries exceeded with url: /session/e82eac7ccf03a0da29f874901467aa5f/source (Caused by NewConnectionError("HTTPConnection(host='localhost', port=64442): Failed to establish a new connection: [WinError 10061] No connection could be made because the target machine actively refused it"))) -
9/5_19:00_maf/csi         34%C2%A0628%C2%A061%C2%A027%C2%A078%E2%80%AC ENVIADO      recordatorio FALLIDO (exception: HTTPConnectionPool(host='localhost', port=64442): Max retries exceeded with url: /session/e82eac7ccf03a0da29f874901467aa5f/source (Caused by NewConnectionError("HTTPConnection(host='localhost', port=64442): Failed to establish a new connection: [WinError 10061] No connection could be made because the target machine actively refused it"))) -
9/5_20:30_4e              34747414084          ENVIADO      recordatorio FALLIDO (exception: HTTPConnectionPool(host='localhost', port=64442): Max retries exceeded with url: /session/e82eac7ccf03a0da29f874901467aa5f/source (Caused by NewConnectionError("HTTPConnection(host='localhost', port=64442): Failed to establish a new connection: [WinError 10061] No connection could be made because the target machine actively refused it"))) -
9/5_19:00_4e              34675651585          ENVIADO      recordatorio FALLIDO (exception: HTTPConnectionPool(host='localhost', port=64442): Max retries exceeded with url: /session/e82eac7ccf03a0da29f874901467aa5f/source (Caused by NewConnectionError("HTTPConnection(host='localhost', port=64442): Failed to establish a new connection: [WinError 10061] No connection could be made because the target machine actively refused it"))) -
10/5_17:30_maf            34722714718          ENVIADO      recordatorio FALLIDO (exception: HTTPConnectionPool(host='localhost', port=64442): Max retries exceeded with url: /session/e82eac7ccf03a0da29f874901467aa5f/source (Caused by NewConnectionError("HTTPConnection(host='localhost', port=64442): Failed to establish a new connection: [WinError 10061] No connection could be made because the target machine actively refused it"))) -
10/5_17:30_4e             34653197010          ENVIADO      recordatorio FALLIDO (exception: HTTPConnectionPool(host='localhost', port=64442): Max retries exceeded with url: /session/e82eac7ccf03a0da29f874901467aa5f/source (Caused by NewConnectionError("HTTPConnection(host='localhost', port=64442): Failed to establish a new connection: [WinError 10061] No connection could be made because the target machine actively refused it"))) -

[2026-05-14 11:03:14] POSITIVO | Fotos nuevas: 0 | Envios OK: 0 | Envios FAIL: 0 | Reviews negativas: 0 | Fotos borradas: 0

=== SESIÓN 11:03-11:03 (14/05/2026) ===
RESERVA                   TELÉFONO             ESTADO       RESPUESTA                 REVIEW
-----------------------------------------------------------------------------------------------
9/5_14:30_maf             34665976040          ENVIADO      recordatorio FALLIDO (chat_input_not_found) -
9/5_19:00_maf/csi         34%C2%A0628%C2%A061%C2%A027%C2%A078%E2%80%AC ENVIADO      recordatorio FALLIDO (chat_input_not_found) -
9/5_20:30_4e              34747414084          ENVIADO      recordatorio FALLIDO (chat_input_not_found) -
9/5_19:00_4e              34675651585          ENVIADO      recordatorio FALLIDO (chat_input_not_found) -
10/5_17:30_maf            34722714718          ENVIADO      recordatorio FALLIDO (chat_input_not_found) -
10/5_17:30_4e             34653197010          ENVIADO      recordatorio FALLIDO (chat_input_not_found) -

[2026-05-14 11:03:15] POSITIVO | Fotos nuevas: 0 | Envios OK: 0 | Envios FAIL: 0 | Reviews negativas: 0 | Fotos borradas: 0

=== SESIÓN 11:05-11:05 (14/05/2026) ===
RESERVA                   TELÉFONO             ESTADO       RESPUESTA                 REVIEW
-----------------------------------------------------------------------------------------------
9/5_14:30_maf             34665976040          ENVIADO      recordatorio FALLIDO (chat_input_not_found) -
9/5_19:00_maf/csi         34%C2%A0628%C2%A061%C2%A027%C2%A078%E2%80%AC ENVIADO      recordatorio FALLIDO (chat_input_not_found) -
9/5_20:30_4e              34747414084          ENVIADO      recordatorio FALLIDO (chat_input_not_found) -
9/5_19:00_4e              34675651585          ENVIADO      recordatorio FALLIDO (chat_input_not_found) -
10/5_17:30_maf            34722714718          ENVIADO      recordatorio FALLIDO (chat_input_not_found) -
10/5_17:30_4e             34653197010          ENVIADO      recordatorio FALLIDO (chat_input_not_found) -

[2026-05-14 11:05:18] POSITIVO | Fotos nuevas: 0 | Envios OK: 0 | Envios FAIL: 0 | Reviews negativas: 0 | Fotos borradas: 0
[2026-05-14 11:05:38] NEGATIVO | WhatsApp no conectado (QR visible) — ciclo abortado

=== SESIÓN 11:07-11:07 (14/05/2026) ===
RESERVA                   TELÉFONO             ESTADO       RESPUESTA                 REVIEW
-----------------------------------------------------------------------------------------------
9/5_14:30_maf             34665976040          ENVIADO      recordatorio FALLIDO (chat_input_not_found) -
9/5_19:00_maf/csi         34%C2%A0628%C2%A061%C2%A027%C2%A078%E2%80%AC ENVIADO      recordatorio FALLIDO (chat_input_not_found) -
9/5_20:30_4e              34747414084          ENVIADO      recordatorio FALLIDO (chat_input_not_found) -
9/5_19:00_4e              34675651585          ENVIADO      recordatorio FALLIDO (chat_input_not_found) -
10/5_17:30_maf            34722714718          ENVIADO      recordatorio FALLIDO (chat_input_not_found) -
10/5_17:30_4e             34653197010          ENVIADO      recordatorio FALLIDO (chat_input_not_found) -

[2026-05-14 11:07:39] POSITIVO | Fotos nuevas: 0 | Envios OK: 0 | Envios FAIL: 0 | Reviews negativas: 0 | Fotos borradas: 0

=== SESIÓN 11:08-11:08 (14/05/2026) ===
RESERVA                   TELÉFONO             ESTADO       RESPUESTA                 REVIEW
-----------------------------------------------------------------------------------------------
9/5_14:30_maf             34665976040          ENVIADO      recordatorio FALLIDO (chat_input_not_found) -
9/5_19:00_maf/csi         34%C2%A0628%C2%A061%C2%A027%C2%A078%E2%80%AC ENVIADO      recordatorio FALLIDO (chat_input_not_found) -
9/5_20:30_4e              34747414084          ENVIADO      recordatorio FALLIDO (chat_input_not_found) -
9/5_19:00_4e              34675651585          ENVIADO      recordatorio FALLIDO (chat_input_not_found) -
10/5_17:30_maf            34722714718          ENVIADO      recordatorio FALLIDO (chat_input_not_found) -
10/5_17:30_4e             34653197010          ENVIADO      recordatorio FALLIDO (chat_input_not_found) -

[2026-05-14 11:08:58] POSITIVO | Fotos nuevas: 0 | Envios OK: 0 | Envios FAIL: 0 | Reviews negativas: 0 | Fotos borradas: 0

=== SESIÓN 11:07-11:10 (14/05/2026) ===
RESERVA                   TELÉFONO             ESTADO       RESPUESTA                 REVIEW
-----------------------------------------------------------------------------------------------
9/5_14:30_maf             34665976040          ENVIADO      recordatorio FALLIDO (exception: HTTPConnectionPool(host='localhost', port=65259): Max retries exceeded with url: /session/9ce0df00d1fb0434f9c8d317fdcd1ef7/source (Caused by NewConnectionError("HTTPConnection(host='localhost', port=65259): Failed to establish a new connection: [WinError 10061] No connection could be made because the target machine actively refused it"))) -
9/5_19:00_maf/csi         34%C2%A0628%C2%A061%C2%A027%C2%A078%E2%80%AC ENVIADO      recordatorio FALLIDO (exception: HTTPConnectionPool(host='localhost', port=65259): Max retries exceeded with url: /session/9ce0df00d1fb0434f9c8d317fdcd1ef7/source (Caused by NewConnectionError("HTTPConnection(host='localhost', port=65259): Failed to establish a new connection: [WinError 10061] No connection could be made because the target machine actively refused it"))) -
9/5_20:30_4e              34747414084          ENVIADO      recordatorio FALLIDO (exception: HTTPConnectionPool(host='localhost', port=65259): Max retries exceeded with url: /session/9ce0df00d1fb0434f9c8d317fdcd1ef7/source (Caused by NewConnectionError("HTTPConnection(host='localhost', port=65259): Failed to establish a new connection: [WinError 10061] No connection could be made because the target machine actively refused it"))) -
9/5_19:00_4e              34675651585          ENVIADO      recordatorio FALLIDO (exception: HTTPConnectionPool(host='localhost', port=65259): Max retries exceeded with url: /session/9ce0df00d1fb0434f9c8d317fdcd1ef7/source (Caused by NewConnectionError("HTTPConnection(host='localhost', port=65259): Failed to establish a new connection: [WinError 10061] No connection could be made because the target machine actively refused it"))) -
10/5_17:30_maf            34722714718          ENVIADO      recordatorio FALLIDO (exception: HTTPConnectionPool(host='localhost', port=65259): Max retries exceeded with url: /session/9ce0df00d1fb0434f9c8d317fdcd1ef7/source (Caused by NewConnectionError("HTTPConnection(host='localhost', port=65259): Failed to establish a new connection: [WinError 10061] No connection could be made because the target machine actively refused it"))) -
10/5_17:30_4e             34653197010          ENVIADO      recordatorio FALLIDO (exception: HTTPConnectionPool(host='localhost', port=65259): Max retries exceeded with url: /session/9ce0df00d1fb0434f9c8d317fdcd1ef7/source (Caused by NewConnectionError("HTTPConnection(host='localhost', port=65259): Failed to establish a new connection: [WinError 10061] No connection could be made because the target machine actively refused it"))) -

[2026-05-14 11:10:19] POSITIVO | Fotos nuevas: 0 | Envios OK: 0 | Envios FAIL: 0 | Reviews negativas: 0 | Fotos borradas: 0

=== SESIÓN 11:10-11:10 (14/05/2026) ===
RESERVA                   TELÉFONO             ESTADO       RESPUESTA                 REVIEW
-----------------------------------------------------------------------------------------------
9/5_14:30_maf             34665976040          ENVIADO      recordatorio FALLIDO (chat_input_not_found) -
9/5_19:00_maf/csi         34%C2%A0628%C2%A061%C2%A027%C2%A078%E2%80%AC ENVIADO      recordatorio FALLIDO (chat_input_not_found) -
9/5_20:30_4e              34747414084          ENVIADO      recordatorio FALLIDO (chat_input_not_found) -
9/5_19:00_4e              34675651585          ENVIADO      recordatorio FALLIDO (chat_input_not_found) -
10/5_17:30_maf            34722714718          ENVIADO      recordatorio FALLIDO (chat_input_not_found) -
10/5_17:30_4e             34653197010          ENVIADO      recordatorio FALLIDO (chat_input_not_found) -

[2026-05-14 11:10:22] POSITIVO | Fotos nuevas: 0 | Envios OK: 0 | Envios FAIL: 0 | Reviews negativas: 0 | Fotos borradas: 0

=== SESIÓN 11:12-11:12 (14/05/2026) ===
RESERVA                   TELÉFONO             ESTADO       RESPUESTA                 REVIEW
-----------------------------------------------------------------------------------------------
9/5_14:30_maf             34665976040          ENVIADO      recordatorio FALLIDO (chat_input_not_found) -
9/5_19:00_maf/csi         34%C2%A0628%C2%A061%C2%A027%C2%A078%E2%80%AC ENVIADO      recordatorio FALLIDO (chat_input_not_found) -
9/5_20:30_4e              34747414084          ENVIADO      recordatorio FALLIDO (chat_input_not_found) -
9/5_19:00_4e              34675651585          ENVIADO      recordatorio FALLIDO (chat_input_not_found) -
10/5_17:30_maf            34722714718          ENVIADO      recordatorio FALLIDO (chat_input_not_found) -
10/5_17:30_4e             34653197010          ENVIADO      recordatorio FALLIDO (chat_input_not_found) -

[2026-05-14 11:12:19] POSITIVO | Fotos nuevas: 0 | Envios OK: 0 | Envios FAIL: 0 | Reviews negativas: 0 | Fotos borradas: 0
[2026-05-14 11:12:45] NEGATIVO | WhatsApp no conectado (QR visible) — ciclo abortado

=== SESIÓN 11:13-11:13 (14/05/2026) ===
RESERVA                   TELÉFONO             ESTADO       RESPUESTA                 REVIEW
-----------------------------------------------------------------------------------------------
9/5_14:30_maf             34665976040          ENVIADO      recordatorio FALLIDO (chat_input_not_found) -
9/5_19:00_maf/csi         34%C2%A0628%C2%A061%C2%A027%C2%A078%E2%80%AC ENVIADO      recordatorio FALLIDO (exception: Message: invalid session id: session deleted as the browser has closed the connection
from disconnected: Unable to receive message from renderer
  (Session info: chrome=147.0.7727.101); For documentation on this error, please visit: https://www.selenium.dev/documentation/webdriver/troubleshooting/errors#invalidsessionidexception
Stacktrace:
	chromedriver!GetHandleVerifier [0x4eb373+10553]
	chromedriver!GetHandleVerifier [0x4eb4a4+10684]
	chromedriver!(No symbol) [0x2f1e10]
	chromedriver!(No symbol) [0x2e21b3]
	chromedriver!(No symbol) [0x2e1ee5]
	chromedriver!(No symbol) [0x2dfff8]
	chromedriver!(No symbol) [0x2e0846]
	chromedriver!(No symbol) [0x30454e]
	chromedriver!(No symbol) [0x2fa8fb]
	chromedriver!(No symbol) [0x2fa80d]
	chromedriver!(No symbol) [0x37d0cf]
	chromedriver!(No symbol) [0x35d86c]
	chromedriver!(No symbol) [0x37aa36]
	chromedriver!(No symbol) [0x35d606]
	chromedriver!(No symbol) [0x330039]
	chromedriver!(No symbol) [0x330df4]
	chromedriver!GetHandleVerifier [0x76ddb4+292f94]
	chromedriver!GetHandleVerifier [0x76937d+28e55d]
	chromedriver!GetHandleVerifier [0x788215+2ad3f5]
	chromedriver!GetHandleVerifier [0x504c18+29df8]
	chromedriver!GetHandleVerifier [0x50c6fd+318dd]
	chromedriver!GetHandleVerifier [0x4f3c78+18e58]
	chromedriver!GetHandleVerifier [0x4f3e42+19022]
	chromedriver!GetHandleVerifier [0x4dd45f+263f]
	KERNEL32!BaseThreadInitThunk [0x765562c4+24]
	ntdll!RtlSubscribeWnfStateChangeNotification [0x770a0aa9+439]
	ntdll!RtlSubscribeWnfStateChangeNotification [0x770a0a74+404]
) -
9/5_20:30_4e              34747414084          ENVIADO      recordatorio FALLIDO (exception: Message: invalid session id; For documentation on this error, please visit: https://www.selenium.dev/documentation/webdriver/troubleshooting/errors#invalidsessionidexception
Stacktrace:
	chromedriver!GetHandleVerifier [0x4eb373+10553]
	chromedriver!GetHandleVerifier [0x4eb4a4+10684]
	chromedriver!(No symbol) [0x2f1c4e]
	chromedriver!(No symbol) [0x32f2c5]
	chromedriver!(No symbol) [0x35d726]
	chromedriver!(No symbol) [0x358c62]
	chromedriver!(No symbol) [0x358281]
	chromedriver!(No symbol) [0x2c501e]
	chromedriver!(No symbol) [0x2c55be]
	chromedriver!(No symbol) [0x2c5a9d]
	chromedriver!GetHandleVerifier [0x76ddb4+292f94]
	chromedriver!GetHandleVerifier [0x76937d+28e55d]
	chromedriver!GetHandleVerifier [0x788215+2ad3f5]
	chromedriver!GetHandleVerifier [0x504c18+29df8]
	chromedriver!GetHandleVerifier [0x50c6fd+318dd]
	chromedriver!(No symbol) [0x2c4b99]
	chromedriver!(No symbol) [0x2c41e0]
	chromedriver!GetHandleVerifier [0x8d2bef+3f7dcf]
	KERNEL32!BaseThreadInitThunk [0x765562c4+24]
	ntdll!RtlSubscribeWnfStateChangeNotification [0x770a0aa9+439]
	ntdll!RtlSubscribeWnfStateChangeNotification [0x770a0a74+404]
) -
9/5_19:00_4e              34675651585          ENVIADO      recordatorio FALLIDO (exception: Message: invalid session id; For documentation on this error, please visit: https://www.selenium.dev/documentation/webdriver/troubleshooting/errors#invalidsessionidexception
Stacktrace:
	chromedriver!GetHandleVerifier [0x4eb373+10553]
	chromedriver!GetHandleVerifier [0x4eb4a4+10684]
	chromedriver!(No symbol) [0x2f1c4e]
	chromedriver!(No symbol) [0x32f2c5]
	chromedriver!(No symbol) [0x35d726]
	chromedriver!(No symbol) [0x358c62]
	chromedriver!(No symbol) [0x358281]
	chromedriver!(No symbol) [0x2c501e]
	chromedriver!(No symbol) [0x2c55be]
	chromedriver!(No symbol) [0x2c5a9d]
	chromedriver!GetHandleVerifier [0x76ddb4+292f94]
	chromedriver!GetHandleVerifier [0x76937d+28e55d]
	chromedriver!GetHandleVerifier [0x788215+2ad3f5]
	chromedriver!GetHandleVerifier [0x504c18+29df8]
	chromedriver!GetHandleVerifier [0x50c6fd+318dd]
	chromedriver!(No symbol) [0x2c4b99]
	chromedriver!(No symbol) [0x2c41e0]
	chromedriver!GetHandleVerifier [0x8d2bef+3f7dcf]
	KERNEL32!BaseThreadInitThunk [0x765562c4+24]
	ntdll!RtlSubscribeWnfStateChangeNotification [0x770a0aa9+439]
	ntdll!RtlSubscribeWnfStateChangeNotification [0x770a0a74+404]
) -
10/5_17:30_maf            34722714718          ENVIADO      recordatorio FALLIDO (exception: Message: invalid session id; For documentation on this error, please visit: https://www.selenium.dev/documentation/webdriver/troubleshooting/errors#invalidsessionidexception
Stacktrace:
	chromedriver!GetHandleVerifier [0x4eb373+10553]
	chromedriver!GetHandleVerifier [0x4eb4a4+10684]
	chromedriver!(No symbol) [0x2f1c4e]
	chromedriver!(No symbol) [0x32f2c5]
	chromedriver!(No symbol) [0x35d726]
	chromedriver!(No symbol) [0x358c62]
	chromedriver!(No symbol) [0x358281]
	chromedriver!(No symbol) [0x2c501e]
	chromedriver!(No symbol) [0x2c55be]
	chromedriver!(No symbol) [0x2c5a9d]
	chromedriver!GetHandleVerifier [0x76ddb4+292f94]
	chromedriver!GetHandleVerifier [0x76937d+28e55d]
	chromedriver!GetHandleVerifier [0x788215+2ad3f5]
	chromedriver!GetHandleVerifier [0x504c18+29df8]
	chromedriver!GetHandleVerifier [0x50c6fd+318dd]
	chromedriver!(No symbol) [0x2c4b99]
	chromedriver!(No symbol) [0x2c41e0]
	chromedriver!GetHandleVerifier [0x8d2bef+3f7dcf]
	KERNEL32!BaseThreadInitThunk [0x765562c4+24]
	ntdll!RtlSubscribeWnfStateChangeNotification [0x770a0aa9+439]
	ntdll!RtlSubscribeWnfStateChangeNotification [0x770a0a74+404]
) -
10/5_17:30_4e             34653197010          ENVIADO      recordatorio FALLIDO (exception: Message: invalid session id; For documentation on this error, please visit: https://www.selenium.dev/documentation/webdriver/troubleshooting/errors#invalidsessionidexception
Stacktrace:
	chromedriver!GetHandleVerifier [0x4eb373+10553]
	chromedriver!GetHandleVerifier [0x4eb4a4+10684]
	chromedriver!(No symbol) [0x2f1c4e]
	chromedriver!(No symbol) [0x32f2c5]
	chromedriver!(No symbol) [0x35d726]
	chromedriver!(No symbol) [0x358c62]
	chromedriver!(No symbol) [0x358281]
	chromedriver!(No symbol) [0x2c501e]
	chromedriver!(No symbol) [0x2c55be]
	chromedriver!(No symbol) [0x2c5a9d]
	chromedriver!GetHandleVerifier [0x76ddb4+292f94]
	chromedriver!GetHandleVerifier [0x76937d+28e55d]
	chromedriver!GetHandleVerifier [0x788215+2ad3f5]
	chromedriver!GetHandleVerifier [0x504c18+29df8]
	chromedriver!GetHandleVerifier [0x50c6fd+318dd]
	chromedriver!(No symbol) [0x2c4b99]
	chromedriver!(No symbol) [0x2c41e0]
	chromedriver!GetHandleVerifier [0x8d2bef+3f7dcf]
	KERNEL32!BaseThreadInitThunk [0x765562c4+24]
	ntdll!RtlSubscribeWnfStateChangeNotification [0x770a0aa9+439]
	ntdll!RtlSubscribeWnfStateChangeNotification [0x770a0a74+404]
) -

[2026-05-14 11:13:31] POSITIVO | Fotos nuevas: 0 | Envios OK: 0 | Envios FAIL: 0 | Reviews negativas: 0 | Fotos borradas: 0

=== SESIÓN 11:14-11:14 (14/05/2026) ===
RESERVA                   TELÉFONO             ESTADO       RESPUESTA                 REVIEW
-----------------------------------------------------------------------------------------------
9/5_14:30_maf             34665976040          ENVIADO      recordatorio FALLIDO (chat_input_not_found) -
9/5_19:00_maf/csi         34%C2%A0628%C2%A061%C2%A027%C2%A078%E2%80%AC ENVIADO      recordatorio FALLIDO (chat_input_not_found) -
9/5_20:30_4e              34747414084          ENVIADO      recordatorio FALLIDO (chat_input_not_found) -
9/5_19:00_4e              34675651585          ENVIADO      recordatorio FALLIDO (chat_input_not_found) -
10/5_17:30_maf            34722714718          ENVIADO      recordatorio FALLIDO (chat_input_not_found) -
10/5_17:30_4e             34653197010          ENVIADO      recordatorio FALLIDO (chat_input_not_found) -

[2026-05-14 11:14:50] POSITIVO | Fotos nuevas: 0 | Envios OK: 0 | Envios FAIL: 0 | Reviews negativas: 0 | Fotos borradas: 0

=== SESIÓN 11:14-11:14 (14/05/2026) ===
RESERVA                   TELÉFONO             ESTADO       RESPUESTA                 REVIEW
-----------------------------------------------------------------------------------------------
9/5_14:30_maf             34665976040          ENVIADO      recordatorio FALLIDO (chat_input_not_found) -
9/5_19:00_maf/csi         34%C2%A0628%C2%A061%C2%A027%C2%A078%E2%80%AC ENVIADO      recordatorio FALLIDO (chat_input_not_found) -
9/5_20:30_4e              34747414084          ENVIADO      recordatorio FALLIDO (chat_input_not_found) -
9/5_19:00_4e              34675651585          ENVIADO      recordatorio FALLIDO (chat_input_not_found) -
10/5_17:30_maf            34722714718          ENVIADO      recordatorio FALLIDO (exception: Message: no such window: target window already closed
from unknown error: web view not found
  (Session info: chrome=147.0.7727.101)
Stacktrace:
	chromedriver!GetHandleVerifier [0x4eb373+10553]
	chromedriver!GetHandleVerifier [0x4eb4a4+10684]
	chromedriver!(No symbol) [0x2f1e10]
	chromedriver!(No symbol) [0x2d0923]
	chromedriver!(No symbol) [0x363bcb]
	chromedriver!(No symbol) [0x37a3a9]
	chromedriver!(No symbol) [0x35d606]
	chromedriver!(No symbol) [0x330039]
	chromedriver!(No symbol) [0x330df4]
	chromedriver!GetHandleVerifier [0x76ddb4+292f94]
	chromedriver!GetHandleVerifier [0x76937d+28e55d]
	chromedriver!GetHandleVerifier [0x788215+2ad3f5]
	chromedriver!GetHandleVerifier [0x504c18+29df8]
	chromedriver!GetHandleVerifier [0x50c6fd+318dd]
	chromedriver!GetHandleVerifier [0x4f3c78+18e58]
	chromedriver!GetHandleVerifier [0x4f3e42+19022]
	chromedriver!GetHandleVerifier [0x4dd45f+263f]
	KERNEL32!BaseThreadInitThunk [0x765562c4+24]
	ntdll!RtlSubscribeWnfStateChangeNotification [0x770a0aa9+439]
	ntdll!RtlSubscribeWnfStateChangeNotification [0x770a0a74+404]
) -
10/5_17:30_4e             34653197010          ENVIADO      recordatorio FALLIDO (exception: Message: no such window: target window already closed
from unknown error: web view not found
  (Session info: chrome=147.0.7727.101)
Stacktrace:
	chromedriver!GetHandleVerifier [0x4eb373+10553]
	chromedriver!GetHandleVerifier [0x4eb4a4+10684]
	chromedriver!(No symbol) [0x2f1e10]
	chromedriver!(No symbol) [0x2d0923]
	chromedriver!(No symbol) [0x363bcb]
	chromedriver!(No symbol) [0x37a3a9]
	chromedriver!(No symbol) [0x35d606]
	chromedriver!(No symbol) [0x330039]
	chromedriver!(No symbol) [0x330df4]
	chromedriver!GetHandleVerifier [0x76ddb4+292f94]
	chromedriver!GetHandleVerifier [0x76937d+28e55d]
	chromedriver!GetHandleVerifier [0x788215+2ad3f5]
	chromedriver!GetHandleVerifier [0x504c18+29df8]
	chromedriver!GetHandleVerifier [0x50c6fd+318dd]
	chromedriver!GetHandleVerifier [0x4f3c78+18e58]
	chromedriver!GetHandleVerifier [0x4f3e42+19022]
	chromedriver!GetHandleVerifier [0x4dd45f+263f]
	KERNEL32!BaseThreadInitThunk [0x765562c4+24]
	ntdll!RtlSubscribeWnfStateChangeNotification [0x770a0aa9+439]
	ntdll!RtlSubscribeWnfStateChangeNotification [0x770a0a74+404]
) -

[2026-05-14 11:14:50] POSITIVO | Fotos nuevas: 0 | Envios OK: 0 | Envios FAIL: 0 | Reviews negativas: 0 | Fotos borradas: 0

=== SESIÓN 11:16-11:16 (14/05/2026) ===
RESERVA                   TELÉFONO             ESTADO       RESPUESTA                 REVIEW
-----------------------------------------------------------------------------------------------
9/5_14:30_maf             34665976040          ENVIADO      recordatorio FALLIDO (chat_input_not_found) -
9/5_19:00_maf/csi         34%C2%A0628%C2%A061%C2%A027%C2%A078%E2%80%AC ENVIADO      recordatorio FALLIDO (chat_input_not_found) -
9/5_20:30_4e              34747414084          ENVIADO      recordatorio FALLIDO (chat_input_not_found) -
9/5_19:00_4e              34675651585          ENVIADO      recordatorio FALLIDO (chat_input_not_found) -
10/5_17:30_maf            34722714718          ENVIADO      recordatorio FALLIDO (chat_input_not_found) -
10/5_17:30_4e             34653197010          ENVIADO      recordatorio FALLIDO (chat_input_not_found) -

[2026-05-14 11:16:09] POSITIVO | Fotos nuevas: 0 | Envios OK: 0 | Envios FAIL: 0 | Reviews negativas: 0 | Fotos borradas: 0

=== SESIÓN 11:16-11:16 (14/05/2026) ===
RESERVA                   TELÉFONO             ESTADO       RESPUESTA                 REVIEW
-----------------------------------------------------------------------------------------------
9/5_14:30_maf             34665976040          ENVIADO      recordatorio FALLIDO (chat_input_not_found) -
9/5_19:00_maf/csi         34%C2%A0628%C2%A061%C2%A027%C2%A078%E2%80%AC ENVIADO      recordatorio FALLIDO (chat_input_not_found) -
9/5_20:30_4e              34747414084          ENVIADO      recordatorio FALLIDO (chat_input_not_found) -
9/5_19:00_4e              34675651585          ENVIADO      recordatorio FALLIDO (chat_input_not_found) -
10/5_17:30_maf            34722714718          ENVIADO      recordatorio FALLIDO (chat_input_not_found) -
10/5_17:30_4e             34653197010          ENVIADO      recordatorio FALLIDO (exception: Message: no such window: target window already closed
from unknown error: web view not found
  (Session info: chrome=147.0.7727.101)
Stacktrace:
	chromedriver!GetHandleVerifier [0x4eb373+10553]
	chromedriver!GetHandleVerifier [0x4eb4a4+10684]
	chromedriver!(No symbol) [0x2f1e10]
	chromedriver!(No symbol) [0x2d0923]
	chromedriver!(No symbol) [0x363bcb]
	chromedriver!(No symbol) [0x37a3a9]
	chromedriver!(No symbol) [0x35d606]
	chromedriver!(No symbol) [0x330039]
	chromedriver!(No symbol) [0x330df4]
	chromedriver!GetHandleVerifier [0x76ddb4+292f94]
	chromedriver!GetHandleVerifier [0x76937d+28e55d]
	chromedriver!GetHandleVerifier [0x788215+2ad3f5]
	chromedriver!GetHandleVerifier [0x504c18+29df8]
	chromedriver!GetHandleVerifier [0x50c6fd+318dd]
	chromedriver!GetHandleVerifier [0x4f3c78+18e58]
	chromedriver!GetHandleVerifier [0x4f3e42+19022]
	chromedriver!GetHandleVerifier [0x4dd45f+263f]
	KERNEL32!BaseThreadInitThunk [0x765562c4+24]
	ntdll!RtlSubscribeWnfStateChangeNotification [0x770a0aa9+439]
	ntdll!RtlSubscribeWnfStateChangeNotification [0x770a0a74+404]
) -

[2026-05-14 11:16:10] POSITIVO | Fotos nuevas: 0 | Envios OK: 0 | Envios FAIL: 0 | Reviews negativas: 0 | Fotos borradas: 0

=== SESIÓN 11:17-11:17 (14/05/2026) ===
RESERVA                   TELÉFONO             ESTADO       RESPUESTA                 REVIEW
-----------------------------------------------------------------------------------------------
9/5_14:30_maf             34665976040          ENVIADO      recordatorio FALLIDO (chat_input_not_found) -
9/5_19:00_maf/csi         34%C2%A0628%C2%A061%C2%A027%C2%A078%E2%80%AC ENVIADO      recordatorio FALLIDO (chat_input_not_found) -
9/5_20:30_4e              34747414084          ENVIADO      recordatorio FALLIDO (chat_input_not_found) -
9/5_19:00_4e              34675651585          ENVIADO      recordatorio FALLIDO (chat_input_not_found) -
10/5_17:30_maf            34722714718          ENVIADO      recordatorio FALLIDO (chat_input_not_found) -
10/5_17:30_4e             34653197010          ENVIADO      recordatorio FALLIDO (chat_input_not_found) -

[2026-05-14 11:17:29] POSITIVO | Fotos nuevas: 0 | Envios OK: 0 | Envios FAIL: 0 | Reviews negativas: 0 | Fotos borradas: 0

=== SESIÓN 11:17-11:17 (14/05/2026) ===
RESERVA                   TELÉFONO             ESTADO       RESPUESTA                 REVIEW
-----------------------------------------------------------------------------------------------
9/5_14:30_maf             34665976040          ENVIADO      recordatorio FALLIDO (chat_input_not_found) -
9/5_19:00_maf/csi         34%C2%A0628%C2%A061%C2%A027%C2%A078%E2%80%AC ENVIADO      recordatorio FALLIDO (chat_input_not_found) -
9/5_20:30_4e              34747414084          ENVIADO      recordatorio FALLIDO (chat_input_not_found) -
9/5_19:00_4e              34675651585          ENVIADO      recordatorio FALLIDO (chat_input_not_found) -
10/5_17:30_maf            34722714718          ENVIADO      recordatorio FALLIDO (chat_input_not_found) -
10/5_17:30_4e             34653197010          ENVIADO      recordatorio FALLIDO (exception: Message: no such window: target window already closed
from unknown error: web view not found
  (Session info: chrome=147.0.7727.101)
Stacktrace:
	chromedriver!GetHandleVerifier [0x4eb373+10553]
	chromedriver!GetHandleVerifier [0x4eb4a4+10684]
	chromedriver!(No symbol) [0x2f1e10]
	chromedriver!(No symbol) [0x2d0923]
	chromedriver!(No symbol) [0x363bcb]
	chromedriver!(No symbol) [0x37a3a9]
	chromedriver!(No symbol) [0x35d606]
	chromedriver!(No symbol) [0x330039]
	chromedriver!(No symbol) [0x330df4]
	chromedriver!GetHandleVerifier [0x76ddb4+292f94]
	chromedriver!GetHandleVerifier [0x76937d+28e55d]
	chromedriver!GetHandleVerifier [0x788215+2ad3f5]
	chromedriver!GetHandleVerifier [0x504c18+29df8]
	chromedriver!GetHandleVerifier [0x50c6fd+318dd]
	chromedriver!GetHandleVerifier [0x4f3c78+18e58]
	chromedriver!GetHandleVerifier [0x4f3e42+19022]
	chromedriver!GetHandleVerifier [0x4dd45f+263f]
	KERNEL32!BaseThreadInitThunk [0x765562c4+24]
	ntdll!RtlSubscribeWnfStateChangeNotification [0x770a0aa9+439]
	ntdll!RtlSubscribeWnfStateChangeNotification [0x770a0a74+404]
) -

[2026-05-14 11:17:29] POSITIVO | Fotos nuevas: 0 | Envios OK: 0 | Envios FAIL: 0 | Reviews negativas: 0 | Fotos borradas: 0

=== SESIÓN 11:18-11:18 (14/05/2026) ===
RESERVA                   TELÉFONO             ESTADO       RESPUESTA                 REVIEW
-----------------------------------------------------------------------------------------------
9/5_14:30_maf             34665976040          ENVIADO      recordatorio FALLIDO (chat_input_not_found) -
9/5_19:00_maf/csi         34%C2%A0628%C2%A061%C2%A027%C2%A078%E2%80%AC ENVIADO      recordatorio FALLIDO (chat_input_not_found) -
9/5_20:30_4e              34747414084          ENVIADO      recordatorio FALLIDO (chat_input_not_found) -
9/5_19:00_4e              34675651585          ENVIADO      recordatorio FALLIDO (chat_input_not_found) -
10/5_17:30_maf            34722714718          ENVIADO      recordatorio FALLIDO (chat_input_not_found) -
10/5_17:30_4e             34653197010          ENVIADO      recordatorio FALLIDO (chat_input_not_found) -

[2026-05-14 11:18:50] POSITIVO | Fotos nuevas: 0 | Envios OK: 0 | Envios FAIL: 0 | Reviews negativas: 0 | Fotos borradas: 0

=== SESIÓN 11:18-11:18 (14/05/2026) ===
RESERVA                   TELÉFONO             ESTADO       RESPUESTA                 REVIEW
-----------------------------------------------------------------------------------------------
9/5_14:30_maf             34665976040          ENVIADO      recordatorio FALLIDO (chat_input_not_found) -
9/5_19:00_maf/csi         34%C2%A0628%C2%A061%C2%A027%C2%A078%E2%80%AC ENVIADO      recordatorio FALLIDO (chat_input_not_found) -
9/5_20:30_4e              34747414084          ENVIADO      recordatorio FALLIDO (chat_input_not_found) -
9/5_19:00_4e              34675651585          ENVIADO      recordatorio FALLIDO (chat_input_not_found) -
10/5_17:30_maf            34722714718          ENVIADO      recordatorio FALLIDO (chat_input_not_found) -
10/5_17:30_4e             34653197010          ENVIADO      recordatorio FALLIDO (exception: Message: no such window: target window already closed
from unknown error: web view not found
  (Session info: chrome=147.0.7727.101)
Stacktrace:
	chromedriver!GetHandleVerifier [0x4eb373+10553]
	chromedriver!GetHandleVerifier [0x4eb4a4+10684]
	chromedriver!(No symbol) [0x2f1e10]
	chromedriver!(No symbol) [0x2d0923]
	chromedriver!(No symbol) [0x363bcb]
	chromedriver!(No symbol) [0x37a3a9]
	chromedriver!(No symbol) [0x35d606]
	chromedriver!(No symbol) [0x330039]
	chromedriver!(No symbol) [0x330df4]
	chromedriver!GetHandleVerifier [0x76ddb4+292f94]
	chromedriver!GetHandleVerifier [0x76937d+28e55d]
	chromedriver!GetHandleVerifier [0x788215+2ad3f5]
	chromedriver!GetHandleVerifier [0x504c18+29df8]
	chromedriver!GetHandleVerifier [0x50c6fd+318dd]
	chromedriver!GetHandleVerifier [0x4f3c78+18e58]
	chromedriver!GetHandleVerifier [0x4f3e42+19022]
	chromedriver!GetHandleVerifier [0x4dd45f+263f]
	KERNEL32!BaseThreadInitThunk [0x765562c4+24]
	ntdll!RtlSubscribeWnfStateChangeNotification [0x770a0aa9+439]
	ntdll!RtlSubscribeWnfStateChangeNotification [0x770a0a74+404]
) -

[2026-05-14 11:18:50] POSITIVO | Fotos nuevas: 0 | Envios OK: 0 | Envios FAIL: 0 | Reviews negativas: 0 | Fotos borradas: 0

=== SESIÓN 11:20-11:20 (14/05/2026) ===
RESERVA                   TELÉFONO             ESTADO       RESPUESTA                 REVIEW
-----------------------------------------------------------------------------------------------
9/5_14:30_maf             34665976040          ENVIADO      recordatorio FALLIDO (chat_input_not_found) -
9/5_19:00_maf/csi         34%C2%A0628%C2%A061%C2%A027%C2%A078%E2%80%AC ENVIADO      recordatorio FALLIDO (chat_input_not_found) -
9/5_20:30_4e              34747414084          ENVIADO      recordatorio FALLIDO (chat_input_not_found) -
9/5_19:00_4e              34675651585          ENVIADO      recordatorio FALLIDO (chat_input_not_found) -
10/5_17:30_maf            34722714718          ENVIADO      recordatorio FALLIDO (chat_input_not_found) -
10/5_17:30_4e             34653197010          ENVIADO      recordatorio FALLIDO (chat_input_not_found) -

[2026-05-14 11:20:08] POSITIVO | Fotos nuevas: 0 | Envios OK: 0 | Envios FAIL: 0 | Reviews negativas: 0 | Fotos borradas: 0

=== SESIÓN 11:19-11:20 (14/05/2026) ===
RESERVA                   TELÉFONO             ESTADO       RESPUESTA                 REVIEW
-----------------------------------------------------------------------------------------------
9/5_14:30_maf             34665976040          ENVIADO      recordatorio FALLIDO (chat_input_not_found) -
9/5_19:00_maf/csi         34%C2%A0628%C2%A061%C2%A027%C2%A078%E2%80%AC ENVIADO      recordatorio FALLIDO (chat_input_not_found) -
9/5_20:30_4e              34747414084          ENVIADO      recordatorio FALLIDO (chat_input_not_found) -
9/5_19:00_4e              34675651585          ENVIADO      recordatorio FALLIDO (chat_input_not_found) -
10/5_17:30_maf            34722714718          ENVIADO      recordatorio FALLIDO (exception: argument of type 'NoneType' is not iterable) -
10/5_17:30_4e             34653197010          ENVIADO      recordatorio FALLIDO (exception: Message: no such window: target window already closed
from unknown error: web view not found
  (Session info: chrome=147.0.7727.101)
Stacktrace:
	chromedriver!GetHandleVerifier [0x4eb373+10553]
	chromedriver!GetHandleVerifier [0x4eb4a4+10684]
	chromedriver!(No symbol) [0x2f1e10]
	chromedriver!(No symbol) [0x2d0923]
	chromedriver!(No symbol) [0x363bcb]
	chromedriver!(No symbol) [0x37a3a9]
	chromedriver!(No symbol) [0x35d606]
	chromedriver!(No symbol) [0x330039]
	chromedriver!(No symbol) [0x330df4]
	chromedriver!GetHandleVerifier [0x76ddb4+292f94]
	chromedriver!GetHandleVerifier [0x76937d+28e55d]
	chromedriver!GetHandleVerifier [0x788215+2ad3f5]
	chromedriver!GetHandleVerifier [0x504c18+29df8]
	chromedriver!GetHandleVerifier [0x50c6fd+318dd]
	chromedriver!GetHandleVerifier [0x4f3c78+18e58]
	chromedriver!GetHandleVerifier [0x4f3e42+19022]
	chromedriver!GetHandleVerifier [0x4dd45f+263f]
	KERNEL32!BaseThreadInitThunk [0x765562c4+24]
	ntdll!RtlSubscribeWnfStateChangeNotification [0x770a0aa9+439]
	ntdll!RtlSubscribeWnfStateChangeNotification [0x770a0a74+404]
) -

[2026-05-14 11:20:08] POSITIVO | Fotos nuevas: 0 | Envios OK: 0 | Envios FAIL: 0 | Reviews negativas: 0 | Fotos borradas: 0

=== SESIÓN 11:21-11:21 (14/05/2026) ===
RESERVA                   TELÉFONO             ESTADO       RESPUESTA                 REVIEW
-----------------------------------------------------------------------------------------------
9/5_14:30_maf             34665976040          ENVIADO      recordatorio FALLIDO (chat_input_not_found) -
9/5_19:00_maf/csi         34%C2%A0628%C2%A061%C2%A027%C2%A078%E2%80%AC ENVIADO      recordatorio FALLIDO (chat_input_not_found) -
9/5_20:30_4e              34747414084          ENVIADO      recordatorio FALLIDO (chat_input_not_found) -
9/5_19:00_4e              34675651585          ENVIADO      recordatorio FALLIDO (chat_input_not_found) -
10/5_17:30_maf            34722714718          ENVIADO      recordatorio FALLIDO (chat_input_not_found) -
10/5_17:30_4e             34653197010          ENVIADO      recordatorio FALLIDO (chat_input_not_found) -

[2026-05-14 11:21:30] POSITIVO | Fotos nuevas: 0 | Envios OK: 0 | Envios FAIL: 0 | Reviews negativas: 0 | Fotos borradas: 0

=== SESIÓN 11:21-11:21 (14/05/2026) ===
RESERVA                   TELÉFONO             ESTADO       RESPUESTA                 REVIEW
-----------------------------------------------------------------------------------------------
9/5_14:30_maf             34665976040          ENVIADO      recordatorio FALLIDO (chat_input_not_found) -
9/5_19:00_maf/csi         34%C2%A0628%C2%A061%C2%A027%C2%A078%E2%80%AC ENVIADO      recordatorio FALLIDO (chat_input_not_found) -
9/5_20:30_4e              34747414084          ENVIADO      recordatorio FALLIDO (chat_input_not_found) -
9/5_19:00_4e              34675651585          ENVIADO      recordatorio FALLIDO (chat_input_not_found) -
10/5_17:30_maf            34722714718          ENVIADO      recordatorio FALLIDO (exception: Message: no such window: target window already closed
from unknown error: web view not found
  (Session info: chrome=147.0.7727.101)
Stacktrace:
	chromedriver!GetHandleVerifier [0x4eb373+10553]
	chromedriver!GetHandleVerifier [0x4eb4a4+10684]
	chromedriver!(No symbol) [0x2f1e10]
	chromedriver!(No symbol) [0x2d0923]
	chromedriver!(No symbol) [0x363bcb]
	chromedriver!(No symbol) [0x37a3a9]
	chromedriver!(No symbol) [0x35d606]
	chromedriver!(No symbol) [0x330039]
	chromedriver!(No symbol) [0x330df4]
	chromedriver!GetHandleVerifier [0x76ddb4+292f94]
	chromedriver!GetHandleVerifier [0x76937d+28e55d]
	chromedriver!GetHandleVerifier [0x788215+2ad3f5]
	chromedriver!GetHandleVerifier [0x504c18+29df8]
	chromedriver!GetHandleVerifier [0x50c6fd+318dd]
	chromedriver!GetHandleVerifier [0x4f3c78+18e58]
	chromedriver!GetHandleVerifier [0x4f3e42+19022]
	chromedriver!GetHandleVerifier [0x4dd45f+263f]
	KERNEL32!BaseThreadInitThunk [0x765562c4+24]
	ntdll!RtlSubscribeWnfStateChangeNotification [0x770a0aa9+439]
	ntdll!RtlSubscribeWnfStateChangeNotification [0x770a0a74+404]
) -
10/5_17:30_4e             34653197010          ENVIADO      recordatorio FALLIDO (exception: Message: no such window: target window already closed
from unknown error: web view not found
  (Session info: chrome=147.0.7727.101)
Stacktrace:
	chromedriver!GetHandleVerifier [0x4eb373+10553]
	chromedriver!GetHandleVerifier [0x4eb4a4+10684]
	chromedriver!(No symbol) [0x2f1e10]
	chromedriver!(No symbol) [0x2d0923]
	chromedriver!(No symbol) [0x363bcb]
	chromedriver!(No symbol) [0x37a3a9]
	chromedriver!(No symbol) [0x35d606]
	chromedriver!(No symbol) [0x330039]
	chromedriver!(No symbol) [0x330df4]
	chromedriver!GetHandleVerifier [0x76ddb4+292f94]
	chromedriver!GetHandleVerifier [0x76937d+28e55d]
	chromedriver!GetHandleVerifier [0x788215+2ad3f5]
	chromedriver!GetHandleVerifier [0x504c18+29df8]
	chromedriver!GetHandleVerifier [0x50c6fd+318dd]
	chromedriver!GetHandleVerifier [0x4f3c78+18e58]
	chromedriver!GetHandleVerifier [0x4f3e42+19022]
	chromedriver!GetHandleVerifier [0x4dd45f+263f]
	KERNEL32!BaseThreadInitThunk [0x765562c4+24]
	ntdll!RtlSubscribeWnfStateChangeNotification [0x770a0aa9+439]
	ntdll!RtlSubscribeWnfStateChangeNotification [0x770a0a74+404]
) -

[2026-05-14 11:21:31] POSITIVO | Fotos nuevas: 0 | Envios OK: 0 | Envios FAIL: 0 | Reviews negativas: 0 | Fotos borradas: 0

=== SESIÓN 11:22-11:22 (14/05/2026) ===
RESERVA                   TELÉFONO             ESTADO       RESPUESTA                 REVIEW
-----------------------------------------------------------------------------------------------
9/5_14:30_maf             34665976040          ENVIADO      recordatorio FALLIDO (chat_input_not_found) -
9/5_19:00_maf/csi         34%C2%A0628%C2%A061%C2%A027%C2%A078%E2%80%AC ENVIADO      recordatorio FALLIDO (chat_input_not_found) -
9/5_20:30_4e              34747414084          ENVIADO      recordatorio FALLIDO (chat_input_not_found) -
9/5_19:00_4e              34675651585          ENVIADO      recordatorio FALLIDO (chat_input_not_found) -
10/5_17:30_maf            34722714718          ENVIADO      recordatorio FALLIDO (chat_input_not_found) -
10/5_17:30_4e             34653197010          ENVIADO      recordatorio FALLIDO (chat_input_not_found) -

[2026-05-14 11:22:51] POSITIVO | Fotos nuevas: 0 | Envios OK: 0 | Envios FAIL: 0 | Reviews negativas: 0 | Fotos borradas: 0

=== SESIÓN 11:22-11:22 (14/05/2026) ===
RESERVA                   TELÉFONO             ESTADO       RESPUESTA                 REVIEW
-----------------------------------------------------------------------------------------------
9/5_14:30_maf             34665976040          ENVIADO      recordatorio FALLIDO (chat_input_not_found) -
9/5_19:00_maf/csi         34%C2%A0628%C2%A061%C2%A027%C2%A078%E2%80%AC ENVIADO      recordatorio FALLIDO (chat_input_not_found) -
9/5_20:30_4e              34747414084          ENVIADO      recordatorio FALLIDO (chat_input_not_found) -
9/5_19:00_4e              34675651585          ENVIADO      recordatorio FALLIDO (chat_input_not_found) -
10/5_17:30_maf            34722714718          ENVIADO      recordatorio FALLIDO (exception: Message: invalid session id: session deleted as the browser has closed the connection
from disconnected: not connected to DevTools
  (Session info: chrome=147.0.7727.101); For documentation on this error, please visit: https://www.selenium.dev/documentation/webdriver/troubleshooting/errors#invalidsessionidexception
Stacktrace:
	chromedriver!GetHandleVerifier [0x4eb373+10553]
	chromedriver!GetHandleVerifier [0x4eb4a4+10684]
	chromedriver!(No symbol) [0x2f1e10]
	chromedriver!(No symbol) [0x2e0d8e]
	chromedriver!(No symbol) [0x2fece9]
	chromedriver!(No symbol) [0x37ad52]
	chromedriver!(No symbol) [0x35d606]
	chromedriver!(No symbol) [0x330039]
	chromedriver!(No symbol) [0x330df4]
	chromedriver!GetHandleVerifier [0x76ddb4+292f94]
	chromedriver!GetHandleVerifier [0x76937d+28e55d]
	chromedriver!GetHandleVerifier [0x788215+2ad3f5]
	chromedriver!GetHandleVerifier [0x504c18+29df8]
	chromedriver!GetHandleVerifier [0x50c6fd+318dd]
	chromedriver!GetHandleVerifier [0x4f3c78+18e58]
	chromedriver!GetHandleVerifier [0x4f3e42+19022]
	chromedriver!GetHandleVerifier [0x4dd45f+263f]
	KERNEL32!BaseThreadInitThunk [0x765562c4+24]
	ntdll!RtlSubscribeWnfStateChangeNotification [0x770a0aa9+439]
	ntdll!RtlSubscribeWnfStateChangeNotification [0x770a0a74+404]
) -
10/5_17:30_4e             34653197010          ENVIADO      recordatorio FALLIDO (exception: Message: invalid session id; For documentation on this error, please visit: https://www.selenium.dev/documentation/webdriver/troubleshooting/errors#invalidsessionidexception
Stacktrace:
	chromedriver!GetHandleVerifier [0x4eb373+10553]
	chromedriver!GetHandleVerifier [0x4eb4a4+10684]
	chromedriver!(No symbol) [0x2f1c4e]
	chromedriver!(No symbol) [0x32f2c5]
	chromedriver!(No symbol) [0x35d726]
	chromedriver!(No symbol) [0x358c62]
	chromedriver!(No symbol) [0x358281]
	chromedriver!(No symbol) [0x2c501e]
	chromedriver!(No symbol) [0x2c55be]
	chromedriver!(No symbol) [0x2c5a9d]
	chromedriver!GetHandleVerifier [0x76ddb4+292f94]
	chromedriver!GetHandleVerifier [0x76937d+28e55d]
	chromedriver!GetHandleVerifier [0x788215+2ad3f5]
	chromedriver!GetHandleVerifier [0x504c18+29df8]
	chromedriver!GetHandleVerifier [0x50c6fd+318dd]
	chromedriver!(No symbol) [0x2c4b99]
	chromedriver!(No symbol) [0x2c41e0]
	chromedriver!GetHandleVerifier [0x8d2bef+3f7dcf]
	KERNEL32!BaseThreadInitThunk [0x765562c4+24]
	ntdll!RtlSubscribeWnfStateChangeNotification [0x770a0aa9+439]
	ntdll!RtlSubscribeWnfStateChangeNotification [0x770a0a74+404]
) -

[2026-05-14 11:22:52] POSITIVO | Fotos nuevas: 0 | Envios OK: 0 | Envios FAIL: 0 | Reviews negativas: 0 | Fotos borradas: 0

=== SESIÓN 11:24-11:24 (14/05/2026) ===
RESERVA                   TELÉFONO             ESTADO       RESPUESTA                 REVIEW
-----------------------------------------------------------------------------------------------
9/5_14:30_maf             34665976040          ENVIADO      recordatorio FALLIDO (chat_input_not_found) -
9/5_19:00_maf/csi         34%C2%A0628%C2%A061%C2%A027%C2%A078%E2%80%AC ENVIADO      recordatorio FALLIDO (chat_input_not_found) -
9/5_20:30_4e              34747414084          ENVIADO      recordatorio FALLIDO (chat_input_not_found) -
9/5_19:00_4e              34675651585          ENVIADO      recordatorio FALLIDO (chat_input_not_found) -
10/5_17:30_maf            34722714718          ENVIADO      recordatorio FALLIDO (chat_input_not_found) -
10/5_17:30_4e             34653197010          ENVIADO      recordatorio FALLIDO (chat_input_not_found) -

[2026-05-14 11:24:09] POSITIVO | Fotos nuevas: 0 | Envios OK: 0 | Envios FAIL: 0 | Reviews negativas: 0 | Fotos borradas: 0

=== SESIÓN 11:24-11:24 (14/05/2026) ===
RESERVA                   TELÉFONO             ESTADO       RESPUESTA                 REVIEW
-----------------------------------------------------------------------------------------------
9/5_14:30_maf             34665976040          ENVIADO      recordatorio FALLIDO (chat_input_not_found) -
9/5_19:00_maf/csi         34%C2%A0628%C2%A061%C2%A027%C2%A078%E2%80%AC ENVIADO      recordatorio FALLIDO (chat_input_not_found) -
9/5_20:30_4e              34747414084          ENVIADO      recordatorio FALLIDO (chat_input_not_found) -
9/5_19:00_4e              34675651585          ENVIADO      recordatorio FALLIDO (exception: Message: invalid session id; For documentation on this error, please visit: https://www.selenium.dev/documentation/webdriver/troubleshooting/errors#invalidsessionidexception
Stacktrace:
	chromedriver!GetHandleVerifier [0x4eb373+10553]
	chromedriver!GetHandleVerifier [0x4eb4a4+10684]
	chromedriver!(No symbol) [0x2f1c4e]
	chromedriver!(No symbol) [0x32f2c5]
	chromedriver!(No symbol) [0x35d726]
	chromedriver!(No symbol) [0x358c62]
	chromedriver!(No symbol) [0x358281]
	chromedriver!(No symbol) [0x2c501e]
	chromedriver!(No symbol) [0x2c55be]
	chromedriver!(No symbol) [0x2c5a9d]
	chromedriver!GetHandleVerifier [0x76ddb4+292f94]
	chromedriver!GetHandleVerifier [0x76937d+28e55d]
	chromedriver!GetHandleVerifier [0x788215+2ad3f5]
	chromedriver!GetHandleVerifier [0x504c18+29df8]
	chromedriver!GetHandleVerifier [0x50c6fd+318dd]
	chromedriver!(No symbol) [0x2c4b99]
	chromedriver!(No symbol) [0x2c41e0]
	chromedriver!GetHandleVerifier [0x8d2bef+3f7dcf]
	KERNEL32!BaseThreadInitThunk [0x765562c4+24]
	ntdll!RtlSubscribeWnfStateChangeNotification [0x770a0aa9+439]
	ntdll!RtlSubscribeWnfStateChangeNotification [0x770a0a74+404]
) -
10/5_17:30_maf            34722714718          ENVIADO      recordatorio FALLIDO (exception: Message: invalid session id; For documentation on this error, please visit: https://www.selenium.dev/documentation/webdriver/troubleshooting/errors#invalidsessionidexception
Stacktrace:
	chromedriver!GetHandleVerifier [0x4eb373+10553]
	chromedriver!GetHandleVerifier [0x4eb4a4+10684]
	chromedriver!(No symbol) [0x2f1c4e]
	chromedriver!(No symbol) [0x32f2c5]
	chromedriver!(No symbol) [0x35d726]
	chromedriver!(No symbol) [0x358c62]
	chromedriver!(No symbol) [0x358281]
	chromedriver!(No symbol) [0x2c501e]
	chromedriver!(No symbol) [0x2c55be]
	chromedriver!(No symbol) [0x2c5a9d]
	chromedriver!GetHandleVerifier [0x76ddb4+292f94]
	chromedriver!GetHandleVerifier [0x76937d+28e55d]
	chromedriver!GetHandleVerifier [0x788215+2ad3f5]
	chromedriver!GetHandleVerifier [0x504c18+29df8]
	chromedriver!GetHandleVerifier [0x50c6fd+318dd]
	chromedriver!(No symbol) [0x2c4b99]
	chromedriver!(No symbol) [0x2c41e0]
	chromedriver!GetHandleVerifier [0x8d2bef+3f7dcf]
	KERNEL32!BaseThreadInitThunk [0x765562c4+24]
	ntdll!RtlSubscribeWnfStateChangeNotification [0x770a0aa9+439]
	ntdll!RtlSubscribeWnfStateChangeNotification [0x770a0a74+404]
) -
10/5_17:30_4e             34653197010          ENVIADO      recordatorio FALLIDO (exception: Message: invalid session id; For documentation on this error, please visit: https://www.selenium.dev/documentation/webdriver/troubleshooting/errors#invalidsessionidexception
Stacktrace:
	chromedriver!GetHandleVerifier [0x4eb373+10553]
	chromedriver!GetHandleVerifier [0x4eb4a4+10684]
	chromedriver!(No symbol) [0x2f1c4e]
	chromedriver!(No symbol) [0x32f2c5]
	chromedriver!(No symbol) [0x35d726]
	chromedriver!(No symbol) [0x358c62]
	chromedriver!(No symbol) [0x358281]
	chromedriver!(No symbol) [0x2c501e]
	chromedriver!(No symbol) [0x2c55be]
	chromedriver!(No symbol) [0x2c5a9d]
	chromedriver!GetHandleVerifier [0x76ddb4+292f94]
	chromedriver!GetHandleVerifier [0x76937d+28e55d]
	chromedriver!GetHandleVerifier [0x788215+2ad3f5]
	chromedriver!GetHandleVerifier [0x504c18+29df8]
	chromedriver!GetHandleVerifier [0x50c6fd+318dd]
	chromedriver!(No symbol) [0x2c4b99]
	chromedriver!(No symbol) [0x2c41e0]
	chromedriver!GetHandleVerifier [0x8d2bef+3f7dcf]
	KERNEL32!BaseThreadInitThunk [0x765562c4+24]
	ntdll!RtlSubscribeWnfStateChangeNotification [0x770a0aa9+439]
	ntdll!RtlSubscribeWnfStateChangeNotification [0x770a0a74+404]
) -

[2026-05-14 11:24:09] POSITIVO | Fotos nuevas: 0 | Envios OK: 0 | Envios FAIL: 0 | Reviews negativas: 0 | Fotos borradas: 0

=== SESIÓN 11:25-11:26 (14/05/2026) ===
RESERVA                   TELÉFONO             ESTADO       RESPUESTA                 REVIEW
-----------------------------------------------------------------------------------------------
9/5_14:30_maf             34665976040          ENVIADO      recordatorio FALLIDO (chat_input_not_found) -
9/5_19:00_maf/csi         34%C2%A0628%C2%A061%C2%A027%C2%A078%E2%80%AC ENVIADO      recordatorio FALLIDO (chat_input_not_found) -
9/5_20:30_4e              34747414084          ENVIADO      recordatorio FALLIDO (chat_input_not_found) -
9/5_19:00_4e              34675651585          ENVIADO      recordatorio FALLIDO (chat_input_not_found) -
10/5_17:30_maf            34722714718          ENVIADO      recordatorio FALLIDO (chat_input_not_found) -
10/5_17:30_4e             34653197010          ENVIADO      recordatorio FALLIDO (chat_input_not_found) -

[2026-05-14 11:26:08] POSITIVO | Fotos nuevas: 0 | Envios OK: 0 | Envios FAIL: 0 | Reviews negativas: 0 | Fotos borradas: 0
[2026-05-14 11:26:28] NEGATIVO | WhatsApp no conectado (QR visible) — ciclo abortado

=== SESIÓN 11:28-11:28 (14/05/2026) ===
RESERVA                   TELÉFONO             ESTADO       RESPUESTA                 REVIEW
-----------------------------------------------------------------------------------------------
9/5_14:30_maf             34665976040          ENVIADO      recordatorio FALLIDO (chat_input_not_found) -
9/5_19:00_maf/csi         34%C2%A0628%C2%A061%C2%A027%C2%A078%E2%80%AC ENVIADO      recordatorio FALLIDO (chat_input_not_found) -
9/5_20:30_4e              34747414084          ENVIADO      recordatorio FALLIDO (chat_input_not_found) -
9/5_19:00_4e              34675651585          ENVIADO      recordatorio FALLIDO (chat_input_not_found) -
10/5_17:30_maf            34722714718          ENVIADO      recordatorio FALLIDO (chat_input_not_found) -
10/5_17:30_4e             34653197010          ENVIADO      recordatorio FALLIDO (chat_input_not_found) -

[2026-05-14 11:28:30] POSITIVO | Fotos nuevas: 0 | Envios OK: 0 | Envios FAIL: 0 | Reviews negativas: 0 | Fotos borradas: 0

=== SESIÓN 11:29-11:29 (14/05/2026) ===
RESERVA                   TELÉFONO             ESTADO       RESPUESTA                 REVIEW
-----------------------------------------------------------------------------------------------
9/5_14:30_maf             34665976040          ENVIADO      recordatorio FALLIDO (chat_input_not_found) -
9/5_19:00_maf/csi         34%C2%A0628%C2%A061%C2%A027%C2%A078%E2%80%AC ENVIADO      recordatorio FALLIDO (chat_input_not_found) -
9/5_20:30_4e              34747414084          ENVIADO      recordatorio FALLIDO (chat_input_not_found) -
9/5_19:00_4e              34675651585          ENVIADO      recordatorio FALLIDO (chat_input_not_found) -
10/5_17:30_maf            34722714718          ENVIADO      recordatorio FALLIDO (chat_input_not_found) -
10/5_17:30_4e             34653197010          ENVIADO      recordatorio FALLIDO (chat_input_not_found) -

[2026-05-14 11:29:51] POSITIVO | Fotos nuevas: 0 | Envios OK: 0 | Envios FAIL: 0 | Reviews negativas: 0 | Fotos borradas: 0

=== SESIÓN 11:28-11:31 (14/05/2026) ===
RESERVA                   TELÉFONO             ESTADO       RESPUESTA                 REVIEW
-----------------------------------------------------------------------------------------------
9/5_14:30_maf             34665976040          ENVIADO      recordatorio FALLIDO (exception: HTTPConnectionPool(host='localhost', port=50297): Max retries exceeded with url: /session/594f67acdfc94bda04dfd38973eaae5a/source (Caused by NewConnectionError("HTTPConnection(host='localhost', port=50297): Failed to establish a new connection: [WinError 10061] No connection could be made because the target machine actively refused it"))) -
9/5_19:00_maf/csi         34%C2%A0628%C2%A061%C2%A027%C2%A078%E2%80%AC ENVIADO      recordatorio FALLIDO (exception: HTTPConnectionPool(host='localhost', port=50297): Max retries exceeded with url: /session/594f67acdfc94bda04dfd38973eaae5a/source (Caused by NewConnectionError("HTTPConnection(host='localhost', port=50297): Failed to establish a new connection: [WinError 10061] No connection could be made because the target machine actively refused it"))) -
9/5_20:30_4e              34747414084          ENVIADO      recordatorio FALLIDO (exception: HTTPConnectionPool(host='localhost', port=50297): Max retries exceeded with url: /session/594f67acdfc94bda04dfd38973eaae5a/source (Caused by NewConnectionError("HTTPConnection(host='localhost', port=50297): Failed to establish a new connection: [WinError 10061] No connection could be made because the target machine actively refused it"))) -
9/5_19:00_4e              34675651585          ENVIADO      recordatorio FALLIDO (exception: HTTPConnectionPool(host='localhost', port=50297): Max retries exceeded with url: /session/594f67acdfc94bda04dfd38973eaae5a/source (Caused by NewConnectionError("HTTPConnection(host='localhost', port=50297): Failed to establish a new connection: [WinError 10061] No connection could be made because the target machine actively refused it"))) -
10/5_17:30_maf            34722714718          ENVIADO      recordatorio FALLIDO (exception: HTTPConnectionPool(host='localhost', port=50297): Max retries exceeded with url: /session/594f67acdfc94bda04dfd38973eaae5a/source (Caused by NewConnectionError("HTTPConnection(host='localhost', port=50297): Failed to establish a new connection: [WinError 10061] No connection could be made because the target machine actively refused it"))) -
10/5_17:30_4e             34653197010          ENVIADO      recordatorio FALLIDO (exception: HTTPConnectionPool(host='localhost', port=50297): Max retries exceeded with url: /session/594f67acdfc94bda04dfd38973eaae5a/source (Caused by NewConnectionError("HTTPConnection(host='localhost', port=50297): Failed to establish a new connection: [WinError 10061] No connection could be made because the target machine actively refused it"))) -

[2026-05-14 11:31:06] POSITIVO | Fotos nuevas: 0 | Envios OK: 0 | Envios FAIL: 0 | Reviews negativas: 0 | Fotos borradas: 0

=== SESIÓN 11:31-11:31 (14/05/2026) ===
RESERVA                   TELÉFONO             ESTADO       RESPUESTA                 REVIEW
-----------------------------------------------------------------------------------------------
9/5_14:30_maf             34665976040          ENVIADO      recordatorio FALLIDO (chat_input_not_found) -
9/5_19:00_maf/csi         34%C2%A0628%C2%A061%C2%A027%C2%A078%E2%80%AC ENVIADO      recordatorio FALLIDO (chat_input_not_found) -
9/5_20:30_4e              34747414084          ENVIADO      recordatorio FALLIDO (chat_input_not_found) -
9/5_19:00_4e              34675651585          ENVIADO      recordatorio FALLIDO (chat_input_not_found) -
10/5_17:30_maf            34722714718          ENVIADO      recordatorio FALLIDO (chat_input_not_found) -
10/5_17:30_4e             34653197010          ENVIADO      recordatorio FALLIDO (chat_input_not_found) -

[2026-05-14 11:31:06] POSITIVO | Fotos nuevas: 0 | Envios OK: 0 | Envios FAIL: 0 | Reviews negativas: 0 | Fotos borradas: 0

=== SESIÓN 11:33-11:33 (14/05/2026) ===
RESERVA                   TELÉFONO             ESTADO       RESPUESTA                 REVIEW
-----------------------------------------------------------------------------------------------
9/5_14:30_maf             34665976040          ENVIADO      recordatorio FALLIDO (chat_input_not_found) -
9/5_19:00_maf/csi         34%C2%A0628%C2%A061%C2%A027%C2%A078%E2%80%AC ENVIADO      recordatorio FALLIDO (chat_input_not_found) -
9/5_20:30_4e              34747414084          ENVIADO      recordatorio FALLIDO (chat_input_not_found) -
9/5_19:00_4e              34675651585          ENVIADO      recordatorio FALLIDO (chat_input_not_found) -
10/5_17:30_maf            34722714718          ENVIADO      recordatorio FALLIDO (chat_input_not_found) -
10/5_17:30_4e             34653197010          ENVIADO      recordatorio FALLIDO (chat_input_not_found) -

[2026-05-14 11:33:11] POSITIVO | Fotos nuevas: 0 | Envios OK: 0 | Envios FAIL: 0 | Reviews negativas: 0 | Fotos borradas: 0

=== SESIÓN 11:34-11:34 (14/05/2026) ===
RESERVA                   TELÉFONO             ESTADO       RESPUESTA                 REVIEW
-----------------------------------------------------------------------------------------------
9/5_14:30_maf             34665976040          ENVIADO      recordatorio FALLIDO (chat_input_not_found) -
9/5_19:00_maf/csi         34%C2%A0628%C2%A061%C2%A027%C2%A078%E2%80%AC ENVIADO      recordatorio FALLIDO (chat_input_not_found) -
9/5_20:30_4e              34747414084          ENVIADO      recordatorio FALLIDO (chat_input_not_found) -
9/5_19:00_4e              34675651585          ENVIADO      recordatorio FALLIDO (chat_input_not_found) -
10/5_17:30_maf            34722714718          ENVIADO      recordatorio FALLIDO (chat_input_not_found) -
10/5_17:30_4e             34653197010          ENVIADO      recordatorio FALLIDO (chat_input_not_found) -

[2026-05-14 11:34:29] POSITIVO | Fotos nuevas: 0 | Envios OK: 0 | Envios FAIL: 0 | Reviews negativas: 0 | Fotos borradas: 0

=== SESIÓN 11:35-11:35 (14/05/2026) ===
RESERVA                   TELÉFONO             ESTADO       RESPUESTA                 REVIEW
-----------------------------------------------------------------------------------------------
9/5_14:30_maf             34665976040          ENVIADO      recordatorio FALLIDO (chat_input_not_found) -
9/5_19:00_maf/csi         34%C2%A0628%C2%A061%C2%A027%C2%A078%E2%80%AC ENVIADO      recordatorio FALLIDO (chat_input_not_found) -
9/5_20:30_4e              34747414084          ENVIADO      recordatorio FALLIDO (chat_input_not_found) -
9/5_19:00_4e              34675651585          ENVIADO      recordatorio FALLIDO (chat_input_not_found) -
10/5_17:30_maf            34722714718          ENVIADO      recordatorio FALLIDO (chat_input_not_found) -
10/5_17:30_4e             34653197010          ENVIADO      recordatorio FALLIDO (chat_input_not_found) -

[2026-05-14 11:35:49] POSITIVO | Fotos nuevas: 0 | Envios OK: 0 | Envios FAIL: 0 | Reviews negativas: 0 | Fotos borradas: 0

=== SESIÓN 11:37-11:37 (14/05/2026) ===
RESERVA                   TELÉFONO             ESTADO       RESPUESTA                 REVIEW
-----------------------------------------------------------------------------------------------
9/5_14:30_maf             34665976040          ENVIADO      recordatorio FALLIDO (chat_input_not_found) -
9/5_19:00_maf/csi         34%C2%A0628%C2%A061%C2%A027%C2%A078%E2%80%AC ENVIADO      recordatorio FALLIDO (chat_input_not_found) -
9/5_20:30_4e              34747414084          ENVIADO      recordatorio FALLIDO (chat_input_not_found) -
9/5_19:00_4e              34675651585          ENVIADO      recordatorio FALLIDO (chat_input_not_found) -
10/5_17:30_maf            34722714718          ENVIADO      recordatorio FALLIDO (chat_input_not_found) -
10/5_17:30_4e             34653197010          ENVIADO      recordatorio FALLIDO (chat_input_not_found) -

[2026-05-14 11:37:09] POSITIVO | Fotos nuevas: 0 | Envios OK: 0 | Envios FAIL: 0 | Reviews negativas: 0 | Fotos borradas: 0

=== SESIÓN 11:38-11:38 (14/05/2026) ===
RESERVA                   TELÉFONO             ESTADO       RESPUESTA                 REVIEW
-----------------------------------------------------------------------------------------------
9/5_14:30_maf             34665976040          ENVIADO      recordatorio FALLIDO (chat_input_not_found) -
9/5_19:00_maf/csi         34%C2%A0628%C2%A061%C2%A027%C2%A078%E2%80%AC ENVIADO      recordatorio FALLIDO (chat_input_not_found) -
9/5_20:30_4e              34747414084          ENVIADO      recordatorio FALLIDO (chat_input_not_found) -
9/5_19:00_4e              34675651585          ENVIADO      recordatorio FALLIDO (chat_input_not_found) -
10/5_17:30_maf            34722714718          ENVIADO      recordatorio FALLIDO (chat_input_not_found) -
10/5_17:30_4e             34653197010          ENVIADO      recordatorio FALLIDO (chat_input_not_found) -

[2026-05-14 11:38:29] POSITIVO | Fotos nuevas: 0 | Envios OK: 0 | Envios FAIL: 0 | Reviews negativas: 0 | Fotos borradas: 0

=== SESIÓN 11:39-11:39 (14/05/2026) ===
RESERVA                   TELÉFONO             ESTADO       RESPUESTA                 REVIEW
-----------------------------------------------------------------------------------------------
9/5_14:30_maf             34665976040          ENVIADO      recordatorio FALLIDO (chat_input_not_found) -
9/5_19:00_maf/csi         34%C2%A0628%C2%A061%C2%A027%C2%A078%E2%80%AC ENVIADO      recordatorio FALLIDO (chat_input_not_found) -
9/5_20:30_4e              34747414084          ENVIADO      recordatorio FALLIDO (chat_input_not_found) -
9/5_19:00_4e              34675651585          ENVIADO      recordatorio FALLIDO (chat_input_not_found) -
10/5_17:30_maf            34722714718          ENVIADO      recordatorio FALLIDO (chat_input_not_found) -
10/5_17:30_4e             34653197010          ENVIADO      recordatorio FALLIDO (chat_input_not_found) -

[2026-05-14 11:39:44] POSITIVO | Fotos nuevas: 0 | Envios OK: 0 | Envios FAIL: 0 | Reviews negativas: 0 | Fotos borradas: 0

=== SESIÓN 11:41-11:41 (14/05/2026) ===
RESERVA                   TELÉFONO             ESTADO       RESPUESTA                 REVIEW
-----------------------------------------------------------------------------------------------
9/5_14:30_maf             34665976040          ENVIADO      recordatorio FALLIDO (chat_input_not_found) -
9/5_19:00_maf/csi         34%C2%A0628%C2%A061%C2%A027%C2%A078%E2%80%AC ENVIADO      recordatorio FALLIDO (chat_input_not_found) -
9/5_20:30_4e              34747414084          ENVIADO      recordatorio FALLIDO (chat_input_not_found) -
9/5_19:00_4e              34675651585          ENVIADO      recordatorio FALLIDO (chat_input_not_found) -
10/5_17:30_maf            34722714718          ENVIADO      recordatorio FALLIDO (chat_input_not_found) -
10/5_17:30_4e             34653197010          ENVIADO      recordatorio FALLIDO (chat_input_not_found) -

[2026-05-14 11:41:10] POSITIVO | Fotos nuevas: 0 | Envios OK: 0 | Envios FAIL: 0 | Reviews negativas: 0 | Fotos borradas: 0

=== SESIÓN 11:42-11:42 (14/05/2026) ===
RESERVA                   TELÉFONO             ESTADO       RESPUESTA                 REVIEW
-----------------------------------------------------------------------------------------------
9/5_14:30_maf             34665976040          ENVIADO      recordatorio FALLIDO (chat_input_not_found) -
9/5_19:00_maf/csi         34%C2%A0628%C2%A061%C2%A027%C2%A078%E2%80%AC ENVIADO      recordatorio FALLIDO (chat_input_not_found) -
9/5_20:30_4e              34747414084          ENVIADO      recordatorio FALLIDO (chat_input_not_found) -
9/5_19:00_4e              34675651585          ENVIADO      recordatorio FALLIDO (chat_input_not_found) -
10/5_17:30_maf            34722714718          ENVIADO      recordatorio FALLIDO (chat_input_not_found) -
10/5_17:30_4e             34653197010          ENVIADO      recordatorio FALLIDO (chat_input_not_found) -

[2026-05-14 11:42:47] POSITIVO | Fotos nuevas: 0 | Envios OK: 0 | Envios FAIL: 0 | Reviews negativas: 0 | Fotos borradas: 0

=== SESIÓN 11:41-11:44 (14/05/2026) ===
RESERVA                   TELÉFONO             ESTADO       RESPUESTA                 REVIEW
-----------------------------------------------------------------------------------------------
9/5_14:30_maf             34665976040          ENVIADO      recordatorio FALLIDO (exception: HTTPConnectionPool(host='localhost', port=50666): Max retries exceeded with url: /session/a62a8bfb3f3aab4c4a0af701d27ca679/source (Caused by NewConnectionError("HTTPConnection(host='localhost', port=50666): Failed to establish a new connection: [WinError 10061] No connection could be made because the target machine actively refused it"))) -
9/5_19:00_maf/csi         34%C2%A0628%C2%A061%C2%A027%C2%A078%E2%80%AC ENVIADO      recordatorio FALLIDO (exception: HTTPConnectionPool(host='localhost', port=50666): Max retries exceeded with url: /session/a62a8bfb3f3aab4c4a0af701d27ca679/source (Caused by NewConnectionError("HTTPConnection(host='localhost', port=50666): Failed to establish a new connection: [WinError 10061] No connection could be made because the target machine actively refused it"))) -
9/5_20:30_4e              34747414084          ENVIADO      recordatorio FALLIDO (exception: HTTPConnectionPool(host='localhost', port=50666): Max retries exceeded with url: /session/a62a8bfb3f3aab4c4a0af701d27ca679/source (Caused by NewConnectionError("HTTPConnection(host='localhost', port=50666): Failed to establish a new connection: [WinError 10061] No connection could be made because the target machine actively refused it"))) -
9/5_19:00_4e              34675651585          ENVIADO      recordatorio FALLIDO (exception: HTTPConnectionPool(host='localhost', port=50666): Max retries exceeded with url: /session/a62a8bfb3f3aab4c4a0af701d27ca679/source (Caused by NewConnectionError("HTTPConnection(host='localhost', port=50666): Failed to establish a new connection: [WinError 10061] No connection could be made because the target machine actively refused it"))) -
10/5_17:30_maf            34722714718          ENVIADO      recordatorio FALLIDO (exception: HTTPConnectionPool(host='localhost', port=50666): Max retries exceeded with url: /session/a62a8bfb3f3aab4c4a0af701d27ca679/source (Caused by NewConnectionError("HTTPConnection(host='localhost', port=50666): Failed to establish a new connection: [WinError 10061] No connection could be made because the target machine actively refused it"))) -
10/5_17:30_4e             34653197010          ENVIADO      recordatorio FALLIDO (exception: HTTPConnectionPool(host='localhost', port=50666): Max retries exceeded with url: /session/a62a8bfb3f3aab4c4a0af701d27ca679/source (Caused by NewConnectionError("HTTPConnection(host='localhost', port=50666): Failed to establish a new connection: [WinError 10061] No connection could be made because the target machine actively refused it"))) -

[2026-05-14 11:44:00] POSITIVO | Fotos nuevas: 0 | Envios OK: 0 | Envios FAIL: 0 | Reviews negativas: 0 | Fotos borradas: 0

=== SESIÓN 11:43-11:44 (14/05/2026) ===
RESERVA                   TELÉFONO             ESTADO       RESPUESTA                 REVIEW
-----------------------------------------------------------------------------------------------
9/5_14:30_maf             34665976040          ENVIADO      recordatorio FALLIDO (chat_input_not_found) -
9/5_19:00_maf/csi         34%C2%A0628%C2%A061%C2%A027%C2%A078%E2%80%AC ENVIADO      recordatorio FALLIDO (chat_input_not_found) -
9/5_20:30_4e              34747414084          ENVIADO      recordatorio FALLIDO (chat_input_not_found) -
9/5_19:00_4e              34675651585          ENVIADO      recordatorio FALLIDO (chat_input_not_found) -
10/5_17:30_maf            34722714718          ENVIADO      recordatorio FALLIDO (chat_input_not_found) -
10/5_17:30_4e             34653197010          ENVIADO      recordatorio FALLIDO (chat_input_not_found) -

[2026-05-14 11:44:06] POSITIVO | Fotos nuevas: 0 | Envios OK: 0 | Envios FAIL: 0 | Reviews negativas: 0 | Fotos borradas: 0

=== SESIÓN 11:45-11:45 (14/05/2026) ===
RESERVA                   TELÉFONO             ESTADO       RESPUESTA                 REVIEW
-----------------------------------------------------------------------------------------------
9/5_14:30_maf             34665976040          ENVIADO      recordatorio FALLIDO (chat_input_not_found) -
9/5_19:00_maf/csi         34%C2%A0628%C2%A061%C2%A027%C2%A078%E2%80%AC ENVIADO      recordatorio FALLIDO (chat_input_not_found) -
9/5_20:30_4e              34747414084          ENVIADO      recordatorio FALLIDO (chat_input_not_found) -
9/5_19:00_4e              34675651585          ENVIADO      recordatorio FALLIDO (chat_input_not_found) -
10/5_17:30_maf            34722714718          ENVIADO      recordatorio FALLIDO (chat_input_not_found) -
10/5_17:30_4e             34653197010          ENVIADO      recordatorio FALLIDO (chat_input_not_found) -

[2026-05-14 11:45:27] POSITIVO | Fotos nuevas: 0 | Envios OK: 0 | Envios FAIL: 0 | Reviews negativas: 0 | Fotos borradas: 0

=== SESIÓN 11:45-11:45 (14/05/2026) ===
RESERVA                   TELÉFONO             ESTADO       RESPUESTA                 REVIEW
-----------------------------------------------------------------------------------------------
9/5_14:30_maf             34665976040          ENVIADO      recordatorio FALLIDO (chat_input_not_found) -
9/5_19:00_maf/csi         34%C2%A0628%C2%A061%C2%A027%C2%A078%E2%80%AC ENVIADO      recordatorio FALLIDO (chat_input_not_found) -
9/5_20:30_4e              34747414084          ENVIADO      recordatorio FALLIDO (chat_input_not_found) -
9/5_19:00_4e              34675651585          ENVIADO      recordatorio FALLIDO (chat_input_not_found) -
10/5_17:30_maf            34722714718          ENVIADO      recordatorio FALLIDO (chat_input_not_found) -
10/5_17:30_4e             34653197010          ENVIADO      recordatorio FALLIDO (exception: Message: no such window: target window already closed
from unknown error: web view not found
  (Session info: chrome=147.0.7727.101)
Stacktrace:
	chromedriver!GetHandleVerifier [0x4eb373+10553]
	chromedriver!GetHandleVerifier [0x4eb4a4+10684]
	chromedriver!(No symbol) [0x2f1e10]
	chromedriver!(No symbol) [0x2d0923]
	chromedriver!(No symbol) [0x363bcb]
	chromedriver!(No symbol) [0x37a3a9]
	chromedriver!(No symbol) [0x35d606]
	chromedriver!(No symbol) [0x330039]
	chromedriver!(No symbol) [0x330df4]
	chromedriver!GetHandleVerifier [0x76ddb4+292f94]
	chromedriver!GetHandleVerifier [0x76937d+28e55d]
	chromedriver!GetHandleVerifier [0x788215+2ad3f5]
	chromedriver!GetHandleVerifier [0x504c18+29df8]
	chromedriver!GetHandleVerifier [0x50c6fd+318dd]
	chromedriver!GetHandleVerifier [0x4f3c78+18e58]
	chromedriver!GetHandleVerifier [0x4f3e42+19022]
	chromedriver!GetHandleVerifier [0x4dd45f+263f]
	KERNEL32!BaseThreadInitThunk [0x765562c4+24]
	ntdll!RtlSubscribeWnfStateChangeNotification [0x770a0aa9+439]
	ntdll!RtlSubscribeWnfStateChangeNotification [0x770a0a74+404]
) -

[2026-05-14 11:45:27] POSITIVO | Fotos nuevas: 0 | Envios OK: 0 | Envios FAIL: 0 | Reviews negativas: 0 | Fotos borradas: 0

=== SESIÓN 11:47-11:47 (14/05/2026) ===
RESERVA                   TELÉFONO             ESTADO       RESPUESTA                 REVIEW
-----------------------------------------------------------------------------------------------
9/5_14:30_maf             34665976040          ENVIADO      recordatorio FALLIDO (chat_input_not_found) -
9/5_19:00_maf/csi         34%C2%A0628%C2%A061%C2%A027%C2%A078%E2%80%AC ENVIADO      recordatorio FALLIDO (chat_input_not_found) -
9/5_20:30_4e              34747414084          ENVIADO      recordatorio FALLIDO (chat_input_not_found) -
9/5_19:00_4e              34675651585          ENVIADO      recordatorio FALLIDO (chat_input_not_found) -
10/5_17:30_maf            34722714718          ENVIADO      recordatorio FALLIDO (chat_input_not_found) -
10/5_17:30_4e             34653197010          ENVIADO      recordatorio FALLIDO (chat_input_not_found) -

[2026-05-14 11:47:23] POSITIVO | Fotos nuevas: 0 | Envios OK: 0 | Envios FAIL: 0 | Reviews negativas: 0 | Fotos borradas: 0
[2026-05-14 11:47:47] NEGATIVO | WhatsApp no conectado (QR visible) — ciclo abortado

=== SESIÓN 11:48-11:48 (14/05/2026) ===
RESERVA                   TELÉFONO             ESTADO       RESPUESTA                 REVIEW
-----------------------------------------------------------------------------------------------
9/5_14:30_maf             34665976040          ENVIADO      recordatorio FALLIDO (chat_input_not_found) -
9/5_19:00_maf/csi         34%C2%A0628%C2%A061%C2%A027%C2%A078%E2%80%AC ENVIADO      recordatorio FALLIDO (chat_input_not_found) -
9/5_20:30_4e              34747414084          ENVIADO      recordatorio FALLIDO (exception: Message: invalid session id; For documentation on this error, please visit: https://www.selenium.dev/documentation/webdriver/troubleshooting/errors#invalidsessionidexception
Stacktrace:
	chromedriver!GetHandleVerifier [0x4eb373+10553]
	chromedriver!GetHandleVerifier [0x4eb4a4+10684]
	chromedriver!(No symbol) [0x2f1c4e]
	chromedriver!(No symbol) [0x32f2c5]
	chromedriver!(No symbol) [0x35d726]
	chromedriver!(No symbol) [0x358c62]
	chromedriver!(No symbol) [0x358281]
	chromedriver!(No symbol) [0x2c501e]
	chromedriver!(No symbol) [0x2c55be]
	chromedriver!(No symbol) [0x2c5a9d]
	chromedriver!GetHandleVerifier [0x76ddb4+292f94]
	chromedriver!GetHandleVerifier [0x76937d+28e55d]
	chromedriver!GetHandleVerifier [0x788215+2ad3f5]
	chromedriver!GetHandleVerifier [0x504c18+29df8]
	chromedriver!GetHandleVerifier [0x50c6fd+318dd]
	chromedriver!(No symbol) [0x2c4b99]
	chromedriver!(No symbol) [0x2c41e0]
	chromedriver!GetHandleVerifier [0x8d2bef+3f7dcf]
	KERNEL32!BaseThreadInitThunk [0x765562c4+24]
	ntdll!RtlSubscribeWnfStateChangeNotification [0x770a0aa9+439]
	ntdll!RtlSubscribeWnfStateChangeNotification [0x770a0a74+404]
) -
9/5_19:00_4e              34675651585          ENVIADO      recordatorio FALLIDO (exception: Message: invalid session id; For documentation on this error, please visit: https://www.selenium.dev/documentation/webdriver/troubleshooting/errors#invalidsessionidexception
Stacktrace:
	chromedriver!GetHandleVerifier [0x4eb373+10553]
	chromedriver!GetHandleVerifier [0x4eb4a4+10684]
	chromedriver!(No symbol) [0x2f1c4e]
	chromedriver!(No symbol) [0x32f2c5]
	chromedriver!(No symbol) [0x35d726]
	chromedriver!(No symbol) [0x358c62]
	chromedriver!(No symbol) [0x358281]
	chromedriver!(No symbol) [0x2c501e]
	chromedriver!(No symbol) [0x2c55be]
	chromedriver!(No symbol) [0x2c5a9d]
	chromedriver!GetHandleVerifier [0x76ddb4+292f94]
	chromedriver!GetHandleVerifier [0x76937d+28e55d]
	chromedriver!GetHandleVerifier [0x788215+2ad3f5]
	chromedriver!GetHandleVerifier [0x504c18+29df8]
	chromedriver!GetHandleVerifier [0x50c6fd+318dd]
	chromedriver!(No symbol) [0x2c4b99]
	chromedriver!(No symbol) [0x2c41e0]
	chromedriver!GetHandleVerifier [0x8d2bef+3f7dcf]
	KERNEL32!BaseThreadInitThunk [0x765562c4+24]
	ntdll!RtlSubscribeWnfStateChangeNotification [0x770a0aa9+439]
	ntdll!RtlSubscribeWnfStateChangeNotification [0x770a0a74+404]
) -
10/5_17:30_maf            34722714718          ENVIADO      recordatorio FALLIDO (exception: Message: invalid session id; For documentation on this error, please visit: https://www.selenium.dev/documentation/webdriver/troubleshooting/errors#invalidsessionidexception
Stacktrace:
	chromedriver!GetHandleVerifier [0x4eb373+10553]
	chromedriver!GetHandleVerifier [0x4eb4a4+10684]
	chromedriver!(No symbol) [0x2f1c4e]
	chromedriver!(No symbol) [0x32f2c5]
	chromedriver!(No symbol) [0x35d726]
	chromedriver!(No symbol) [0x358c62]
	chromedriver!(No symbol) [0x358281]
	chromedriver!(No symbol) [0x2c501e]
	chromedriver!(No symbol) [0x2c55be]
	chromedriver!(No symbol) [0x2c5a9d]
	chromedriver!GetHandleVerifier [0x76ddb4+292f94]
	chromedriver!GetHandleVerifier [0x76937d+28e55d]
	chromedriver!GetHandleVerifier [0x788215+2ad3f5]
	chromedriver!GetHandleVerifier [0x504c18+29df8]
	chromedriver!GetHandleVerifier [0x50c6fd+318dd]
	chromedriver!(No symbol) [0x2c4b99]
	chromedriver!(No symbol) [0x2c41e0]
	chromedriver!GetHandleVerifier [0x8d2bef+3f7dcf]
	KERNEL32!BaseThreadInitThunk [0x765562c4+24]
	ntdll!RtlSubscribeWnfStateChangeNotification [0x770a0aa9+439]
	ntdll!RtlSubscribeWnfStateChangeNotification [0x770a0a74+404]
) -
10/5_17:30_4e             34653197010          ENVIADO      recordatorio FALLIDO (exception: Message: invalid session id; For documentation on this error, please visit: https://www.selenium.dev/documentation/webdriver/troubleshooting/errors#invalidsessionidexception
Stacktrace:
	chromedriver!GetHandleVerifier [0x4eb373+10553]
	chromedriver!GetHandleVerifier [0x4eb4a4+10684]
	chromedriver!(No symbol) [0x2f1c4e]
	chromedriver!(No symbol) [0x32f2c5]
	chromedriver!(No symbol) [0x35d726]
	chromedriver!(No symbol) [0x358c62]
	chromedriver!(No symbol) [0x358281]
	chromedriver!(No symbol) [0x2c501e]
	chromedriver!(No symbol) [0x2c55be]
	chromedriver!(No symbol) [0x2c5a9d]
	chromedriver!GetHandleVerifier [0x76ddb4+292f94]
	chromedriver!GetHandleVerifier [0x76937d+28e55d]
	chromedriver!GetHandleVerifier [0x788215+2ad3f5]
	chromedriver!GetHandleVerifier [0x504c18+29df8]
	chromedriver!GetHandleVerifier [0x50c6fd+318dd]
	chromedriver!(No symbol) [0x2c4b99]
	chromedriver!(No symbol) [0x2c41e0]
	chromedriver!GetHandleVerifier [0x8d2bef+3f7dcf]
	KERNEL32!BaseThreadInitThunk [0x765562c4+24]
	ntdll!RtlSubscribeWnfStateChangeNotification [0x770a0aa9+439]
	ntdll!RtlSubscribeWnfStateChangeNotification [0x770a0a74+404]
) -

[2026-05-14 11:48:35] POSITIVO | Fotos nuevas: 0 | Envios OK: 0 | Envios FAIL: 0 | Reviews negativas: 0 | Fotos borradas: 0

=== SESIÓN 11:50-11:50 (14/05/2026) ===
RESERVA                   TELÉFONO             ESTADO       RESPUESTA                 REVIEW
-----------------------------------------------------------------------------------------------
9/5_14:30_maf             34665976040          ENVIADO      recordatorio FALLIDO (chat_input_not_found) -
9/5_19:00_maf/csi         34%C2%A0628%C2%A061%C2%A027%C2%A078%E2%80%AC ENVIADO      recordatorio FALLIDO (chat_input_not_found) -
9/5_20:30_4e              34747414084          ENVIADO      recordatorio FALLIDO (chat_input_not_found) -
9/5_19:00_4e              34675651585          ENVIADO      recordatorio FALLIDO (chat_input_not_found) -
10/5_17:30_maf            34722714718          ENVIADO      recordatorio FALLIDO (chat_input_not_found) -
10/5_17:30_4e             34653197010          ENVIADO      recordatorio FALLIDO (chat_input_not_found) -

[2026-05-14 11:50:30] POSITIVO | Fotos nuevas: 0 | Envios OK: 0 | Envios FAIL: 0 | Reviews negativas: 0 | Fotos borradas: 0
[2026-05-14 11:50:54] NEGATIVO | WhatsApp no conectado (QR visible) — ciclo abortado

=== SESIÓN 11:51-11:51 (14/05/2026) ===
RESERVA                   TELÉFONO             ESTADO       RESPUESTA                 REVIEW
-----------------------------------------------------------------------------------------------
9/5_14:30_maf             34665976040          ENVIADO      recordatorio FALLIDO (chat_input_not_found) -
9/5_19:00_maf/csi         34%C2%A0628%C2%A061%C2%A027%C2%A078%E2%80%AC ENVIADO      recordatorio FALLIDO (exception: Message: invalid session id; For documentation on this error, please visit: https://www.selenium.dev/documentation/webdriver/troubleshooting/errors#invalidsessionidexception
Stacktrace:
	chromedriver!GetHandleVerifier [0x4eb373+10553]
	chromedriver!GetHandleVerifier [0x4eb4a4+10684]
	chromedriver!(No symbol) [0x2f1c4e]
	chromedriver!(No symbol) [0x32f2c5]
	chromedriver!(No symbol) [0x35d726]
	chromedriver!(No symbol) [0x358c62]
	chromedriver!(No symbol) [0x358281]
	chromedriver!(No symbol) [0x2c501e]
	chromedriver!(No symbol) [0x2c55be]
	chromedriver!(No symbol) [0x2c5a9d]
	chromedriver!GetHandleVerifier [0x76ddb4+292f94]
	chromedriver!GetHandleVerifier [0x76937d+28e55d]
	chromedriver!GetHandleVerifier [0x788215+2ad3f5]
	chromedriver!GetHandleVerifier [0x504c18+29df8]
	chromedriver!GetHandleVerifier [0x50c6fd+318dd]
	chromedriver!(No symbol) [0x2c4b99]
	chromedriver!(No symbol) [0x2c41e0]
	chromedriver!GetHandleVerifier [0x8d2bef+3f7dcf]
	KERNEL32!BaseThreadInitThunk [0x765562c4+24]
	ntdll!RtlSubscribeWnfStateChangeNotification [0x770a0aa9+439]
	ntdll!RtlSubscribeWnfStateChangeNotification [0x770a0a74+404]
) -
9/5_20:30_4e              34747414084          ENVIADO      recordatorio FALLIDO (exception: Message: invalid session id; For documentation on this error, please visit: https://www.selenium.dev/documentation/webdriver/troubleshooting/errors#invalidsessionidexception
Stacktrace:
	chromedriver!GetHandleVerifier [0x4eb373+10553]
	chromedriver!GetHandleVerifier [0x4eb4a4+10684]
	chromedriver!(No symbol) [0x2f1c4e]
	chromedriver!(No symbol) [0x32f2c5]
	chromedriver!(No symbol) [0x35d726]
	chromedriver!(No symbol) [0x358c62]
	chromedriver!(No symbol) [0x358281]
	chromedriver!(No symbol) [0x2c501e]
	chromedriver!(No symbol) [0x2c55be]
	chromedriver!(No symbol) [0x2c5a9d]
	chromedriver!GetHandleVerifier [0x76ddb4+292f94]
	chromedriver!GetHandleVerifier [0x76937d+28e55d]
	chromedriver!GetHandleVerifier [0x788215+2ad3f5]
	chromedriver!GetHandleVerifier [0x504c18+29df8]
	chromedriver!GetHandleVerifier [0x50c6fd+318dd]
	chromedriver!(No symbol) [0x2c4b99]
	chromedriver!(No symbol) [0x2c41e0]
	chromedriver!GetHandleVerifier [0x8d2bef+3f7dcf]
	KERNEL32!BaseThreadInitThunk [0x765562c4+24]
	ntdll!RtlSubscribeWnfStateChangeNotification [0x770a0aa9+439]
	ntdll!RtlSubscribeWnfStateChangeNotification [0x770a0a74+404]
) -
9/5_19:00_4e              34675651585          ENVIADO      recordatorio FALLIDO (exception: Message: invalid session id; For documentation on this error, please visit: https://www.selenium.dev/documentation/webdriver/troubleshooting/errors#invalidsessionidexception
Stacktrace:
	chromedriver!GetHandleVerifier [0x4eb373+10553]
	chromedriver!GetHandleVerifier [0x4eb4a4+10684]
	chromedriver!(No symbol) [0x2f1c4e]
	chromedriver!(No symbol) [0x32f2c5]
	chromedriver!(No symbol) [0x35d726]
	chromedriver!(No symbol) [0x358c62]
	chromedriver!(No symbol) [0x358281]
	chromedriver!(No symbol) [0x2c501e]
	chromedriver!(No symbol) [0x2c55be]
	chromedriver!(No symbol) [0x2c5a9d]
	chromedriver!GetHandleVerifier [0x76ddb4+292f94]
	chromedriver!GetHandleVerifier [0x76937d+28e55d]
	chromedriver!GetHandleVerifier [0x788215+2ad3f5]
	chromedriver!GetHandleVerifier [0x504c18+29df8]
	chromedriver!GetHandleVerifier [0x50c6fd+318dd]
	chromedriver!(No symbol) [0x2c4b99]
	chromedriver!(No symbol) [0x2c41e0]
	chromedriver!GetHandleVerifier [0x8d2bef+3f7dcf]
	KERNEL32!BaseThreadInitThunk [0x765562c4+24]
	ntdll!RtlSubscribeWnfStateChangeNotification [0x770a0aa9+439]
	ntdll!RtlSubscribeWnfStateChangeNotification [0x770a0a74+404]
) -
10/5_17:30_maf            34722714718          ENVIADO      recordatorio FALLIDO (exception: Message: invalid session id; For documentation on this error, please visit: https://www.selenium.dev/documentation/webdriver/troubleshooting/errors#invalidsessionidexception
Stacktrace:
	chromedriver!GetHandleVerifier [0x4eb373+10553]
	chromedriver!GetHandleVerifier [0x4eb4a4+10684]
	chromedriver!(No symbol) [0x2f1c4e]
	chromedriver!(No symbol) [0x32f2c5]
	chromedriver!(No symbol) [0x35d726]
	chromedriver!(No symbol) [0x358c62]
	chromedriver!(No symbol) [0x358281]
	chromedriver!(No symbol) [0x2c501e]
	chromedriver!(No symbol) [0x2c55be]
	chromedriver!(No symbol) [0x2c5a9d]
	chromedriver!GetHandleVerifier [0x76ddb4+292f94]
	chromedriver!GetHandleVerifier [0x76937d+28e55d]
	chromedriver!GetHandleVerifier [0x788215+2ad3f5]
	chromedriver!GetHandleVerifier [0x504c18+29df8]
	chromedriver!GetHandleVerifier [0x50c6fd+318dd]
	chromedriver!(No symbol) [0x2c4b99]
	chromedriver!(No symbol) [0x2c41e0]
	chromedriver!GetHandleVerifier [0x8d2bef+3f7dcf]
	KERNEL32!BaseThreadInitThunk [0x765562c4+24]
	ntdll!RtlSubscribeWnfStateChangeNotification [0x770a0aa9+439]
	ntdll!RtlSubscribeWnfStateChangeNotification [0x770a0a74+404]
) -
10/5_17:30_4e             34653197010          ENVIADO      recordatorio FALLIDO (exception: Message: invalid session id; For documentation on this error, please visit: https://www.selenium.dev/documentation/webdriver/troubleshooting/errors#invalidsessionidexception
Stacktrace:
	chromedriver!GetHandleVerifier [0x4eb373+10553]
	chromedriver!GetHandleVerifier [0x4eb4a4+10684]
	chromedriver!(No symbol) [0x2f1c4e]
	chromedriver!(No symbol) [0x32f2c5]
	chromedriver!(No symbol) [0x35d726]
	chromedriver!(No symbol) [0x358c62]
	chromedriver!(No symbol) [0x358281]
	chromedriver!(No symbol) [0x2c501e]
	chromedriver!(No symbol) [0x2c55be]
	chromedriver!(No symbol) [0x2c5a9d]
	chromedriver!GetHandleVerifier [0x76ddb4+292f94]
	chromedriver!GetHandleVerifier [0x76937d+28e55d]
	chromedriver!GetHandleVerifier [0x788215+2ad3f5]
	chromedriver!GetHandleVerifier [0x504c18+29df8]
	chromedriver!GetHandleVerifier [0x50c6fd+318dd]
	chromedriver!(No symbol) [0x2c4b99]
	chromedriver!(No symbol) [0x2c41e0]
	chromedriver!GetHandleVerifier [0x8d2bef+3f7dcf]
	KERNEL32!BaseThreadInitThunk [0x765562c4+24]
	ntdll!RtlSubscribeWnfStateChangeNotification [0x770a0aa9+439]
	ntdll!RtlSubscribeWnfStateChangeNotification [0x770a0a74+404]
) -

[2026-05-14 11:51:42] POSITIVO | Fotos nuevas: 0 | Envios OK: 0 | Envios FAIL: 0 | Reviews negativas: 0 | Fotos borradas: 0

=== SESIÓN 11:53-11:53 (14/05/2026) ===
RESERVA                   TELÉFONO             ESTADO       RESPUESTA                 REVIEW
-----------------------------------------------------------------------------------------------
9/5_14:30_maf             34665976040          ENVIADO      recordatorio FALLIDO (chat_input_not_found) -
9/5_19:00_maf/csi         34%C2%A0628%C2%A061%C2%A027%C2%A078%E2%80%AC ENVIADO      recordatorio FALLIDO (chat_input_not_found) -
9/5_20:30_4e              34747414084          ENVIADO      recordatorio FALLIDO (chat_input_not_found) -
9/5_19:00_4e              34675651585          ENVIADO      recordatorio FALLIDO (chat_input_not_found) -
10/5_17:30_maf            34722714718          ENVIADO      recordatorio FALLIDO (chat_input_not_found) -
10/5_17:30_4e             34653197010          ENVIADO      recordatorio FALLIDO (chat_input_not_found) -

[2026-05-14 11:53:36] POSITIVO | Fotos nuevas: 0 | Envios OK: 0 | Envios FAIL: 0 | Reviews negativas: 0 | Fotos borradas: 0
[2026-05-14 11:54:01] NEGATIVO | WhatsApp no conectado (QR visible) — ciclo abortado

=== SESIÓN 11:54-11:54 (14/05/2026) ===
RESERVA                   TELÉFONO             ESTADO       RESPUESTA                 REVIEW
-----------------------------------------------------------------------------------------------
9/5_14:30_maf             34665976040          ENVIADO      recordatorio FALLIDO (chat_input_not_found) -
9/5_19:00_maf/csi         34%C2%A0628%C2%A061%C2%A027%C2%A078%E2%80%AC ENVIADO      recordatorio FALLIDO (exception: Message: invalid session id; For documentation on this error, please visit: https://www.selenium.dev/documentation/webdriver/troubleshooting/errors#invalidsessionidexception
Stacktrace:
	chromedriver!GetHandleVerifier [0x4eb373+10553]
	chromedriver!GetHandleVerifier [0x4eb4a4+10684]
	chromedriver!(No symbol) [0x2f1c4e]
	chromedriver!(No symbol) [0x32f2c5]
	chromedriver!(No symbol) [0x35d726]
	chromedriver!(No symbol) [0x358c62]
	chromedriver!(No symbol) [0x358281]
	chromedriver!(No symbol) [0x2c501e]
	chromedriver!(No symbol) [0x2c55be]
	chromedriver!(No symbol) [0x2c5a9d]
	chromedriver!GetHandleVerifier [0x76ddb4+292f94]
	chromedriver!GetHandleVerifier [0x76937d+28e55d]
	chromedriver!GetHandleVerifier [0x788215+2ad3f5]
	chromedriver!GetHandleVerifier [0x504c18+29df8]
	chromedriver!GetHandleVerifier [0x50c6fd+318dd]
	chromedriver!(No symbol) [0x2c4b99]
	chromedriver!(No symbol) [0x2c41e0]
	chromedriver!GetHandleVerifier [0x8d2bef+3f7dcf]
	KERNEL32!BaseThreadInitThunk [0x765562c4+24]
	ntdll!RtlSubscribeWnfStateChangeNotification [0x770a0aa9+439]
	ntdll!RtlSubscribeWnfStateChangeNotification [0x770a0a74+404]
) -
9/5_20:30_4e              34747414084          ENVIADO      recordatorio FALLIDO (exception: Message: invalid session id; For documentation on this error, please visit: https://www.selenium.dev/documentation/webdriver/troubleshooting/errors#invalidsessionidexception
Stacktrace:
	chromedriver!GetHandleVerifier [0x4eb373+10553]
	chromedriver!GetHandleVerifier [0x4eb4a4+10684]
	chromedriver!(No symbol) [0x2f1c4e]
	chromedriver!(No symbol) [0x32f2c5]
	chromedriver!(No symbol) [0x35d726]
	chromedriver!(No symbol) [0x358c62]
	chromedriver!(No symbol) [0x358281]
	chromedriver!(No symbol) [0x2c501e]
	chromedriver!(No symbol) [0x2c55be]
	chromedriver!(No symbol) [0x2c5a9d]
	chromedriver!GetHandleVerifier [0x76ddb4+292f94]
	chromedriver!GetHandleVerifier [0x76937d+28e55d]
	chromedriver!GetHandleVerifier [0x788215+2ad3f5]
	chromedriver!GetHandleVerifier [0x504c18+29df8]
	chromedriver!GetHandleVerifier [0x50c6fd+318dd]
	chromedriver!(No symbol) [0x2c4b99]
	chromedriver!(No symbol) [0x2c41e0]
	chromedriver!GetHandleVerifier [0x8d2bef+3f7dcf]
	KERNEL32!BaseThreadInitThunk [0x765562c4+24]
	ntdll!RtlSubscribeWnfStateChangeNotification [0x770a0aa9+439]
	ntdll!RtlSubscribeWnfStateChangeNotification [0x770a0a74+404]
) -
9/5_19:00_4e              34675651585          ENVIADO      recordatorio FALLIDO (exception: Message: invalid session id; For documentation on this error, please visit: https://www.selenium.dev/documentation/webdriver/troubleshooting/errors#invalidsessionidexception
Stacktrace:
	chromedriver!GetHandleVerifier [0x4eb373+10553]
	chromedriver!GetHandleVerifier [0x4eb4a4+10684]
	chromedriver!(No symbol) [0x2f1c4e]
	chromedriver!(No symbol) [0x32f2c5]
	chromedriver!(No symbol) [0x35d726]
	chromedriver!(No symbol) [0x358c62]
	chromedriver!(No symbol) [0x358281]
	chromedriver!(No symbol) [0x2c501e]
	chromedriver!(No symbol) [0x2c55be]
	chromedriver!(No symbol) [0x2c5a9d]
	chromedriver!GetHandleVerifier [0x76ddb4+292f94]
	chromedriver!GetHandleVerifier [0x76937d+28e55d]
	chromedriver!GetHandleVerifier [0x788215+2ad3f5]
	chromedriver!GetHandleVerifier [0x504c18+29df8]
	chromedriver!GetHandleVerifier [0x50c6fd+318dd]
	chromedriver!(No symbol) [0x2c4b99]
	chromedriver!(No symbol) [0x2c41e0]
	chromedriver!GetHandleVerifier [0x8d2bef+3f7dcf]
	KERNEL32!BaseThreadInitThunk [0x765562c4+24]
	ntdll!RtlSubscribeWnfStateChangeNotification [0x770a0aa9+439]
	ntdll!RtlSubscribeWnfStateChangeNotification [0x770a0a74+404]
) -
10/5_17:30_maf            34722714718          ENVIADO      recordatorio FALLIDO (exception: Message: invalid session id; For documentation on this error, please visit: https://www.selenium.dev/documentation/webdriver/troubleshooting/errors#invalidsessionidexception
Stacktrace:
	chromedriver!GetHandleVerifier [0x4eb373+10553]
	chromedriver!GetHandleVerifier [0x4eb4a4+10684]
	chromedriver!(No symbol) [0x2f1c4e]
	chromedriver!(No symbol) [0x32f2c5]
	chromedriver!(No symbol) [0x35d726]
	chromedriver!(No symbol) [0x358c62]
	chromedriver!(No symbol) [0x358281]
	chromedriver!(No symbol) [0x2c501e]
	chromedriver!(No symbol) [0x2c55be]
	chromedriver!(No symbol) [0x2c5a9d]
	chromedriver!GetHandleVerifier [0x76ddb4+292f94]
	chromedriver!GetHandleVerifier [0x76937d+28e55d]
	chromedriver!GetHandleVerifier [0x788215+2ad3f5]
	chromedriver!GetHandleVerifier [0x504c18+29df8]
	chromedriver!GetHandleVerifier [0x50c6fd+318dd]
	chromedriver!(No symbol) [0x2c4b99]
	chromedriver!(No symbol) [0x2c41e0]
	chromedriver!GetHandleVerifier [0x8d2bef+3f7dcf]
	KERNEL32!BaseThreadInitThunk [0x765562c4+24]
	ntdll!RtlSubscribeWnfStateChangeNotification [0x770a0aa9+439]
	ntdll!RtlSubscribeWnfStateChangeNotification [0x770a0a74+404]
) -
10/5_17:30_4e             34653197010          ENVIADO      recordatorio FALLIDO (exception: Message: invalid session id; For documentation on this error, please visit: https://www.selenium.dev/documentation/webdriver/troubleshooting/errors#invalidsessionidexception
Stacktrace:
	chromedriver!GetHandleVerifier [0x4eb373+10553]
	chromedriver!GetHandleVerifier [0x4eb4a4+10684]
	chromedriver!(No symbol) [0x2f1c4e]
	chromedriver!(No symbol) [0x32f2c5]
	chromedriver!(No symbol) [0x35d726]
	chromedriver!(No symbol) [0x358c62]
	chromedriver!(No symbol) [0x358281]
	chromedriver!(No symbol) [0x2c501e]
	chromedriver!(No symbol) [0x2c55be]
	chromedriver!(No symbol) [0x2c5a9d]
	chromedriver!GetHandleVerifier [0x76ddb4+292f94]
	chromedriver!GetHandleVerifier [0x76937d+28e55d]
	chromedriver!GetHandleVerifier [0x788215+2ad3f5]
	chromedriver!GetHandleVerifier [0x504c18+29df8]
	chromedriver!GetHandleVerifier [0x50c6fd+318dd]
	chromedriver!(No symbol) [0x2c4b99]
	chromedriver!(No symbol) [0x2c41e0]
	chromedriver!GetHandleVerifier [0x8d2bef+3f7dcf]
	KERNEL32!BaseThreadInitThunk [0x765562c4+24]
	ntdll!RtlSubscribeWnfStateChangeNotification [0x770a0aa9+439]
	ntdll!RtlSubscribeWnfStateChangeNotification [0x770a0a74+404]
) -

[2026-05-14 11:54:47] POSITIVO | Fotos nuevas: 0 | Envios OK: 0 | Envios FAIL: 0 | Reviews negativas: 0 | Fotos borradas: 0

=== SESIÓN 11:56-11:56 (14/05/2026) ===
RESERVA                   TELÉFONO             ESTADO       RESPUESTA                 REVIEW
-----------------------------------------------------------------------------------------------
9/5_14:30_maf             34665976040          ENVIADO      recordatorio FALLIDO (chat_input_not_found) -
9/5_19:00_maf/csi         34%C2%A0628%C2%A061%C2%A027%C2%A078%E2%80%AC ENVIADO      recordatorio FALLIDO (chat_input_not_found) -
9/5_20:30_4e              34747414084          ENVIADO      recordatorio FALLIDO (chat_input_not_found) -
9/5_19:00_4e              34675651585          ENVIADO      recordatorio FALLIDO (chat_input_not_found) -
10/5_17:30_maf            34722714718          ENVIADO      recordatorio FALLIDO (chat_input_not_found) -
10/5_17:30_4e             34653197010          ENVIADO      recordatorio FALLIDO (chat_input_not_found) -

[2026-05-14 11:56:42] POSITIVO | Fotos nuevas: 0 | Envios OK: 0 | Envios FAIL: 0 | Reviews negativas: 0 | Fotos borradas: 0
[2026-05-14 11:57:06] NEGATIVO | WhatsApp no conectado (QR visible) — ciclo abortado

=== SESIÓN 11:57-11:57 (14/05/2026) ===
RESERVA                   TELÉFONO             ESTADO       RESPUESTA                 REVIEW
-----------------------------------------------------------------------------------------------
9/5_14:30_maf             34665976040          ENVIADO      recordatorio FALLIDO (chat_input_not_found) -
9/5_19:00_maf/csi         34%C2%A0628%C2%A061%C2%A027%C2%A078%E2%80%AC ENVIADO      recordatorio FALLIDO (exception: Message: invalid session id; For documentation on this error, please visit: https://www.selenium.dev/documentation/webdriver/troubleshooting/errors#invalidsessionidexception
Stacktrace:
	chromedriver!GetHandleVerifier [0x4eb373+10553]
	chromedriver!GetHandleVerifier [0x4eb4a4+10684]
	chromedriver!(No symbol) [0x2f1c4e]
	chromedriver!(No symbol) [0x32f2c5]
	chromedriver!(No symbol) [0x35d726]
	chromedriver!(No symbol) [0x358c62]
	chromedriver!(No symbol) [0x358281]
	chromedriver!(No symbol) [0x2c501e]
	chromedriver!(No symbol) [0x2c55be]
	chromedriver!(No symbol) [0x2c5a9d]
	chromedriver!GetHandleVerifier [0x76ddb4+292f94]
	chromedriver!GetHandleVerifier [0x76937d+28e55d]
	chromedriver!GetHandleVerifier [0x788215+2ad3f5]
	chromedriver!GetHandleVerifier [0x504c18+29df8]
	chromedriver!GetHandleVerifier [0x50c6fd+318dd]
	chromedriver!(No symbol) [0x2c4b99]
	chromedriver!(No symbol) [0x2c41e0]
	chromedriver!GetHandleVerifier [0x8d2bef+3f7dcf]
	KERNEL32!BaseThreadInitThunk [0x765562c4+24]
	ntdll!RtlSubscribeWnfStateChangeNotification [0x770a0aa9+439]
	ntdll!RtlSubscribeWnfStateChangeNotification [0x770a0a74+404]
) -
9/5_20:30_4e              34747414084          ENVIADO      recordatorio FALLIDO (exception: Message: invalid session id; For documentation on this error, please visit: https://www.selenium.dev/documentation/webdriver/troubleshooting/errors#invalidsessionidexception
Stacktrace:
	chromedriver!GetHandleVerifier [0x4eb373+10553]
	chromedriver!GetHandleVerifier [0x4eb4a4+10684]
	chromedriver!(No symbol) [0x2f1c4e]
	chromedriver!(No symbol) [0x32f2c5]
	chromedriver!(No symbol) [0x35d726]
	chromedriver!(No symbol) [0x358c62]
	chromedriver!(No symbol) [0x358281]
	chromedriver!(No symbol) [0x2c501e]
	chromedriver!(No symbol) [0x2c55be]
	chromedriver!(No symbol) [0x2c5a9d]
	chromedriver!GetHandleVerifier [0x76ddb4+292f94]
	chromedriver!GetHandleVerifier [0x76937d+28e55d]
	chromedriver!GetHandleVerifier [0x788215+2ad3f5]
	chromedriver!GetHandleVerifier [0x504c18+29df8]
	chromedriver!GetHandleVerifier [0x50c6fd+318dd]
	chromedriver!(No symbol) [0x2c4b99]
	chromedriver!(No symbol) [0x2c41e0]
	chromedriver!GetHandleVerifier [0x8d2bef+3f7dcf]
	KERNEL32!BaseThreadInitThunk [0x765562c4+24]
	ntdll!RtlSubscribeWnfStateChangeNotification [0x770a0aa9+439]
	ntdll!RtlSubscribeWnfStateChangeNotification [0x770a0a74+404]
) -
9/5_19:00_4e              34675651585          ENVIADO      recordatorio FALLIDO (exception: Message: invalid session id; For documentation on this error, please visit: https://www.selenium.dev/documentation/webdriver/troubleshooting/errors#invalidsessionidexception
Stacktrace:
	chromedriver!GetHandleVerifier [0x4eb373+10553]
	chromedriver!GetHandleVerifier [0x4eb4a4+10684]
	chromedriver!(No symbol) [0x2f1c4e]
	chromedriver!(No symbol) [0x32f2c5]
	chromedriver!(No symbol) [0x35d726]
	chromedriver!(No symbol) [0x358c62]
	chromedriver!(No symbol) [0x358281]
	chromedriver!(No symbol) [0x2c501e]
	chromedriver!(No symbol) [0x2c55be]
	chromedriver!(No symbol) [0x2c5a9d]
	chromedriver!GetHandleVerifier [0x76ddb4+292f94]
	chromedriver!GetHandleVerifier [0x76937d+28e55d]
	chromedriver!GetHandleVerifier [0x788215+2ad3f5]
	chromedriver!GetHandleVerifier [0x504c18+29df8]
	chromedriver!GetHandleVerifier [0x50c6fd+318dd]
	chromedriver!(No symbol) [0x2c4b99]
	chromedriver!(No symbol) [0x2c41e0]
	chromedriver!GetHandleVerifier [0x8d2bef+3f7dcf]
	KERNEL32!BaseThreadInitThunk [0x765562c4+24]
	ntdll!RtlSubscribeWnfStateChangeNotification [0x770a0aa9+439]
	ntdll!RtlSubscribeWnfStateChangeNotification [0x770a0a74+404]
) -
10/5_17:30_maf            34722714718          ENVIADO      recordatorio FALLIDO (exception: Message: invalid session id; For documentation on this error, please visit: https://www.selenium.dev/documentation/webdriver/troubleshooting/errors#invalidsessionidexception
Stacktrace:
	chromedriver!GetHandleVerifier [0x4eb373+10553]
	chromedriver!GetHandleVerifier [0x4eb4a4+10684]
	chromedriver!(No symbol) [0x2f1c4e]
	chromedriver!(No symbol) [0x32f2c5]
	chromedriver!(No symbol) [0x35d726]
	chromedriver!(No symbol) [0x358c62]
	chromedriver!(No symbol) [0x358281]
	chromedriver!(No symbol) [0x2c501e]
	chromedriver!(No symbol) [0x2c55be]
	chromedriver!(No symbol) [0x2c5a9d]
	chromedriver!GetHandleVerifier [0x76ddb4+292f94]
	chromedriver!GetHandleVerifier [0x76937d+28e55d]
	chromedriver!GetHandleVerifier [0x788215+2ad3f5]
	chromedriver!GetHandleVerifier [0x504c18+29df8]
	chromedriver!GetHandleVerifier [0x50c6fd+318dd]
	chromedriver!(No symbol) [0x2c4b99]
	chromedriver!(No symbol) [0x2c41e0]
	chromedriver!GetHandleVerifier [0x8d2bef+3f7dcf]
	KERNEL32!BaseThreadInitThunk [0x765562c4+24]
	ntdll!RtlSubscribeWnfStateChangeNotification [0x770a0aa9+439]
	ntdll!RtlSubscribeWnfStateChangeNotification [0x770a0a74+404]
) -
10/5_17:30_4e             34653197010          ENVIADO      recordatorio FALLIDO (exception: Message: invalid session id; For documentation on this error, please visit: https://www.selenium.dev/documentation/webdriver/troubleshooting/errors#invalidsessionidexception
Stacktrace:
	chromedriver!GetHandleVerifier [0x4eb373+10553]
	chromedriver!GetHandleVerifier [0x4eb4a4+10684]
	chromedriver!(No symbol) [0x2f1c4e]
	chromedriver!(No symbol) [0x32f2c5]
	chromedriver!(No symbol) [0x35d726]
	chromedriver!(No symbol) [0x358c62]
	chromedriver!(No symbol) [0x358281]
	chromedriver!(No symbol) [0x2c501e]
	chromedriver!(No symbol) [0x2c55be]
	chromedriver!(No symbol) [0x2c5a9d]
	chromedriver!GetHandleVerifier [0x76ddb4+292f94]
	chromedriver!GetHandleVerifier [0x76937d+28e55d]
	chromedriver!GetHandleVerifier [0x788215+2ad3f5]
	chromedriver!GetHandleVerifier [0x504c18+29df8]
	chromedriver!GetHandleVerifier [0x50c6fd+318dd]
	chromedriver!(No symbol) [0x2c4b99]
	chromedriver!(No symbol) [0x2c41e0]
	chromedriver!GetHandleVerifier [0x8d2bef+3f7dcf]
	KERNEL32!BaseThreadInitThunk [0x765562c4+24]
	ntdll!RtlSubscribeWnfStateChangeNotification [0x770a0aa9+439]
	ntdll!RtlSubscribeWnfStateChangeNotification [0x770a0a74+404]
) -

[2026-05-14 11:57:52] POSITIVO | Fotos nuevas: 0 | Envios OK: 0 | Envios FAIL: 0 | Reviews negativas: 0 | Fotos borradas: 0

=== SESIÓN 11:59-11:59 (14/05/2026) ===
RESERVA                   TELÉFONO             ESTADO       RESPUESTA                 REVIEW
-----------------------------------------------------------------------------------------------
9/5_14:30_maf             34665976040          ENVIADO      recordatorio FALLIDO (chat_input_not_found) -
9/5_19:00_maf/csi         34%C2%A0628%C2%A061%C2%A027%C2%A078%E2%80%AC ENVIADO      recordatorio FALLIDO (chat_input_not_found) -
9/5_20:30_4e              34747414084          ENVIADO      recordatorio FALLIDO (chat_input_not_found) -
9/5_19:00_4e              34675651585          ENVIADO      recordatorio FALLIDO (chat_input_not_found) -
10/5_17:30_maf            34722714718          ENVIADO      recordatorio FALLIDO (chat_input_not_found) -
10/5_17:30_4e             34653197010          ENVIADO      recordatorio FALLIDO (chat_input_not_found) -

[2026-05-14 11:59:46] POSITIVO | Fotos nuevas: 0 | Envios OK: 0 | Envios FAIL: 0 | Reviews negativas: 0 | Fotos borradas: 0
[2026-05-14 12:00:11] NEGATIVO | WhatsApp no conectado (QR visible) — ciclo abortado

=== SESIÓN 12:00-12:00 (14/05/2026) ===
RESERVA                   TELÉFONO             ESTADO       RESPUESTA                 REVIEW
-----------------------------------------------------------------------------------------------
9/5_14:30_maf             34665976040          ENVIADO      recordatorio FALLIDO (chat_input_not_found) -
9/5_19:00_maf/csi         34%C2%A0628%C2%A061%C2%A027%C2%A078%E2%80%AC ENVIADO      recordatorio FALLIDO (chat_input_not_found) -
9/5_20:30_4e              34747414084          ENVIADO      recordatorio FALLIDO (exception: Message: invalid session id: session deleted as the browser has closed the connection
from disconnected: Unable to receive message from renderer
  (Session info: chrome=147.0.7727.101); For documentation on this error, please visit: https://www.selenium.dev/documentation/webdriver/troubleshooting/errors#invalidsessionidexception
Stacktrace:
	chromedriver!GetHandleVerifier [0x4eb373+10553]
	chromedriver!GetHandleVerifier [0x4eb4a4+10684]
	chromedriver!(No symbol) [0x2f1e10]
	chromedriver!(No symbol) [0x2e21b3]
	chromedriver!(No symbol) [0x2e1ee5]
	chromedriver!(No symbol) [0x2dfff8]
	chromedriver!(No symbol) [0x2e0846]
	chromedriver!(No symbol) [0x30454e]
	chromedriver!(No symbol) [0x2fa8fb]
	chromedriver!(No symbol) [0x2fa80d]
	chromedriver!(No symbol) [0x37d0cf]
	chromedriver!(No symbol) [0x35d86c]
	chromedriver!(No symbol) [0x37aa36]
	chromedriver!(No symbol) [0x35d606]
	chromedriver!(No symbol) [0x330039]
	chromedriver!(No symbol) [0x330df4]
	chromedriver!GetHandleVerifier [0x76ddb4+292f94]
	chromedriver!GetHandleVerifier [0x76937d+28e55d]
	chromedriver!GetHandleVerifier [0x788215+2ad3f5]
	chromedriver!GetHandleVerifier [0x504c18+29df8]
	chromedriver!GetHandleVerifier [0x50c6fd+318dd]
	chromedriver!GetHandleVerifier [0x4f3c78+18e58]
	chromedriver!GetHandleVerifier [0x4f3e42+19022]
	chromedriver!GetHandleVerifier [0x4dd45f+263f]
	KERNEL32!BaseThreadInitThunk [0x765562c4+24]
	ntdll!RtlSubscribeWnfStateChangeNotification [0x770a0aa9+439]
	ntdll!RtlSubscribeWnfStateChangeNotification [0x770a0a74+404]
) -
9/5_19:00_4e              34675651585          ENVIADO      recordatorio FALLIDO (exception: Message: invalid session id; For documentation on this error, please visit: https://www.selenium.dev/documentation/webdriver/troubleshooting/errors#invalidsessionidexception
Stacktrace:
	chromedriver!GetHandleVerifier [0x4eb373+10553]
	chromedriver!GetHandleVerifier [0x4eb4a4+10684]
	chromedriver!(No symbol) [0x2f1c4e]
	chromedriver!(No symbol) [0x32f2c5]
	chromedriver!(No symbol) [0x35d726]
	chromedriver!(No symbol) [0x358c62]
	chromedriver!(No symbol) [0x358281]
	chromedriver!(No symbol) [0x2c501e]
	chromedriver!(No symbol) [0x2c55be]
	chromedriver!(No symbol) [0x2c5a9d]
	chromedriver!GetHandleVerifier [0x76ddb4+292f94]
	chromedriver!GetHandleVerifier [0x76937d+28e55d]
	chromedriver!GetHandleVerifier [0x788215+2ad3f5]
	chromedriver!GetHandleVerifier [0x504c18+29df8]
	chromedriver!GetHandleVerifier [0x50c6fd+318dd]
	chromedriver!(No symbol) [0x2c4b99]
	chromedriver!(No symbol) [0x2c41e0]
	chromedriver!GetHandleVerifier [0x8d2bef+3f7dcf]
	KERNEL32!BaseThreadInitThunk [0x765562c4+24]
	ntdll!RtlSubscribeWnfStateChangeNotification [0x770a0aa9+439]
	ntdll!RtlSubscribeWnfStateChangeNotification [0x770a0a74+404]
) -
10/5_17:30_maf            34722714718          ENVIADO      recordatorio FALLIDO (exception: Message: invalid session id; For documentation on this error, please visit: https://www.selenium.dev/documentation/webdriver/troubleshooting/errors#invalidsessionidexception
Stacktrace:
	chromedriver!GetHandleVerifier [0x4eb373+10553]
	chromedriver!GetHandleVerifier [0x4eb4a4+10684]
	chromedriver!(No symbol) [0x2f1c4e]
	chromedriver!(No symbol) [0x32f2c5]
	chromedriver!(No symbol) [0x35d726]
	chromedriver!(No symbol) [0x358c62]
	chromedriver!(No symbol) [0x358281]
	chromedriver!(No symbol) [0x2c501e]
	chromedriver!(No symbol) [0x2c55be]
	chromedriver!(No symbol) [0x2c5a9d]
	chromedriver!GetHandleVerifier [0x76ddb4+292f94]
	chromedriver!GetHandleVerifier [0x76937d+28e55d]
	chromedriver!GetHandleVerifier [0x788215+2ad3f5]
	chromedriver!GetHandleVerifier [0x504c18+29df8]
	chromedriver!GetHandleVerifier [0x50c6fd+318dd]
	chromedriver!(No symbol) [0x2c4b99]
	chromedriver!(No symbol) [0x2c41e0]
	chromedriver!GetHandleVerifier [0x8d2bef+3f7dcf]
	KERNEL32!BaseThreadInitThunk [0x765562c4+24]
	ntdll!RtlSubscribeWnfStateChangeNotification [0x770a0aa9+439]
	ntdll!RtlSubscribeWnfStateChangeNotification [0x770a0a74+404]
) -
10/5_17:30_4e             34653197010          ENVIADO      recordatorio FALLIDO (exception: Message: invalid session id; For documentation on this error, please visit: https://www.selenium.dev/documentation/webdriver/troubleshooting/errors#invalidsessionidexception
Stacktrace:
	chromedriver!GetHandleVerifier [0x4eb373+10553]
	chromedriver!GetHandleVerifier [0x4eb4a4+10684]
	chromedriver!(No symbol) [0x2f1c4e]
	chromedriver!(No symbol) [0x32f2c5]
	chromedriver!(No symbol) [0x35d726]
	chromedriver!(No symbol) [0x358c62]
	chromedriver!(No symbol) [0x358281]
	chromedriver!(No symbol) [0x2c501e]
	chromedriver!(No symbol) [0x2c55be]
	chromedriver!(No symbol) [0x2c5a9d]
	chromedriver!GetHandleVerifier [0x76ddb4+292f94]
	chromedriver!GetHandleVerifier [0x76937d+28e55d]
	chromedriver!GetHandleVerifier [0x788215+2ad3f5]
	chromedriver!GetHandleVerifier [0x504c18+29df8]
	chromedriver!GetHandleVerifier [0x50c6fd+318dd]
	chromedriver!(No symbol) [0x2c4b99]
	chromedriver!(No symbol) [0x2c41e0]
	chromedriver!GetHandleVerifier [0x8d2bef+3f7dcf]
	KERNEL32!BaseThreadInitThunk [0x765562c4+24]
	ntdll!RtlSubscribeWnfStateChangeNotification [0x770a0aa9+439]
	ntdll!RtlSubscribeWnfStateChangeNotification [0x770a0a74+404]
) -

[2026-05-14 12:00:59] POSITIVO | Fotos nuevas: 0 | Envios OK: 0 | Envios FAIL: 0 | Reviews negativas: 0 | Fotos borradas: 0

=== SESIÓN 12:02-12:03 (14/05/2026) ===
RESERVA                   TELÉFONO             ESTADO       RESPUESTA                 REVIEW
-----------------------------------------------------------------------------------------------
9/5_14:30_maf             34665976040          ENVIADO      recordatorio FALLIDO (chat_input_not_found) -
9/5_19:00_maf/csi         34%C2%A0628%C2%A061%C2%A027%C2%A078%E2%80%AC ENVIADO      recordatorio FALLIDO (chat_input_not_found) -
9/5_20:30_4e              34747414084          ENVIADO      recordatorio FALLIDO (chat_input_not_found) -
9/5_19:00_4e              34675651585          ENVIADO      recordatorio FALLIDO (chat_input_not_found) -
10/5_17:30_maf            34722714718          ENVIADO      recordatorio FALLIDO (chat_input_not_found) -
10/5_17:30_4e             34653197010          ENVIADO      recordatorio FALLIDO (chat_input_not_found) -

[2026-05-14 12:03:00] POSITIVO | Fotos nuevas: 0 | Envios OK: 0 | Envios FAIL: 0 | Reviews negativas: 0 | Fotos borradas: 0
[2026-05-14 12:03:18] NEGATIVO | WhatsApp no conectado (QR visible) — ciclo abortado

=== SESIÓN 12:05-12:05 (14/05/2026) ===
RESERVA                   TELÉFONO             ESTADO       RESPUESTA                 REVIEW
-----------------------------------------------------------------------------------------------
9/5_14:30_maf             34665976040          ENVIADO      recordatorio FALLIDO (chat_input_not_found) -
9/5_19:00_maf/csi         34%C2%A0628%C2%A061%C2%A027%C2%A078%E2%80%AC ENVIADO      recordatorio FALLIDO (chat_input_not_found) -
9/5_20:30_4e              34747414084          ENVIADO      recordatorio FALLIDO (chat_input_not_found) -
9/5_19:00_4e              34675651585          ENVIADO      recordatorio FALLIDO (chat_input_not_found) -
10/5_17:30_maf            34722714718          ENVIADO      recordatorio FALLIDO (chat_input_not_found) -
10/5_17:30_4e             34653197010          ENVIADO      recordatorio FALLIDO (chat_input_not_found) -

[2026-05-14 12:05:22] POSITIVO | Fotos nuevas: 0 | Envios OK: 0 | Envios FAIL: 0 | Reviews negativas: 0 | Fotos borradas: 0

=== SESIÓN 12:06-12:06 (14/05/2026) ===
RESERVA                   TELÉFONO             ESTADO       RESPUESTA                 REVIEW
-----------------------------------------------------------------------------------------------
9/5_14:30_maf             34665976040          ENVIADO      recordatorio FALLIDO (chat_input_not_found) -
9/5_19:00_maf/csi         34%C2%A0628%C2%A061%C2%A027%C2%A078%E2%80%AC ENVIADO      recordatorio FALLIDO (chat_input_not_found) -
9/5_20:30_4e              34747414084          ENVIADO      recordatorio FALLIDO (chat_input_not_found) -
9/5_19:00_4e              34675651585          ENVIADO      recordatorio FALLIDO (chat_input_not_found) -
10/5_17:30_maf            34722714718          ENVIADO      recordatorio FALLIDO (chat_input_not_found) -
10/5_17:30_4e             34653197010          ENVIADO      recordatorio FALLIDO (chat_input_not_found) -

[2026-05-14 12:06:41] POSITIVO | Fotos nuevas: 0 | Envios OK: 0 | Envios FAIL: 0 | Reviews negativas: 0 | Fotos borradas: 0

=== SESIÓN 12:07-12:08 (14/05/2026) ===
RESERVA                   TELÉFONO             ESTADO       RESPUESTA                 REVIEW
-----------------------------------------------------------------------------------------------
9/5_14:30_maf             34665976040          ENVIADO      recordatorio FALLIDO (chat_input_not_found) -
9/5_19:00_maf/csi         34%C2%A0628%C2%A061%C2%A027%C2%A078%E2%80%AC ENVIADO      recordatorio FALLIDO (chat_input_not_found) -
9/5_20:30_4e              34747414084          ENVIADO      recordatorio FALLIDO (chat_input_not_found) -
9/5_19:00_4e              34675651585          ENVIADO      recordatorio FALLIDO (chat_input_not_found) -
10/5_17:30_maf            34722714718          ENVIADO      recordatorio FALLIDO (chat_input_not_found) -
10/5_17:30_4e             34653197010          ENVIADO      recordatorio FALLIDO (chat_input_not_found) -

[2026-05-14 12:08:00] POSITIVO | Fotos nuevas: 0 | Envios OK: 0 | Envios FAIL: 0 | Reviews negativas: 0 | Fotos borradas: 0

=== SESIÓN 12:05-12:08 (14/05/2026) ===
RESERVA                   TELÉFONO             ESTADO       RESPUESTA                 REVIEW
-----------------------------------------------------------------------------------------------
9/5_14:30_maf             34665976040          ENVIADO      recordatorio FALLIDO (exception: HTTPConnectionPool(host='localhost', port=53117): Max retries exceeded with url: /session/8fb6002c4abcbc15037167bfcfeb045b/source (Caused by NewConnectionError("HTTPConnection(host='localhost', port=53117): Failed to establish a new connection: [WinError 10061] No connection could be made because the target machine actively refused it"))) -
9/5_19:00_maf/csi         34%C2%A0628%C2%A061%C2%A027%C2%A078%E2%80%AC ENVIADO      recordatorio FALLIDO (exception: HTTPConnectionPool(host='localhost', port=53117): Max retries exceeded with url: /session/8fb6002c4abcbc15037167bfcfeb045b/source (Caused by NewConnectionError("HTTPConnection(host='localhost', port=53117): Failed to establish a new connection: [WinError 10061] No connection could be made because the target machine actively refused it"))) -
9/5_20:30_4e              34747414084          ENVIADO      recordatorio FALLIDO (exception: HTTPConnectionPool(host='localhost', port=53117): Max retries exceeded with url: /session/8fb6002c4abcbc15037167bfcfeb045b/source (Caused by NewConnectionError("HTTPConnection(host='localhost', port=53117): Failed to establish a new connection: [WinError 10061] No connection could be made because the target machine actively refused it"))) -
9/5_19:00_4e              34675651585          ENVIADO      recordatorio FALLIDO (exception: HTTPConnectionPool(host='localhost', port=53117): Max retries exceeded with url: /session/8fb6002c4abcbc15037167bfcfeb045b/source (Caused by NewConnectionError("HTTPConnection(host='localhost', port=53117): Failed to establish a new connection: [WinError 10061] No connection could be made because the target machine actively refused it"))) -
10/5_17:30_maf            34722714718          ENVIADO      recordatorio FALLIDO (exception: HTTPConnectionPool(host='localhost', port=53117): Max retries exceeded with url: /session/8fb6002c4abcbc15037167bfcfeb045b/source (Caused by NewConnectionError("HTTPConnection(host='localhost', port=53117): Failed to establish a new connection: [WinError 10061] No connection could be made because the target machine actively refused it"))) -
10/5_17:30_4e             34653197010          ENVIADO      recordatorio FALLIDO (exception: HTTPConnectionPool(host='localhost', port=53117): Max retries exceeded with url: /session/8fb6002c4abcbc15037167bfcfeb045b/source (Caused by NewConnectionError("HTTPConnection(host='localhost', port=53117): Failed to establish a new connection: [WinError 10061] No connection could be made because the target machine actively refused it"))) -

[2026-05-14 12:08:32] POSITIVO | Fotos nuevas: 0 | Envios OK: 0 | Envios FAIL: 0 | Reviews negativas: 0 | Fotos borradas: 0

=== SESIÓN 12:09-12:09 (14/05/2026) ===
RESERVA                   TELÉFONO             ESTADO       RESPUESTA                 REVIEW
-----------------------------------------------------------------------------------------------
9/5_14:30_maf             34665976040          ENVIADO      recordatorio FALLIDO (chat_input_not_found) -
9/5_19:00_maf/csi         34%C2%A0628%C2%A061%C2%A027%C2%A078%E2%80%AC ENVIADO      recordatorio FALLIDO (chat_input_not_found) -
9/5_20:30_4e              34747414084          ENVIADO      recordatorio FALLIDO (chat_input_not_found) -
9/5_19:00_4e              34675651585          ENVIADO      recordatorio FALLIDO (chat_input_not_found) -
10/5_17:30_maf            34722714718          ENVIADO      recordatorio FALLIDO (chat_input_not_found) -
10/5_17:30_4e             34653197010          ENVIADO      recordatorio FALLIDO (chat_input_not_found) -

[2026-05-14 12:09:58] POSITIVO | Fotos nuevas: 0 | Envios OK: 0 | Envios FAIL: 0 | Reviews negativas: 0 | Fotos borradas: 0
[2026-05-14 12:10:19] NEGATIVO | WhatsApp no conectado (QR visible) — ciclo abortado

=== SESIÓN 12:12-12:12 (14/05/2026) ===
RESERVA                   TELÉFONO             ESTADO       RESPUESTA                 REVIEW
-----------------------------------------------------------------------------------------------
9/5_14:30_maf             34665976040          ENVIADO      recordatorio FALLIDO (chat_input_not_found) -
9/5_19:00_maf/csi         34%C2%A0628%C2%A061%C2%A027%C2%A078%E2%80%AC ENVIADO      recordatorio FALLIDO (chat_input_not_found) -
9/5_20:30_4e              34747414084          ENVIADO      recordatorio FALLIDO (chat_input_not_found) -
9/5_19:00_4e              34675651585          ENVIADO      recordatorio FALLIDO (chat_input_not_found) -
10/5_17:30_maf            34722714718          ENVIADO      recordatorio FALLIDO (chat_input_not_found) -
10/5_17:30_4e             34653197010          ENVIADO      recordatorio FALLIDO (chat_input_not_found) -

[2026-05-14 12:12:23] POSITIVO | Fotos nuevas: 0 | Envios OK: 0 | Envios FAIL: 0 | Reviews negativas: 0 | Fotos borradas: 0

=== SESIÓN 12:13-12:13 (14/05/2026) ===
RESERVA                   TELÉFONO             ESTADO       RESPUESTA                 REVIEW
-----------------------------------------------------------------------------------------------
9/5_14:30_maf             34665976040          ENVIADO      recordatorio FALLIDO (chat_input_not_found) -
9/5_19:00_maf/csi         34%C2%A0628%C2%A061%C2%A027%C2%A078%E2%80%AC ENVIADO      recordatorio FALLIDO (chat_input_not_found) -
9/5_20:30_4e              34747414084          ENVIADO      recordatorio FALLIDO (chat_input_not_found) -
9/5_19:00_4e              34675651585          ENVIADO      recordatorio FALLIDO (chat_input_not_found) -
10/5_17:30_maf            34722714718          ENVIADO      recordatorio FALLIDO (chat_input_not_found) -
10/5_17:30_4e             34653197010          ENVIADO      recordatorio FALLIDO (chat_input_not_found) -

[2026-05-14 12:13:44] POSITIVO | Fotos nuevas: 0 | Envios OK: 0 | Envios FAIL: 0 | Reviews negativas: 0 | Fotos borradas: 0

=== SESIÓN 12:11-12:13 (14/05/2026) ===
RESERVA                   TELÉFONO             ESTADO       RESPUESTA                 REVIEW
-----------------------------------------------------------------------------------------------
9/5_14:30_maf             34665976040          ENVIADO      recordatorio FALLIDO (exception: HTTPConnectionPool(host='localhost', port=53886): Max retries exceeded with url: /session/5920bdac4ffe8ea9c4abe1ae9219e392/source (Caused by NewConnectionError("HTTPConnection(host='localhost', port=53886): Failed to establish a new connection: [WinError 10061] No connection could be made because the target machine actively refused it"))) -
9/5_19:00_maf/csi         34%C2%A0628%C2%A061%C2%A027%C2%A078%E2%80%AC ENVIADO      recordatorio FALLIDO (exception: HTTPConnectionPool(host='localhost', port=53886): Max retries exceeded with url: /session/5920bdac4ffe8ea9c4abe1ae9219e392/source (Caused by NewConnectionError("HTTPConnection(host='localhost', port=53886): Failed to establish a new connection: [WinError 10061] No connection could be made because the target machine actively refused it"))) -
9/5_20:30_4e              34747414084          ENVIADO      recordatorio FALLIDO (exception: HTTPConnectionPool(host='localhost', port=53886): Max retries exceeded with url: /session/5920bdac4ffe8ea9c4abe1ae9219e392/source (Caused by NewConnectionError("HTTPConnection(host='localhost', port=53886): Failed to establish a new connection: [WinError 10061] No connection could be made because the target machine actively refused it"))) -
9/5_19:00_4e              34675651585          ENVIADO      recordatorio FALLIDO (exception: HTTPConnectionPool(host='localhost', port=53886): Max retries exceeded with url: /session/5920bdac4ffe8ea9c4abe1ae9219e392/source (Caused by NewConnectionError("HTTPConnection(host='localhost', port=53886): Failed to establish a new connection: [WinError 10061] No connection could be made because the target machine actively refused it"))) -
10/5_17:30_maf            34722714718          ENVIADO      recordatorio FALLIDO (exception: HTTPConnectionPool(host='localhost', port=53886): Max retries exceeded with url: /session/5920bdac4ffe8ea9c4abe1ae9219e392/source (Caused by NewConnectionError("HTTPConnection(host='localhost', port=53886): Failed to establish a new connection: [WinError 10061] No connection could be made because the target machine actively refused it"))) -
10/5_17:30_4e             34653197010          ENVIADO      recordatorio FALLIDO (exception: HTTPConnectionPool(host='localhost', port=53886): Max retries exceeded with url: /session/5920bdac4ffe8ea9c4abe1ae9219e392/source (Caused by NewConnectionError("HTTPConnection(host='localhost', port=53886): Failed to establish a new connection: [WinError 10061] No connection could be made because the target machine actively refused it"))) -

[2026-05-14 12:13:58] POSITIVO | Fotos nuevas: 0 | Envios OK: 0 | Envios FAIL: 0 | Reviews negativas: 0 | Fotos borradas: 0

=== SESIÓN 12:15-12:16 (14/05/2026) ===
RESERVA                   TELÉFONO             ESTADO       RESPUESTA                 REVIEW
-----------------------------------------------------------------------------------------------
9/5_14:30_maf             34665976040          ENVIADO      recordatorio FALLIDO (chat_input_not_found) -
9/5_19:00_maf/csi         34%C2%A0628%C2%A061%C2%A027%C2%A078%E2%80%AC ENVIADO      recordatorio FALLIDO (chat_input_not_found) -
9/5_20:30_4e              34747414084          ENVIADO      recordatorio FALLIDO (chat_input_not_found) -
9/5_19:00_4e              34675651585          ENVIADO      recordatorio FALLIDO (chat_input_not_found) -
10/5_17:30_maf            34722714718          ENVIADO      recordatorio FALLIDO (chat_input_not_found) -
10/5_17:30_4e             34653197010          ENVIADO      recordatorio FALLIDO (chat_input_not_found) -

[2026-05-14 12:16:08] POSITIVO | Fotos nuevas: 0 | Envios OK: 0 | Envios FAIL: 0 | Reviews negativas: 0 | Fotos borradas: 0

=== SESIÓN 12:17-12:17 (14/05/2026) ===
RESERVA                   TELÉFONO             ESTADO       RESPUESTA                 REVIEW
-----------------------------------------------------------------------------------------------
9/5_14:30_maf             34665976040          ENVIADO      recordatorio FALLIDO (chat_input_not_found) -
9/5_19:00_maf/csi         34%C2%A0628%C2%A061%C2%A027%C2%A078%E2%80%AC ENVIADO      recordatorio FALLIDO (chat_input_not_found) -
9/5_20:30_4e              34747414084          ENVIADO      recordatorio FALLIDO (chat_input_not_found) -
9/5_19:00_4e              34675651585          ENVIADO      recordatorio FALLIDO (chat_input_not_found) -
10/5_17:30_maf            34722714718          ENVIADO      recordatorio FALLIDO (chat_input_not_found) -
10/5_17:30_4e             34653197010          ENVIADO      recordatorio FALLIDO (chat_input_not_found) -

[2026-05-14 12:17:24] POSITIVO | Fotos nuevas: 0 | Envios OK: 0 | Envios FAIL: 0 | Reviews negativas: 0 | Fotos borradas: 0

=== SESIÓN 12:18-12:18 (14/05/2026) ===
RESERVA                   TELÉFONO             ESTADO       RESPUESTA                 REVIEW
-----------------------------------------------------------------------------------------------
9/5_14:30_maf             34665976040          ENVIADO      recordatorio FALLIDO (chat_input_not_found) -
9/5_19:00_maf/csi         34%C2%A0628%C2%A061%C2%A027%C2%A078%E2%80%AC ENVIADO      recordatorio FALLIDO (chat_input_not_found) -
9/5_20:30_4e              34747414084          ENVIADO      recordatorio FALLIDO (chat_input_not_found) -
9/5_19:00_4e              34675651585          ENVIADO      recordatorio FALLIDO (chat_input_not_found) -
10/5_17:30_maf            34722714718          ENVIADO      recordatorio FALLIDO (chat_input_not_found) -
10/5_17:30_4e             34653197010          ENVIADO      recordatorio FALLIDO (chat_input_not_found) -

[2026-05-14 12:18:43] POSITIVO | Fotos nuevas: 0 | Envios OK: 0 | Envios FAIL: 0 | Reviews negativas: 0 | Fotos borradas: 0

=== SESIÓN 12:19-12:20 (14/05/2026) ===
RESERVA                   TELÉFONO             ESTADO       RESPUESTA                 REVIEW
-----------------------------------------------------------------------------------------------
9/5_14:30_maf             34665976040          ENVIADO      recordatorio FALLIDO (chat_input_not_found) -
9/5_19:00_maf/csi         34%C2%A0628%C2%A061%C2%A027%C2%A078%E2%80%AC ENVIADO      recordatorio FALLIDO (chat_input_not_found) -
9/5_20:30_4e              34747414084          ENVIADO      recordatorio FALLIDO (chat_input_not_found) -
9/5_19:00_4e              34675651585          ENVIADO      recordatorio FALLIDO (chat_input_not_found) -
10/5_17:30_maf            34722714718          ENVIADO      recordatorio FALLIDO (chat_input_not_found) -
10/5_17:30_4e             34653197010          ENVIADO      recordatorio FALLIDO (chat_input_not_found) -

[2026-05-14 12:20:02] POSITIVO | Fotos nuevas: 0 | Envios OK: 0 | Envios FAIL: 0 | Reviews negativas: 0 | Fotos borradas: 0

=== SESIÓN 12:17-12:20 (14/05/2026) ===
RESERVA                   TELÉFONO             ESTADO       RESPUESTA                 REVIEW
-----------------------------------------------------------------------------------------------
9/5_14:30_maf             34665976040          ENVIADO      recordatorio FALLIDO (exception: HTTPConnectionPool(host='localhost', port=54322): Max retries exceeded with url: /session/ece2c2a44003d11c9e3f205b4cba9559/source (Caused by NewConnectionError("HTTPConnection(host='localhost', port=54322): Failed to establish a new connection: [WinError 10061] No connection could be made because the target machine actively refused it"))) -
9/5_19:00_maf/csi         34%C2%A0628%C2%A061%C2%A027%C2%A078%E2%80%AC ENVIADO      recordatorio FALLIDO (exception: HTTPConnectionPool(host='localhost', port=54322): Max retries exceeded with url: /session/ece2c2a44003d11c9e3f205b4cba9559/source (Caused by NewConnectionError("HTTPConnection(host='localhost', port=54322): Failed to establish a new connection: [WinError 10061] No connection could be made because the target machine actively refused it"))) -
9/5_20:30_4e              34747414084          ENVIADO      recordatorio FALLIDO (exception: HTTPConnectionPool(host='localhost', port=54322): Max retries exceeded with url: /session/ece2c2a44003d11c9e3f205b4cba9559/source (Caused by NewConnectionError("HTTPConnection(host='localhost', port=54322): Failed to establish a new connection: [WinError 10061] No connection could be made because the target machine actively refused it"))) -
9/5_19:00_4e              34675651585          ENVIADO      recordatorio FALLIDO (exception: HTTPConnectionPool(host='localhost', port=54322): Max retries exceeded with url: /session/ece2c2a44003d11c9e3f205b4cba9559/source (Caused by NewConnectionError("HTTPConnection(host='localhost', port=54322): Failed to establish a new connection: [WinError 10061] No connection could be made because the target machine actively refused it"))) -
10/5_17:30_maf            34722714718          ENVIADO      recordatorio FALLIDO (exception: HTTPConnectionPool(host='localhost', port=54322): Max retries exceeded with url: /session/ece2c2a44003d11c9e3f205b4cba9559/source (Caused by NewConnectionError("HTTPConnection(host='localhost', port=54322): Failed to establish a new connection: [WinError 10061] No connection could be made because the target machine actively refused it"))) -
10/5_17:30_4e             34653197010          ENVIADO      recordatorio FALLIDO (exception: HTTPConnectionPool(host='localhost', port=54322): Max retries exceeded with url: /session/ece2c2a44003d11c9e3f205b4cba9559/source (Caused by NewConnectionError("HTTPConnection(host='localhost', port=54322): Failed to establish a new connection: [WinError 10061] No connection could be made because the target machine actively refused it"))) -

[2026-05-14 12:20:39] POSITIVO | Fotos nuevas: 0 | Envios OK: 0 | Envios FAIL: 0 | Reviews negativas: 0 | Fotos borradas: 0

=== SESIÓN 12:21-12:22 (14/05/2026) ===
RESERVA                   TELÉFONO             ESTADO       RESPUESTA                 REVIEW
-----------------------------------------------------------------------------------------------
9/5_14:30_maf             34665976040          ENVIADO      recordatorio FALLIDO (chat_input_not_found) -
9/5_19:00_maf/csi         34%C2%A0628%C2%A061%C2%A027%C2%A078%E2%80%AC ENVIADO      recordatorio FALLIDO (chat_input_not_found) -
9/5_20:30_4e              34747414084          ENVIADO      recordatorio FALLIDO (chat_input_not_found) -
9/5_19:00_4e              34675651585          ENVIADO      recordatorio FALLIDO (chat_input_not_found) -
10/5_17:30_maf            34722714718          ENVIADO      recordatorio FALLIDO (chat_input_not_found) -
10/5_17:30_4e             34653197010          ENVIADO      recordatorio FALLIDO (chat_input_not_found) -

[2026-05-14 12:22:06] POSITIVO | Fotos nuevas: 0 | Envios OK: 0 | Envios FAIL: 0 | Reviews negativas: 0 | Fotos borradas: 0
[2026-05-14 12:22:26] NEGATIVO | WhatsApp no conectado (QR visible) — ciclo abortado

=== SESIÓN 12:24-12:24 (14/05/2026) ===
RESERVA                   TELÉFONO             ESTADO       RESPUESTA                 REVIEW
-----------------------------------------------------------------------------------------------
9/5_14:30_maf             34665976040          ENVIADO      recordatorio FALLIDO (chat_input_not_found) -
9/5_19:00_maf/csi         34%C2%A0628%C2%A061%C2%A027%C2%A078%E2%80%AC ENVIADO      recordatorio FALLIDO (chat_input_not_found) -
9/5_20:30_4e              34747414084          ENVIADO      recordatorio FALLIDO (chat_input_not_found) -
9/5_19:00_4e              34675651585          ENVIADO      recordatorio FALLIDO (chat_input_not_found) -
10/5_17:30_maf            34722714718          ENVIADO      recordatorio FALLIDO (chat_input_not_found) -
10/5_17:30_4e             34653197010          ENVIADO      recordatorio FALLIDO (chat_input_not_found) -

[2026-05-14 12:24:29] POSITIVO | Fotos nuevas: 0 | Envios OK: 0 | Envios FAIL: 0 | Reviews negativas: 0 | Fotos borradas: 0

=== SESIÓN 12:25-12:25 (14/05/2026) ===
RESERVA                   TELÉFONO             ESTADO       RESPUESTA                 REVIEW
-----------------------------------------------------------------------------------------------
9/5_14:30_maf             34665976040          ENVIADO      recordatorio FALLIDO (chat_input_not_found) -
9/5_19:00_maf/csi         34%C2%A0628%C2%A061%C2%A027%C2%A078%E2%80%AC ENVIADO      recordatorio FALLIDO (chat_input_not_found) -
9/5_20:30_4e              34747414084          ENVIADO      recordatorio FALLIDO (chat_input_not_found) -
9/5_19:00_4e              34675651585          ENVIADO      recordatorio FALLIDO (chat_input_not_found) -
10/5_17:30_maf            34722714718          ENVIADO      recordatorio FALLIDO (chat_input_not_found) -
10/5_17:30_4e             34653197010          ENVIADO      recordatorio FALLIDO (chat_input_not_found) -

[2026-05-14 12:25:46] POSITIVO | Fotos nuevas: 0 | Envios OK: 0 | Envios FAIL: 0 | Reviews negativas: 0 | Fotos borradas: 0

=== SESIÓN 12:24-12:27 (14/05/2026) ===
RESERVA                   TELÉFONO             ESTADO       RESPUESTA                 REVIEW
-----------------------------------------------------------------------------------------------
9/5_14:30_maf             34665976040          ENVIADO      recordatorio FALLIDO (exception: HTTPConnectionPool(host='localhost', port=54965): Max retries exceeded with url: /session/f6765dd74d3fcb671f1bd60b8812ba2f/source (Caused by NewConnectionError("HTTPConnection(host='localhost', port=54965): Failed to establish a new connection: [WinError 10061] No connection could be made because the target machine actively refused it"))) -
9/5_19:00_maf/csi         34%C2%A0628%C2%A061%C2%A027%C2%A078%E2%80%AC ENVIADO      recordatorio FALLIDO (exception: HTTPConnectionPool(host='localhost', port=54965): Max retries exceeded with url: /session/f6765dd74d3fcb671f1bd60b8812ba2f/source (Caused by NewConnectionError("HTTPConnection(host='localhost', port=54965): Failed to establish a new connection: [WinError 10061] No connection could be made because the target machine actively refused it"))) -
9/5_20:30_4e              34747414084          ENVIADO      recordatorio FALLIDO (exception: HTTPConnectionPool(host='localhost', port=54965): Max retries exceeded with url: /session/f6765dd74d3fcb671f1bd60b8812ba2f/source (Caused by NewConnectionError("HTTPConnection(host='localhost', port=54965): Failed to establish a new connection: [WinError 10061] No connection could be made because the target machine actively refused it"))) -
9/5_19:00_4e              34675651585          ENVIADO      recordatorio FALLIDO (exception: HTTPConnectionPool(host='localhost', port=54965): Max retries exceeded with url: /session/f6765dd74d3fcb671f1bd60b8812ba2f/source (Caused by NewConnectionError("HTTPConnection(host='localhost', port=54965): Failed to establish a new connection: [WinError 10061] No connection could be made because the target machine actively refused it"))) -
10/5_17:30_maf            34722714718          ENVIADO      recordatorio FALLIDO (exception: HTTPConnectionPool(host='localhost', port=54965): Max retries exceeded with url: /session/f6765dd74d3fcb671f1bd60b8812ba2f/source (Caused by NewConnectionError("HTTPConnection(host='localhost', port=54965): Failed to establish a new connection: [WinError 10061] No connection could be made because the target machine actively refused it"))) -
10/5_17:30_4e             34653197010          ENVIADO      recordatorio FALLIDO (exception: HTTPConnectionPool(host='localhost', port=54965): Max retries exceeded with url: /session/f6765dd74d3fcb671f1bd60b8812ba2f/source (Caused by NewConnectionError("HTTPConnection(host='localhost', port=54965): Failed to establish a new connection: [WinError 10061] No connection could be made because the target machine actively refused it"))) -

[2026-05-14 12:27:04] POSITIVO | Fotos nuevas: 0 | Envios OK: 0 | Envios FAIL: 0 | Reviews negativas: 0 | Fotos borradas: 0

=== SESIÓN 12:26-12:27 (14/05/2026) ===
RESERVA                   TELÉFONO             ESTADO       RESPUESTA                 REVIEW
-----------------------------------------------------------------------------------------------
9/5_14:30_maf             34665976040          ENVIADO      recordatorio FALLIDO (chat_input_not_found) -
9/5_19:00_maf/csi         34%C2%A0628%C2%A061%C2%A027%C2%A078%E2%80%AC ENVIADO      recordatorio FALLIDO (chat_input_not_found) -
9/5_20:30_4e              34747414084          ENVIADO      recordatorio FALLIDO (chat_input_not_found) -
9/5_19:00_4e              34675651585          ENVIADO      recordatorio FALLIDO (chat_input_not_found) -
10/5_17:30_maf            34722714718          ENVIADO      recordatorio FALLIDO (chat_input_not_found) -
10/5_17:30_4e             34653197010          ENVIADO      recordatorio FALLIDO (chat_input_not_found) -

[2026-05-14 12:27:05] POSITIVO | Fotos nuevas: 0 | Envios OK: 0 | Envios FAIL: 0 | Reviews negativas: 0 | Fotos borradas: 0

=== SESIÓN 12:28-12:29 (14/05/2026) ===
RESERVA                   TELÉFONO             ESTADO       RESPUESTA                 REVIEW
-----------------------------------------------------------------------------------------------
9/5_14:30_maf             34665976040          ENVIADO      recordatorio FALLIDO (chat_input_not_found) -
9/5_19:00_maf/csi         34%C2%A0628%C2%A061%C2%A027%C2%A078%E2%80%AC ENVIADO      recordatorio FALLIDO (chat_input_not_found) -
9/5_20:30_4e              34747414084          ENVIADO      recordatorio FALLIDO (chat_input_not_found) -
9/5_19:00_4e              34675651585          ENVIADO      recordatorio FALLIDO (chat_input_not_found) -
10/5_17:30_maf            34722714718          ENVIADO      recordatorio FALLIDO (chat_input_not_found) -
10/5_17:30_4e             34653197010          ENVIADO      recordatorio FALLIDO (chat_input_not_found) -

[2026-05-14 12:29:07] POSITIVO | Fotos nuevas: 0 | Envios OK: 0 | Envios FAIL: 0 | Reviews negativas: 0 | Fotos borradas: 0
[2026-05-14 12:29:09] NEGATIVO | WhatsApp no conectado (QR visible) — ciclo abortado

=== SESIÓN 12:31-12:31 (14/05/2026) ===
RESERVA                   TELÉFONO             ESTADO       RESPUESTA                 REVIEW
-----------------------------------------------------------------------------------------------
9/5_14:30_maf             34665976040          ENVIADO      recordatorio FALLIDO (chat_input_not_found) -
9/5_19:00_maf/csi         34%C2%A0628%C2%A061%C2%A027%C2%A078%E2%80%AC ENVIADO      recordatorio FALLIDO (chat_input_not_found) -
9/5_20:30_4e              34747414084          ENVIADO      recordatorio FALLIDO (chat_input_not_found) -
9/5_19:00_4e              34675651585          ENVIADO      recordatorio FALLIDO (chat_input_not_found) -
10/5_17:30_maf            34722714718          ENVIADO      recordatorio FALLIDO (chat_input_not_found) -
10/5_17:30_4e             34653197010          ENVIADO      recordatorio FALLIDO (chat_input_not_found) -

[2026-05-14 12:31:15] POSITIVO | Fotos nuevas: 0 | Envios OK: 0 | Envios FAIL: 0 | Reviews negativas: 0 | Fotos borradas: 0

=== SESIÓN 12:32-12:32 (14/05/2026) ===
RESERVA                   TELÉFONO             ESTADO       RESPUESTA                 REVIEW
-----------------------------------------------------------------------------------------------
9/5_14:30_maf             34665976040          ENVIADO      recordatorio FALLIDO (chat_input_not_found) -
9/5_19:00_maf/csi         34%C2%A0628%C2%A061%C2%A027%C2%A078%E2%80%AC ENVIADO      recordatorio FALLIDO (chat_input_not_found) -
9/5_20:30_4e              34747414084          ENVIADO      recordatorio FALLIDO (chat_input_not_found) -
9/5_19:00_4e              34675651585          ENVIADO      recordatorio FALLIDO (chat_input_not_found) -
10/5_17:30_maf            34722714718          ENVIADO      recordatorio FALLIDO (chat_input_not_found) -
10/5_17:30_4e             34653197010          ENVIADO      recordatorio FALLIDO (chat_input_not_found) -

[2026-05-14 12:32:32] POSITIVO | Fotos nuevas: 0 | Envios OK: 0 | Envios FAIL: 0 | Reviews negativas: 0 | Fotos borradas: 0

=== SESIÓN 12:33-12:33 (14/05/2026) ===
RESERVA                   TELÉFONO             ESTADO       RESPUESTA                 REVIEW
-----------------------------------------------------------------------------------------------
9/5_14:30_maf             34665976040          ENVIADO      recordatorio FALLIDO (chat_input_not_found) -
9/5_19:00_maf/csi         34%C2%A0628%C2%A061%C2%A027%C2%A078%E2%80%AC ENVIADO      recordatorio FALLIDO (chat_input_not_found) -
9/5_20:30_4e              34747414084          ENVIADO      recordatorio FALLIDO (chat_input_not_found) -
9/5_19:00_4e              34675651585          ENVIADO      recordatorio FALLIDO (chat_input_not_found) -
10/5_17:30_maf            34722714718          ENVIADO      recordatorio FALLIDO (chat_input_not_found) -
10/5_17:30_4e             34653197010          ENVIADO      recordatorio FALLIDO (chat_input_not_found) -

[2026-05-14 12:33:50] POSITIVO | Fotos nuevas: 0 | Envios OK: 0 | Envios FAIL: 0 | Reviews negativas: 0 | Fotos borradas: 0

=== SESIÓN 12:35-12:35 (14/05/2026) ===
RESERVA                   TELÉFONO             ESTADO       RESPUESTA                 REVIEW
-----------------------------------------------------------------------------------------------
9/5_14:30_maf             34665976040          ENVIADO      recordatorio FALLIDO (chat_input_not_found) -
9/5_19:00_maf/csi         34%C2%A0628%C2%A061%C2%A027%C2%A078%E2%80%AC ENVIADO      recordatorio FALLIDO (chat_input_not_found) -
9/5_20:30_4e              34747414084          ENVIADO      recordatorio FALLIDO (chat_input_not_found) -
9/5_19:00_4e              34675651585          ENVIADO      recordatorio FALLIDO (chat_input_not_found) -
10/5_17:30_maf            34722714718          ENVIADO      recordatorio FALLIDO (chat_input_not_found) -
10/5_17:30_4e             34653197010          ENVIADO      recordatorio FALLIDO (chat_input_not_found) -

[2026-05-14 12:35:08] POSITIVO | Fotos nuevas: 0 | Envios OK: 0 | Envios FAIL: 0 | Reviews negativas: 0 | Fotos borradas: 0

=== SESIÓN 12:36-12:36 (14/05/2026) ===
RESERVA                   TELÉFONO             ESTADO       RESPUESTA                 REVIEW
-----------------------------------------------------------------------------------------------
9/5_14:30_maf             34665976040          ENVIADO      recordatorio FALLIDO (chat_input_not_found) -
9/5_19:00_maf/csi         34%C2%A0628%C2%A061%C2%A027%C2%A078%E2%80%AC ENVIADO      recordatorio FALLIDO (chat_input_not_found) -
9/5_20:30_4e              34747414084          ENVIADO      recordatorio FALLIDO (chat_input_not_found) -
9/5_19:00_4e              34675651585          ENVIADO      recordatorio FALLIDO (chat_input_not_found) -
10/5_17:30_maf            34722714718          ENVIADO      recordatorio FALLIDO (chat_input_not_found) -
10/5_17:30_4e             34653197010          ENVIADO      recordatorio FALLIDO (chat_input_not_found) -

[2026-05-14 12:36:26] POSITIVO | Fotos nuevas: 0 | Envios OK: 0 | Envios FAIL: 0 | Reviews negativas: 0 | Fotos borradas: 0

=== SESIÓN 12:37-12:37 (14/05/2026) ===
RESERVA                   TELÉFONO             ESTADO       RESPUESTA                 REVIEW
-----------------------------------------------------------------------------------------------
9/5_14:30_maf             34665976040          ENVIADO      recordatorio FALLIDO (chat_input_not_found) -
9/5_19:00_maf/csi         34%C2%A0628%C2%A061%C2%A027%C2%A078%E2%80%AC ENVIADO      recordatorio FALLIDO (chat_input_not_found) -
9/5_20:30_4e              34747414084          ENVIADO      recordatorio FALLIDO (chat_input_not_found) -
9/5_19:00_4e              34675651585          ENVIADO      recordatorio FALLIDO (chat_input_not_found) -
10/5_17:30_maf            34722714718          ENVIADO      recordatorio FALLIDO (chat_input_not_found) -
10/5_17:30_4e             34653197010          ENVIADO      recordatorio FALLIDO (chat_input_not_found) -

[2026-05-14 12:37:42] POSITIVO | Fotos nuevas: 0 | Envios OK: 0 | Envios FAIL: 0 | Reviews negativas: 0 | Fotos borradas: 0

=== SESIÓN 12:38-12:38 (14/05/2026) ===
RESERVA                   TELÉFONO             ESTADO       RESPUESTA                 REVIEW
-----------------------------------------------------------------------------------------------
9/5_14:30_maf             34665976040          ENVIADO      recordatorio FALLIDO (chat_input_not_found) -
9/5_19:00_maf/csi         34%C2%A0628%C2%A061%C2%A027%C2%A078%E2%80%AC ENVIADO      recordatorio FALLIDO (chat_input_not_found) -
9/5_20:30_4e              34747414084          ENVIADO      recordatorio FALLIDO (chat_input_not_found) -
9/5_19:00_4e              34675651585          ENVIADO      recordatorio FALLIDO (chat_input_not_found) -
10/5_17:30_maf            34722714718          ENVIADO      recordatorio FALLIDO (chat_input_not_found) -
10/5_17:30_4e             34653197010          ENVIADO      recordatorio FALLIDO (chat_input_not_found) -

[2026-05-14 12:38:58] POSITIVO | Fotos nuevas: 0 | Envios OK: 0 | Envios FAIL: 0 | Reviews negativas: 0 | Fotos borradas: 0

=== SESIÓN 12:40-12:40 (14/05/2026) ===
RESERVA                   TELÉFONO             ESTADO       RESPUESTA                 REVIEW
-----------------------------------------------------------------------------------------------
9/5_14:30_maf             34665976040          ENVIADO      recordatorio FALLIDO (chat_input_not_found) -
9/5_19:00_maf/csi         34%C2%A0628%C2%A061%C2%A027%C2%A078%E2%80%AC ENVIADO      recordatorio FALLIDO (chat_input_not_found) -
9/5_20:30_4e              34747414084          ENVIADO      recordatorio FALLIDO (chat_input_not_found) -
9/5_19:00_4e              34675651585          ENVIADO      recordatorio FALLIDO (chat_input_not_found) -
10/5_17:30_maf            34722714718          ENVIADO      recordatorio FALLIDO (chat_input_not_found) -
10/5_17:30_4e             34653197010          ENVIADO      recordatorio FALLIDO (chat_input_not_found) -

[2026-05-14 12:40:16] POSITIVO | Fotos nuevas: 0 | Envios OK: 0 | Envios FAIL: 0 | Reviews negativas: 0 | Fotos borradas: 0

=== SESIÓN 12:38-12:41 (14/05/2026) ===
RESERVA                   TELÉFONO             ESTADO       RESPUESTA                 REVIEW
-----------------------------------------------------------------------------------------------
9/5_14:30_maf             34665976040          ENVIADO      recordatorio FALLIDO (exception: HTTPConnectionPool(host='localhost', port=55470): Max retries exceeded with url: /session/574ae8228ae77827f2d5d4a4295aaa6f/source (Caused by NewConnectionError("HTTPConnection(host='localhost', port=55470): Failed to establish a new connection: [WinError 10061] No connection could be made because the target machine actively refused it"))) -
9/5_19:00_maf/csi         34%C2%A0628%C2%A061%C2%A027%C2%A078%E2%80%AC ENVIADO      recordatorio FALLIDO (exception: HTTPConnectionPool(host='localhost', port=55470): Max retries exceeded with url: /session/574ae8228ae77827f2d5d4a4295aaa6f/source (Caused by NewConnectionError("HTTPConnection(host='localhost', port=55470): Failed to establish a new connection: [WinError 10061] No connection could be made because the target machine actively refused it"))) -
9/5_20:30_4e              34747414084          ENVIADO      recordatorio FALLIDO (exception: HTTPConnectionPool(host='localhost', port=55470): Max retries exceeded with url: /session/574ae8228ae77827f2d5d4a4295aaa6f/source (Caused by NewConnectionError("HTTPConnection(host='localhost', port=55470): Failed to establish a new connection: [WinError 10061] No connection could be made because the target machine actively refused it"))) -
9/5_19:00_4e              34675651585          ENVIADO      recordatorio FALLIDO (exception: HTTPConnectionPool(host='localhost', port=55470): Max retries exceeded with url: /session/574ae8228ae77827f2d5d4a4295aaa6f/source (Caused by NewConnectionError("HTTPConnection(host='localhost', port=55470): Failed to establish a new connection: [WinError 10061] No connection could be made because the target machine actively refused it"))) -
10/5_17:30_maf            34722714718          ENVIADO      recordatorio FALLIDO (exception: HTTPConnectionPool(host='localhost', port=55470): Max retries exceeded with url: /session/574ae8228ae77827f2d5d4a4295aaa6f/source (Caused by NewConnectionError("HTTPConnection(host='localhost', port=55470): Failed to establish a new connection: [WinError 10061] No connection could be made because the target machine actively refused it"))) -
10/5_17:30_4e             34653197010          ENVIADO      recordatorio FALLIDO (exception: HTTPConnectionPool(host='localhost', port=55470): Max retries exceeded with url: /session/574ae8228ae77827f2d5d4a4295aaa6f/source (Caused by NewConnectionError("HTTPConnection(host='localhost', port=55470): Failed to establish a new connection: [WinError 10061] No connection could be made because the target machine actively refused it"))) -

[2026-05-14 12:41:29] POSITIVO | Fotos nuevas: 0 | Envios OK: 0 | Envios FAIL: 0 | Reviews negativas: 0 | Fotos borradas: 0

=== SESIÓN 12:41-12:41 (14/05/2026) ===
RESERVA                   TELÉFONO             ESTADO       RESPUESTA                 REVIEW
-----------------------------------------------------------------------------------------------
9/5_14:30_maf             34665976040          ENVIADO      recordatorio FALLIDO (chat_input_not_found) -
9/5_19:00_maf/csi         34%C2%A0628%C2%A061%C2%A027%C2%A078%E2%80%AC ENVIADO      recordatorio FALLIDO (chat_input_not_found) -
9/5_20:30_4e              34747414084          ENVIADO      recordatorio FALLIDO (chat_input_not_found) -
9/5_19:00_4e              34675651585          ENVIADO      recordatorio FALLIDO (chat_input_not_found) -
10/5_17:30_maf            34722714718          ENVIADO      recordatorio FALLIDO (chat_input_not_found) -
10/5_17:30_4e             34653197010          ENVIADO      recordatorio FALLIDO (chat_input_not_found) -

[2026-05-14 12:41:33] POSITIVO | Fotos nuevas: 0 | Envios OK: 0 | Envios FAIL: 0 | Reviews negativas: 0 | Fotos borradas: 0

=== SESIÓN 12:43-12:43 (14/05/2026) ===
RESERVA                   TELÉFONO             ESTADO       RESPUESTA                 REVIEW
-----------------------------------------------------------------------------------------------
9/5_14:30_maf             34665976040          ENVIADO      recordatorio FALLIDO (chat_input_not_found) -
9/5_19:00_maf/csi         34%C2%A0628%C2%A061%C2%A027%C2%A078%E2%80%AC ENVIADO      recordatorio FALLIDO (chat_input_not_found) -
9/5_20:30_4e              34747414084          ENVIADO      recordatorio FALLIDO (chat_input_not_found) -
9/5_19:00_4e              34675651585          ENVIADO      recordatorio FALLIDO (chat_input_not_found) -
10/5_17:30_maf            34722714718          ENVIADO      recordatorio FALLIDO (chat_input_not_found) -
10/5_17:30_4e             34653197010          ENVIADO      recordatorio FALLIDO (chat_input_not_found) -

[2026-05-14 12:43:28] POSITIVO | Fotos nuevas: 0 | Envios OK: 0 | Envios FAIL: 0 | Reviews negativas: 0 | Fotos borradas: 0
[2026-05-14 12:43:52] NEGATIVO | WhatsApp no conectado (QR visible) — ciclo abortado

=== SESIÓN 12:44-12:44 (14/05/2026) ===
RESERVA                   TELÉFONO             ESTADO       RESPUESTA                 REVIEW
-----------------------------------------------------------------------------------------------
9/5_14:30_maf             34665976040          ENVIADO      recordatorio FALLIDO (chat_input_not_found) -
9/5_19:00_maf/csi         34%C2%A0628%C2%A061%C2%A027%C2%A078%E2%80%AC ENVIADO      recordatorio FALLIDO (exception: Message: invalid session id; For documentation on this error, please visit: https://www.selenium.dev/documentation/webdriver/troubleshooting/errors#invalidsessionidexception
Stacktrace:
	chromedriver!GetHandleVerifier [0x4eb373+10553]
	chromedriver!GetHandleVerifier [0x4eb4a4+10684]
	chromedriver!(No symbol) [0x2f1c4e]
	chromedriver!(No symbol) [0x32f2c5]
	chromedriver!(No symbol) [0x35d726]
	chromedriver!(No symbol) [0x358c62]
	chromedriver!(No symbol) [0x358281]
	chromedriver!(No symbol) [0x2c501e]
	chromedriver!(No symbol) [0x2c55be]
	chromedriver!(No symbol) [0x2c5a9d]
	chromedriver!GetHandleVerifier [0x76ddb4+292f94]
	chromedriver!GetHandleVerifier [0x76937d+28e55d]
	chromedriver!GetHandleVerifier [0x788215+2ad3f5]
	chromedriver!GetHandleVerifier [0x504c18+29df8]
	chromedriver!GetHandleVerifier [0x50c6fd+318dd]
	chromedriver!(No symbol) [0x2c4b99]
	chromedriver!(No symbol) [0x2c41e0]
	chromedriver!GetHandleVerifier [0x8d2bef+3f7dcf]
	KERNEL32!BaseThreadInitThunk [0x765562c4+24]
	ntdll!RtlSubscribeWnfStateChangeNotification [0x770a0aa9+439]
	ntdll!RtlSubscribeWnfStateChangeNotification [0x770a0a74+404]
) -
9/5_20:30_4e              34747414084          ENVIADO      recordatorio FALLIDO (exception: Message: invalid session id; For documentation on this error, please visit: https://www.selenium.dev/documentation/webdriver/troubleshooting/errors#invalidsessionidexception
Stacktrace:
	chromedriver!GetHandleVerifier [0x4eb373+10553]
	chromedriver!GetHandleVerifier [0x4eb4a4+10684]
	chromedriver!(No symbol) [0x2f1c4e]
	chromedriver!(No symbol) [0x32f2c5]
	chromedriver!(No symbol) [0x35d726]
	chromedriver!(No symbol) [0x358c62]
	chromedriver!(No symbol) [0x358281]
	chromedriver!(No symbol) [0x2c501e]
	chromedriver!(No symbol) [0x2c55be]
	chromedriver!(No symbol) [0x2c5a9d]
	chromedriver!GetHandleVerifier [0x76ddb4+292f94]
	chromedriver!GetHandleVerifier [0x76937d+28e55d]
	chromedriver!GetHandleVerifier [0x788215+2ad3f5]
	chromedriver!GetHandleVerifier [0x504c18+29df8]
	chromedriver!GetHandleVerifier [0x50c6fd+318dd]
	chromedriver!(No symbol) [0x2c4b99]
	chromedriver!(No symbol) [0x2c41e0]
	chromedriver!GetHandleVerifier [0x8d2bef+3f7dcf]
	KERNEL32!BaseThreadInitThunk [0x765562c4+24]
	ntdll!RtlSubscribeWnfStateChangeNotification [0x770a0aa9+439]
	ntdll!RtlSubscribeWnfStateChangeNotification [0x770a0a74+404]
) -
9/5_19:00_4e              34675651585          ENVIADO      recordatorio FALLIDO (exception: Message: invalid session id; For documentation on this error, please visit: https://www.selenium.dev/documentation/webdriver/troubleshooting/errors#invalidsessionidexception
Stacktrace:
	chromedriver!GetHandleVerifier [0x4eb373+10553]
	chromedriver!GetHandleVerifier [0x4eb4a4+10684]
	chromedriver!(No symbol) [0x2f1c4e]
	chromedriver!(No symbol) [0x32f2c5]
	chromedriver!(No symbol) [0x35d726]
	chromedriver!(No symbol) [0x358c62]
	chromedriver!(No symbol) [0x358281]
	chromedriver!(No symbol) [0x2c501e]
	chromedriver!(No symbol) [0x2c55be]
	chromedriver!(No symbol) [0x2c5a9d]
	chromedriver!GetHandleVerifier [0x76ddb4+292f94]
	chromedriver!GetHandleVerifier [0x76937d+28e55d]
	chromedriver!GetHandleVerifier [0x788215+2ad3f5]
	chromedriver!GetHandleVerifier [0x504c18+29df8]
	chromedriver!GetHandleVerifier [0x50c6fd+318dd]
	chromedriver!(No symbol) [0x2c4b99]
	chromedriver!(No symbol) [0x2c41e0]
	chromedriver!GetHandleVerifier [0x8d2bef+3f7dcf]
	KERNEL32!BaseThreadInitThunk [0x765562c4+24]
	ntdll!RtlSubscribeWnfStateChangeNotification [0x770a0aa9+439]
	ntdll!RtlSubscribeWnfStateChangeNotification [0x770a0a74+404]
) -
10/5_17:30_maf            34722714718          ENVIADO      recordatorio FALLIDO (exception: Message: invalid session id; For documentation on this error, please visit: https://www.selenium.dev/documentation/webdriver/troubleshooting/errors#invalidsessionidexception
Stacktrace:
	chromedriver!GetHandleVerifier [0x4eb373+10553]
	chromedriver!GetHandleVerifier [0x4eb4a4+10684]
	chromedriver!(No symbol) [0x2f1c4e]
	chromedriver!(No symbol) [0x32f2c5]
	chromedriver!(No symbol) [0x35d726]
	chromedriver!(No symbol) [0x358c62]
	chromedriver!(No symbol) [0x358281]
	chromedriver!(No symbol) [0x2c501e]
	chromedriver!(No symbol) [0x2c55be]
	chromedriver!(No symbol) [0x2c5a9d]
	chromedriver!GetHandleVerifier [0x76ddb4+292f94]
	chromedriver!GetHandleVerifier [0x76937d+28e55d]
	chromedriver!GetHandleVerifier [0x788215+2ad3f5]
	chromedriver!GetHandleVerifier [0x504c18+29df8]
	chromedriver!GetHandleVerifier [0x50c6fd+318dd]
	chromedriver!(No symbol) [0x2c4b99]
	chromedriver!(No symbol) [0x2c41e0]
	chromedriver!GetHandleVerifier [0x8d2bef+3f7dcf]
	KERNEL32!BaseThreadInitThunk [0x765562c4+24]
	ntdll!RtlSubscribeWnfStateChangeNotification [0x770a0aa9+439]
	ntdll!RtlSubscribeWnfStateChangeNotification [0x770a0a74+404]
) -
10/5_17:30_4e             34653197010          ENVIADO      recordatorio FALLIDO (exception: Message: invalid session id; For documentation on this error, please visit: https://www.selenium.dev/documentation/webdriver/troubleshooting/errors#invalidsessionidexception
Stacktrace:
	chromedriver!GetHandleVerifier [0x4eb373+10553]
	chromedriver!GetHandleVerifier [0x4eb4a4+10684]
	chromedriver!(No symbol) [0x2f1c4e]
	chromedriver!(No symbol) [0x32f2c5]
	chromedriver!(No symbol) [0x35d726]
	chromedriver!(No symbol) [0x358c62]
	chromedriver!(No symbol) [0x358281]
	chromedriver!(No symbol) [0x2c501e]
	chromedriver!(No symbol) [0x2c55be]
	chromedriver!(No symbol) [0x2c5a9d]
	chromedriver!GetHandleVerifier [0x76ddb4+292f94]
	chromedriver!GetHandleVerifier [0x76937d+28e55d]
	chromedriver!GetHandleVerifier [0x788215+2ad3f5]
	chromedriver!GetHandleVerifier [0x504c18+29df8]
	chromedriver!GetHandleVerifier [0x50c6fd+318dd]
	chromedriver!(No symbol) [0x2c4b99]
	chromedriver!(No symbol) [0x2c41e0]
	chromedriver!GetHandleVerifier [0x8d2bef+3f7dcf]
	KERNEL32!BaseThreadInitThunk [0x765562c4+24]
	ntdll!RtlSubscribeWnfStateChangeNotification [0x770a0aa9+439]
	ntdll!RtlSubscribeWnfStateChangeNotification [0x770a0a74+404]
) -

[2026-05-14 12:44:39] POSITIVO | Fotos nuevas: 0 | Envios OK: 0 | Envios FAIL: 0 | Reviews negativas: 0 | Fotos borradas: 0

=== SESIÓN 12:46-12:46 (14/05/2026) ===
RESERVA                   TELÉFONO             ESTADO       RESPUESTA                 REVIEW
-----------------------------------------------------------------------------------------------
9/5_14:30_maf             34665976040          ENVIADO      recordatorio FALLIDO (chat_input_not_found) -
9/5_19:00_maf/csi         34%C2%A0628%C2%A061%C2%A027%C2%A078%E2%80%AC ENVIADO      recordatorio FALLIDO (chat_input_not_found) -
9/5_20:30_4e              34747414084          ENVIADO      recordatorio FALLIDO (chat_input_not_found) -
9/5_19:00_4e              34675651585          ENVIADO      recordatorio FALLIDO (chat_input_not_found) -
10/5_17:30_maf            34722714718          ENVIADO      recordatorio FALLIDO (chat_input_not_found) -
10/5_17:30_4e             34653197010          ENVIADO      recordatorio FALLIDO (chat_input_not_found) -

[2026-05-14 12:46:36] POSITIVO | Fotos nuevas: 0 | Envios OK: 0 | Envios FAIL: 0 | Reviews negativas: 0 | Fotos borradas: 0
[2026-05-14 12:46:59] NEGATIVO | WhatsApp no conectado (QR visible) — ciclo abortado

=== SESIÓN 12:47-12:47 (14/05/2026) ===
RESERVA                   TELÉFONO             ESTADO       RESPUESTA                 REVIEW
-----------------------------------------------------------------------------------------------
9/5_14:30_maf             34665976040          ENVIADO      recordatorio FALLIDO (exception: Message: invalid session id; For documentation on this error, please visit: https://www.selenium.dev/documentation/webdriver/troubleshooting/errors#invalidsessionidexception
Stacktrace:
	chromedriver!GetHandleVerifier [0x4eb373+10553]
	chromedriver!GetHandleVerifier [0x4eb4a4+10684]
	chromedriver!(No symbol) [0x2f1c4e]
	chromedriver!(No symbol) [0x32f2c5]
	chromedriver!(No symbol) [0x35d726]
	chromedriver!(No symbol) [0x358c62]
	chromedriver!(No symbol) [0x358281]
	chromedriver!(No symbol) [0x2c501e]
	chromedriver!(No symbol) [0x2c55be]
	chromedriver!(No symbol) [0x2c5a9d]
	chromedriver!GetHandleVerifier [0x76ddb4+292f94]
	chromedriver!GetHandleVerifier [0x76937d+28e55d]
	chromedriver!GetHandleVerifier [0x788215+2ad3f5]
	chromedriver!GetHandleVerifier [0x504c18+29df8]
	chromedriver!GetHandleVerifier [0x50c6fd+318dd]
	chromedriver!(No symbol) [0x2c4b99]
	chromedriver!(No symbol) [0x2c41e0]
	chromedriver!GetHandleVerifier [0x8d2bef+3f7dcf]
	KERNEL32!BaseThreadInitThunk [0x765562c4+24]
	ntdll!RtlSubscribeWnfStateChangeNotification [0x770a0aa9+439]
	ntdll!RtlSubscribeWnfStateChangeNotification [0x770a0a74+404]
) -
9/5_19:00_maf/csi         34%C2%A0628%C2%A061%C2%A027%C2%A078%E2%80%AC ENVIADO      recordatorio FALLIDO (exception: Message: invalid session id; For documentation on this error, please visit: https://www.selenium.dev/documentation/webdriver/troubleshooting/errors#invalidsessionidexception
Stacktrace:
	chromedriver!GetHandleVerifier [0x4eb373+10553]
	chromedriver!GetHandleVerifier [0x4eb4a4+10684]
	chromedriver!(No symbol) [0x2f1c4e]
	chromedriver!(No symbol) [0x32f2c5]
	chromedriver!(No symbol) [0x35d726]
	chromedriver!(No symbol) [0x358c62]
	chromedriver!(No symbol) [0x358281]
	chromedriver!(No symbol) [0x2c501e]
	chromedriver!(No symbol) [0x2c55be]
	chromedriver!(No symbol) [0x2c5a9d]
	chromedriver!GetHandleVerifier [0x76ddb4+292f94]
	chromedriver!GetHandleVerifier [0x76937d+28e55d]
	chromedriver!GetHandleVerifier [0x788215+2ad3f5]
	chromedriver!GetHandleVerifier [0x504c18+29df8]
	chromedriver!GetHandleVerifier [0x50c6fd+318dd]
	chromedriver!(No symbol) [0x2c4b99]
	chromedriver!(No symbol) [0x2c41e0]
	chromedriver!GetHandleVerifier [0x8d2bef+3f7dcf]
	KERNEL32!BaseThreadInitThunk [0x765562c4+24]
	ntdll!RtlSubscribeWnfStateChangeNotification [0x770a0aa9+439]
	ntdll!RtlSubscribeWnfStateChangeNotification [0x770a0a74+404]
) -
9/5_20:30_4e              34747414084          ENVIADO      recordatorio FALLIDO (exception: Message: invalid session id; For documentation on this error, please visit: https://www.selenium.dev/documentation/webdriver/troubleshooting/errors#invalidsessionidexception
Stacktrace:
	chromedriver!GetHandleVerifier [0x4eb373+10553]
	chromedriver!GetHandleVerifier [0x4eb4a4+10684]
	chromedriver!(No symbol) [0x2f1c4e]
	chromedriver!(No symbol) [0x32f2c5]
	chromedriver!(No symbol) [0x35d726]
	chromedriver!(No symbol) [0x358c62]
	chromedriver!(No symbol) [0x358281]
	chromedriver!(No symbol) [0x2c501e]
	chromedriver!(No symbol) [0x2c55be]
	chromedriver!(No symbol) [0x2c5a9d]
	chromedriver!GetHandleVerifier [0x76ddb4+292f94]
	chromedriver!GetHandleVerifier [0x76937d+28e55d]
	chromedriver!GetHandleVerifier [0x788215+2ad3f5]
	chromedriver!GetHandleVerifier [0x504c18+29df8]
	chromedriver!GetHandleVerifier [0x50c6fd+318dd]
	chromedriver!(No symbol) [0x2c4b99]
	chromedriver!(No symbol) [0x2c41e0]
	chromedriver!GetHandleVerifier [0x8d2bef+3f7dcf]
	KERNEL32!BaseThreadInitThunk [0x765562c4+24]
	ntdll!RtlSubscribeWnfStateChangeNotification [0x770a0aa9+439]
	ntdll!RtlSubscribeWnfStateChangeNotification [0x770a0a74+404]
) -
9/5_19:00_4e              34675651585          ENVIADO      recordatorio FALLIDO (exception: Message: invalid session id; For documentation on this error, please visit: https://www.selenium.dev/documentation/webdriver/troubleshooting/errors#invalidsessionidexception
Stacktrace:
	chromedriver!GetHandleVerifier [0x4eb373+10553]
	chromedriver!GetHandleVerifier [0x4eb4a4+10684]
	chromedriver!(No symbol) [0x2f1c4e]
	chromedriver!(No symbol) [0x32f2c5]
	chromedriver!(No symbol) [0x35d726]
	chromedriver!(No symbol) [0x358c62]
	chromedriver!(No symbol) [0x358281]
	chromedriver!(No symbol) [0x2c501e]
	chromedriver!(No symbol) [0x2c55be]
	chromedriver!(No symbol) [0x2c5a9d]
	chromedriver!GetHandleVerifier [0x76ddb4+292f94]
	chromedriver!GetHandleVerifier [0x76937d+28e55d]
	chromedriver!GetHandleVerifier [0x788215+2ad3f5]
	chromedriver!GetHandleVerifier [0x504c18+29df8]
	chromedriver!GetHandleVerifier [0x50c6fd+318dd]
	chromedriver!(No symbol) [0x2c4b99]
	chromedriver!(No symbol) [0x2c41e0]
	chromedriver!GetHandleVerifier [0x8d2bef+3f7dcf]
	KERNEL32!BaseThreadInitThunk [0x765562c4+24]
	ntdll!RtlSubscribeWnfStateChangeNotification [0x770a0aa9+439]
	ntdll!RtlSubscribeWnfStateChangeNotification [0x770a0a74+404]
) -
10/5_17:30_maf            34722714718          ENVIADO      recordatorio FALLIDO (exception: Message: invalid session id; For documentation on this error, please visit: https://www.selenium.dev/documentation/webdriver/troubleshooting/errors#invalidsessionidexception
Stacktrace:
	chromedriver!GetHandleVerifier [0x4eb373+10553]
	chromedriver!GetHandleVerifier [0x4eb4a4+10684]
	chromedriver!(No symbol) [0x2f1c4e]
	chromedriver!(No symbol) [0x32f2c5]
	chromedriver!(No symbol) [0x35d726]
	chromedriver!(No symbol) [0x358c62]
	chromedriver!(No symbol) [0x358281]
	chromedriver!(No symbol) [0x2c501e]
	chromedriver!(No symbol) [0x2c55be]
	chromedriver!(No symbol) [0x2c5a9d]
	chromedriver!GetHandleVerifier [0x76ddb4+292f94]
	chromedriver!GetHandleVerifier [0x76937d+28e55d]
	chromedriver!GetHandleVerifier [0x788215+2ad3f5]
	chromedriver!GetHandleVerifier [0x504c18+29df8]
	chromedriver!GetHandleVerifier [0x50c6fd+318dd]
	chromedriver!(No symbol) [0x2c4b99]
	chromedriver!(No symbol) [0x2c41e0]
	chromedriver!GetHandleVerifier [0x8d2bef+3f7dcf]
	KERNEL32!BaseThreadInitThunk [0x765562c4+24]
	ntdll!RtlSubscribeWnfStateChangeNotification [0x770a0aa9+439]
	ntdll!RtlSubscribeWnfStateChangeNotification [0x770a0a74+404]
) -
10/5_17:30_4e             34653197010          ENVIADO      recordatorio FALLIDO (exception: Message: invalid session id; For documentation on this error, please visit: https://www.selenium.dev/documentation/webdriver/troubleshooting/errors#invalidsessionidexception
Stacktrace:
	chromedriver!GetHandleVerifier [0x4eb373+10553]
	chromedriver!GetHandleVerifier [0x4eb4a4+10684]
	chromedriver!(No symbol) [0x2f1c4e]
	chromedriver!(No symbol) [0x32f2c5]
	chromedriver!(No symbol) [0x35d726]
	chromedriver!(No symbol) [0x358c62]
	chromedriver!(No symbol) [0x358281]
	chromedriver!(No symbol) [0x2c501e]
	chromedriver!(No symbol) [0x2c55be]
	chromedriver!(No symbol) [0x2c5a9d]
	chromedriver!GetHandleVerifier [0x76ddb4+292f94]
	chromedriver!GetHandleVerifier [0x76937d+28e55d]
	chromedriver!GetHandleVerifier [0x788215+2ad3f5]
	chromedriver!GetHandleVerifier [0x504c18+29df8]
	chromedriver!GetHandleVerifier [0x50c6fd+318dd]
	chromedriver!(No symbol) [0x2c4b99]
	chromedriver!(No symbol) [0x2c41e0]
	chromedriver!GetHandleVerifier [0x8d2bef+3f7dcf]
	KERNEL32!BaseThreadInitThunk [0x765562c4+24]
	ntdll!RtlSubscribeWnfStateChangeNotification [0x770a0aa9+439]
	ntdll!RtlSubscribeWnfStateChangeNotification [0x770a0a74+404]
) -

[2026-05-14 12:47:46] POSITIVO | Fotos nuevas: 0 | Envios OK: 0 | Envios FAIL: 0 | Reviews negativas: 0 | Fotos borradas: 0

=== SESIÓN 12:49-12:49 (14/05/2026) ===
RESERVA                   TELÉFONO             ESTADO       RESPUESTA                 REVIEW
-----------------------------------------------------------------------------------------------
9/5_14:30_maf             34665976040          ENVIADO      recordatorio FALLIDO (chat_input_not_found) -
9/5_19:00_maf/csi         34%C2%A0628%C2%A061%C2%A027%C2%A078%E2%80%AC ENVIADO      recordatorio FALLIDO (chat_input_not_found) -
9/5_20:30_4e              34747414084          ENVIADO      recordatorio FALLIDO (chat_input_not_found) -
9/5_19:00_4e              34675651585          ENVIADO      recordatorio FALLIDO (chat_input_not_found) -
10/5_17:30_maf            34722714718          ENVIADO      recordatorio FALLIDO (chat_input_not_found) -
10/5_17:30_4e             34653197010          ENVIADO      recordatorio FALLIDO (chat_input_not_found) -

[2026-05-14 12:49:41] POSITIVO | Fotos nuevas: 0 | Envios OK: 0 | Envios FAIL: 0 | Reviews negativas: 0 | Fotos borradas: 0
[2026-05-14 12:50:04] NEGATIVO | WhatsApp no conectado (QR visible) — ciclo abortado

=== SESIÓN 12:50-12:50 (14/05/2026) ===
RESERVA                   TELÉFONO             ESTADO       RESPUESTA                 REVIEW
-----------------------------------------------------------------------------------------------
9/5_14:30_maf             34665976040          ENVIADO      recordatorio FALLIDO (chat_input_not_found) -
9/5_19:00_maf/csi         34%C2%A0628%C2%A061%C2%A027%C2%A078%E2%80%AC ENVIADO      recordatorio FALLIDO (exception: Message: invalid session id; For documentation on this error, please visit: https://www.selenium.dev/documentation/webdriver/troubleshooting/errors#invalidsessionidexception
Stacktrace:
	chromedriver!GetHandleVerifier [0x4eb373+10553]
	chromedriver!GetHandleVerifier [0x4eb4a4+10684]
	chromedriver!(No symbol) [0x2f1c4e]
	chromedriver!(No symbol) [0x32f2c5]
	chromedriver!(No symbol) [0x35d726]
	chromedriver!(No symbol) [0x358c62]
	chromedriver!(No symbol) [0x358281]
	chromedriver!(No symbol) [0x2c501e]
	chromedriver!(No symbol) [0x2c55be]
	chromedriver!(No symbol) [0x2c5a9d]
	chromedriver!GetHandleVerifier [0x76ddb4+292f94]
	chromedriver!GetHandleVerifier [0x76937d+28e55d]
	chromedriver!GetHandleVerifier [0x788215+2ad3f5]
	chromedriver!GetHandleVerifier [0x504c18+29df8]
	chromedriver!GetHandleVerifier [0x50c6fd+318dd]
	chromedriver!(No symbol) [0x2c4b99]
	chromedriver!(No symbol) [0x2c41e0]
	chromedriver!GetHandleVerifier [0x8d2bef+3f7dcf]
	KERNEL32!BaseThreadInitThunk [0x765562c4+24]
	ntdll!RtlSubscribeWnfStateChangeNotification [0x770a0aa9+439]
	ntdll!RtlSubscribeWnfStateChangeNotification [0x770a0a74+404]
) -
9/5_20:30_4e              34747414084          ENVIADO      recordatorio FALLIDO (exception: Message: invalid session id; For documentation on this error, please visit: https://www.selenium.dev/documentation/webdriver/troubleshooting/errors#invalidsessionidexception
Stacktrace:
	chromedriver!GetHandleVerifier [0x4eb373+10553]
	chromedriver!GetHandleVerifier [0x4eb4a4+10684]
	chromedriver!(No symbol) [0x2f1c4e]
	chromedriver!(No symbol) [0x32f2c5]
	chromedriver!(No symbol) [0x35d726]
	chromedriver!(No symbol) [0x358c62]
	chromedriver!(No symbol) [0x358281]
	chromedriver!(No symbol) [0x2c501e]
	chromedriver!(No symbol) [0x2c55be]
	chromedriver!(No symbol) [0x2c5a9d]
	chromedriver!GetHandleVerifier [0x76ddb4+292f94]
	chromedriver!GetHandleVerifier [0x76937d+28e55d]
	chromedriver!GetHandleVerifier [0x788215+2ad3f5]
	chromedriver!GetHandleVerifier [0x504c18+29df8]
	chromedriver!GetHandleVerifier [0x50c6fd+318dd]
	chromedriver!(No symbol) [0x2c4b99]
	chromedriver!(No symbol) [0x2c41e0]
	chromedriver!GetHandleVerifier [0x8d2bef+3f7dcf]
	KERNEL32!BaseThreadInitThunk [0x765562c4+24]
	ntdll!RtlSubscribeWnfStateChangeNotification [0x770a0aa9+439]
	ntdll!RtlSubscribeWnfStateChangeNotification [0x770a0a74+404]
) -
9/5_19:00_4e              34675651585          ENVIADO      recordatorio FALLIDO (exception: Message: invalid session id; For documentation on this error, please visit: https://www.selenium.dev/documentation/webdriver/troubleshooting/errors#invalidsessionidexception
Stacktrace:
	chromedriver!GetHandleVerifier [0x4eb373+10553]
	chromedriver!GetHandleVerifier [0x4eb4a4+10684]
	chromedriver!(No symbol) [0x2f1c4e]
	chromedriver!(No symbol) [0x32f2c5]
	chromedriver!(No symbol) [0x35d726]
	chromedriver!(No symbol) [0x358c62]
	chromedriver!(No symbol) [0x358281]
	chromedriver!(No symbol) [0x2c501e]
	chromedriver!(No symbol) [0x2c55be]
	chromedriver!(No symbol) [0x2c5a9d]
	chromedriver!GetHandleVerifier [0x76ddb4+292f94]
	chromedriver!GetHandleVerifier [0x76937d+28e55d]
	chromedriver!GetHandleVerifier [0x788215+2ad3f5]
	chromedriver!GetHandleVerifier [0x504c18+29df8]
	chromedriver!GetHandleVerifier [0x50c6fd+318dd]
	chromedriver!(No symbol) [0x2c4b99]
	chromedriver!(No symbol) [0x2c41e0]
	chromedriver!GetHandleVerifier [0x8d2bef+3f7dcf]
	KERNEL32!BaseThreadInitThunk [0x765562c4+24]
	ntdll!RtlSubscribeWnfStateChangeNotification [0x770a0aa9+439]
	ntdll!RtlSubscribeWnfStateChangeNotification [0x770a0a74+404]
) -
10/5_17:30_maf            34722714718          ENVIADO      recordatorio FALLIDO (exception: Message: invalid session id; For documentation on this error, please visit: https://www.selenium.dev/documentation/webdriver/troubleshooting/errors#invalidsessionidexception
Stacktrace:
	chromedriver!GetHandleVerifier [0x4eb373+10553]
	chromedriver!GetHandleVerifier [0x4eb4a4+10684]
	chromedriver!(No symbol) [0x2f1c4e]
	chromedriver!(No symbol) [0x32f2c5]
	chromedriver!(No symbol) [0x35d726]
	chromedriver!(No symbol) [0x358c62]
	chromedriver!(No symbol) [0x358281]
	chromedriver!(No symbol) [0x2c501e]
	chromedriver!(No symbol) [0x2c55be]
	chromedriver!(No symbol) [0x2c5a9d]
	chromedriver!GetHandleVerifier [0x76ddb4+292f94]
	chromedriver!GetHandleVerifier [0x76937d+28e55d]
	chromedriver!GetHandleVerifier [0x788215+2ad3f5]
	chromedriver!GetHandleVerifier [0x504c18+29df8]
	chromedriver!GetHandleVerifier [0x50c6fd+318dd]
	chromedriver!(No symbol) [0x2c4b99]
	chromedriver!(No symbol) [0x2c41e0]
	chromedriver!GetHandleVerifier [0x8d2bef+3f7dcf]
	KERNEL32!BaseThreadInitThunk [0x765562c4+24]
	ntdll!RtlSubscribeWnfStateChangeNotification [0x770a0aa9+439]
	ntdll!RtlSubscribeWnfStateChangeNotification [0x770a0a74+404]
) -
10/5_17:30_4e             34653197010          ENVIADO      recordatorio FALLIDO (exception: Message: invalid session id; For documentation on this error, please visit: https://www.selenium.dev/documentation/webdriver/troubleshooting/errors#invalidsessionidexception
Stacktrace:
	chromedriver!GetHandleVerifier [0x4eb373+10553]
	chromedriver!GetHandleVerifier [0x4eb4a4+10684]
	chromedriver!(No symbol) [0x2f1c4e]
	chromedriver!(No symbol) [0x32f2c5]
	chromedriver!(No symbol) [0x35d726]
	chromedriver!(No symbol) [0x358c62]
	chromedriver!(No symbol) [0x358281]
	chromedriver!(No symbol) [0x2c501e]
	chromedriver!(No symbol) [0x2c55be]
	chromedriver!(No symbol) [0x2c5a9d]
	chromedriver!GetHandleVerifier [0x76ddb4+292f94]
	chromedriver!GetHandleVerifier [0x76937d+28e55d]
	chromedriver!GetHandleVerifier [0x788215+2ad3f5]
	chromedriver!GetHandleVerifier [0x504c18+29df8]
	chromedriver!GetHandleVerifier [0x50c6fd+318dd]
	chromedriver!(No symbol) [0x2c4b99]
	chromedriver!(No symbol) [0x2c41e0]
	chromedriver!GetHandleVerifier [0x8d2bef+3f7dcf]
	KERNEL32!BaseThreadInitThunk [0x765562c4+24]
	ntdll!RtlSubscribeWnfStateChangeNotification [0x770a0aa9+439]
	ntdll!RtlSubscribeWnfStateChangeNotification [0x770a0a74+404]
) -

[2026-05-14 12:50:51] POSITIVO | Fotos nuevas: 0 | Envios OK: 0 | Envios FAIL: 0 | Reviews negativas: 0 | Fotos borradas: 0

=== SESIÓN 12:52-12:52 (14/05/2026) ===
RESERVA                   TELÉFONO             ESTADO       RESPUESTA                 REVIEW
-----------------------------------------------------------------------------------------------
9/5_14:30_maf             34665976040          ENVIADO      recordatorio FALLIDO (chat_input_not_found) -
9/5_19:00_maf/csi         34%C2%A0628%C2%A061%C2%A027%C2%A078%E2%80%AC ENVIADO      recordatorio FALLIDO (chat_input_not_found) -
9/5_20:30_4e              34747414084          ENVIADO      recordatorio FALLIDO (chat_input_not_found) -
9/5_19:00_4e              34675651585          ENVIADO      recordatorio FALLIDO (chat_input_not_found) -
10/5_17:30_maf            34722714718          ENVIADO      recordatorio FALLIDO (chat_input_not_found) -
10/5_17:30_4e             34653197010          ENVIADO      recordatorio FALLIDO (chat_input_not_found) -

[2026-05-14 12:52:47] POSITIVO | Fotos nuevas: 0 | Envios OK: 0 | Envios FAIL: 0 | Reviews negativas: 0 | Fotos borradas: 0
[2026-05-14 12:53:08] NEGATIVO | WhatsApp no conectado (QR visible) — ciclo abortado

=== SESIÓN 12:55-12:55 (14/05/2026) ===
RESERVA                   TELÉFONO             ESTADO       RESPUESTA                 REVIEW
-----------------------------------------------------------------------------------------------
9/5_14:30_maf             34665976040          ENVIADO      recordatorio FALLIDO (chat_input_not_found) -
9/5_19:00_maf/csi         34%C2%A0628%C2%A061%C2%A027%C2%A078%E2%80%AC ENVIADO      recordatorio FALLIDO (chat_input_not_found) -
9/5_20:30_4e              34747414084          ENVIADO      recordatorio FALLIDO (chat_input_not_found) -
9/5_19:00_4e              34675651585          ENVIADO      recordatorio FALLIDO (chat_input_not_found) -
10/5_17:30_maf            34722714718          ENVIADO      recordatorio FALLIDO (chat_input_not_found) -
10/5_17:30_4e             34653197010          ENVIADO      recordatorio FALLIDO (chat_input_not_found) -

[2026-05-14 12:55:13] POSITIVO | Fotos nuevas: 0 | Envios OK: 0 | Envios FAIL: 0 | Reviews negativas: 0 | Fotos borradas: 0

=== SESIÓN 12:56-12:56 (14/05/2026) ===
RESERVA                   TELÉFONO             ESTADO       RESPUESTA                 REVIEW
-----------------------------------------------------------------------------------------------
9/5_14:30_maf             34665976040          ENVIADO      recordatorio FALLIDO (chat_input_not_found) -
9/5_19:00_maf/csi         34%C2%A0628%C2%A061%C2%A027%C2%A078%E2%80%AC ENVIADO      recordatorio FALLIDO (chat_input_not_found) -
9/5_20:30_4e              34747414084          ENVIADO      recordatorio FALLIDO (chat_input_not_found) -
9/5_19:00_4e              34675651585          ENVIADO      recordatorio FALLIDO (chat_input_not_found) -
10/5_17:30_maf            34722714718          ENVIADO      recordatorio FALLIDO (chat_input_not_found) -
10/5_17:30_4e             34653197010          ENVIADO      recordatorio FALLIDO (chat_input_not_found) -

[2026-05-14 12:56:25] POSITIVO | Fotos nuevas: 0 | Envios OK: 0 | Envios FAIL: 0 | Reviews negativas: 0 | Fotos borradas: 0

=== SESIÓN 12:55-12:57 (14/05/2026) ===
RESERVA                   TELÉFONO             ESTADO       RESPUESTA                 REVIEW
-----------------------------------------------------------------------------------------------
9/5_14:30_maf             34665976040          ENVIADO      recordatorio FALLIDO (exception: HTTPConnectionPool(host='localhost', port=57540): Max retries exceeded with url: /session/95a6743908d2702b2e5ae2bde40b7d4d/source (Caused by NewConnectionError("HTTPConnection(host='localhost', port=57540): Failed to establish a new connection: [WinError 10061] No connection could be made because the target machine actively refused it"))) -
9/5_19:00_maf/csi         34%C2%A0628%C2%A061%C2%A027%C2%A078%E2%80%AC ENVIADO      recordatorio FALLIDO (exception: HTTPConnectionPool(host='localhost', port=57540): Max retries exceeded with url: /session/95a6743908d2702b2e5ae2bde40b7d4d/source (Caused by NewConnectionError("HTTPConnection(host='localhost', port=57540): Failed to establish a new connection: [WinError 10061] No connection could be made because the target machine actively refused it"))) -
9/5_20:30_4e              34747414084          ENVIADO      recordatorio FALLIDO (exception: HTTPConnectionPool(host='localhost', port=57540): Max retries exceeded with url: /session/95a6743908d2702b2e5ae2bde40b7d4d/source (Caused by NewConnectionError("HTTPConnection(host='localhost', port=57540): Failed to establish a new connection: [WinError 10061] No connection could be made because the target machine actively refused it"))) -
9/5_19:00_4e              34675651585          ENVIADO      recordatorio FALLIDO (exception: HTTPConnectionPool(host='localhost', port=57540): Max retries exceeded with url: /session/95a6743908d2702b2e5ae2bde40b7d4d/source (Caused by NewConnectionError("HTTPConnection(host='localhost', port=57540): Failed to establish a new connection: [WinError 10061] No connection could be made because the target machine actively refused it"))) -
10/5_17:30_maf            34722714718          ENVIADO      recordatorio FALLIDO (exception: HTTPConnectionPool(host='localhost', port=57540): Max retries exceeded with url: /session/95a6743908d2702b2e5ae2bde40b7d4d/source (Caused by NewConnectionError("HTTPConnection(host='localhost', port=57540): Failed to establish a new connection: [WinError 10061] No connection could be made because the target machine actively refused it"))) -
10/5_17:30_4e             34653197010          ENVIADO      recordatorio FALLIDO (exception: HTTPConnectionPool(host='localhost', port=57540): Max retries exceeded with url: /session/95a6743908d2702b2e5ae2bde40b7d4d/source (Caused by NewConnectionError("HTTPConnection(host='localhost', port=57540): Failed to establish a new connection: [WinError 10061] No connection could be made because the target machine actively refused it"))) -

[2026-05-14 12:57:45] POSITIVO | Fotos nuevas: 0 | Envios OK: 0 | Envios FAIL: 0 | Reviews negativas: 0 | Fotos borradas: 0

=== SESIÓN 12:57-12:57 (14/05/2026) ===
RESERVA                   TELÉFONO             ESTADO       RESPUESTA                 REVIEW
-----------------------------------------------------------------------------------------------
9/5_14:30_maf             34665976040          ENVIADO      recordatorio FALLIDO (chat_input_not_found) -
9/5_19:00_maf/csi         34%C2%A0628%C2%A061%C2%A027%C2%A078%E2%80%AC ENVIADO      recordatorio FALLIDO (chat_input_not_found) -
9/5_20:30_4e              34747414084          ENVIADO      recordatorio FALLIDO (chat_input_not_found) -
9/5_19:00_4e              34675651585          ENVIADO      recordatorio FALLIDO (chat_input_not_found) -
10/5_17:30_maf            34722714718          ENVIADO      recordatorio FALLIDO (chat_input_not_found) -
10/5_17:30_4e             34653197010          ENVIADO      recordatorio FALLIDO (chat_input_not_found) -

[2026-05-14 12:57:46] POSITIVO | Fotos nuevas: 0 | Envios OK: 0 | Envios FAIL: 0 | Reviews negativas: 0 | Fotos borradas: 0

=== SESIÓN 12:59-12:59 (14/05/2026) ===
RESERVA                   TELÉFONO             ESTADO       RESPUESTA                 REVIEW
-----------------------------------------------------------------------------------------------
9/5_14:30_maf             34665976040          ENVIADO      recordatorio FALLIDO (chat_input_not_found) -
9/5_19:00_maf/csi         34%C2%A0628%C2%A061%C2%A027%C2%A078%E2%80%AC ENVIADO      recordatorio FALLIDO (chat_input_not_found) -
9/5_20:30_4e              34747414084          ENVIADO      recordatorio FALLIDO (chat_input_not_found) -
9/5_19:00_4e              34675651585          ENVIADO      recordatorio FALLIDO (chat_input_not_found) -
10/5_17:30_maf            34722714718          ENVIADO      recordatorio FALLIDO (chat_input_not_found) -
10/5_17:30_4e             34653197010          ENVIADO      recordatorio FALLIDO (chat_input_not_found) -

[2026-05-14 12:59:48] POSITIVO | Fotos nuevas: 0 | Envios OK: 0 | Envios FAIL: 0 | Reviews negativas: 0 | Fotos borradas: 0

=== SESIÓN 13:01-13:01 (14/05/2026) ===
RESERVA                   TELÉFONO             ESTADO       RESPUESTA                 REVIEW
-----------------------------------------------------------------------------------------------
9/5_14:30_maf             34665976040          ENVIADO      recordatorio FALLIDO (chat_input_not_found) -
9/5_19:00_maf/csi         34%C2%A0628%C2%A061%C2%A027%C2%A078%E2%80%AC ENVIADO      recordatorio FALLIDO (chat_input_not_found) -
9/5_20:30_4e              34747414084          ENVIADO      recordatorio FALLIDO (chat_input_not_found) -
9/5_19:00_4e              34675651585          ENVIADO      recordatorio FALLIDO (chat_input_not_found) -
10/5_17:30_maf            34722714718          ENVIADO      recordatorio FALLIDO (chat_input_not_found) -
10/5_17:30_4e             34653197010          ENVIADO      recordatorio FALLIDO (chat_input_not_found) -

[2026-05-14 13:01:08] POSITIVO | Fotos nuevas: 0 | Envios OK: 0 | Envios FAIL: 0 | Reviews negativas: 0 | Fotos borradas: 0

=== SESIÓN 13:02-13:02 (14/05/2026) ===
RESERVA                   TELÉFONO             ESTADO       RESPUESTA                 REVIEW
-----------------------------------------------------------------------------------------------
9/5_14:30_maf             34665976040          ENVIADO      recordatorio FALLIDO (chat_input_not_found) -
9/5_19:00_maf/csi         34%C2%A0628%C2%A061%C2%A027%C2%A078%E2%80%AC ENVIADO      recordatorio FALLIDO (chat_input_not_found) -
9/5_20:30_4e              34747414084          ENVIADO      recordatorio FALLIDO (chat_input_not_found) -
9/5_19:00_4e              34675651585          ENVIADO      recordatorio FALLIDO (chat_input_not_found) -
10/5_17:30_maf            34722714718          ENVIADO      recordatorio FALLIDO (chat_input_not_found) -
10/5_17:30_4e             34653197010          ENVIADO      recordatorio FALLIDO (chat_input_not_found) -

[2026-05-14 13:02:27] POSITIVO | Fotos nuevas: 0 | Envios OK: 0 | Envios FAIL: 0 | Reviews negativas: 0 | Fotos borradas: 0

=== SESIÓN 13:03-13:03 (14/05/2026) ===
RESERVA                   TELÉFONO             ESTADO       RESPUESTA                 REVIEW
-----------------------------------------------------------------------------------------------
9/5_14:30_maf             34665976040          ENVIADO      recordatorio FALLIDO (chat_input_not_found) -
9/5_19:00_maf/csi         34%C2%A0628%C2%A061%C2%A027%C2%A078%E2%80%AC ENVIADO      recordatorio FALLIDO (chat_input_not_found) -
9/5_20:30_4e              34747414084          ENVIADO      recordatorio FALLIDO (chat_input_not_found) -
9/5_19:00_4e              34675651585          ENVIADO      recordatorio FALLIDO (chat_input_not_found) -
10/5_17:30_maf            34722714718          ENVIADO      recordatorio FALLIDO (chat_input_not_found) -
10/5_17:30_4e             34653197010          ENVIADO      recordatorio FALLIDO (chat_input_not_found) -

[2026-05-14 13:03:43] POSITIVO | Fotos nuevas: 0 | Envios OK: 0 | Envios FAIL: 0 | Reviews negativas: 0 | Fotos borradas: 0

=== SESIÓN 13:04-13:05 (14/05/2026) ===
RESERVA                   TELÉFONO             ESTADO       RESPUESTA                 REVIEW
-----------------------------------------------------------------------------------------------
9/5_14:30_maf             34665976040          ENVIADO      recordatorio FALLIDO (chat_input_not_found) -
9/5_19:00_maf/csi         34%C2%A0628%C2%A061%C2%A027%C2%A078%E2%80%AC ENVIADO      recordatorio FALLIDO (chat_input_not_found) -
9/5_20:30_4e              34747414084          ENVIADO      recordatorio FALLIDO (chat_input_not_found) -
9/5_19:00_4e              34675651585          ENVIADO      recordatorio FALLIDO (chat_input_not_found) -
10/5_17:30_maf            34722714718          ENVIADO      recordatorio FALLIDO (chat_input_not_found) -
10/5_17:30_4e             34653197010          ENVIADO      recordatorio FALLIDO (chat_input_not_found) -

[2026-05-14 13:05:04] POSITIVO | Fotos nuevas: 0 | Envios OK: 0 | Envios FAIL: 0 | Reviews negativas: 0 | Fotos borradas: 0

=== SESIÓN 13:06-13:06 (14/05/2026) ===
RESERVA                   TELÉFONO             ESTADO       RESPUESTA                 REVIEW
-----------------------------------------------------------------------------------------------
9/5_14:30_maf             34665976040          ENVIADO      recordatorio FALLIDO (chat_input_not_found) -
9/5_19:00_maf/csi         34%C2%A0628%C2%A061%C2%A027%C2%A078%E2%80%AC ENVIADO      recordatorio FALLIDO (chat_input_not_found) -
9/5_20:30_4e              34747414084          ENVIADO      recordatorio FALLIDO (chat_input_not_found) -
9/5_19:00_4e              34675651585          ENVIADO      recordatorio FALLIDO (chat_input_not_found) -
10/5_17:30_maf            34722714718          ENVIADO      recordatorio FALLIDO (chat_input_not_found) -
10/5_17:30_4e             34653197010          ENVIADO      recordatorio FALLIDO (chat_input_not_found) -

[2026-05-14 13:06:23] POSITIVO | Fotos nuevas: 0 | Envios OK: 0 | Envios FAIL: 0 | Reviews negativas: 0 | Fotos borradas: 0

=== SESIÓN 13:07-13:07 (14/05/2026) ===
RESERVA                   TELÉFONO             ESTADO       RESPUESTA                 REVIEW
-----------------------------------------------------------------------------------------------
9/5_14:30_maf             34665976040          ENVIADO      recordatorio FALLIDO (chat_input_not_found) -
9/5_19:00_maf/csi         34%C2%A0628%C2%A061%C2%A027%C2%A078%E2%80%AC ENVIADO      recordatorio FALLIDO (chat_input_not_found) -
9/5_20:30_4e              34747414084          ENVIADO      recordatorio FALLIDO (chat_input_not_found) -
9/5_19:00_4e              34675651585          ENVIADO      recordatorio FALLIDO (chat_input_not_found) -
10/5_17:30_maf            34722714718          ENVIADO      recordatorio FALLIDO (chat_input_not_found) -
10/5_17:30_4e             34653197010          ENVIADO      recordatorio FALLIDO (chat_input_not_found) -

[2026-05-14 13:07:42] POSITIVO | Fotos nuevas: 0 | Envios OK: 0 | Envios FAIL: 0 | Reviews negativas: 0 | Fotos borradas: 0

=== SESIÓN 13:08-13:09 (14/05/2026) ===
RESERVA                   TELÉFONO             ESTADO       RESPUESTA                 REVIEW
-----------------------------------------------------------------------------------------------
9/5_14:30_maf             34665976040          ENVIADO      recordatorio FALLIDO (chat_input_not_found) -
9/5_19:00_maf/csi         34%C2%A0628%C2%A061%C2%A027%C2%A078%E2%80%AC ENVIADO      recordatorio FALLIDO (chat_input_not_found) -
9/5_20:30_4e              34747414084          ENVIADO      recordatorio FALLIDO (chat_input_not_found) -
9/5_19:00_4e              34675651585          ENVIADO      recordatorio FALLIDO (chat_input_not_found) -
10/5_17:30_maf            34722714718          ENVIADO      recordatorio FALLIDO (chat_input_not_found) -
10/5_17:30_4e             34653197010          ENVIADO      recordatorio FALLIDO (chat_input_not_found) -

[2026-05-14 13:09:01] POSITIVO | Fotos nuevas: 0 | Envios OK: 0 | Envios FAIL: 0 | Reviews negativas: 0 | Fotos borradas: 0

=== SESIÓN 13:06-13:09 (14/05/2026) ===
RESERVA                   TELÉFONO             ESTADO       RESPUESTA                 REVIEW
-----------------------------------------------------------------------------------------------
9/5_14:30_maf             34665976040          ENVIADO      recordatorio FALLIDO (exception: HTTPConnectionPool(host='localhost', port=58234): Max retries exceeded with url: /session/c7fb56553dcef3267040d8b1399c830a/source (Caused by NewConnectionError("HTTPConnection(host='localhost', port=58234): Failed to establish a new connection: [WinError 10061] No connection could be made because the target machine actively refused it"))) -
9/5_19:00_maf/csi         34%C2%A0628%C2%A061%C2%A027%C2%A078%E2%80%AC ENVIADO      recordatorio FALLIDO (exception: HTTPConnectionPool(host='localhost', port=58234): Max retries exceeded with url: /session/c7fb56553dcef3267040d8b1399c830a/source (Caused by NewConnectionError("HTTPConnection(host='localhost', port=58234): Failed to establish a new connection: [WinError 10061] No connection could be made because the target machine actively refused it"))) -
9/5_20:30_4e              34747414084          ENVIADO      recordatorio FALLIDO (exception: HTTPConnectionPool(host='localhost', port=58234): Max retries exceeded with url: /session/c7fb56553dcef3267040d8b1399c830a/source (Caused by NewConnectionError("HTTPConnection(host='localhost', port=58234): Failed to establish a new connection: [WinError 10061] No connection could be made because the target machine actively refused it"))) -
9/5_19:00_4e              34675651585          ENVIADO      recordatorio FALLIDO (exception: HTTPConnectionPool(host='localhost', port=58234): Max retries exceeded with url: /session/c7fb56553dcef3267040d8b1399c830a/source (Caused by NewConnectionError("HTTPConnection(host='localhost', port=58234): Failed to establish a new connection: [WinError 10061] No connection could be made because the target machine actively refused it"))) -
10/5_17:30_maf            34722714718          ENVIADO      recordatorio FALLIDO (exception: HTTPConnectionPool(host='localhost', port=58234): Max retries exceeded with url: /session/c7fb56553dcef3267040d8b1399c830a/source (Caused by NewConnectionError("HTTPConnection(host='localhost', port=58234): Failed to establish a new connection: [WinError 10061] No connection could be made because the target machine actively refused it"))) -
10/5_17:30_4e             34653197010          ENVIADO      recordatorio FALLIDO (exception: HTTPConnectionPool(host='localhost', port=58234): Max retries exceeded with url: /session/c7fb56553dcef3267040d8b1399c830a/source (Caused by NewConnectionError("HTTPConnection(host='localhost', port=58234): Failed to establish a new connection: [WinError 10061] No connection could be made because the target machine actively refused it"))) -

[2026-05-14 13:09:31] POSITIVO | Fotos nuevas: 0 | Envios OK: 0 | Envios FAIL: 0 | Reviews negativas: 0 | Fotos borradas: 0

=== SESIÓN 13:11-13:11 (14/05/2026) ===
RESERVA                   TELÉFONO             ESTADO       RESPUESTA                 REVIEW
-----------------------------------------------------------------------------------------------
9/5_14:30_maf             34665976040          ENVIADO      recordatorio FALLIDO (chat_input_not_found) -
9/5_19:00_maf/csi         34%C2%A0628%C2%A061%C2%A027%C2%A078%E2%80%AC ENVIADO      recordatorio FALLIDO (chat_input_not_found) -
9/5_20:30_4e              34747414084          ENVIADO      recordatorio FALLIDO (chat_input_not_found) -
9/5_19:00_4e              34675651585          ENVIADO      recordatorio FALLIDO (chat_input_not_found) -
10/5_17:30_maf            34722714718          ENVIADO      recordatorio FALLIDO (chat_input_not_found) -
10/5_17:30_4e             34653197010          ENVIADO      recordatorio FALLIDO (chat_input_not_found) -

[2026-05-14 13:11:38] POSITIVO | Fotos nuevas: 0 | Envios OK: 0 | Envios FAIL: 0 | Reviews negativas: 0 | Fotos borradas: 0
[2026-05-14 13:11:58] NEGATIVO | WhatsApp no conectado (QR visible) — ciclo abortado

=== SESIÓN 13:13-13:14 (14/05/2026) ===
RESERVA                   TELÉFONO             ESTADO       RESPUESTA                 REVIEW
-----------------------------------------------------------------------------------------------
9/5_14:30_maf             34665976040          ENVIADO      recordatorio FALLIDO (chat_input_not_found) -
9/5_19:00_maf/csi         34%C2%A0628%C2%A061%C2%A027%C2%A078%E2%80%AC ENVIADO      recordatorio FALLIDO (chat_input_not_found) -
9/5_20:30_4e              34747414084          ENVIADO      recordatorio FALLIDO (chat_input_not_found) -
9/5_19:00_4e              34675651585          ENVIADO      recordatorio FALLIDO (chat_input_not_found) -
10/5_17:30_maf            34722714718          ENVIADO      recordatorio FALLIDO (chat_input_not_found) -
10/5_17:30_4e             34653197010          ENVIADO      recordatorio FALLIDO (chat_input_not_found) -

[2026-05-14 13:14:00] POSITIVO | Fotos nuevas: 0 | Envios OK: 0 | Envios FAIL: 0 | Reviews negativas: 0 | Fotos borradas: 0

=== SESIÓN 13:15-13:15 (14/05/2026) ===
RESERVA                   TELÉFONO             ESTADO       RESPUESTA                 REVIEW
-----------------------------------------------------------------------------------------------
9/5_14:30_maf             34665976040          ENVIADO      recordatorio FALLIDO (chat_input_not_found) -
9/5_19:00_maf/csi         34%C2%A0628%C2%A061%C2%A027%C2%A078%E2%80%AC ENVIADO      recordatorio FALLIDO (chat_input_not_found) -
9/5_20:30_4e              34747414084          ENVIADO      recordatorio FALLIDO (chat_input_not_found) -
9/5_19:00_4e              34675651585          ENVIADO      recordatorio FALLIDO (chat_input_not_found) -
10/5_17:30_maf            34722714718          ENVIADO      recordatorio FALLIDO (chat_input_not_found) -
10/5_17:30_4e             34653197010          ENVIADO      recordatorio FALLIDO (chat_input_not_found) -

[2026-05-14 13:15:19] POSITIVO | Fotos nuevas: 0 | Envios OK: 0 | Envios FAIL: 0 | Reviews negativas: 0 | Fotos borradas: 0

=== SESIÓN 13:16-13:16 (14/05/2026) ===
RESERVA                   TELÉFONO             ESTADO       RESPUESTA                 REVIEW
-----------------------------------------------------------------------------------------------
9/5_14:30_maf             34665976040          ENVIADO      recordatorio FALLIDO (chat_input_not_found) -
9/5_19:00_maf/csi         34%C2%A0628%C2%A061%C2%A027%C2%A078%E2%80%AC ENVIADO      recordatorio FALLIDO (chat_input_not_found) -
9/5_20:30_4e              34747414084          ENVIADO      recordatorio FALLIDO (chat_input_not_found) -
9/5_19:00_4e              34675651585          ENVIADO      recordatorio FALLIDO (chat_input_not_found) -
10/5_17:30_maf            34722714718          ENVIADO      recordatorio FALLIDO (chat_input_not_found) -
10/5_17:30_4e             34653197010          ENVIADO      recordatorio FALLIDO (chat_input_not_found) -

[2026-05-14 13:16:41] POSITIVO | Fotos nuevas: 0 | Envios OK: 0 | Envios FAIL: 0 | Reviews negativas: 0 | Fotos borradas: 0

=== SESIÓN 13:14-13:16 (14/05/2026) ===
RESERVA                   TELÉFONO             ESTADO       RESPUESTA                 REVIEW
-----------------------------------------------------------------------------------------------
9/5_14:30_maf             34665976040          ENVIADO      recordatorio FALLIDO (exception: HTTPConnectionPool(host='localhost', port=59351): Max retries exceeded with url: /session/afe922f9bdfe1bb372823762fef8098b/source (Caused by NewConnectionError("HTTPConnection(host='localhost', port=59351): Failed to establish a new connection: [WinError 10061] No connection could be made because the target machine actively refused it"))) -
9/5_19:00_maf/csi         34%C2%A0628%C2%A061%C2%A027%C2%A078%E2%80%AC ENVIADO      recordatorio FALLIDO (exception: HTTPConnectionPool(host='localhost', port=59351): Max retries exceeded with url: /session/afe922f9bdfe1bb372823762fef8098b/source (Caused by NewConnectionError("HTTPConnection(host='localhost', port=59351): Failed to establish a new connection: [WinError 10061] No connection could be made because the target machine actively refused it"))) -
9/5_20:30_4e              34747414084          ENVIADO      recordatorio FALLIDO (exception: HTTPConnectionPool(host='localhost', port=59351): Max retries exceeded with url: /session/afe922f9bdfe1bb372823762fef8098b/source (Caused by NewConnectionError("HTTPConnection(host='localhost', port=59351): Failed to establish a new connection: [WinError 10061] No connection could be made because the target machine actively refused it"))) -
9/5_19:00_4e              34675651585          ENVIADO      recordatorio FALLIDO (exception: HTTPConnectionPool(host='localhost', port=59351): Max retries exceeded with url: /session/afe922f9bdfe1bb372823762fef8098b/source (Caused by NewConnectionError("HTTPConnection(host='localhost', port=59351): Failed to establish a new connection: [WinError 10061] No connection could be made because the target machine actively refused it"))) -
10/5_17:30_maf            34722714718          ENVIADO      recordatorio FALLIDO (exception: HTTPConnectionPool(host='localhost', port=59351): Max retries exceeded with url: /session/afe922f9bdfe1bb372823762fef8098b/source (Caused by NewConnectionError("HTTPConnection(host='localhost', port=59351): Failed to establish a new connection: [WinError 10061] No connection could be made because the target machine actively refused it"))) -
10/5_17:30_4e             34653197010          ENVIADO      recordatorio FALLIDO (exception: HTTPConnectionPool(host='localhost', port=59351): Max retries exceeded with url: /session/afe922f9bdfe1bb372823762fef8098b/source (Caused by NewConnectionError("HTTPConnection(host='localhost', port=59351): Failed to establish a new connection: [WinError 10061] No connection could be made because the target machine actively refused it"))) -

[2026-05-14 13:16:46] POSITIVO | Fotos nuevas: 0 | Envios OK: 0 | Envios FAIL: 0 | Reviews negativas: 0 | Fotos borradas: 0

=== SESIÓN 13:18-13:18 (14/05/2026) ===
RESERVA                   TELÉFONO             ESTADO       RESPUESTA                 REVIEW
-----------------------------------------------------------------------------------------------
9/5_14:30_maf             34665976040          ENVIADO      recordatorio FALLIDO (chat_input_not_found) -
9/5_19:00_maf/csi         34%C2%A0628%C2%A061%C2%A027%C2%A078%E2%80%AC ENVIADO      recordatorio FALLIDO (chat_input_not_found) -
9/5_20:30_4e              34747414084          ENVIADO      recordatorio FALLIDO (chat_input_not_found) -
9/5_19:00_4e              34675651585          ENVIADO      recordatorio FALLIDO (chat_input_not_found) -
10/5_17:30_maf            34722714718          ENVIADO      recordatorio FALLIDO (chat_input_not_found) -
10/5_17:30_4e             34653197010          ENVIADO      recordatorio FALLIDO (chat_input_not_found) -

[2026-05-14 13:18:49] POSITIVO | Fotos nuevas: 0 | Envios OK: 0 | Envios FAIL: 0 | Reviews negativas: 0 | Fotos borradas: 0

=== SESIÓN 13:19-13:20 (14/05/2026) ===
RESERVA                   TELÉFONO             ESTADO       RESPUESTA                 REVIEW
-----------------------------------------------------------------------------------------------
9/5_14:30_maf             34665976040          ENVIADO      recordatorio FALLIDO (chat_input_not_found) -
9/5_19:00_maf/csi         34%C2%A0628%C2%A061%C2%A027%C2%A078%E2%80%AC ENVIADO      recordatorio FALLIDO (chat_input_not_found) -
9/5_20:30_4e              34747414084          ENVIADO      recordatorio FALLIDO (chat_input_not_found) -
9/5_19:00_4e              34675651585          ENVIADO      recordatorio FALLIDO (chat_input_not_found) -
10/5_17:30_maf            34722714718          ENVIADO      recordatorio FALLIDO (chat_input_not_found) -
10/5_17:30_4e             34653197010          ENVIADO      recordatorio FALLIDO (chat_input_not_found) -

[2026-05-14 13:20:07] POSITIVO | Fotos nuevas: 0 | Envios OK: 0 | Envios FAIL: 0 | Reviews negativas: 0 | Fotos borradas: 0

=== SESIÓN 13:21-13:21 (14/05/2026) ===
RESERVA                   TELÉFONO             ESTADO       RESPUESTA                 REVIEW
-----------------------------------------------------------------------------------------------
9/5_14:30_maf             34665976040          ENVIADO      recordatorio FALLIDO (chat_input_not_found) -
9/5_19:00_maf/csi         34%C2%A0628%C2%A061%C2%A027%C2%A078%E2%80%AC ENVIADO      recordatorio FALLIDO (chat_input_not_found) -
9/5_20:30_4e              34747414084          ENVIADO      recordatorio FALLIDO (chat_input_not_found) -
9/5_19:00_4e              34675651585          ENVIADO      recordatorio FALLIDO (chat_input_not_found) -
10/5_17:30_maf            34722714718          ENVIADO      recordatorio FALLIDO (chat_input_not_found) -
10/5_17:30_4e             34653197010          ENVIADO      recordatorio FALLIDO (chat_input_not_found) -

[2026-05-14 13:21:26] POSITIVO | Fotos nuevas: 0 | Envios OK: 0 | Envios FAIL: 0 | Reviews negativas: 0 | Fotos borradas: 0

=== SESIÓN 13:22-13:22 (14/05/2026) ===
RESERVA                   TELÉFONO             ESTADO       RESPUESTA                 REVIEW
-----------------------------------------------------------------------------------------------
9/5_14:30_maf             34665976040          ENVIADO      recordatorio FALLIDO (chat_input_not_found) -
9/5_19:00_maf/csi         34%C2%A0628%C2%A061%C2%A027%C2%A078%E2%80%AC ENVIADO      recordatorio FALLIDO (chat_input_not_found) -
9/5_20:30_4e              34747414084          ENVIADO      recordatorio FALLIDO (chat_input_not_found) -
9/5_19:00_4e              34675651585          ENVIADO      recordatorio FALLIDO (chat_input_not_found) -
10/5_17:30_maf            34722714718          ENVIADO      recordatorio FALLIDO (chat_input_not_found) -
10/5_17:30_4e             34653197010          ENVIADO      recordatorio FALLIDO (chat_input_not_found) -

[2026-05-14 13:22:39] POSITIVO | Fotos nuevas: 0 | Envios OK: 0 | Envios FAIL: 0 | Reviews negativas: 0 | Fotos borradas: 0

=== SESIÓN 13:23-13:23 (14/05/2026) ===
RESERVA                   TELÉFONO             ESTADO       RESPUESTA                 REVIEW
-----------------------------------------------------------------------------------------------
9/5_14:30_maf             34665976040          ENVIADO      recordatorio FALLIDO (chat_input_not_found) -
9/5_19:00_maf/csi         34%C2%A0628%C2%A061%C2%A027%C2%A078%E2%80%AC ENVIADO      recordatorio FALLIDO (chat_input_not_found) -
9/5_20:30_4e              34747414084          ENVIADO      recordatorio FALLIDO (chat_input_not_found) -
9/5_19:00_4e              34675651585          ENVIADO      recordatorio FALLIDO (chat_input_not_found) -
10/5_17:30_maf            34722714718          ENVIADO      recordatorio FALLIDO (chat_input_not_found) -
10/5_17:30_4e             34653197010          ENVIADO      recordatorio FALLIDO (chat_input_not_found) -

[2026-05-14 13:23:56] POSITIVO | Fotos nuevas: 0 | Envios OK: 0 | Envios FAIL: 0 | Reviews negativas: 0 | Fotos borradas: 0

=== SESIÓN 13:25-13:25 (14/05/2026) ===
RESERVA                   TELÉFONO             ESTADO       RESPUESTA                 REVIEW
-----------------------------------------------------------------------------------------------
9/5_14:30_maf             34665976040          ENVIADO      recordatorio FALLIDO (chat_input_not_found) -
9/5_19:00_maf/csi         34%C2%A0628%C2%A061%C2%A027%C2%A078%E2%80%AC ENVIADO      recordatorio FALLIDO (chat_input_not_found) -
9/5_20:30_4e              34747414084          ENVIADO      recordatorio FALLIDO (chat_input_not_found) -
9/5_19:00_4e              34675651585          ENVIADO      recordatorio FALLIDO (chat_input_not_found) -
10/5_17:30_maf            34722714718          ENVIADO      recordatorio FALLIDO (chat_input_not_found) -
10/5_17:30_4e             34653197010          ENVIADO      recordatorio FALLIDO (chat_input_not_found) -

[2026-05-14 13:25:16] POSITIVO | Fotos nuevas: 0 | Envios OK: 0 | Envios FAIL: 0 | Reviews negativas: 0 | Fotos borradas: 0

=== SESIÓN 13:26-13:26 (14/05/2026) ===
RESERVA                   TELÉFONO             ESTADO       RESPUESTA                 REVIEW
-----------------------------------------------------------------------------------------------
9/5_14:30_maf             34665976040          ENVIADO      recordatorio FALLIDO (chat_input_not_found) -
9/5_19:00_maf/csi         34%C2%A0628%C2%A061%C2%A027%C2%A078%E2%80%AC ENVIADO      recordatorio FALLIDO (chat_input_not_found) -
9/5_20:30_4e              34747414084          ENVIADO      recordatorio FALLIDO (chat_input_not_found) -
9/5_19:00_4e              34675651585          ENVIADO      recordatorio FALLIDO (chat_input_not_found) -
10/5_17:30_maf            34722714718          ENVIADO      recordatorio FALLIDO (chat_input_not_found) -
10/5_17:30_4e             34653197010          ENVIADO      recordatorio FALLIDO (chat_input_not_found) -

[2026-05-14 13:26:33] POSITIVO | Fotos nuevas: 0 | Envios OK: 0 | Envios FAIL: 0 | Reviews negativas: 0 | Fotos borradas: 0

=== SESIÓN 13:24-13:27 (14/05/2026) ===
RESERVA                   TELÉFONO             ESTADO       RESPUESTA                 REVIEW
-----------------------------------------------------------------------------------------------
9/5_14:30_maf             34665976040          ENVIADO      recordatorio FALLIDO (exception: HTTPConnectionPool(host='localhost', port=59715): Max retries exceeded with url: /session/47029c75667901f272792c02f85e7375/source (Caused by NewConnectionError("HTTPConnection(host='localhost', port=59715): Failed to establish a new connection: [WinError 10061] No connection could be made because the target machine actively refused it"))) -
9/5_19:00_maf/csi         34%C2%A0628%C2%A061%C2%A027%C2%A078%E2%80%AC ENVIADO      recordatorio FALLIDO (exception: HTTPConnectionPool(host='localhost', port=59715): Max retries exceeded with url: /session/47029c75667901f272792c02f85e7375/source (Caused by NewConnectionError("HTTPConnection(host='localhost', port=59715): Failed to establish a new connection: [WinError 10061] No connection could be made because the target machine actively refused it"))) -
9/5_20:30_4e              34747414084          ENVIADO      recordatorio FALLIDO (exception: HTTPConnectionPool(host='localhost', port=59715): Max retries exceeded with url: /session/47029c75667901f272792c02f85e7375/source (Caused by NewConnectionError("HTTPConnection(host='localhost', port=59715): Failed to establish a new connection: [WinError 10061] No connection could be made because the target machine actively refused it"))) -
9/5_19:00_4e              34675651585          ENVIADO      recordatorio FALLIDO (exception: HTTPConnectionPool(host='localhost', port=59715): Max retries exceeded with url: /session/47029c75667901f272792c02f85e7375/source (Caused by NewConnectionError("HTTPConnection(host='localhost', port=59715): Failed to establish a new connection: [WinError 10061] No connection could be made because the target machine actively refused it"))) -
10/5_17:30_maf            34722714718          ENVIADO      recordatorio FALLIDO (exception: HTTPConnectionPool(host='localhost', port=59715): Max retries exceeded with url: /session/47029c75667901f272792c02f85e7375/source (Caused by NewConnectionError("HTTPConnection(host='localhost', port=59715): Failed to establish a new connection: [WinError 10061] No connection could be made because the target machine actively refused it"))) -
10/5_17:30_4e             34653197010          ENVIADO      recordatorio FALLIDO (exception: HTTPConnectionPool(host='localhost', port=59715): Max retries exceeded with url: /session/47029c75667901f272792c02f85e7375/source (Caused by NewConnectionError("HTTPConnection(host='localhost', port=59715): Failed to establish a new connection: [WinError 10061] No connection could be made because the target machine actively refused it"))) -

[2026-05-14 13:27:09] POSITIVO | Fotos nuevas: 0 | Envios OK: 0 | Envios FAIL: 0 | Reviews negativas: 0 | Fotos borradas: 0

=== SESIÓN 13:28-13:28 (14/05/2026) ===
RESERVA                   TELÉFONO             ESTADO       RESPUESTA                 REVIEW
-----------------------------------------------------------------------------------------------
9/5_14:30_maf             34665976040          ENVIADO      recordatorio FALLIDO (chat_input_not_found) -
9/5_19:00_maf/csi         34%C2%A0628%C2%A061%C2%A027%C2%A078%E2%80%AC ENVIADO      recordatorio FALLIDO (chat_input_not_found) -
9/5_20:30_4e              34747414084          ENVIADO      recordatorio FALLIDO (chat_input_not_found) -
9/5_19:00_4e              34675651585          ENVIADO      recordatorio FALLIDO (chat_input_not_found) -
10/5_17:30_maf            34722714718          ENVIADO      recordatorio FALLIDO (chat_input_not_found) -
10/5_17:30_4e             34653197010          ENVIADO      recordatorio FALLIDO (chat_input_not_found) -

[2026-05-14 13:28:35] POSITIVO | Fotos nuevas: 0 | Envios OK: 0 | Envios FAIL: 0 | Reviews negativas: 0 | Fotos borradas: 0
[2026-05-14 13:28:55] NEGATIVO | WhatsApp no conectado (QR visible) — ciclo abortado

=== SESIÓN 13:30-13:30 (14/05/2026) ===
RESERVA                   TELÉFONO             ESTADO       RESPUESTA                 REVIEW
-----------------------------------------------------------------------------------------------
9/5_14:30_maf             34665976040          ENVIADO      recordatorio FALLIDO (chat_input_not_found) -
9/5_19:00_maf/csi         34%C2%A0628%C2%A061%C2%A027%C2%A078%E2%80%AC ENVIADO      recordatorio FALLIDO (chat_input_not_found) -
9/5_20:30_4e              34747414084          ENVIADO      recordatorio FALLIDO (chat_input_not_found) -
9/5_19:00_4e              34675651585          ENVIADO      recordatorio FALLIDO (chat_input_not_found) -
10/5_17:30_maf            34722714718          ENVIADO      recordatorio FALLIDO (chat_input_not_found) -
10/5_17:30_4e             34653197010          ENVIADO      recordatorio FALLIDO (chat_input_not_found) -

[2026-05-14 13:30:56] POSITIVO | Fotos nuevas: 0 | Envios OK: 0 | Envios FAIL: 0 | Reviews negativas: 0 | Fotos borradas: 0

=== SESIÓN 13:32-13:32 (14/05/2026) ===
RESERVA                   TELÉFONO             ESTADO       RESPUESTA                 REVIEW
-----------------------------------------------------------------------------------------------
9/5_14:30_maf             34665976040          ENVIADO      recordatorio FALLIDO (chat_input_not_found) -
9/5_19:00_maf/csi         34%C2%A0628%C2%A061%C2%A027%C2%A078%E2%80%AC ENVIADO      recordatorio FALLIDO (chat_input_not_found) -
9/5_20:30_4e              34747414084          ENVIADO      recordatorio FALLIDO (chat_input_not_found) -
9/5_19:00_4e              34675651585          ENVIADO      recordatorio FALLIDO (chat_input_not_found) -
10/5_17:30_maf            34722714718          ENVIADO      recordatorio FALLIDO (chat_input_not_found) -
10/5_17:30_4e             34653197010          ENVIADO      recordatorio FALLIDO (chat_input_not_found) -

[2026-05-14 13:32:14] POSITIVO | Fotos nuevas: 0 | Envios OK: 0 | Envios FAIL: 0 | Reviews negativas: 0 | Fotos borradas: 0

=== SESIÓN 13:33-13:33 (14/05/2026) ===
RESERVA                   TELÉFONO             ESTADO       RESPUESTA                 REVIEW
-----------------------------------------------------------------------------------------------
9/5_14:30_maf             34665976040          ENVIADO      recordatorio FALLIDO (chat_input_not_found) -
9/5_19:00_maf/csi         34%C2%A0628%C2%A061%C2%A027%C2%A078%E2%80%AC ENVIADO      recordatorio FALLIDO (chat_input_not_found) -
9/5_20:30_4e              34747414084          ENVIADO      recordatorio FALLIDO (chat_input_not_found) -
9/5_19:00_4e              34675651585          ENVIADO      recordatorio FALLIDO (chat_input_not_found) -
10/5_17:30_maf            34722714718          ENVIADO      recordatorio FALLIDO (chat_input_not_found) -
10/5_17:30_4e             34653197010          ENVIADO      recordatorio FALLIDO (chat_input_not_found) -

[2026-05-14 13:33:32] POSITIVO | Fotos nuevas: 0 | Envios OK: 0 | Envios FAIL: 0 | Reviews negativas: 0 | Fotos borradas: 0

=== SESIÓN 13:30-13:33 (14/05/2026) ===
RESERVA                   TELÉFONO             ESTADO       RESPUESTA                 REVIEW
-----------------------------------------------------------------------------------------------
9/5_14:30_maf             34665976040          ENVIADO      recordatorio FALLIDO (exception: HTTPConnectionPool(host='localhost', port=61050): Max retries exceeded with url: /session/a28ea7cf2d349075184d43779445fbf1/source (Caused by NewConnectionError("HTTPConnection(host='localhost', port=61050): Failed to establish a new connection: [WinError 10061] No connection could be made because the target machine actively refused it"))) -
9/5_19:00_maf/csi         34%C2%A0628%C2%A061%C2%A027%C2%A078%E2%80%AC ENVIADO      recordatorio FALLIDO (exception: HTTPConnectionPool(host='localhost', port=61050): Max retries exceeded with url: /session/a28ea7cf2d349075184d43779445fbf1/source (Caused by NewConnectionError("HTTPConnection(host='localhost', port=61050): Failed to establish a new connection: [WinError 10061] No connection could be made because the target machine actively refused it"))) -
9/5_20:30_4e              34747414084          ENVIADO      recordatorio FALLIDO (exception: HTTPConnectionPool(host='localhost', port=61050): Max retries exceeded with url: /session/a28ea7cf2d349075184d43779445fbf1/source (Caused by NewConnectionError("HTTPConnection(host='localhost', port=61050): Failed to establish a new connection: [WinError 10061] No connection could be made because the target machine actively refused it"))) -
9/5_19:00_4e              34675651585          ENVIADO      recordatorio FALLIDO (exception: HTTPConnectionPool(host='localhost', port=61050): Max retries exceeded with url: /session/a28ea7cf2d349075184d43779445fbf1/source (Caused by NewConnectionError("HTTPConnection(host='localhost', port=61050): Failed to establish a new connection: [WinError 10061] No connection could be made because the target machine actively refused it"))) -
10/5_17:30_maf            34722714718          ENVIADO      recordatorio FALLIDO (exception: HTTPConnectionPool(host='localhost', port=61050): Max retries exceeded with url: /session/a28ea7cf2d349075184d43779445fbf1/source (Caused by NewConnectionError("HTTPConnection(host='localhost', port=61050): Failed to establish a new connection: [WinError 10061] No connection could be made because the target machine actively refused it"))) -
10/5_17:30_4e             34653197010          ENVIADO      recordatorio FALLIDO (exception: HTTPConnectionPool(host='localhost', port=61050): Max retries exceeded with url: /session/a28ea7cf2d349075184d43779445fbf1/source (Caused by NewConnectionError("HTTPConnection(host='localhost', port=61050): Failed to establish a new connection: [WinError 10061] No connection could be made because the target machine actively refused it"))) -

[2026-05-14 13:33:33] POSITIVO | Fotos nuevas: 0 | Envios OK: 0 | Envios FAIL: 0 | Reviews negativas: 0 | Fotos borradas: 0

=== SESIÓN 13:35-13:35 (14/05/2026) ===
RESERVA                   TELÉFONO             ESTADO       RESPUESTA                 REVIEW
-----------------------------------------------------------------------------------------------
9/5_14:30_maf             34665976040          ENVIADO      recordatorio FALLIDO (chat_input_not_found) -
9/5_19:00_maf/csi         34%C2%A0628%C2%A061%C2%A027%C2%A078%E2%80%AC ENVIADO      recordatorio FALLIDO (chat_input_not_found) -
9/5_20:30_4e              34747414084          ENVIADO      recordatorio FALLIDO (chat_input_not_found) -
9/5_19:00_4e              34675651585          ENVIADO      recordatorio FALLIDO (chat_input_not_found) -
10/5_17:30_maf            34722714718          ENVIADO      recordatorio FALLIDO (chat_input_not_found) -
10/5_17:30_4e             34653197010          ENVIADO      recordatorio FALLIDO (chat_input_not_found) -

[2026-05-14 13:35:37] POSITIVO | Fotos nuevas: 0 | Envios OK: 0 | Envios FAIL: 0 | Reviews negativas: 0 | Fotos borradas: 0
[2026-05-14 13:35:39] NEGATIVO | WhatsApp no conectado (QR visible) — ciclo abortado

=== SESIÓN 13:37-13:37 (14/05/2026) ===
RESERVA                   TELÉFONO             ESTADO       RESPUESTA                 REVIEW
-----------------------------------------------------------------------------------------------
9/5_14:30_maf             34665976040          ENVIADO      recordatorio FALLIDO (chat_input_not_found) -
9/5_19:00_maf/csi         34%C2%A0628%C2%A061%C2%A027%C2%A078%E2%80%AC ENVIADO      recordatorio FALLIDO (chat_input_not_found) -
9/5_20:30_4e              34747414084          ENVIADO      recordatorio FALLIDO (chat_input_not_found) -
9/5_19:00_4e              34675651585          ENVIADO      recordatorio FALLIDO (chat_input_not_found) -
10/5_17:30_maf            34722714718          ENVIADO      recordatorio FALLIDO (chat_input_not_found) -
10/5_17:30_4e             34653197010          ENVIADO      recordatorio FALLIDO (chat_input_not_found) -

[2026-05-14 13:37:43] POSITIVO | Fotos nuevas: 0 | Envios OK: 0 | Envios FAIL: 0 | Reviews negativas: 0 | Fotos borradas: 0

=== SESIÓN 13:38-13:39 (14/05/2026) ===
RESERVA                   TELÉFONO             ESTADO       RESPUESTA                 REVIEW
-----------------------------------------------------------------------------------------------
9/5_14:30_maf             34665976040          ENVIADO      recordatorio FALLIDO (chat_input_not_found) -
9/5_19:00_maf/csi         34%C2%A0628%C2%A061%C2%A027%C2%A078%E2%80%AC ENVIADO      recordatorio FALLIDO (chat_input_not_found) -
9/5_20:30_4e              34747414084          ENVIADO      recordatorio FALLIDO (chat_input_not_found) -
9/5_19:00_4e              34675651585          ENVIADO      recordatorio FALLIDO (chat_input_not_found) -
10/5_17:30_maf            34722714718          ENVIADO      recordatorio FALLIDO (chat_input_not_found) -
10/5_17:30_4e             34653197010          ENVIADO      recordatorio FALLIDO (chat_input_not_found) -

[2026-05-14 13:39:03] POSITIVO | Fotos nuevas: 0 | Envios OK: 0 | Envios FAIL: 0 | Reviews negativas: 0 | Fotos borradas: 0

=== SESIÓN 13:40-13:40 (14/05/2026) ===
RESERVA                   TELÉFONO             ESTADO       RESPUESTA                 REVIEW
-----------------------------------------------------------------------------------------------
9/5_14:30_maf             34665976040          ENVIADO      recordatorio FALLIDO (chat_input_not_found) -
9/5_19:00_maf/csi         34%C2%A0628%C2%A061%C2%A027%C2%A078%E2%80%AC ENVIADO      recordatorio FALLIDO (chat_input_not_found) -
9/5_20:30_4e              34747414084          ENVIADO      recordatorio FALLIDO (chat_input_not_found) -
9/5_19:00_4e              34675651585          ENVIADO      recordatorio FALLIDO (chat_input_not_found) -
10/5_17:30_maf            34722714718          ENVIADO      recordatorio FALLIDO (chat_input_not_found) -
10/5_17:30_4e             34653197010          ENVIADO      recordatorio FALLIDO (chat_input_not_found) -

[2026-05-14 13:40:18] POSITIVO | Fotos nuevas: 0 | Envios OK: 0 | Envios FAIL: 0 | Reviews negativas: 0 | Fotos borradas: 0

=== SESIÓN 13:41-13:41 (14/05/2026) ===
RESERVA                   TELÉFONO             ESTADO       RESPUESTA                 REVIEW
-----------------------------------------------------------------------------------------------
9/5_14:30_maf             34665976040          ENVIADO      recordatorio FALLIDO (chat_input_not_found) -
9/5_19:00_maf/csi         34%C2%A0628%C2%A061%C2%A027%C2%A078%E2%80%AC ENVIADO      recordatorio FALLIDO (chat_input_not_found) -
9/5_20:30_4e              34747414084          ENVIADO      recordatorio FALLIDO (chat_input_not_found) -
9/5_19:00_4e              34675651585          ENVIADO      recordatorio FALLIDO (chat_input_not_found) -
10/5_17:30_maf            34722714718          ENVIADO      recordatorio FALLIDO (chat_input_not_found) -
10/5_17:30_4e             34653197010          ENVIADO      recordatorio FALLIDO (chat_input_not_found) -

[2026-05-14 13:41:36] POSITIVO | Fotos nuevas: 0 | Envios OK: 0 | Envios FAIL: 0 | Reviews negativas: 0 | Fotos borradas: 0

=== SESIÓN 13:42-13:42 (14/05/2026) ===
RESERVA                   TELÉFONO             ESTADO       RESPUESTA                 REVIEW
-----------------------------------------------------------------------------------------------
9/5_14:30_maf             34665976040          ENVIADO      recordatorio FALLIDO (chat_input_not_found) -
9/5_19:00_maf/csi         34%C2%A0628%C2%A061%C2%A027%C2%A078%E2%80%AC ENVIADO      recordatorio FALLIDO (chat_input_not_found) -
9/5_20:30_4e              34747414084          ENVIADO      recordatorio FALLIDO (chat_input_not_found) -
9/5_19:00_4e              34675651585          ENVIADO      recordatorio FALLIDO (chat_input_not_found) -
10/5_17:30_maf            34722714718          ENVIADO      recordatorio FALLIDO (chat_input_not_found) -
10/5_17:30_4e             34653197010          ENVIADO      recordatorio FALLIDO (chat_input_not_found) -

[2026-05-14 13:42:55] POSITIVO | Fotos nuevas: 0 | Envios OK: 0 | Envios FAIL: 0 | Reviews negativas: 0 | Fotos borradas: 0

=== SESIÓN 13:44-13:44 (14/05/2026) ===
RESERVA                   TELÉFONO             ESTADO       RESPUESTA                 REVIEW
-----------------------------------------------------------------------------------------------
9/5_14:30_maf             34665976040          ENVIADO      recordatorio FALLIDO (chat_input_not_found) -
9/5_19:00_maf/csi         34%C2%A0628%C2%A061%C2%A027%C2%A078%E2%80%AC ENVIADO      recordatorio FALLIDO (chat_input_not_found) -
9/5_20:30_4e              34747414084          ENVIADO      recordatorio FALLIDO (chat_input_not_found) -
9/5_19:00_4e              34675651585          ENVIADO      recordatorio FALLIDO (chat_input_not_found) -
10/5_17:30_maf            34722714718          ENVIADO      recordatorio FALLIDO (chat_input_not_found) -
10/5_17:30_4e             34653197010          ENVIADO      recordatorio FALLIDO (chat_input_not_found) -

[2026-05-14 13:44:15] POSITIVO | Fotos nuevas: 0 | Envios OK: 0 | Envios FAIL: 0 | Reviews negativas: 0 | Fotos borradas: 0

=== SESIÓN 13:45-13:45 (14/05/2026) ===
RESERVA                   TELÉFONO             ESTADO       RESPUESTA                 REVIEW
-----------------------------------------------------------------------------------------------
9/5_14:30_maf             34665976040          ENVIADO      recordatorio FALLIDO (chat_input_not_found) -
9/5_19:00_maf/csi         34%C2%A0628%C2%A061%C2%A027%C2%A078%E2%80%AC ENVIADO      recordatorio FALLIDO (chat_input_not_found) -
9/5_20:30_4e              34747414084          ENVIADO      recordatorio FALLIDO (chat_input_not_found) -
9/5_19:00_4e              34675651585          ENVIADO      recordatorio FALLIDO (chat_input_not_found) -
10/5_17:30_maf            34722714718          ENVIADO      recordatorio FALLIDO (chat_input_not_found) -
10/5_17:30_4e             34653197010          ENVIADO      recordatorio FALLIDO (chat_input_not_found) -

[2026-05-14 13:45:33] POSITIVO | Fotos nuevas: 0 | Envios OK: 0 | Envios FAIL: 0 | Reviews negativas: 0 | Fotos borradas: 0

=== SESIÓN 13:46-13:46 (14/05/2026) ===
RESERVA                   TELÉFONO             ESTADO       RESPUESTA                 REVIEW
-----------------------------------------------------------------------------------------------
9/5_14:30_maf             34665976040          ENVIADO      recordatorio FALLIDO (chat_input_not_found) -
9/5_19:00_maf/csi         34%C2%A0628%C2%A061%C2%A027%C2%A078%E2%80%AC ENVIADO      recordatorio FALLIDO (chat_input_not_found) -
9/5_20:30_4e              34747414084          ENVIADO      recordatorio FALLIDO (chat_input_not_found) -
9/5_19:00_4e              34675651585          ENVIADO      recordatorio FALLIDO (chat_input_not_found) -
10/5_17:30_maf            34722714718          ENVIADO      recordatorio FALLIDO (chat_input_not_found) -
10/5_17:30_4e             34653197010          ENVIADO      recordatorio FALLIDO (chat_input_not_found) -

[2026-05-14 13:46:52] POSITIVO | Fotos nuevas: 0 | Envios OK: 0 | Envios FAIL: 0 | Reviews negativas: 0 | Fotos borradas: 0

=== SESIÓN 13:48-13:48 (14/05/2026) ===
RESERVA                   TELÉFONO             ESTADO       RESPUESTA                 REVIEW
-----------------------------------------------------------------------------------------------
9/5_14:30_maf             34665976040          ENVIADO      recordatorio FALLIDO (chat_input_not_found) -
9/5_19:00_maf/csi         34%C2%A0628%C2%A061%C2%A027%C2%A078%E2%80%AC ENVIADO      recordatorio FALLIDO (chat_input_not_found) -
9/5_20:30_4e              34747414084          ENVIADO      recordatorio FALLIDO (chat_input_not_found) -
9/5_19:00_4e              34675651585          ENVIADO      recordatorio FALLIDO (chat_input_not_found) -
10/5_17:30_maf            34722714718          ENVIADO      recordatorio FALLIDO (chat_input_not_found) -
10/5_17:30_4e             34653197010          ENVIADO      recordatorio FALLIDO (chat_input_not_found) -

[2026-05-14 13:48:15] POSITIVO | Fotos nuevas: 0 | Envios OK: 0 | Envios FAIL: 0 | Reviews negativas: 0 | Fotos borradas: 0

=== SESIÓN 13:45-13:48 (14/05/2026) ===
RESERVA                   TELÉFONO             ESTADO       RESPUESTA                 REVIEW
-----------------------------------------------------------------------------------------------
9/5_14:30_maf             34665976040          ENVIADO      recordatorio FALLIDO (exception: HTTPConnectionPool(host='localhost', port=61551): Max retries exceeded with url: /session/6d17ec5918452916326f7adaaee0ea1e/source (Caused by NewConnectionError("HTTPConnection(host='localhost', port=61551): Failed to establish a new connection: [WinError 10061] No connection could be made because the target machine actively refused it"))) -
9/5_19:00_maf/csi         34%C2%A0628%C2%A061%C2%A027%C2%A078%E2%80%AC ENVIADO      recordatorio FALLIDO (exception: HTTPConnectionPool(host='localhost', port=61551): Max retries exceeded with url: /session/6d17ec5918452916326f7adaaee0ea1e/source (Caused by NewConnectionError("HTTPConnection(host='localhost', port=61551): Failed to establish a new connection: [WinError 10061] No connection could be made because the target machine actively refused it"))) -
9/5_20:30_4e              34747414084          ENVIADO      recordatorio FALLIDO (exception: HTTPConnectionPool(host='localhost', port=61551): Max retries exceeded with url: /session/6d17ec5918452916326f7adaaee0ea1e/source (Caused by NewConnectionError("HTTPConnection(host='localhost', port=61551): Failed to establish a new connection: [WinError 10061] No connection could be made because the target machine actively refused it"))) -
9/5_19:00_4e              34675651585          ENVIADO      recordatorio FALLIDO (exception: HTTPConnectionPool(host='localhost', port=61551): Max retries exceeded with url: /session/6d17ec5918452916326f7adaaee0ea1e/source (Caused by NewConnectionError("HTTPConnection(host='localhost', port=61551): Failed to establish a new connection: [WinError 10061] No connection could be made because the target machine actively refused it"))) -
10/5_17:30_maf            34722714718          ENVIADO      recordatorio FALLIDO (exception: HTTPConnectionPool(host='localhost', port=61551): Max retries exceeded with url: /session/6d17ec5918452916326f7adaaee0ea1e/source (Caused by NewConnectionError("HTTPConnection(host='localhost', port=61551): Failed to establish a new connection: [WinError 10061] No connection could be made because the target machine actively refused it"))) -
10/5_17:30_4e             34653197010          ENVIADO      recordatorio FALLIDO (exception: HTTPConnectionPool(host='localhost', port=61551): Max retries exceeded with url: /session/6d17ec5918452916326f7adaaee0ea1e/source (Caused by NewConnectionError("HTTPConnection(host='localhost', port=61551): Failed to establish a new connection: [WinError 10061] No connection could be made because the target machine actively refused it"))) -

[2026-05-14 13:48:32] POSITIVO | Fotos nuevas: 0 | Envios OK: 0 | Envios FAIL: 0 | Reviews negativas: 0 | Fotos borradas: 0

=== SESIÓN 13:50-13:50 (14/05/2026) ===
RESERVA                   TELÉFONO             ESTADO       RESPUESTA                 REVIEW
-----------------------------------------------------------------------------------------------
9/5_14:30_maf             34665976040          ENVIADO      recordatorio FALLIDO (chat_input_not_found) -
9/5_19:00_maf/csi         34%C2%A0628%C2%A061%C2%A027%C2%A078%E2%80%AC ENVIADO      recordatorio FALLIDO (chat_input_not_found) -
9/5_20:30_4e              34747414084          ENVIADO      recordatorio FALLIDO (chat_input_not_found) -
9/5_19:00_4e              34675651585          ENVIADO      recordatorio FALLIDO (chat_input_not_found) -
10/5_17:30_maf            34722714718          ENVIADO      recordatorio FALLIDO (chat_input_not_found) -
10/5_17:30_4e             34653197010          ENVIADO      recordatorio FALLIDO (chat_input_not_found) -

[2026-05-14 13:50:36] POSITIVO | Fotos nuevas: 0 | Envios OK: 0 | Envios FAIL: 0 | Reviews negativas: 0 | Fotos borradas: 0

=== SESIÓN 13:51-13:51 (14/05/2026) ===
RESERVA                   TELÉFONO             ESTADO       RESPUESTA                 REVIEW
-----------------------------------------------------------------------------------------------
9/5_14:30_maf             34665976040          ENVIADO      recordatorio FALLIDO (chat_input_not_found) -
9/5_19:00_maf/csi         34%C2%A0628%C2%A061%C2%A027%C2%A078%E2%80%AC ENVIADO      recordatorio FALLIDO (chat_input_not_found) -
9/5_20:30_4e              34747414084          ENVIADO      recordatorio FALLIDO (chat_input_not_found) -
9/5_19:00_4e              34675651585          ENVIADO      recordatorio FALLIDO (chat_input_not_found) -
10/5_17:30_maf            34722714718          ENVIADO      recordatorio FALLIDO (chat_input_not_found) -
10/5_17:30_4e             34653197010          ENVIADO      recordatorio FALLIDO (chat_input_not_found) -

[2026-05-14 13:51:55] POSITIVO | Fotos nuevas: 0 | Envios OK: 0 | Envios FAIL: 0 | Reviews negativas: 0 | Fotos borradas: 0

=== SESIÓN 13:53-13:53 (14/05/2026) ===
RESERVA                   TELÉFONO             ESTADO       RESPUESTA                 REVIEW
-----------------------------------------------------------------------------------------------
9/5_14:30_maf             34665976040          ENVIADO      recordatorio FALLIDO (chat_input_not_found) -
9/5_19:00_maf/csi         34%C2%A0628%C2%A061%C2%A027%C2%A078%E2%80%AC ENVIADO      recordatorio FALLIDO (chat_input_not_found) -
9/5_20:30_4e              34747414084          ENVIADO      recordatorio FALLIDO (chat_input_not_found) -
9/5_19:00_4e              34675651585          ENVIADO      recordatorio FALLIDO (chat_input_not_found) -
10/5_17:30_maf            34722714718          ENVIADO      recordatorio FALLIDO (chat_input_not_found) -
10/5_17:30_4e             34653197010          ENVIADO      recordatorio FALLIDO (chat_input_not_found) -

[2026-05-14 13:53:13] POSITIVO | Fotos nuevas: 0 | Envios OK: 0 | Envios FAIL: 0 | Reviews negativas: 0 | Fotos borradas: 0

=== SESIÓN 13:51-13:53 (14/05/2026) ===
RESERVA                   TELÉFONO             ESTADO       RESPUESTA                 REVIEW
-----------------------------------------------------------------------------------------------
9/5_14:30_maf             34665976040          ENVIADO      recordatorio FALLIDO (exception: HTTPConnectionPool(host='localhost', port=62986): Max retries exceeded with url: /session/49af395108d11ae8e3eaff6bd60c04c2/source (Caused by NewConnectionError("HTTPConnection(host='localhost', port=62986): Failed to establish a new connection: [WinError 10061] No connection could be made because the target machine actively refused it"))) -
9/5_19:00_maf/csi         34%C2%A0628%C2%A061%C2%A027%C2%A078%E2%80%AC ENVIADO      recordatorio FALLIDO (exception: HTTPConnectionPool(host='localhost', port=62986): Max retries exceeded with url: /session/49af395108d11ae8e3eaff6bd60c04c2/source (Caused by NewConnectionError("HTTPConnection(host='localhost', port=62986): Failed to establish a new connection: [WinError 10061] No connection could be made because the target machine actively refused it"))) -
9/5_20:30_4e              34747414084          ENVIADO      recordatorio FALLIDO (exception: HTTPConnectionPool(host='localhost', port=62986): Max retries exceeded with url: /session/49af395108d11ae8e3eaff6bd60c04c2/source (Caused by NewConnectionError("HTTPConnection(host='localhost', port=62986): Failed to establish a new connection: [WinError 10061] No connection could be made because the target machine actively refused it"))) -
9/5_19:00_4e              34675651585          ENVIADO      recordatorio FALLIDO (exception: HTTPConnectionPool(host='localhost', port=62986): Max retries exceeded with url: /session/49af395108d11ae8e3eaff6bd60c04c2/source (Caused by NewConnectionError("HTTPConnection(host='localhost', port=62986): Failed to establish a new connection: [WinError 10061] No connection could be made because the target machine actively refused it"))) -
10/5_17:30_maf            34722714718          ENVIADO      recordatorio FALLIDO (exception: HTTPConnectionPool(host='localhost', port=62986): Max retries exceeded with url: /session/49af395108d11ae8e3eaff6bd60c04c2/source (Caused by NewConnectionError("HTTPConnection(host='localhost', port=62986): Failed to establish a new connection: [WinError 10061] No connection could be made because the target machine actively refused it"))) -
10/5_17:30_4e             34653197010          ENVIADO      recordatorio FALLIDO (exception: HTTPConnectionPool(host='localhost', port=62986): Max retries exceeded with url: /session/49af395108d11ae8e3eaff6bd60c04c2/source (Caused by NewConnectionError("HTTPConnection(host='localhost', port=62986): Failed to establish a new connection: [WinError 10061] No connection could be made because the target machine actively refused it"))) -

[2026-05-14 13:53:47] POSITIVO | Fotos nuevas: 0 | Envios OK: 0 | Envios FAIL: 0 | Reviews negativas: 0 | Fotos borradas: 0

=== SESIÓN 13:55-13:55 (14/05/2026) ===
RESERVA                   TELÉFONO             ESTADO       RESPUESTA                 REVIEW
-----------------------------------------------------------------------------------------------
9/5_14:30_maf             34665976040          ENVIADO      recordatorio FALLIDO (chat_input_not_found) -
9/5_19:00_maf/csi         34%C2%A0628%C2%A061%C2%A027%C2%A078%E2%80%AC ENVIADO      recordatorio FALLIDO (chat_input_not_found) -
9/5_20:30_4e              34747414084          ENVIADO      recordatorio FALLIDO (chat_input_not_found) -
9/5_19:00_4e              34675651585          ENVIADO      recordatorio FALLIDO (chat_input_not_found) -
10/5_17:30_maf            34722714718          ENVIADO      recordatorio FALLIDO (chat_input_not_found) -
10/5_17:30_4e             34653197010          ENVIADO      recordatorio FALLIDO (chat_input_not_found) -

[2026-05-14 13:55:11] POSITIVO | Fotos nuevas: 0 | Envios OK: 0 | Envios FAIL: 0 | Reviews negativas: 0 | Fotos borradas: 0
[2026-05-14 13:55:33] NEGATIVO | WhatsApp no conectado (QR visible) — ciclo abortado

=== SESIÓN 13:56-13:56 (14/05/2026) ===
RESERVA                   TELÉFONO             ESTADO       RESPUESTA                 REVIEW
-----------------------------------------------------------------------------------------------
9/5_14:30_maf             34665976040          ENVIADO      recordatorio FALLIDO (exception: Message: invalid session id; For documentation on this error, please visit: https://www.selenium.dev/documentation/webdriver/troubleshooting/errors#invalidsessionidexception
Stacktrace:
	chromedriver!GetHandleVerifier [0x4eb373+10553]
	chromedriver!GetHandleVerifier [0x4eb4a4+10684]
	chromedriver!(No symbol) [0x2f1c4e]
	chromedriver!(No symbol) [0x32f2c5]
	chromedriver!(No symbol) [0x35d726]
	chromedriver!(No symbol) [0x358c62]
	chromedriver!(No symbol) [0x358281]
	chromedriver!(No symbol) [0x2c501e]
	chromedriver!(No symbol) [0x2c55be]
	chromedriver!(No symbol) [0x2c5a9d]
	chromedriver!GetHandleVerifier [0x76ddb4+292f94]
	chromedriver!GetHandleVerifier [0x76937d+28e55d]
	chromedriver!GetHandleVerifier [0x788215+2ad3f5]
	chromedriver!GetHandleVerifier [0x504c18+29df8]
	chromedriver!GetHandleVerifier [0x50c6fd+318dd]
	chromedriver!(No symbol) [0x2c4b99]
	chromedriver!(No symbol) [0x2c41e0]
	chromedriver!GetHandleVerifier [0x8d2bef+3f7dcf]
	KERNEL32!BaseThreadInitThunk [0x765562c4+24]
	ntdll!RtlSubscribeWnfStateChangeNotification [0x770a0aa9+439]
	ntdll!RtlSubscribeWnfStateChangeNotification [0x770a0a74+404]
) -
9/5_19:00_maf/csi         34%C2%A0628%C2%A061%C2%A027%C2%A078%E2%80%AC ENVIADO      recordatorio FALLIDO (exception: Message: invalid session id; For documentation on this error, please visit: https://www.selenium.dev/documentation/webdriver/troubleshooting/errors#invalidsessionidexception
Stacktrace:
	chromedriver!GetHandleVerifier [0x4eb373+10553]
	chromedriver!GetHandleVerifier [0x4eb4a4+10684]
	chromedriver!(No symbol) [0x2f1c4e]
	chromedriver!(No symbol) [0x32f2c5]
	chromedriver!(No symbol) [0x35d726]
	chromedriver!(No symbol) [0x358c62]
	chromedriver!(No symbol) [0x358281]
	chromedriver!(No symbol) [0x2c501e]
	chromedriver!(No symbol) [0x2c55be]
	chromedriver!(No symbol) [0x2c5a9d]
	chromedriver!GetHandleVerifier [0x76ddb4+292f94]
	chromedriver!GetHandleVerifier [0x76937d+28e55d]
	chromedriver!GetHandleVerifier [0x788215+2ad3f5]
	chromedriver!GetHandleVerifier [0x504c18+29df8]
	chromedriver!GetHandleVerifier [0x50c6fd+318dd]
	chromedriver!(No symbol) [0x2c4b99]
	chromedriver!(No symbol) [0x2c41e0]
	chromedriver!GetHandleVerifier [0x8d2bef+3f7dcf]
	KERNEL32!BaseThreadInitThunk [0x765562c4+24]
	ntdll!RtlSubscribeWnfStateChangeNotification [0x770a0aa9+439]
	ntdll!RtlSubscribeWnfStateChangeNotification [0x770a0a74+404]
) -
9/5_20:30_4e              34747414084          ENVIADO      recordatorio FALLIDO (exception: Message: invalid session id; For documentation on this error, please visit: https://www.selenium.dev/documentation/webdriver/troubleshooting/errors#invalidsessionidexception
Stacktrace:
	chromedriver!GetHandleVerifier [0x4eb373+10553]
	chromedriver!GetHandleVerifier [0x4eb4a4+10684]
	chromedriver!(No symbol) [0x2f1c4e]
	chromedriver!(No symbol) [0x32f2c5]
	chromedriver!(No symbol) [0x35d726]
	chromedriver!(No symbol) [0x358c62]
	chromedriver!(No symbol) [0x358281]
	chromedriver!(No symbol) [0x2c501e]
	chromedriver!(No symbol) [0x2c55be]
	chromedriver!(No symbol) [0x2c5a9d]
	chromedriver!GetHandleVerifier [0x76ddb4+292f94]
	chromedriver!GetHandleVerifier [0x76937d+28e55d]
	chromedriver!GetHandleVerifier [0x788215+2ad3f5]
	chromedriver!GetHandleVerifier [0x504c18+29df8]
	chromedriver!GetHandleVerifier [0x50c6fd+318dd]
	chromedriver!(No symbol) [0x2c4b99]
	chromedriver!(No symbol) [0x2c41e0]
	chromedriver!GetHandleVerifier [0x8d2bef+3f7dcf]
	KERNEL32!BaseThreadInitThunk [0x765562c4+24]
	ntdll!RtlSubscribeWnfStateChangeNotification [0x770a0aa9+439]
	ntdll!RtlSubscribeWnfStateChangeNotification [0x770a0a74+404]
) -
9/5_19:00_4e              34675651585          ENVIADO      recordatorio FALLIDO (exception: Message: invalid session id; For documentation on this error, please visit: https://www.selenium.dev/documentation/webdriver/troubleshooting/errors#invalidsessionidexception
Stacktrace:
	chromedriver!GetHandleVerifier [0x4eb373+10553]
	chromedriver!GetHandleVerifier [0x4eb4a4+10684]
	chromedriver!(No symbol) [0x2f1c4e]
	chromedriver!(No symbol) [0x32f2c5]
	chromedriver!(No symbol) [0x35d726]
	chromedriver!(No symbol) [0x358c62]
	chromedriver!(No symbol) [0x358281]
	chromedriver!(No symbol) [0x2c501e]
	chromedriver!(No symbol) [0x2c55be]
	chromedriver!(No symbol) [0x2c5a9d]
	chromedriver!GetHandleVerifier [0x76ddb4+292f94]
	chromedriver!GetHandleVerifier [0x76937d+28e55d]
	chromedriver!GetHandleVerifier [0x788215+2ad3f5]
	chromedriver!GetHandleVerifier [0x504c18+29df8]
	chromedriver!GetHandleVerifier [0x50c6fd+318dd]
	chromedriver!(No symbol) [0x2c4b99]
	chromedriver!(No symbol) [0x2c41e0]
	chromedriver!GetHandleVerifier [0x8d2bef+3f7dcf]
	KERNEL32!BaseThreadInitThunk [0x765562c4+24]
	ntdll!RtlSubscribeWnfStateChangeNotification [0x770a0aa9+439]
	ntdll!RtlSubscribeWnfStateChangeNotification [0x770a0a74+404]
) -
10/5_17:30_maf            34722714718          ENVIADO      recordatorio FALLIDO (exception: Message: invalid session id; For documentation on this error, please visit: https://www.selenium.dev/documentation/webdriver/troubleshooting/errors#invalidsessionidexception
Stacktrace:
	chromedriver!GetHandleVerifier [0x4eb373+10553]
	chromedriver!GetHandleVerifier [0x4eb4a4+10684]
	chromedriver!(No symbol) [0x2f1c4e]
	chromedriver!(No symbol) [0x32f2c5]
	chromedriver!(No symbol) [0x35d726]
	chromedriver!(No symbol) [0x358c62]
	chromedriver!(No symbol) [0x358281]
	chromedriver!(No symbol) [0x2c501e]
	chromedriver!(No symbol) [0x2c55be]
	chromedriver!(No symbol) [0x2c5a9d]
	chromedriver!GetHandleVerifier [0x76ddb4+292f94]
	chromedriver!GetHandleVerifier [0x76937d+28e55d]
	chromedriver!GetHandleVerifier [0x788215+2ad3f5]
	chromedriver!GetHandleVerifier [0x504c18+29df8]
	chromedriver!GetHandleVerifier [0x50c6fd+318dd]
	chromedriver!(No symbol) [0x2c4b99]
	chromedriver!(No symbol) [0x2c41e0]
	chromedriver!GetHandleVerifier [0x8d2bef+3f7dcf]
	KERNEL32!BaseThreadInitThunk [0x765562c4+24]
	ntdll!RtlSubscribeWnfStateChangeNotification [0x770a0aa9+439]
	ntdll!RtlSubscribeWnfStateChangeNotification [0x770a0a74+404]
) -
10/5_17:30_4e             34653197010          ENVIADO      recordatorio FALLIDO (exception: Message: invalid session id; For documentation on this error, please visit: https://www.selenium.dev/documentation/webdriver/troubleshooting/errors#invalidsessionidexception
Stacktrace:
	chromedriver!GetHandleVerifier [0x4eb373+10553]
	chromedriver!GetHandleVerifier [0x4eb4a4+10684]
	chromedriver!(No symbol) [0x2f1c4e]
	chromedriver!(No symbol) [0x32f2c5]
	chromedriver!(No symbol) [0x35d726]
	chromedriver!(No symbol) [0x358c62]
	chromedriver!(No symbol) [0x358281]
	chromedriver!(No symbol) [0x2c501e]
	chromedriver!(No symbol) [0x2c55be]
	chromedriver!(No symbol) [0x2c5a9d]
	chromedriver!GetHandleVerifier [0x76ddb4+292f94]
	chromedriver!GetHandleVerifier [0x76937d+28e55d]
	chromedriver!GetHandleVerifier [0x788215+2ad3f5]
	chromedriver!GetHandleVerifier [0x504c18+29df8]
	chromedriver!GetHandleVerifier [0x50c6fd+318dd]
	chromedriver!(No symbol) [0x2c4b99]
	chromedriver!(No symbol) [0x2c41e0]
	chromedriver!GetHandleVerifier [0x8d2bef+3f7dcf]
	KERNEL32!BaseThreadInitThunk [0x765562c4+24]
	ntdll!RtlSubscribeWnfStateChangeNotification [0x770a0aa9+439]
	ntdll!RtlSubscribeWnfStateChangeNotification [0x770a0a74+404]
) -

[2026-05-14 13:56:19] POSITIVO | Fotos nuevas: 0 | Envios OK: 0 | Envios FAIL: 0 | Reviews negativas: 0 | Fotos borradas: 0

=== SESIÓN 13:58-13:58 (14/05/2026) ===
RESERVA                   TELÉFONO             ESTADO       RESPUESTA                 REVIEW
-----------------------------------------------------------------------------------------------
9/5_14:30_maf             34665976040          ENVIADO      recordatorio FALLIDO (chat_input_not_found) -
9/5_19:00_maf/csi         34%C2%A0628%C2%A061%C2%A027%C2%A078%E2%80%AC ENVIADO      recordatorio FALLIDO (chat_input_not_found) -
9/5_20:30_4e              34747414084          ENVIADO      recordatorio FALLIDO (chat_input_not_found) -
9/5_19:00_4e              34675651585          ENVIADO      recordatorio FALLIDO (chat_input_not_found) -
10/5_17:30_maf            34722714718          ENVIADO      recordatorio FALLIDO (chat_input_not_found) -
10/5_17:30_4e             34653197010          ENVIADO      recordatorio FALLIDO (chat_input_not_found) -

[2026-05-14 13:58:17] POSITIVO | Fotos nuevas: 0 | Envios OK: 0 | Envios FAIL: 0 | Reviews negativas: 0 | Fotos borradas: 0
[2026-05-14 13:58:36] NEGATIVO | WhatsApp no conectado (QR visible) — ciclo abortado

=== SESIÓN 14:00-14:00 (14/05/2026) ===
RESERVA                   TELÉFONO             ESTADO       RESPUESTA                 REVIEW
-----------------------------------------------------------------------------------------------
9/5_14:30_maf             34665976040          ENVIADO      recordatorio FALLIDO (chat_input_not_found) -
9/5_19:00_maf/csi         34%C2%A0628%C2%A061%C2%A027%C2%A078%E2%80%AC ENVIADO      recordatorio FALLIDO (chat_input_not_found) -
9/5_20:30_4e              34747414084          ENVIADO      recordatorio FALLIDO (chat_input_not_found) -
9/5_19:00_4e              34675651585          ENVIADO      recordatorio FALLIDO (chat_input_not_found) -
10/5_17:30_maf            34722714718          ENVIADO      recordatorio FALLIDO (chat_input_not_found) -
10/5_17:30_4e             34653197010          ENVIADO      recordatorio FALLIDO (chat_input_not_found) -

[2026-05-14 14:00:43] POSITIVO | Fotos nuevas: 0 | Envios OK: 0 | Envios FAIL: 0 | Reviews negativas: 0 | Fotos borradas: 0

=== SESIÓN 14:01-14:02 (14/05/2026) ===
RESERVA                   TELÉFONO             ESTADO       RESPUESTA                 REVIEW
-----------------------------------------------------------------------------------------------
9/5_14:30_maf             34665976040          ENVIADO      recordatorio FALLIDO (chat_input_not_found) -
9/5_19:00_maf/csi         34%C2%A0628%C2%A061%C2%A027%C2%A078%E2%80%AC ENVIADO      recordatorio FALLIDO (chat_input_not_found) -
9/5_20:30_4e              34747414084          ENVIADO      recordatorio FALLIDO (chat_input_not_found) -
9/5_19:00_4e              34675651585          ENVIADO      recordatorio FALLIDO (chat_input_not_found) -
10/5_17:30_maf            34722714718          ENVIADO      recordatorio FALLIDO (chat_input_not_found) -
10/5_17:30_4e             34653197010          ENVIADO      recordatorio FALLIDO (chat_input_not_found) -

[2026-05-14 14:02:02] POSITIVO | Fotos nuevas: 0 | Envios OK: 0 | Envios FAIL: 0 | Reviews negativas: 0 | Fotos borradas: 0

=== SESIÓN 14:00-14:03 (14/05/2026) ===
RESERVA                   TELÉFONO             ESTADO       RESPUESTA                 REVIEW
-----------------------------------------------------------------------------------------------
9/5_14:30_maf             34665976040          ENVIADO      recordatorio FALLIDO (exception: HTTPConnectionPool(host='localhost', port=63697): Max retries exceeded with url: /session/0a3dfe078c62eedf7bd4af898730af75/source (Caused by NewConnectionError("HTTPConnection(host='localhost', port=63697): Failed to establish a new connection: [WinError 10061] No connection could be made because the target machine actively refused it"))) -
9/5_19:00_maf/csi         34%C2%A0628%C2%A061%C2%A027%C2%A078%E2%80%AC ENVIADO      recordatorio FALLIDO (exception: HTTPConnectionPool(host='localhost', port=63697): Max retries exceeded with url: /session/0a3dfe078c62eedf7bd4af898730af75/source (Caused by NewConnectionError("HTTPConnection(host='localhost', port=63697): Failed to establish a new connection: [WinError 10061] No connection could be made because the target machine actively refused it"))) -
9/5_20:30_4e              34747414084          ENVIADO      recordatorio FALLIDO (exception: HTTPConnectionPool(host='localhost', port=63697): Max retries exceeded with url: /session/0a3dfe078c62eedf7bd4af898730af75/source (Caused by NewConnectionError("HTTPConnection(host='localhost', port=63697): Failed to establish a new connection: [WinError 10061] No connection could be made because the target machine actively refused it"))) -
9/5_19:00_4e              34675651585          ENVIADO      recordatorio FALLIDO (exception: HTTPConnectionPool(host='localhost', port=63697): Max retries exceeded with url: /session/0a3dfe078c62eedf7bd4af898730af75/source (Caused by NewConnectionError("HTTPConnection(host='localhost', port=63697): Failed to establish a new connection: [WinError 10061] No connection could be made because the target machine actively refused it"))) -
10/5_17:30_maf            34722714718          ENVIADO      recordatorio FALLIDO (exception: HTTPConnectionPool(host='localhost', port=63697): Max retries exceeded with url: /session/0a3dfe078c62eedf7bd4af898730af75/source (Caused by NewConnectionError("HTTPConnection(host='localhost', port=63697): Failed to establish a new connection: [WinError 10061] No connection could be made because the target machine actively refused it"))) -
10/5_17:30_4e             34653197010          ENVIADO      recordatorio FALLIDO (exception: HTTPConnectionPool(host='localhost', port=63697): Max retries exceeded with url: /session/0a3dfe078c62eedf7bd4af898730af75/source (Caused by NewConnectionError("HTTPConnection(host='localhost', port=63697): Failed to establish a new connection: [WinError 10061] No connection could be made because the target machine actively refused it"))) -

[2026-05-14 14:03:17] POSITIVO | Fotos nuevas: 0 | Envios OK: 0 | Envios FAIL: 0 | Reviews negativas: 0 | Fotos borradas: 0

=== SESIÓN 14:03-14:03 (14/05/2026) ===
RESERVA                   TELÉFONO             ESTADO       RESPUESTA                 REVIEW
-----------------------------------------------------------------------------------------------
9/5_14:30_maf             34665976040          ENVIADO      recordatorio FALLIDO (chat_input_not_found) -
9/5_19:00_maf/csi         34%C2%A0628%C2%A061%C2%A027%C2%A078%E2%80%AC ENVIADO      recordatorio FALLIDO (chat_input_not_found) -
9/5_20:30_4e              34747414084          ENVIADO      recordatorio FALLIDO (chat_input_not_found) -
9/5_19:00_4e              34675651585          ENVIADO      recordatorio FALLIDO (chat_input_not_found) -
10/5_17:30_maf            34722714718          ENVIADO      recordatorio FALLIDO (chat_input_not_found) -
10/5_17:30_4e             34653197010          ENVIADO      recordatorio FALLIDO (chat_input_not_found) -

[2026-05-14 14:03:18] POSITIVO | Fotos nuevas: 0 | Envios OK: 0 | Envios FAIL: 0 | Reviews negativas: 0 | Fotos borradas: 0

=== SESIÓN 14:05-14:05 (14/05/2026) ===
RESERVA                   TELÉFONO             ESTADO       RESPUESTA                 REVIEW
-----------------------------------------------------------------------------------------------
9/5_14:30_maf             34665976040          ENVIADO      recordatorio FALLIDO (chat_input_not_found) -
9/5_19:00_maf/csi         34%C2%A0628%C2%A061%C2%A027%C2%A078%E2%80%AC ENVIADO      recordatorio FALLIDO (chat_input_not_found) -
9/5_20:30_4e              34747414084          ENVIADO      recordatorio FALLIDO (chat_input_not_found) -
9/5_19:00_4e              34675651585          ENVIADO      recordatorio FALLIDO (chat_input_not_found) -
10/5_17:30_maf            34722714718          ENVIADO      recordatorio FALLIDO (chat_input_not_found) -
10/5_17:30_4e             34653197010          ENVIADO      recordatorio FALLIDO (chat_input_not_found) -

[2026-05-14 14:05:32] POSITIVO | Fotos nuevas: 0 | Envios OK: 0 | Envios FAIL: 0 | Reviews negativas: 0 | Fotos borradas: 0
[2026-05-14 14:05:42] NEGATIVO | WhatsApp no conectado (QR visible) — ciclo abortado

=== SESIÓN 14:07-14:07 (14/05/2026) ===
RESERVA                   TELÉFONO             ESTADO       RESPUESTA                 REVIEW
-----------------------------------------------------------------------------------------------
9/5_14:30_maf             34665976040          ENVIADO      recordatorio FALLIDO (chat_input_not_found) -
9/5_19:00_maf/csi         34%C2%A0628%C2%A061%C2%A027%C2%A078%E2%80%AC ENVIADO      recordatorio FALLIDO (chat_input_not_found) -
9/5_20:30_4e              34747414084          ENVIADO      recordatorio FALLIDO (chat_input_not_found) -
9/5_19:00_4e              34675651585          ENVIADO      recordatorio FALLIDO (chat_input_not_found) -
10/5_17:30_maf            34722714718          ENVIADO      recordatorio FALLIDO (chat_input_not_found) -
10/5_17:30_4e             34653197010          ENVIADO      recordatorio FALLIDO (chat_input_not_found) -

[2026-05-14 14:07:44] POSITIVO | Fotos nuevas: 0 | Envios OK: 0 | Envios FAIL: 0 | Reviews negativas: 0 | Fotos borradas: 0

=== SESIÓN 14:08-14:09 (14/05/2026) ===
RESERVA                   TELÉFONO             ESTADO       RESPUESTA                 REVIEW
-----------------------------------------------------------------------------------------------
9/5_14:30_maf             34665976040          ENVIADO      recordatorio FALLIDO (chat_input_not_found) -
9/5_19:00_maf/csi         34%C2%A0628%C2%A061%C2%A027%C2%A078%E2%80%AC ENVIADO      recordatorio FALLIDO (chat_input_not_found) -
9/5_20:30_4e              34747414084          ENVIADO      recordatorio FALLIDO (chat_input_not_found) -
9/5_19:00_4e              34675651585          ENVIADO      recordatorio FALLIDO (chat_input_not_found) -
10/5_17:30_maf            34722714718          ENVIADO      recordatorio FALLIDO (chat_input_not_found) -
10/5_17:30_4e             34653197010          ENVIADO      recordatorio FALLIDO (chat_input_not_found) -

[2026-05-14 14:09:01] POSITIVO | Fotos nuevas: 0 | Envios OK: 0 | Envios FAIL: 0 | Reviews negativas: 0 | Fotos borradas: 0

=== SESIÓN 14:10-14:10 (14/05/2026) ===
RESERVA                   TELÉFONO             ESTADO       RESPUESTA                 REVIEW
-----------------------------------------------------------------------------------------------
9/5_14:30_maf             34665976040          ENVIADO      recordatorio FALLIDO (chat_input_not_found) -
9/5_19:00_maf/csi         34%C2%A0628%C2%A061%C2%A027%C2%A078%E2%80%AC ENVIADO      recordatorio FALLIDO (chat_input_not_found) -
9/5_20:30_4e              34747414084          ENVIADO      recordatorio FALLIDO (chat_input_not_found) -
9/5_19:00_4e              34675651585          ENVIADO      recordatorio FALLIDO (chat_input_not_found) -
10/5_17:30_maf            34722714718          ENVIADO      recordatorio FALLIDO (chat_input_not_found) -
10/5_17:30_4e             34653197010          ENVIADO      recordatorio FALLIDO (chat_input_not_found) -

[2026-05-14 14:10:18] POSITIVO | Fotos nuevas: 0 | Envios OK: 0 | Envios FAIL: 0 | Reviews negativas: 0 | Fotos borradas: 0

=== SESIÓN 14:11-14:11 (14/05/2026) ===
RESERVA                   TELÉFONO             ESTADO       RESPUESTA                 REVIEW
-----------------------------------------------------------------------------------------------
9/5_14:30_maf             34665976040          ENVIADO      recordatorio FALLIDO (chat_input_not_found) -
9/5_19:00_maf/csi         34%C2%A0628%C2%A061%C2%A027%C2%A078%E2%80%AC ENVIADO      recordatorio FALLIDO (chat_input_not_found) -
9/5_20:30_4e              34747414084          ENVIADO      recordatorio FALLIDO (chat_input_not_found) -
9/5_19:00_4e              34675651585          ENVIADO      recordatorio FALLIDO (chat_input_not_found) -
10/5_17:30_maf            34722714718          ENVIADO      recordatorio FALLIDO (chat_input_not_found) -
10/5_17:30_4e             34653197010          ENVIADO      recordatorio FALLIDO (chat_input_not_found) -

[2026-05-14 14:11:35] POSITIVO | Fotos nuevas: 0 | Envios OK: 0 | Envios FAIL: 0 | Reviews negativas: 0 | Fotos borradas: 0

=== SESIÓN 14:13-14:13 (14/05/2026) ===
RESERVA                   TELÉFONO             ESTADO       RESPUESTA                 REVIEW
-----------------------------------------------------------------------------------------------
9/5_14:30_maf             34665976040          ENVIADO      recordatorio FALLIDO (chat_input_not_found) -
9/5_19:00_maf/csi         34%C2%A0628%C2%A061%C2%A027%C2%A078%E2%80%AC ENVIADO      recordatorio FALLIDO (chat_input_not_found) -
9/5_20:30_4e              34747414084          ENVIADO      recordatorio FALLIDO (chat_input_not_found) -
9/5_19:00_4e              34675651585          ENVIADO      recordatorio FALLIDO (chat_input_not_found) -
10/5_17:30_maf            34722714718          ENVIADO      recordatorio FALLIDO (chat_input_not_found) -
10/5_17:30_4e             34653197010          ENVIADO      recordatorio FALLIDO (chat_input_not_found) -

[2026-05-14 14:13:06] POSITIVO | Fotos nuevas: 0 | Envios OK: 0 | Envios FAIL: 0 | Reviews negativas: 0 | Fotos borradas: 0

=== SESIÓN 14:11-14:13 (14/05/2026) ===
RESERVA                   TELÉFONO             ESTADO       RESPUESTA                 REVIEW
-----------------------------------------------------------------------------------------------
9/5_14:30_maf             34665976040          ENVIADO      recordatorio FALLIDO (exception: HTTPConnectionPool(host='localhost', port=64313): Max retries exceeded with url: /session/8e343c15cdfe2adeafc9f973a8cc2ea3/source (Caused by NewConnectionError("HTTPConnection(host='localhost', port=64313): Failed to establish a new connection: [WinError 10061] No connection could be made because the target machine actively refused it"))) -
9/5_19:00_maf/csi         34%C2%A0628%C2%A061%C2%A027%C2%A078%E2%80%AC ENVIADO      recordatorio FALLIDO (exception: HTTPConnectionPool(host='localhost', port=64313): Max retries exceeded with url: /session/8e343c15cdfe2adeafc9f973a8cc2ea3/source (Caused by NewConnectionError("HTTPConnection(host='localhost', port=64313): Failed to establish a new connection: [WinError 10061] No connection could be made because the target machine actively refused it"))) -
9/5_20:30_4e              34747414084          ENVIADO      recordatorio FALLIDO (exception: HTTPConnectionPool(host='localhost', port=64313): Max retries exceeded with url: /session/8e343c15cdfe2adeafc9f973a8cc2ea3/source (Caused by NewConnectionError("HTTPConnection(host='localhost', port=64313): Failed to establish a new connection: [WinError 10061] No connection could be made because the target machine actively refused it"))) -
9/5_19:00_4e              34675651585          ENVIADO      recordatorio FALLIDO (exception: HTTPConnectionPool(host='localhost', port=64313): Max retries exceeded with url: /session/8e343c15cdfe2adeafc9f973a8cc2ea3/source (Caused by NewConnectionError("HTTPConnection(host='localhost', port=64313): Failed to establish a new connection: [WinError 10061] No connection could be made because the target machine actively refused it"))) -
10/5_17:30_maf            34722714718          ENVIADO      recordatorio FALLIDO (exception: HTTPConnectionPool(host='localhost', port=64313): Max retries exceeded with url: /session/8e343c15cdfe2adeafc9f973a8cc2ea3/source (Caused by NewConnectionError("HTTPConnection(host='localhost', port=64313): Failed to establish a new connection: [WinError 10061] No connection could be made because the target machine actively refused it"))) -
10/5_17:30_4e             34653197010          ENVIADO      recordatorio FALLIDO (exception: HTTPConnectionPool(host='localhost', port=64313): Max retries exceeded with url: /session/8e343c15cdfe2adeafc9f973a8cc2ea3/source (Caused by NewConnectionError("HTTPConnection(host='localhost', port=64313): Failed to establish a new connection: [WinError 10061] No connection could be made because the target machine actively refused it"))) -

[2026-05-14 14:13:47] POSITIVO | Fotos nuevas: 0 | Envios OK: 0 | Envios FAIL: 0 | Reviews negativas: 0 | Fotos borradas: 0

=== SESIÓN 14:15-14:15 (14/05/2026) ===
RESERVA                   TELÉFONO             ESTADO       RESPUESTA                 REVIEW
-----------------------------------------------------------------------------------------------
9/5_14:30_maf             34665976040          ENVIADO      recordatorio FALLIDO (chat_input_not_found) -
9/5_19:00_maf/csi         34%C2%A0628%C2%A061%C2%A027%C2%A078%E2%80%AC ENVIADO      recordatorio FALLIDO (chat_input_not_found) -
9/5_20:30_4e              34747414084          ENVIADO      recordatorio FALLIDO (chat_input_not_found) -
9/5_19:00_4e              34675651585          ENVIADO      recordatorio FALLIDO (chat_input_not_found) -
10/5_17:30_maf            34722714718          ENVIADO      recordatorio FALLIDO (chat_input_not_found) -
10/5_17:30_4e             34653197010          ENVIADO      recordatorio FALLIDO (chat_input_not_found) -

[2026-05-14 14:15:10] POSITIVO | Fotos nuevas: 0 | Envios OK: 0 | Envios FAIL: 0 | Reviews negativas: 0 | Fotos borradas: 0

=== SESIÓN 14:16-14:16 (14/05/2026) ===
RESERVA                   TELÉFONO             ESTADO       RESPUESTA                 REVIEW
-----------------------------------------------------------------------------------------------
9/5_14:30_maf             34665976040          ENVIADO      recordatorio FALLIDO (chat_input_not_found) -
9/5_19:00_maf/csi         34%C2%A0628%C2%A061%C2%A027%C2%A078%E2%80%AC ENVIADO      recordatorio FALLIDO (chat_input_not_found) -
9/5_20:30_4e              34747414084          ENVIADO      recordatorio FALLIDO (chat_input_not_found) -
9/5_19:00_4e              34675651585          ENVIADO      recordatorio FALLIDO (chat_input_not_found) -
10/5_17:30_maf            34722714718          ENVIADO      recordatorio FALLIDO (chat_input_not_found) -
10/5_17:30_4e             34653197010          ENVIADO      recordatorio FALLIDO (chat_input_not_found) -

[2026-05-14 14:16:28] POSITIVO | Fotos nuevas: 0 | Envios OK: 0 | Envios FAIL: 0 | Reviews negativas: 0 | Fotos borradas: 0

=== SESIÓN 14:17-14:17 (14/05/2026) ===
RESERVA                   TELÉFONO             ESTADO       RESPUESTA                 REVIEW
-----------------------------------------------------------------------------------------------
9/5_14:30_maf             34665976040          ENVIADO      recordatorio FALLIDO (chat_input_not_found) -
9/5_19:00_maf/csi         34%C2%A0628%C2%A061%C2%A027%C2%A078%E2%80%AC ENVIADO      recordatorio FALLIDO (chat_input_not_found) -
9/5_20:30_4e              34747414084          ENVIADO      recordatorio FALLIDO (chat_input_not_found) -
9/5_19:00_4e              34675651585          ENVIADO      recordatorio FALLIDO (chat_input_not_found) -
10/5_17:30_maf            34722714718          ENVIADO      recordatorio FALLIDO (chat_input_not_found) -
10/5_17:30_4e             34653197010          ENVIADO      recordatorio FALLIDO (chat_input_not_found) -

[2026-05-14 14:17:47] POSITIVO | Fotos nuevas: 0 | Envios OK: 0 | Envios FAIL: 0 | Reviews negativas: 0 | Fotos borradas: 0

=== SESIÓN 14:19-14:19 (14/05/2026) ===
RESERVA                   TELÉFONO             ESTADO       RESPUESTA                 REVIEW
-----------------------------------------------------------------------------------------------
9/5_14:30_maf             34665976040          ENVIADO      recordatorio FALLIDO (chat_input_not_found) -
9/5_19:00_maf/csi         34%C2%A0628%C2%A061%C2%A027%C2%A078%E2%80%AC ENVIADO      recordatorio FALLIDO (chat_input_not_found) -
9/5_20:30_4e              34747414084          ENVIADO      recordatorio FALLIDO (chat_input_not_found) -
9/5_19:00_4e              34675651585          ENVIADO      recordatorio FALLIDO (chat_input_not_found) -
10/5_17:30_maf            34722714718          ENVIADO      recordatorio FALLIDO (chat_input_not_found) -
10/5_17:30_4e             34653197010          ENVIADO      recordatorio FALLIDO (chat_input_not_found) -

[2026-05-14 14:19:08] POSITIVO | Fotos nuevas: 0 | Envios OK: 0 | Envios FAIL: 0 | Reviews negativas: 0 | Fotos borradas: 0

=== SESIÓN 14:20-14:20 (14/05/2026) ===
RESERVA                   TELÉFONO             ESTADO       RESPUESTA                 REVIEW
-----------------------------------------------------------------------------------------------
9/5_14:30_maf             34665976040          ENVIADO      recordatorio FALLIDO (chat_input_not_found) -
9/5_19:00_maf/csi         34%C2%A0628%C2%A061%C2%A027%C2%A078%E2%80%AC ENVIADO      recordatorio FALLIDO (chat_input_not_found) -
9/5_20:30_4e              34747414084          ENVIADO      recordatorio FALLIDO (chat_input_not_found) -
9/5_19:00_4e              34675651585          ENVIADO      recordatorio FALLIDO (chat_input_not_found) -
10/5_17:30_maf            34722714718          ENVIADO      recordatorio FALLIDO (chat_input_not_found) -
10/5_17:30_4e             34653197010          ENVIADO      recordatorio FALLIDO (chat_input_not_found) -

[2026-05-14 14:20:27] POSITIVO | Fotos nuevas: 0 | Envios OK: 0 | Envios FAIL: 0 | Reviews negativas: 0 | Fotos borradas: 0

=== SESIÓN 14:21-14:21 (14/05/2026) ===
RESERVA                   TELÉFONO             ESTADO       RESPUESTA                 REVIEW
-----------------------------------------------------------------------------------------------
9/5_14:30_maf             34665976040          ENVIADO      recordatorio FALLIDO (chat_input_not_found) -
9/5_19:00_maf/csi         34%C2%A0628%C2%A061%C2%A027%C2%A078%E2%80%AC ENVIADO      recordatorio FALLIDO (chat_input_not_found) -
9/5_20:30_4e              34747414084          ENVIADO      recordatorio FALLIDO (chat_input_not_found) -
9/5_19:00_4e              34675651585          ENVIADO      recordatorio FALLIDO (chat_input_not_found) -
10/5_17:30_maf            34722714718          ENVIADO      recordatorio FALLIDO (chat_input_not_found) -
10/5_17:30_4e             34653197010          ENVIADO      recordatorio FALLIDO (chat_input_not_found) -

[2026-05-14 14:21:45] POSITIVO | Fotos nuevas: 0 | Envios OK: 0 | Envios FAIL: 0 | Reviews negativas: 0 | Fotos borradas: 0

=== SESIÓN 14:22-14:23 (14/05/2026) ===
RESERVA                   TELÉFONO             ESTADO       RESPUESTA                 REVIEW
-----------------------------------------------------------------------------------------------
9/5_14:30_maf             34665976040          ENVIADO      recordatorio FALLIDO (chat_input_not_found) -
9/5_19:00_maf/csi         34%C2%A0628%C2%A061%C2%A027%C2%A078%E2%80%AC ENVIADO      recordatorio FALLIDO (chat_input_not_found) -
9/5_20:30_4e              34747414084          ENVIADO      recordatorio FALLIDO (chat_input_not_found) -
9/5_19:00_4e              34675651585          ENVIADO      recordatorio FALLIDO (chat_input_not_found) -
10/5_17:30_maf            34722714718          ENVIADO      recordatorio FALLIDO (chat_input_not_found) -
10/5_17:30_4e             34653197010          ENVIADO      recordatorio FALLIDO (chat_input_not_found) -

[2026-05-14 14:23:06] POSITIVO | Fotos nuevas: 0 | Envios OK: 0 | Envios FAIL: 0 | Reviews negativas: 0 | Fotos borradas: 0

=== SESIÓN 14:24-14:24 (14/05/2026) ===
RESERVA                   TELÉFONO             ESTADO       RESPUESTA                 REVIEW
-----------------------------------------------------------------------------------------------
9/5_14:30_maf             34665976040          ENVIADO      recordatorio FALLIDO (chat_input_not_found) -
9/5_19:00_maf/csi         34%C2%A0628%C2%A061%C2%A027%C2%A078%E2%80%AC ENVIADO      recordatorio FALLIDO (chat_input_not_found) -
9/5_20:30_4e              34747414084          ENVIADO      recordatorio FALLIDO (chat_input_not_found) -
9/5_19:00_4e              34675651585          ENVIADO      recordatorio FALLIDO (chat_input_not_found) -
10/5_17:30_maf            34722714718          ENVIADO      recordatorio FALLIDO (chat_input_not_found) -
10/5_17:30_4e             34653197010          ENVIADO      recordatorio FALLIDO (chat_input_not_found) -

[2026-05-14 14:24:23] POSITIVO | Fotos nuevas: 0 | Envios OK: 0 | Envios FAIL: 0 | Reviews negativas: 0 | Fotos borradas: 0

=== SESIÓN 14:25-14:25 (14/05/2026) ===
RESERVA                   TELÉFONO             ESTADO       RESPUESTA                 REVIEW
-----------------------------------------------------------------------------------------------
9/5_14:30_maf             34665976040          ENVIADO      recordatorio FALLIDO (chat_input_not_found) -
9/5_19:00_maf/csi         34%C2%A0628%C2%A061%C2%A027%C2%A078%E2%80%AC ENVIADO      recordatorio FALLIDO (chat_input_not_found) -
9/5_20:30_4e              34747414084          ENVIADO      recordatorio FALLIDO (chat_input_not_found) -
9/5_19:00_4e              34675651585          ENVIADO      recordatorio FALLIDO (chat_input_not_found) -
10/5_17:30_maf            34722714718          ENVIADO      recordatorio FALLIDO (chat_input_not_found) -
10/5_17:30_4e             34653197010          ENVIADO      recordatorio FALLIDO (chat_input_not_found) -

[2026-05-14 14:25:39] POSITIVO | Fotos nuevas: 0 | Envios OK: 0 | Envios FAIL: 0 | Reviews negativas: 0 | Fotos borradas: 0

=== SESIÓN 14:23-14:26 (14/05/2026) ===
RESERVA                   TELÉFONO             ESTADO       RESPUESTA                 REVIEW
-----------------------------------------------------------------------------------------------
9/5_14:30_maf             34665976040          ENVIADO      recordatorio FALLIDO (exception: HTTPConnectionPool(host='localhost', port=65211): Max retries exceeded with url: /session/2a763e8845cda788d30e8ad81d565078/source (Caused by NewConnectionError("HTTPConnection(host='localhost', port=65211): Failed to establish a new connection: [WinError 10061] No connection could be made because the target machine actively refused it"))) -
9/5_19:00_maf/csi         34%C2%A0628%C2%A061%C2%A027%C2%A078%E2%80%AC ENVIADO      recordatorio FALLIDO (exception: HTTPConnectionPool(host='localhost', port=65211): Max retries exceeded with url: /session/2a763e8845cda788d30e8ad81d565078/source (Caused by NewConnectionError("HTTPConnection(host='localhost', port=65211): Failed to establish a new connection: [WinError 10061] No connection could be made because the target machine actively refused it"))) -
9/5_20:30_4e              34747414084          ENVIADO      recordatorio FALLIDO (exception: HTTPConnectionPool(host='localhost', port=65211): Max retries exceeded with url: /session/2a763e8845cda788d30e8ad81d565078/source (Caused by NewConnectionError("HTTPConnection(host='localhost', port=65211): Failed to establish a new connection: [WinError 10061] No connection could be made because the target machine actively refused it"))) -
9/5_19:00_4e              34675651585          ENVIADO      recordatorio FALLIDO (exception: HTTPConnectionPool(host='localhost', port=65211): Max retries exceeded with url: /session/2a763e8845cda788d30e8ad81d565078/source (Caused by NewConnectionError("HTTPConnection(host='localhost', port=65211): Failed to establish a new connection: [WinError 10061] No connection could be made because the target machine actively refused it"))) -
10/5_17:30_maf            34722714718          ENVIADO      recordatorio FALLIDO (exception: HTTPConnectionPool(host='localhost', port=65211): Max retries exceeded with url: /session/2a763e8845cda788d30e8ad81d565078/source (Caused by NewConnectionError("HTTPConnection(host='localhost', port=65211): Failed to establish a new connection: [WinError 10061] No connection could be made because the target machine actively refused it"))) -
10/5_17:30_4e             34653197010          ENVIADO      recordatorio FALLIDO (exception: HTTPConnectionPool(host='localhost', port=65211): Max retries exceeded with url: /session/2a763e8845cda788d30e8ad81d565078/source (Caused by NewConnectionError("HTTPConnection(host='localhost', port=65211): Failed to establish a new connection: [WinError 10061] No connection could be made because the target machine actively refused it"))) -

[2026-05-14 14:26:03] POSITIVO | Fotos nuevas: 0 | Envios OK: 0 | Envios FAIL: 0 | Reviews negativas: 0 | Fotos borradas: 0

=== SESIÓN 14:27-14:28 (14/05/2026) ===
RESERVA                   TELÉFONO             ESTADO       RESPUESTA                 REVIEW
-----------------------------------------------------------------------------------------------
9/5_14:30_maf             34665976040          ENVIADO      recordatorio FALLIDO (chat_input_not_found) -
9/5_19:00_maf/csi         34%C2%A0628%C2%A061%C2%A027%C2%A078%E2%80%AC ENVIADO      recordatorio FALLIDO (chat_input_not_found) -
9/5_20:30_4e              34747414084          ENVIADO      recordatorio FALLIDO (chat_input_not_found) -
9/5_19:00_4e              34675651585          ENVIADO      recordatorio FALLIDO (chat_input_not_found) -
10/5_17:30_maf            34722714718          ENVIADO      recordatorio FALLIDO (chat_input_not_found) -
10/5_17:30_4e             34653197010          ENVIADO      recordatorio FALLIDO (chat_input_not_found) -

[2026-05-14 14:28:09] POSITIVO | Fotos nuevas: 0 | Envios OK: 0 | Envios FAIL: 0 | Reviews negativas: 0 | Fotos borradas: 0

=== SESIÓN 14:29-14:29 (14/05/2026) ===
RESERVA                   TELÉFONO             ESTADO       RESPUESTA                 REVIEW
-----------------------------------------------------------------------------------------------
9/5_14:30_maf             34665976040          ENVIADO      recordatorio FALLIDO (chat_input_not_found) -
9/5_19:00_maf/csi         34%C2%A0628%C2%A061%C2%A027%C2%A078%E2%80%AC ENVIADO      recordatorio FALLIDO (chat_input_not_found) -
9/5_20:30_4e              34747414084          ENVIADO      recordatorio FALLIDO (chat_input_not_found) -
9/5_19:00_4e              34675651585          ENVIADO      recordatorio FALLIDO (chat_input_not_found) -
10/5_17:30_maf            34722714718          ENVIADO      recordatorio FALLIDO (chat_input_not_found) -
10/5_17:30_4e             34653197010          ENVIADO      recordatorio FALLIDO (chat_input_not_found) -

[2026-05-14 14:29:27] POSITIVO | Fotos nuevas: 0 | Envios OK: 0 | Envios FAIL: 0 | Reviews negativas: 0 | Fotos borradas: 0

=== SESIÓN 14:27-14:30 (14/05/2026) ===
RESERVA                   TELÉFONO             ESTADO       RESPUESTA                 REVIEW
-----------------------------------------------------------------------------------------------
9/5_14:30_maf             34665976040          ENVIADO      recordatorio FALLIDO (exception: HTTPConnectionPool(host='localhost', port=49844): Max retries exceeded with url: /session/cd635b6ab8cf1d02374f099b1fbd516a/source (Caused by NewConnectionError("HTTPConnection(host='localhost', port=49844): Failed to establish a new connection: [WinError 10061] No connection could be made because the target machine actively refused it"))) -
9/5_19:00_maf/csi         34%C2%A0628%C2%A061%C2%A027%C2%A078%E2%80%AC ENVIADO      recordatorio FALLIDO (exception: HTTPConnectionPool(host='localhost', port=49844): Max retries exceeded with url: /session/cd635b6ab8cf1d02374f099b1fbd516a/source (Caused by NewConnectionError("HTTPConnection(host='localhost', port=49844): Failed to establish a new connection: [WinError 10061] No connection could be made because the target machine actively refused it"))) -
9/5_20:30_4e              34747414084          ENVIADO      recordatorio FALLIDO (exception: HTTPConnectionPool(host='localhost', port=49844): Max retries exceeded with url: /session/cd635b6ab8cf1d02374f099b1fbd516a/source (Caused by NewConnectionError("HTTPConnection(host='localhost', port=49844): Failed to establish a new connection: [WinError 10061] No connection could be made because the target machine actively refused it"))) -
9/5_19:00_4e              34675651585          ENVIADO      recordatorio FALLIDO (exception: HTTPConnectionPool(host='localhost', port=49844): Max retries exceeded with url: /session/cd635b6ab8cf1d02374f099b1fbd516a/source (Caused by NewConnectionError("HTTPConnection(host='localhost', port=49844): Failed to establish a new connection: [WinError 10061] No connection could be made because the target machine actively refused it"))) -
10/5_17:30_maf            34722714718          ENVIADO      recordatorio FALLIDO (exception: HTTPConnectionPool(host='localhost', port=49844): Max retries exceeded with url: /session/cd635b6ab8cf1d02374f099b1fbd516a/source (Caused by NewConnectionError("HTTPConnection(host='localhost', port=49844): Failed to establish a new connection: [WinError 10061] No connection could be made because the target machine actively refused it"))) -
10/5_17:30_4e             34653197010          ENVIADO      recordatorio FALLIDO (exception: HTTPConnectionPool(host='localhost', port=49844): Max retries exceeded with url: /session/cd635b6ab8cf1d02374f099b1fbd516a/source (Caused by NewConnectionError("HTTPConnection(host='localhost', port=49844): Failed to establish a new connection: [WinError 10061] No connection could be made because the target machine actively refused it"))) -

[2026-05-14 14:30:43] POSITIVO | Fotos nuevas: 0 | Envios OK: 0 | Envios FAIL: 0 | Reviews negativas: 0 | Fotos borradas: 0

=== SESIÓN 14:30-14:30 (14/05/2026) ===
RESERVA                   TELÉFONO             ESTADO       RESPUESTA                 REVIEW
-----------------------------------------------------------------------------------------------
9/5_14:30_maf             34665976040          ENVIADO      recordatorio FALLIDO (chat_input_not_found) -
9/5_19:00_maf/csi         34%C2%A0628%C2%A061%C2%A027%C2%A078%E2%80%AC ENVIADO      recordatorio FALLIDO (chat_input_not_found) -
9/5_20:30_4e              34747414084          ENVIADO      recordatorio FALLIDO (chat_input_not_found) -
9/5_19:00_4e              34675651585          ENVIADO      recordatorio FALLIDO (chat_input_not_found) -
10/5_17:30_maf            34722714718          ENVIADO      recordatorio FALLIDO (chat_input_not_found) -
10/5_17:30_4e             34653197010          ENVIADO      recordatorio FALLIDO (chat_input_not_found) -

[2026-05-14 14:30:44] POSITIVO | Fotos nuevas: 0 | Envios OK: 0 | Envios FAIL: 0 | Reviews negativas: 0 | Fotos borradas: 0

=== SESIÓN 14:32-14:32 (14/05/2026) ===
RESERVA                   TELÉFONO             ESTADO       RESPUESTA                 REVIEW
-----------------------------------------------------------------------------------------------
9/5_14:30_maf             34665976040          ENVIADO      recordatorio FALLIDO (chat_input_not_found) -
9/5_19:00_maf/csi         34%C2%A0628%C2%A061%C2%A027%C2%A078%E2%80%AC ENVIADO      recordatorio FALLIDO (chat_input_not_found) -
9/5_20:30_4e              34747414084          ENVIADO      recordatorio FALLIDO (chat_input_not_found) -
9/5_19:00_4e              34675651585          ENVIADO      recordatorio FALLIDO (chat_input_not_found) -
10/5_17:30_maf            34722714718          ENVIADO      recordatorio FALLIDO (chat_input_not_found) -
10/5_17:30_4e             34653197010          ENVIADO      recordatorio FALLIDO (chat_input_not_found) -

[2026-05-14 14:32:45] POSITIVO | Fotos nuevas: 0 | Envios OK: 0 | Envios FAIL: 0 | Reviews negativas: 0 | Fotos borradas: 0
[2026-05-14 14:33:07] NEGATIVO | WhatsApp no conectado (QR visible) — ciclo abortado

=== SESIÓN 14:35-14:35 (14/05/2026) ===
RESERVA                   TELÉFONO             ESTADO       RESPUESTA                 REVIEW
-----------------------------------------------------------------------------------------------
9/5_14:30_maf             34665976040          ENVIADO      recordatorio FALLIDO (chat_input_not_found) -
9/5_19:00_maf/csi         34%C2%A0628%C2%A061%C2%A027%C2%A078%E2%80%AC ENVIADO      recordatorio FALLIDO (chat_input_not_found) -
9/5_20:30_4e              34747414084          ENVIADO      recordatorio FALLIDO (chat_input_not_found) -
9/5_19:00_4e              34675651585          ENVIADO      recordatorio FALLIDO (chat_input_not_found) -
10/5_17:30_maf            34722714718          ENVIADO      recordatorio FALLIDO (chat_input_not_found) -
10/5_17:30_4e             34653197010          ENVIADO      recordatorio FALLIDO (chat_input_not_found) -

[2026-05-14 14:35:08] POSITIVO | Fotos nuevas: 0 | Envios OK: 0 | Envios FAIL: 0 | Reviews negativas: 0 | Fotos borradas: 0

=== SESIÓN 14:36-14:36 (14/05/2026) ===
RESERVA                   TELÉFONO             ESTADO       RESPUESTA                 REVIEW
-----------------------------------------------------------------------------------------------
9/5_14:30_maf             34665976040          ENVIADO      recordatorio FALLIDO (chat_input_not_found) -
9/5_19:00_maf/csi         34%C2%A0628%C2%A061%C2%A027%C2%A078%E2%80%AC ENVIADO      recordatorio FALLIDO (chat_input_not_found) -
9/5_20:30_4e              34747414084          ENVIADO      recordatorio FALLIDO (chat_input_not_found) -
9/5_19:00_4e              34675651585          ENVIADO      recordatorio FALLIDO (chat_input_not_found) -
10/5_17:30_maf            34722714718          ENVIADO      recordatorio FALLIDO (chat_input_not_found) -
10/5_17:30_4e             34653197010          ENVIADO      recordatorio FALLIDO (chat_input_not_found) -

[2026-05-14 14:36:27] POSITIVO | Fotos nuevas: 0 | Envios OK: 0 | Envios FAIL: 0 | Reviews negativas: 0 | Fotos borradas: 0

=== SESIÓN 14:37-14:37 (14/05/2026) ===
RESERVA                   TELÉFONO             ESTADO       RESPUESTA                 REVIEW
-----------------------------------------------------------------------------------------------
9/5_14:30_maf             34665976040          ENVIADO      recordatorio FALLIDO (chat_input_not_found) -
9/5_19:00_maf/csi         34%C2%A0628%C2%A061%C2%A027%C2%A078%E2%80%AC ENVIADO      recordatorio FALLIDO (chat_input_not_found) -
9/5_20:30_4e              34747414084          ENVIADO      recordatorio FALLIDO (chat_input_not_found) -
9/5_19:00_4e              34675651585          ENVIADO      recordatorio FALLIDO (chat_input_not_found) -
10/5_17:30_maf            34722714718          ENVIADO      recordatorio FALLIDO (chat_input_not_found) -
10/5_17:30_4e             34653197010          ENVIADO      recordatorio FALLIDO (chat_input_not_found) -

[2026-05-14 14:37:42] POSITIVO | Fotos nuevas: 0 | Envios OK: 0 | Envios FAIL: 0 | Reviews negativas: 0 | Fotos borradas: 0

=== SESIÓN 14:35-14:37 (14/05/2026) ===
RESERVA                   TELÉFONO             ESTADO       RESPUESTA                 REVIEW
-----------------------------------------------------------------------------------------------
9/5_14:30_maf             34665976040          ENVIADO      recordatorio FALLIDO (exception: HTTPConnectionPool(host='localhost', port=50728): Max retries exceeded with url: /session/25d36b64425087ec5bd2006f6400c28d/source (Caused by NewConnectionError("HTTPConnection(host='localhost', port=50728): Failed to establish a new connection: [WinError 10061] No connection could be made because the target machine actively refused it"))) -
9/5_19:00_maf/csi         34%C2%A0628%C2%A061%C2%A027%C2%A078%E2%80%AC ENVIADO      recordatorio FALLIDO (exception: HTTPConnectionPool(host='localhost', port=50728): Max retries exceeded with url: /session/25d36b64425087ec5bd2006f6400c28d/source (Caused by NewConnectionError("HTTPConnection(host='localhost', port=50728): Failed to establish a new connection: [WinError 10061] No connection could be made because the target machine actively refused it"))) -
9/5_20:30_4e              34747414084          ENVIADO      recordatorio FALLIDO (exception: HTTPConnectionPool(host='localhost', port=50728): Max retries exceeded with url: /session/25d36b64425087ec5bd2006f6400c28d/source (Caused by NewConnectionError("HTTPConnection(host='localhost', port=50728): Failed to establish a new connection: [WinError 10061] No connection could be made because the target machine actively refused it"))) -
9/5_19:00_4e              34675651585          ENVIADO      recordatorio FALLIDO (exception: HTTPConnectionPool(host='localhost', port=50728): Max retries exceeded with url: /session/25d36b64425087ec5bd2006f6400c28d/source (Caused by NewConnectionError("HTTPConnection(host='localhost', port=50728): Failed to establish a new connection: [WinError 10061] No connection could be made because the target machine actively refused it"))) -
10/5_17:30_maf            34722714718          ENVIADO      recordatorio FALLIDO (exception: HTTPConnectionPool(host='localhost', port=50728): Max retries exceeded with url: /session/25d36b64425087ec5bd2006f6400c28d/source (Caused by NewConnectionError("HTTPConnection(host='localhost', port=50728): Failed to establish a new connection: [WinError 10061] No connection could be made because the target machine actively refused it"))) -
10/5_17:30_4e             34653197010          ENVIADO      recordatorio FALLIDO (exception: HTTPConnectionPool(host='localhost', port=50728): Max retries exceeded with url: /session/25d36b64425087ec5bd2006f6400c28d/source (Caused by NewConnectionError("HTTPConnection(host='localhost', port=50728): Failed to establish a new connection: [WinError 10061] No connection could be made because the target machine actively refused it"))) -

[2026-05-14 14:37:45] POSITIVO | Fotos nuevas: 0 | Envios OK: 0 | Envios FAIL: 0 | Reviews negativas: 0 | Fotos borradas: 0

=== SESIÓN 14:39-14:39 (14/05/2026) ===
RESERVA                   TELÉFONO             ESTADO       RESPUESTA                 REVIEW
-----------------------------------------------------------------------------------------------
9/5_14:30_maf             34665976040          ENVIADO      recordatorio FALLIDO (chat_input_not_found) -
9/5_19:00_maf/csi         34%C2%A0628%C2%A061%C2%A027%C2%A078%E2%80%AC ENVIADO      recordatorio FALLIDO (chat_input_not_found) -
9/5_20:30_4e              34747414084          ENVIADO      recordatorio FALLIDO (chat_input_not_found) -
9/5_19:00_4e              34675651585          ENVIADO      recordatorio FALLIDO (chat_input_not_found) -
10/5_17:30_maf            34722714718          ENVIADO      recordatorio FALLIDO (chat_input_not_found) -
10/5_17:30_4e             34653197010          ENVIADO      recordatorio FALLIDO (chat_input_not_found) -

[2026-05-14 14:39:47] POSITIVO | Fotos nuevas: 0 | Envios OK: 0 | Envios FAIL: 0 | Reviews negativas: 0 | Fotos borradas: 0

=== SESIÓN 14:40-14:41 (14/05/2026) ===
RESERVA                   TELÉFONO             ESTADO       RESPUESTA                 REVIEW
-----------------------------------------------------------------------------------------------
9/5_14:30_maf             34665976040          ENVIADO      recordatorio FALLIDO (chat_input_not_found) -
9/5_19:00_maf/csi         34%C2%A0628%C2%A061%C2%A027%C2%A078%E2%80%AC ENVIADO      recordatorio FALLIDO (chat_input_not_found) -
9/5_20:30_4e              34747414084          ENVIADO      recordatorio FALLIDO (chat_input_not_found) -
9/5_19:00_4e              34675651585          ENVIADO      recordatorio FALLIDO (chat_input_not_found) -
10/5_17:30_maf            34722714718          ENVIADO      recordatorio FALLIDO (chat_input_not_found) -
10/5_17:30_4e             34653197010          ENVIADO      recordatorio FALLIDO (chat_input_not_found) -

[2026-05-14 14:41:04] POSITIVO | Fotos nuevas: 0 | Envios OK: 0 | Envios FAIL: 0 | Reviews negativas: 0 | Fotos borradas: 0

=== SESIÓN 14:42-14:42 (14/05/2026) ===
RESERVA                   TELÉFONO             ESTADO       RESPUESTA                 REVIEW
-----------------------------------------------------------------------------------------------
9/5_14:30_maf             34665976040          ENVIADO      recordatorio FALLIDO (chat_input_not_found) -
9/5_19:00_maf/csi         34%C2%A0628%C2%A061%C2%A027%C2%A078%E2%80%AC ENVIADO      recordatorio FALLIDO (chat_input_not_found) -
9/5_20:30_4e              34747414084          ENVIADO      recordatorio FALLIDO (chat_input_not_found) -
9/5_19:00_4e              34675651585          ENVIADO      recordatorio FALLIDO (chat_input_not_found) -
10/5_17:30_maf            34722714718          ENVIADO      recordatorio FALLIDO (chat_input_not_found) -
10/5_17:30_4e             34653197010          ENVIADO      recordatorio FALLIDO (chat_input_not_found) -

[2026-05-14 14:42:24] POSITIVO | Fotos nuevas: 0 | Envios OK: 0 | Envios FAIL: 0 | Reviews negativas: 0 | Fotos borradas: 0

=== SESIÓN 14:43-14:43 (14/05/2026) ===
RESERVA                   TELÉFONO             ESTADO       RESPUESTA                 REVIEW
-----------------------------------------------------------------------------------------------
9/5_14:30_maf             34665976040          ENVIADO      recordatorio FALLIDO (chat_input_not_found) -
9/5_19:00_maf/csi         34%C2%A0628%C2%A061%C2%A027%C2%A078%E2%80%AC ENVIADO      recordatorio FALLIDO (chat_input_not_found) -
9/5_20:30_4e              34747414084          ENVIADO      recordatorio FALLIDO (chat_input_not_found) -
9/5_19:00_4e              34675651585          ENVIADO      recordatorio FALLIDO (chat_input_not_found) -
10/5_17:30_maf            34722714718          ENVIADO      recordatorio FALLIDO (chat_input_not_found) -
10/5_17:30_4e             34653197010          ENVIADO      recordatorio FALLIDO (chat_input_not_found) -

[2026-05-14 14:43:44] POSITIVO | Fotos nuevas: 0 | Envios OK: 0 | Envios FAIL: 0 | Reviews negativas: 0 | Fotos borradas: 0

=== SESIÓN 14:44-14:45 (14/05/2026) ===
RESERVA                   TELÉFONO             ESTADO       RESPUESTA                 REVIEW
-----------------------------------------------------------------------------------------------
9/5_14:30_maf             34665976040          ENVIADO      recordatorio FALLIDO (chat_input_not_found) -
9/5_19:00_maf/csi         34%C2%A0628%C2%A061%C2%A027%C2%A078%E2%80%AC ENVIADO      recordatorio FALLIDO (chat_input_not_found) -
9/5_20:30_4e              34747414084          ENVIADO      recordatorio FALLIDO (chat_input_not_found) -
9/5_19:00_4e              34675651585          ENVIADO      recordatorio FALLIDO (chat_input_not_found) -
10/5_17:30_maf            34722714718          ENVIADO      recordatorio FALLIDO (chat_input_not_found) -
10/5_17:30_4e             34653197010          ENVIADO      recordatorio FALLIDO (chat_input_not_found) -

[2026-05-14 14:45:02] POSITIVO | Fotos nuevas: 0 | Envios OK: 0 | Envios FAIL: 0 | Reviews negativas: 0 | Fotos borradas: 0

=== SESIÓN 14:46-14:46 (14/05/2026) ===
RESERVA                   TELÉFONO             ESTADO       RESPUESTA                 REVIEW
-----------------------------------------------------------------------------------------------
9/5_14:30_maf             34665976040          ENVIADO      recordatorio FALLIDO (chat_input_not_found) -
9/5_19:00_maf/csi         34%C2%A0628%C2%A061%C2%A027%C2%A078%E2%80%AC ENVIADO      recordatorio FALLIDO (chat_input_not_found) -
9/5_20:30_4e              34747414084          ENVIADO      recordatorio FALLIDO (chat_input_not_found) -
9/5_19:00_4e              34675651585          ENVIADO      recordatorio FALLIDO (chat_input_not_found) -
10/5_17:30_maf            34722714718          ENVIADO      recordatorio FALLIDO (chat_input_not_found) -
10/5_17:30_4e             34653197010          ENVIADO      recordatorio FALLIDO (chat_input_not_found) -

[2026-05-14 14:46:21] POSITIVO | Fotos nuevas: 0 | Envios OK: 0 | Envios FAIL: 0 | Reviews negativas: 0 | Fotos borradas: 0

=== SESIÓN 14:47-14:47 (14/05/2026) ===
RESERVA                   TELÉFONO             ESTADO       RESPUESTA                 REVIEW
-----------------------------------------------------------------------------------------------
9/5_14:30_maf             34665976040          ENVIADO      recordatorio FALLIDO (chat_input_not_found) -
9/5_19:00_maf/csi         34%C2%A0628%C2%A061%C2%A027%C2%A078%E2%80%AC ENVIADO      recordatorio FALLIDO (chat_input_not_found) -
9/5_20:30_4e              34747414084          ENVIADO      recordatorio FALLIDO (chat_input_not_found) -
9/5_19:00_4e              34675651585          ENVIADO      recordatorio FALLIDO (chat_input_not_found) -
10/5_17:30_maf            34722714718          ENVIADO      recordatorio FALLIDO (chat_input_not_found) -
10/5_17:30_4e             34653197010          ENVIADO      recordatorio FALLIDO (chat_input_not_found) -

[2026-05-14 14:47:41] POSITIVO | Fotos nuevas: 0 | Envios OK: 0 | Envios FAIL: 0 | Reviews negativas: 0 | Fotos borradas: 0

=== SESIÓN 14:48-14:48 (14/05/2026) ===
RESERVA                   TELÉFONO             ESTADO       RESPUESTA                 REVIEW
-----------------------------------------------------------------------------------------------
9/5_14:30_maf             34665976040          ENVIADO      recordatorio FALLIDO (chat_input_not_found) -
9/5_19:00_maf/csi         34%C2%A0628%C2%A061%C2%A027%C2%A078%E2%80%AC ENVIADO      recordatorio FALLIDO (chat_input_not_found) -
9/5_20:30_4e              34747414084          ENVIADO      recordatorio FALLIDO (chat_input_not_found) -
9/5_19:00_4e              34675651585          ENVIADO      recordatorio FALLIDO (chat_input_not_found) -
10/5_17:30_maf            34722714718          ENVIADO      recordatorio FALLIDO (chat_input_not_found) -
10/5_17:30_4e             34653197010          ENVIADO      recordatorio FALLIDO (chat_input_not_found) -

[2026-05-14 14:48:56] POSITIVO | Fotos nuevas: 0 | Envios OK: 0 | Envios FAIL: 0 | Reviews negativas: 0 | Fotos borradas: 0

=== SESIÓN 14:47-14:49 (14/05/2026) ===
RESERVA                   TELÉFONO             ESTADO       RESPUESTA                 REVIEW
-----------------------------------------------------------------------------------------------
9/5_14:30_maf             34665976040          ENVIADO      recordatorio FALLIDO (exception: HTTPConnectionPool(host='localhost', port=51140): Max retries exceeded with url: /session/be36984326fc7e3a1062bef91c0d355a/source (Caused by NewConnectionError("HTTPConnection(host='localhost', port=51140): Failed to establish a new connection: [WinError 10061] No connection could be made because the target machine actively refused it"))) -
9/5_19:00_maf/csi         34%C2%A0628%C2%A061%C2%A027%C2%A078%E2%80%AC ENVIADO      recordatorio FALLIDO (exception: HTTPConnectionPool(host='localhost', port=51140): Max retries exceeded with url: /session/be36984326fc7e3a1062bef91c0d355a/source (Caused by NewConnectionError("HTTPConnection(host='localhost', port=51140): Failed to establish a new connection: [WinError 10061] No connection could be made because the target machine actively refused it"))) -
9/5_20:30_4e              34747414084          ENVIADO      recordatorio FALLIDO (exception: HTTPConnectionPool(host='localhost', port=51140): Max retries exceeded with url: /session/be36984326fc7e3a1062bef91c0d355a/source (Caused by NewConnectionError("HTTPConnection(host='localhost', port=51140): Failed to establish a new connection: [WinError 10061] No connection could be made because the target machine actively refused it"))) -
9/5_19:00_4e              34675651585          ENVIADO      recordatorio FALLIDO (exception: HTTPConnectionPool(host='localhost', port=51140): Max retries exceeded with url: /session/be36984326fc7e3a1062bef91c0d355a/source (Caused by NewConnectionError("HTTPConnection(host='localhost', port=51140): Failed to establish a new connection: [WinError 10061] No connection could be made because the target machine actively refused it"))) -
10/5_17:30_maf            34722714718          ENVIADO      recordatorio FALLIDO (exception: HTTPConnectionPool(host='localhost', port=51140): Max retries exceeded with url: /session/be36984326fc7e3a1062bef91c0d355a/source (Caused by NewConnectionError("HTTPConnection(host='localhost', port=51140): Failed to establish a new connection: [WinError 10061] No connection could be made because the target machine actively refused it"))) -
10/5_17:30_4e             34653197010          ENVIADO      recordatorio FALLIDO (exception: HTTPConnectionPool(host='localhost', port=51140): Max retries exceeded with url: /session/be36984326fc7e3a1062bef91c0d355a/source (Caused by NewConnectionError("HTTPConnection(host='localhost', port=51140): Failed to establish a new connection: [WinError 10061] No connection could be made because the target machine actively refused it"))) -

[2026-05-14 14:49:50] POSITIVO | Fotos nuevas: 0 | Envios OK: 0 | Envios FAIL: 0 | Reviews negativas: 0 | Fotos borradas: 0

=== SESIÓN 14:51-14:51 (14/05/2026) ===
RESERVA                   TELÉFONO             ESTADO       RESPUESTA                 REVIEW
-----------------------------------------------------------------------------------------------
9/5_14:30_maf             34665976040          ENVIADO      recordatorio FALLIDO (chat_input_not_found) -
9/5_19:00_maf/csi         34%C2%A0628%C2%A061%C2%A027%C2%A078%E2%80%AC ENVIADO      recordatorio FALLIDO (chat_input_not_found) -
9/5_20:30_4e              34747414084          ENVIADO      recordatorio FALLIDO (chat_input_not_found) -
9/5_19:00_4e              34675651585          ENVIADO      recordatorio FALLIDO (chat_input_not_found) -
10/5_17:30_maf            34722714718          ENVIADO      recordatorio FALLIDO (chat_input_not_found) -
10/5_17:30_4e             34653197010          ENVIADO      recordatorio FALLIDO (chat_input_not_found) -

[2026-05-14 14:51:17] POSITIVO | Fotos nuevas: 0 | Envios OK: 0 | Envios FAIL: 0 | Reviews negativas: 0 | Fotos borradas: 0

=== SESIÓN 14:52-14:52 (14/05/2026) ===
RESERVA                   TELÉFONO             ESTADO       RESPUESTA                 REVIEW
-----------------------------------------------------------------------------------------------
9/5_14:30_maf             34665976040          ENVIADO      recordatorio FALLIDO (chat_input_not_found) -
9/5_19:00_maf/csi         34%C2%A0628%C2%A061%C2%A027%C2%A078%E2%80%AC ENVIADO      recordatorio FALLIDO (chat_input_not_found) -
9/5_20:30_4e              34747414084          ENVIADO      recordatorio FALLIDO (chat_input_not_found) -
9/5_19:00_4e              34675651585          ENVIADO      recordatorio FALLIDO (chat_input_not_found) -
10/5_17:30_maf            34722714718          ENVIADO      recordatorio FALLIDO (chat_input_not_found) -
10/5_17:30_4e             34653197010          ENVIADO      recordatorio FALLIDO (chat_input_not_found) -

[2026-05-14 14:52:35] POSITIVO | Fotos nuevas: 0 | Envios OK: 0 | Envios FAIL: 0 | Reviews negativas: 0 | Fotos borradas: 0

=== SESIÓN 14:53-14:53 (14/05/2026) ===
RESERVA                   TELÉFONO             ESTADO       RESPUESTA                 REVIEW
-----------------------------------------------------------------------------------------------
9/5_14:30_maf             34665976040          ENVIADO      recordatorio FALLIDO (chat_input_not_found) -
9/5_19:00_maf/csi         34%C2%A0628%C2%A061%C2%A027%C2%A078%E2%80%AC ENVIADO      recordatorio FALLIDO (chat_input_not_found) -
9/5_20:30_4e              34747414084          ENVIADO      recordatorio FALLIDO (chat_input_not_found) -
9/5_19:00_4e              34675651585          ENVIADO      recordatorio FALLIDO (chat_input_not_found) -
10/5_17:30_maf            34722714718          ENVIADO      recordatorio FALLIDO (chat_input_not_found) -
10/5_17:30_4e             34653197010          ENVIADO      recordatorio FALLIDO (chat_input_not_found) -

[2026-05-14 14:53:53] POSITIVO | Fotos nuevas: 0 | Envios OK: 0 | Envios FAIL: 0 | Reviews negativas: 0 | Fotos borradas: 0

=== SESIÓN 14:52-14:55 (14/05/2026) ===
RESERVA                   TELÉFONO             ESTADO       RESPUESTA                 REVIEW
-----------------------------------------------------------------------------------------------
9/5_14:30_maf             34665976040          ENVIADO      recordatorio FALLIDO (exception: HTTPConnectionPool(host='localhost', port=52049): Max retries exceeded with url: /session/1ba68167c78048dc8d62574f2ff91c9f/source (Caused by NewConnectionError("HTTPConnection(host='localhost', port=52049): Failed to establish a new connection: [WinError 10061] No connection could be made because the target machine actively refused it"))) -
9/5_19:00_maf/csi         34%C2%A0628%C2%A061%C2%A027%C2%A078%E2%80%AC ENVIADO      recordatorio FALLIDO (exception: HTTPConnectionPool(host='localhost', port=52049): Max retries exceeded with url: /session/1ba68167c78048dc8d62574f2ff91c9f/source (Caused by NewConnectionError("HTTPConnection(host='localhost', port=52049): Failed to establish a new connection: [WinError 10061] No connection could be made because the target machine actively refused it"))) -
9/5_20:30_4e              34747414084          ENVIADO      recordatorio FALLIDO (exception: HTTPConnectionPool(host='localhost', port=52049): Max retries exceeded with url: /session/1ba68167c78048dc8d62574f2ff91c9f/source (Caused by NewConnectionError("HTTPConnection(host='localhost', port=52049): Failed to establish a new connection: [WinError 10061] No connection could be made because the target machine actively refused it"))) -
9/5_19:00_4e              34675651585          ENVIADO      recordatorio FALLIDO (exception: HTTPConnectionPool(host='localhost', port=52049): Max retries exceeded with url: /session/1ba68167c78048dc8d62574f2ff91c9f/source (Caused by NewConnectionError("HTTPConnection(host='localhost', port=52049): Failed to establish a new connection: [WinError 10061] No connection could be made because the target machine actively refused it"))) -
10/5_17:30_maf            34722714718          ENVIADO      recordatorio FALLIDO (exception: HTTPConnectionPool(host='localhost', port=52049): Max retries exceeded with url: /session/1ba68167c78048dc8d62574f2ff91c9f/source (Caused by NewConnectionError("HTTPConnection(host='localhost', port=52049): Failed to establish a new connection: [WinError 10061] No connection could be made because the target machine actively refused it"))) -
10/5_17:30_4e             34653197010          ENVIADO      recordatorio FALLIDO (exception: HTTPConnectionPool(host='localhost', port=52049): Max retries exceeded with url: /session/1ba68167c78048dc8d62574f2ff91c9f/source (Caused by NewConnectionError("HTTPConnection(host='localhost', port=52049): Failed to establish a new connection: [WinError 10061] No connection could be made because the target machine actively refused it"))) -

[2026-05-14 14:55:01] POSITIVO | Fotos nuevas: 0 | Envios OK: 0 | Envios FAIL: 0 | Reviews negativas: 0 | Fotos borradas: 0

=== SESIÓN 14:55-14:55 (14/05/2026) ===
RESERVA                   TELÉFONO             ESTADO       RESPUESTA                 REVIEW
-----------------------------------------------------------------------------------------------
9/5_14:30_maf             34665976040          ENVIADO      recordatorio FALLIDO (chat_input_not_found) -
9/5_19:00_maf/csi         34%C2%A0628%C2%A061%C2%A027%C2%A078%E2%80%AC ENVIADO      recordatorio FALLIDO (chat_input_not_found) -
9/5_20:30_4e              34747414084          ENVIADO      recordatorio FALLIDO (chat_input_not_found) -
9/5_19:00_4e              34675651585          ENVIADO      recordatorio FALLIDO (chat_input_not_found) -
10/5_17:30_maf            34722714718          ENVIADO      recordatorio FALLIDO (chat_input_not_found) -
10/5_17:30_4e             34653197010          ENVIADO      recordatorio FALLIDO (chat_input_not_found) -

[2026-05-14 14:55:08] POSITIVO | Fotos nuevas: 0 | Envios OK: 0 | Envios FAIL: 0 | Reviews negativas: 0 | Fotos borradas: 0

=== SESIÓN 14:56-14:57 (14/05/2026) ===
RESERVA                   TELÉFONO             ESTADO       RESPUESTA                 REVIEW
-----------------------------------------------------------------------------------------------
9/5_14:30_maf             34665976040          ENVIADO      recordatorio FALLIDO (chat_input_not_found) -
9/5_19:00_maf/csi         34%C2%A0628%C2%A061%C2%A027%C2%A078%E2%80%AC ENVIADO      recordatorio FALLIDO (chat_input_not_found) -
9/5_20:30_4e              34747414084          ENVIADO      recordatorio FALLIDO (chat_input_not_found) -
9/5_19:00_4e              34675651585          ENVIADO      recordatorio FALLIDO (chat_input_not_found) -
10/5_17:30_maf            34722714718          ENVIADO      recordatorio FALLIDO (chat_input_not_found) -
10/5_17:30_4e             34653197010          ENVIADO      recordatorio FALLIDO (chat_input_not_found) -

[2026-05-14 14:57:04] POSITIVO | Fotos nuevas: 0 | Envios OK: 0 | Envios FAIL: 0 | Reviews negativas: 0 | Fotos borradas: 0
[2026-05-14 14:57:27] NEGATIVO | WhatsApp no conectado (QR visible) — ciclo abortado

=== SESIÓN 14:58-14:58 (14/05/2026) ===
RESERVA                   TELÉFONO             ESTADO       RESPUESTA                 REVIEW
-----------------------------------------------------------------------------------------------
9/5_14:30_maf             34665976040          ENVIADO      recordatorio FALLIDO (exception: Message: invalid session id; For documentation on this error, please visit: https://www.selenium.dev/documentation/webdriver/troubleshooting/errors#invalidsessionidexception
Stacktrace:
	chromedriver!GetHandleVerifier [0x4eb373+10553]
	chromedriver!GetHandleVerifier [0x4eb4a4+10684]
	chromedriver!(No symbol) [0x2f1c4e]
	chromedriver!(No symbol) [0x32f2c5]
	chromedriver!(No symbol) [0x35d726]
	chromedriver!(No symbol) [0x358c62]
	chromedriver!(No symbol) [0x358281]
	chromedriver!(No symbol) [0x2c501e]
	chromedriver!(No symbol) [0x2c55be]
	chromedriver!(No symbol) [0x2c5a9d]
	chromedriver!GetHandleVerifier [0x76ddb4+292f94]
	chromedriver!GetHandleVerifier [0x76937d+28e55d]
	chromedriver!GetHandleVerifier [0x788215+2ad3f5]
	chromedriver!GetHandleVerifier [0x504c18+29df8]
	chromedriver!GetHandleVerifier [0x50c6fd+318dd]
	chromedriver!(No symbol) [0x2c4b99]
	chromedriver!(No symbol) [0x2c41e0]
	chromedriver!GetHandleVerifier [0x8d2bef+3f7dcf]
	KERNEL32!BaseThreadInitThunk [0x765562c4+24]
	ntdll!RtlSubscribeWnfStateChangeNotification [0x770a0aa9+439]
	ntdll!RtlSubscribeWnfStateChangeNotification [0x770a0a74+404]
) -
9/5_19:00_maf/csi         34%C2%A0628%C2%A061%C2%A027%C2%A078%E2%80%AC ENVIADO      recordatorio FALLIDO (exception: Message: invalid session id; For documentation on this error, please visit: https://www.selenium.dev/documentation/webdriver/troubleshooting/errors#invalidsessionidexception
Stacktrace:
	chromedriver!GetHandleVerifier [0x4eb373+10553]
	chromedriver!GetHandleVerifier [0x4eb4a4+10684]
	chromedriver!(No symbol) [0x2f1c4e]
	chromedriver!(No symbol) [0x32f2c5]
	chromedriver!(No symbol) [0x35d726]
	chromedriver!(No symbol) [0x358c62]
	chromedriver!(No symbol) [0x358281]
	chromedriver!(No symbol) [0x2c501e]
	chromedriver!(No symbol) [0x2c55be]
	chromedriver!(No symbol) [0x2c5a9d]
	chromedriver!GetHandleVerifier [0x76ddb4+292f94]
	chromedriver!GetHandleVerifier [0x76937d+28e55d]
	chromedriver!GetHandleVerifier [0x788215+2ad3f5]
	chromedriver!GetHandleVerifier [0x504c18+29df8]
	chromedriver!GetHandleVerifier [0x50c6fd+318dd]
	chromedriver!(No symbol) [0x2c4b99]
	chromedriver!(No symbol) [0x2c41e0]
	chromedriver!GetHandleVerifier [0x8d2bef+3f7dcf]
	KERNEL32!BaseThreadInitThunk [0x765562c4+24]
	ntdll!RtlSubscribeWnfStateChangeNotification [0x770a0aa9+439]
	ntdll!RtlSubscribeWnfStateChangeNotification [0x770a0a74+404]
) -
9/5_20:30_4e              34747414084          ENVIADO      recordatorio FALLIDO (exception: Message: invalid session id; For documentation on this error, please visit: https://www.selenium.dev/documentation/webdriver/troubleshooting/errors#invalidsessionidexception
Stacktrace:
	chromedriver!GetHandleVerifier [0x4eb373+10553]
	chromedriver!GetHandleVerifier [0x4eb4a4+10684]
	chromedriver!(No symbol) [0x2f1c4e]
	chromedriver!(No symbol) [0x32f2c5]
	chromedriver!(No symbol) [0x35d726]
	chromedriver!(No symbol) [0x358c62]
	chromedriver!(No symbol) [0x358281]
	chromedriver!(No symbol) [0x2c501e]
	chromedriver!(No symbol) [0x2c55be]
	chromedriver!(No symbol) [0x2c5a9d]
	chromedriver!GetHandleVerifier [0x76ddb4+292f94]
	chromedriver!GetHandleVerifier [0x76937d+28e55d]
	chromedriver!GetHandleVerifier [0x788215+2ad3f5]
	chromedriver!GetHandleVerifier [0x504c18+29df8]
	chromedriver!GetHandleVerifier [0x50c6fd+318dd]
	chromedriver!(No symbol) [0x2c4b99]
	chromedriver!(No symbol) [0x2c41e0]
	chromedriver!GetHandleVerifier [0x8d2bef+3f7dcf]
	KERNEL32!BaseThreadInitThunk [0x765562c4+24]
	ntdll!RtlSubscribeWnfStateChangeNotification [0x770a0aa9+439]
	ntdll!RtlSubscribeWnfStateChangeNotification [0x770a0a74+404]
) -
9/5_19:00_4e              34675651585          ENVIADO      recordatorio FALLIDO (exception: Message: invalid session id; For documentation on this error, please visit: https://www.selenium.dev/documentation/webdriver/troubleshooting/errors#invalidsessionidexception
Stacktrace:
	chromedriver!GetHandleVerifier [0x4eb373+10553]
	chromedriver!GetHandleVerifier [0x4eb4a4+10684]
	chromedriver!(No symbol) [0x2f1c4e]
	chromedriver!(No symbol) [0x32f2c5]
	chromedriver!(No symbol) [0x35d726]
	chromedriver!(No symbol) [0x358c62]
	chromedriver!(No symbol) [0x358281]
	chromedriver!(No symbol) [0x2c501e]
	chromedriver!(No symbol) [0x2c55be]
	chromedriver!(No symbol) [0x2c5a9d]
	chromedriver!GetHandleVerifier [0x76ddb4+292f94]
	chromedriver!GetHandleVerifier [0x76937d+28e55d]
	chromedriver!GetHandleVerifier [0x788215+2ad3f5]
	chromedriver!GetHandleVerifier [0x504c18+29df8]
	chromedriver!GetHandleVerifier [0x50c6fd+318dd]
	chromedriver!(No symbol) [0x2c4b99]
	chromedriver!(No symbol) [0x2c41e0]
	chromedriver!GetHandleVerifier [0x8d2bef+3f7dcf]
	KERNEL32!BaseThreadInitThunk [0x765562c4+24]
	ntdll!RtlSubscribeWnfStateChangeNotification [0x770a0aa9+439]
	ntdll!RtlSubscribeWnfStateChangeNotification [0x770a0a74+404]
) -
10/5_17:30_maf            34722714718          ENVIADO      recordatorio FALLIDO (exception: Message: invalid session id; For documentation on this error, please visit: https://www.selenium.dev/documentation/webdriver/troubleshooting/errors#invalidsessionidexception
Stacktrace:
	chromedriver!GetHandleVerifier [0x4eb373+10553]
	chromedriver!GetHandleVerifier [0x4eb4a4+10684]
	chromedriver!(No symbol) [0x2f1c4e]
	chromedriver!(No symbol) [0x32f2c5]
	chromedriver!(No symbol) [0x35d726]
	chromedriver!(No symbol) [0x358c62]
	chromedriver!(No symbol) [0x358281]
	chromedriver!(No symbol) [0x2c501e]
	chromedriver!(No symbol) [0x2c55be]
	chromedriver!(No symbol) [0x2c5a9d]
	chromedriver!GetHandleVerifier [0x76ddb4+292f94]
	chromedriver!GetHandleVerifier [0x76937d+28e55d]
	chromedriver!GetHandleVerifier [0x788215+2ad3f5]
	chromedriver!GetHandleVerifier [0x504c18+29df8]
	chromedriver!GetHandleVerifier [0x50c6fd+318dd]
	chromedriver!(No symbol) [0x2c4b99]
	chromedriver!(No symbol) [0x2c41e0]
	chromedriver!GetHandleVerifier [0x8d2bef+3f7dcf]
	KERNEL32!BaseThreadInitThunk [0x765562c4+24]
	ntdll!RtlSubscribeWnfStateChangeNotification [0x770a0aa9+439]
	ntdll!RtlSubscribeWnfStateChangeNotification [0x770a0a74+404]
) -
10/5_17:30_4e             34653197010          ENVIADO      recordatorio FALLIDO (exception: Message: invalid session id; For documentation on this error, please visit: https://www.selenium.dev/documentation/webdriver/troubleshooting/errors#invalidsessionidexception
Stacktrace:
	chromedriver!GetHandleVerifier [0x4eb373+10553]
	chromedriver!GetHandleVerifier [0x4eb4a4+10684]
	chromedriver!(No symbol) [0x2f1c4e]
	chromedriver!(No symbol) [0x32f2c5]
	chromedriver!(No symbol) [0x35d726]
	chromedriver!(No symbol) [0x358c62]
	chromedriver!(No symbol) [0x358281]
	chromedriver!(No symbol) [0x2c501e]
	chromedriver!(No symbol) [0x2c55be]
	chromedriver!(No symbol) [0x2c5a9d]
	chromedriver!GetHandleVerifier [0x76ddb4+292f94]
	chromedriver!GetHandleVerifier [0x76937d+28e55d]
	chromedriver!GetHandleVerifier [0x788215+2ad3f5]
	chromedriver!GetHandleVerifier [0x504c18+29df8]
	chromedriver!GetHandleVerifier [0x50c6fd+318dd]
	chromedriver!(No symbol) [0x2c4b99]
	chromedriver!(No symbol) [0x2c41e0]
	chromedriver!GetHandleVerifier [0x8d2bef+3f7dcf]
	KERNEL32!BaseThreadInitThunk [0x765562c4+24]
	ntdll!RtlSubscribeWnfStateChangeNotification [0x770a0aa9+439]
	ntdll!RtlSubscribeWnfStateChangeNotification [0x770a0a74+404]
) -

[2026-05-14 14:58:15] POSITIVO | Fotos nuevas: 0 | Envios OK: 0 | Envios FAIL: 0 | Reviews negativas: 0 | Fotos borradas: 0

=== SESIÓN 15:00-15:00 (14/05/2026) ===
RESERVA                   TELÉFONO             ESTADO       RESPUESTA                 REVIEW
-----------------------------------------------------------------------------------------------
9/5_14:30_maf             34665976040          ENVIADO      recordatorio FALLIDO (chat_input_not_found) -
9/5_19:00_maf/csi         34%C2%A0628%C2%A061%C2%A027%C2%A078%E2%80%AC ENVIADO      recordatorio FALLIDO (chat_input_not_found) -
9/5_20:30_4e              34747414084          ENVIADO      recordatorio FALLIDO (chat_input_not_found) -
9/5_19:00_4e              34675651585          ENVIADO      recordatorio FALLIDO (chat_input_not_found) -
10/5_17:30_maf            34722714718          ENVIADO      recordatorio FALLIDO (chat_input_not_found) -
10/5_17:30_4e             34653197010          ENVIADO      recordatorio FALLIDO (chat_input_not_found) -

[2026-05-14 15:00:12] POSITIVO | Fotos nuevas: 0 | Envios OK: 0 | Envios FAIL: 0 | Reviews negativas: 0 | Fotos borradas: 0
[2026-05-14 15:00:34] NEGATIVO | WhatsApp no conectado (QR visible) — ciclo abortado

=== SESIÓN 15:02-15:02 (14/05/2026) ===
RESERVA                   TELÉFONO             ESTADO       RESPUESTA                 REVIEW
-----------------------------------------------------------------------------------------------
9/5_14:30_maf             34665976040          ENVIADO      recordatorio FALLIDO (chat_input_not_found) -
9/5_19:00_maf/csi         34%C2%A0628%C2%A061%C2%A027%C2%A078%E2%80%AC ENVIADO      recordatorio FALLIDO (chat_input_not_found) -
9/5_20:30_4e              34747414084          ENVIADO      recordatorio FALLIDO (chat_input_not_found) -
9/5_19:00_4e              34675651585          ENVIADO      recordatorio FALLIDO (chat_input_not_found) -
10/5_17:30_maf            34722714718          ENVIADO      recordatorio FALLIDO (chat_input_not_found) -
10/5_17:30_4e             34653197010          ENVIADO      recordatorio FALLIDO (chat_input_not_found) -

[2026-05-14 15:02:39] POSITIVO | Fotos nuevas: 0 | Envios OK: 0 | Envios FAIL: 0 | Reviews negativas: 0 | Fotos borradas: 0

=== SESIÓN 15:03-15:03 (14/05/2026) ===
RESERVA                   TELÉFONO             ESTADO       RESPUESTA                 REVIEW
-----------------------------------------------------------------------------------------------
9/5_14:30_maf             34665976040          ENVIADO      recordatorio FALLIDO (chat_input_not_found) -
9/5_19:00_maf/csi         34%C2%A0628%C2%A061%C2%A027%C2%A078%E2%80%AC ENVIADO      recordatorio FALLIDO (chat_input_not_found) -
9/5_20:30_4e              34747414084          ENVIADO      recordatorio FALLIDO (chat_input_not_found) -
9/5_19:00_4e              34675651585          ENVIADO      recordatorio FALLIDO (chat_input_not_found) -
10/5_17:30_maf            34722714718          ENVIADO      recordatorio FALLIDO (chat_input_not_found) -
10/5_17:30_4e             34653197010          ENVIADO      recordatorio FALLIDO (chat_input_not_found) -

[2026-05-14 15:03:57] POSITIVO | Fotos nuevas: 0 | Envios OK: 0 | Envios FAIL: 0 | Reviews negativas: 0 | Fotos borradas: 0

=== SESIÓN 15:02-15:05 (14/05/2026) ===
RESERVA                   TELÉFONO             ESTADO       RESPUESTA                 REVIEW
-----------------------------------------------------------------------------------------------
9/5_14:30_maf             34665976040          ENVIADO      recordatorio FALLIDO (exception: HTTPConnectionPool(host='localhost', port=53223): Max retries exceeded with url: /session/4930abb5f81e71d7c2dcaf7e933d7d81/source (Caused by NewConnectionError("HTTPConnection(host='localhost', port=53223): Failed to establish a new connection: [WinError 10061] No connection could be made because the target machine actively refused it"))) -
9/5_19:00_maf/csi         34%C2%A0628%C2%A061%C2%A027%C2%A078%E2%80%AC ENVIADO      recordatorio FALLIDO (exception: HTTPConnectionPool(host='localhost', port=53223): Max retries exceeded with url: /session/4930abb5f81e71d7c2dcaf7e933d7d81/source (Caused by NewConnectionError("HTTPConnection(host='localhost', port=53223): Failed to establish a new connection: [WinError 10061] No connection could be made because the target machine actively refused it"))) -
9/5_20:30_4e              34747414084          ENVIADO      recordatorio FALLIDO (exception: HTTPConnectionPool(host='localhost', port=53223): Max retries exceeded with url: /session/4930abb5f81e71d7c2dcaf7e933d7d81/source (Caused by NewConnectionError("HTTPConnection(host='localhost', port=53223): Failed to establish a new connection: [WinError 10061] No connection could be made because the target machine actively refused it"))) -
9/5_19:00_4e              34675651585          ENVIADO      recordatorio FALLIDO (exception: HTTPConnectionPool(host='localhost', port=53223): Max retries exceeded with url: /session/4930abb5f81e71d7c2dcaf7e933d7d81/source (Caused by NewConnectionError("HTTPConnection(host='localhost', port=53223): Failed to establish a new connection: [WinError 10061] No connection could be made because the target machine actively refused it"))) -
10/5_17:30_maf            34722714718          ENVIADO      recordatorio FALLIDO (exception: HTTPConnectionPool(host='localhost', port=53223): Max retries exceeded with url: /session/4930abb5f81e71d7c2dcaf7e933d7d81/source (Caused by NewConnectionError("HTTPConnection(host='localhost', port=53223): Failed to establish a new connection: [WinError 10061] No connection could be made because the target machine actively refused it"))) -
10/5_17:30_4e             34653197010          ENVIADO      recordatorio FALLIDO (exception: HTTPConnectionPool(host='localhost', port=53223): Max retries exceeded with url: /session/4930abb5f81e71d7c2dcaf7e933d7d81/source (Caused by NewConnectionError("HTTPConnection(host='localhost', port=53223): Failed to establish a new connection: [WinError 10061] No connection could be made because the target machine actively refused it"))) -

[2026-05-14 15:05:14] POSITIVO | Fotos nuevas: 0 | Envios OK: 0 | Envios FAIL: 0 | Reviews negativas: 0 | Fotos borradas: 0

=== SESIÓN 15:05-15:05 (14/05/2026) ===
RESERVA                   TELÉFONO             ESTADO       RESPUESTA                 REVIEW
-----------------------------------------------------------------------------------------------
9/5_14:30_maf             34665976040          ENVIADO      recordatorio FALLIDO (chat_input_not_found) -
9/5_19:00_maf/csi         34%C2%A0628%C2%A061%C2%A027%C2%A078%E2%80%AC ENVIADO      recordatorio FALLIDO (chat_input_not_found) -
9/5_20:30_4e              34747414084          ENVIADO      recordatorio FALLIDO (chat_input_not_found) -
9/5_19:00_4e              34675651585          ENVIADO      recordatorio FALLIDO (chat_input_not_found) -
10/5_17:30_maf            34722714718          ENVIADO      recordatorio FALLIDO (chat_input_not_found) -
10/5_17:30_4e             34653197010          ENVIADO      recordatorio FALLIDO (chat_input_not_found) -

[2026-05-14 15:05:17] POSITIVO | Fotos nuevas: 0 | Envios OK: 0 | Envios FAIL: 0 | Reviews negativas: 0 | Fotos borradas: 0

=== SESIÓN 15:07-15:07 (14/05/2026) ===
RESERVA                   TELÉFONO             ESTADO       RESPUESTA                 REVIEW
-----------------------------------------------------------------------------------------------
9/5_14:30_maf             34665976040          ENVIADO      recordatorio FALLIDO (chat_input_not_found) -
9/5_19:00_maf/csi         34%C2%A0628%C2%A061%C2%A027%C2%A078%E2%80%AC ENVIADO      recordatorio FALLIDO (chat_input_not_found) -
9/5_20:30_4e              34747414084          ENVIADO      recordatorio FALLIDO (chat_input_not_found) -
9/5_19:00_4e              34675651585          ENVIADO      recordatorio FALLIDO (chat_input_not_found) -
10/5_17:30_maf            34722714718          ENVIADO      recordatorio FALLIDO (chat_input_not_found) -
10/5_17:30_4e             34653197010          ENVIADO      recordatorio FALLIDO (chat_input_not_found) -

[2026-05-14 15:07:16] POSITIVO | Fotos nuevas: 0 | Envios OK: 0 | Envios FAIL: 0 | Reviews negativas: 0 | Fotos borradas: 0
[2026-05-14 15:07:39] NEGATIVO | WhatsApp no conectado (QR visible) — ciclo abortado

=== SESIÓN 15:08-15:08 (14/05/2026) ===
RESERVA                   TELÉFONO             ESTADO       RESPUESTA                 REVIEW
-----------------------------------------------------------------------------------------------
9/5_14:30_maf             34665976040          ENVIADO      recordatorio FALLIDO (exception: Message: invalid session id: session deleted as the browser has closed the connection
from disconnected: Unable to receive message from renderer
  (Session info: chrome=147.0.7727.101); For documentation on this error, please visit: https://www.selenium.dev/documentation/webdriver/troubleshooting/errors#invalidsessionidexception
Stacktrace:
	chromedriver!GetHandleVerifier [0x4eb373+10553]
	chromedriver!GetHandleVerifier [0x4eb4a4+10684]
	chromedriver!(No symbol) [0x2f1e10]
	chromedriver!(No symbol) [0x2e21b3]
	chromedriver!(No symbol) [0x2e1ee5]
	chromedriver!(No symbol) [0x2dfff8]
	chromedriver!(No symbol) [0x2e0846]
	chromedriver!(No symbol) [0x2ed6bb]
	chromedriver!(No symbol) [0x2ff45e]
	chromedriver!(No symbol) [0x304eb6]
	chromedriver!(No symbol) [0x2e0ecc]
	chromedriver!(No symbol) [0x2fece9]
	chromedriver!(No symbol) [0x37a946]
	chromedriver!(No symbol) [0x35d606]
	chromedriver!(No symbol) [0x330039]
	chromedriver!(No symbol) [0x330df4]
	chromedriver!GetHandleVerifier [0x76ddb4+292f94]
	chromedriver!GetHandleVerifier [0x76937d+28e55d]
	chromedriver!GetHandleVerifier [0x788215+2ad3f5]
	chromedriver!GetHandleVerifier [0x504c18+29df8]
	chromedriver!GetHandleVerifier [0x50c6fd+318dd]
	chromedriver!GetHandleVerifier [0x4f3c78+18e58]
	chromedriver!GetHandleVerifier [0x4f3e42+19022]
	chromedriver!GetHandleVerifier [0x4dd45f+263f]
	KERNEL32!BaseThreadInitThunk [0x765562c4+24]
	ntdll!RtlSubscribeWnfStateChangeNotification [0x770a0aa9+439]
	ntdll!RtlSubscribeWnfStateChangeNotification [0x770a0a74+404]
) -
9/5_19:00_maf/csi         34%C2%A0628%C2%A061%C2%A027%C2%A078%E2%80%AC ENVIADO      recordatorio FALLIDO (exception: Message: invalid session id; For documentation on this error, please visit: https://www.selenium.dev/documentation/webdriver/troubleshooting/errors#invalidsessionidexception
Stacktrace:
	chromedriver!GetHandleVerifier [0x4eb373+10553]
	chromedriver!GetHandleVerifier [0x4eb4a4+10684]
	chromedriver!(No symbol) [0x2f1c4e]
	chromedriver!(No symbol) [0x32f2c5]
	chromedriver!(No symbol) [0x35d726]
	chromedriver!(No symbol) [0x358c62]
	chromedriver!(No symbol) [0x358281]
	chromedriver!(No symbol) [0x2c501e]
	chromedriver!(No symbol) [0x2c55be]
	chromedriver!(No symbol) [0x2c5a9d]
	chromedriver!GetHandleVerifier [0x76ddb4+292f94]
	chromedriver!GetHandleVerifier [0x76937d+28e55d]
	chromedriver!GetHandleVerifier [0x788215+2ad3f5]
	chromedriver!GetHandleVerifier [0x504c18+29df8]
	chromedriver!GetHandleVerifier [0x50c6fd+318dd]
	chromedriver!(No symbol) [0x2c4b99]
	chromedriver!(No symbol) [0x2c41e0]
	chromedriver!GetHandleVerifier [0x8d2bef+3f7dcf]
	KERNEL32!BaseThreadInitThunk [0x765562c4+24]
	ntdll!RtlSubscribeWnfStateChangeNotification [0x770a0aa9+439]
	ntdll!RtlSubscribeWnfStateChangeNotification [0x770a0a74+404]
) -
9/5_20:30_4e              34747414084          ENVIADO      recordatorio FALLIDO (exception: Message: invalid session id; For documentation on this error, please visit: https://www.selenium.dev/documentation/webdriver/troubleshooting/errors#invalidsessionidexception
Stacktrace:
	chromedriver!GetHandleVerifier [0x4eb373+10553]
	chromedriver!GetHandleVerifier [0x4eb4a4+10684]
	chromedriver!(No symbol) [0x2f1c4e]
	chromedriver!(No symbol) [0x32f2c5]
	chromedriver!(No symbol) [0x35d726]
	chromedriver!(No symbol) [0x358c62]
	chromedriver!(No symbol) [0x358281]
	chromedriver!(No symbol) [0x2c501e]
	chromedriver!(No symbol) [0x2c55be]
	chromedriver!(No symbol) [0x2c5a9d]
	chromedriver!GetHandleVerifier [0x76ddb4+292f94]
	chromedriver!GetHandleVerifier [0x76937d+28e55d]
	chromedriver!GetHandleVerifier [0x788215+2ad3f5]
	chromedriver!GetHandleVerifier [0x504c18+29df8]
	chromedriver!GetHandleVerifier [0x50c6fd+318dd]
	chromedriver!(No symbol) [0x2c4b99]
	chromedriver!(No symbol) [0x2c41e0]
	chromedriver!GetHandleVerifier [0x8d2bef+3f7dcf]
	KERNEL32!BaseThreadInitThunk [0x765562c4+24]
	ntdll!RtlSubscribeWnfStateChangeNotification [0x770a0aa9+439]
	ntdll!RtlSubscribeWnfStateChangeNotification [0x770a0a74+404]
) -
9/5_19:00_4e              34675651585          ENVIADO      recordatorio FALLIDO (exception: Message: invalid session id; For documentation on this error, please visit: https://www.selenium.dev/documentation/webdriver/troubleshooting/errors#invalidsessionidexception
Stacktrace:
	chromedriver!GetHandleVerifier [0x4eb373+10553]
	chromedriver!GetHandleVerifier [0x4eb4a4+10684]
	chromedriver!(No symbol) [0x2f1c4e]
	chromedriver!(No symbol) [0x32f2c5]
	chromedriver!(No symbol) [0x35d726]
	chromedriver!(No symbol) [0x358c62]
	chromedriver!(No symbol) [0x358281]
	chromedriver!(No symbol) [0x2c501e]
	chromedriver!(No symbol) [0x2c55be]
	chromedriver!(No symbol) [0x2c5a9d]
	chromedriver!GetHandleVerifier [0x76ddb4+292f94]
	chromedriver!GetHandleVerifier [0x76937d+28e55d]
	chromedriver!GetHandleVerifier [0x788215+2ad3f5]
	chromedriver!GetHandleVerifier [0x504c18+29df8]
	chromedriver!GetHandleVerifier [0x50c6fd+318dd]
	chromedriver!(No symbol) [0x2c4b99]
	chromedriver!(No symbol) [0x2c41e0]
	chromedriver!GetHandleVerifier [0x8d2bef+3f7dcf]
	KERNEL32!BaseThreadInitThunk [0x765562c4+24]
	ntdll!RtlSubscribeWnfStateChangeNotification [0x770a0aa9+439]
	ntdll!RtlSubscribeWnfStateChangeNotification [0x770a0a74+404]
) -
10/5_17:30_maf            34722714718          ENVIADO      recordatorio FALLIDO (exception: Message: invalid session id; For documentation on this error, please visit: https://www.selenium.dev/documentation/webdriver/troubleshooting/errors#invalidsessionidexception
Stacktrace:
	chromedriver!GetHandleVerifier [0x4eb373+10553]
	chromedriver!GetHandleVerifier [0x4eb4a4+10684]
	chromedriver!(No symbol) [0x2f1c4e]
	chromedriver!(No symbol) [0x32f2c5]
	chromedriver!(No symbol) [0x35d726]
	chromedriver!(No symbol) [0x358c62]
	chromedriver!(No symbol) [0x358281]
	chromedriver!(No symbol) [0x2c501e]
	chromedriver!(No symbol) [0x2c55be]
	chromedriver!(No symbol) [0x2c5a9d]
	chromedriver!GetHandleVerifier [0x76ddb4+292f94]
	chromedriver!GetHandleVerifier [0x76937d+28e55d]
	chromedriver!GetHandleVerifier [0x788215+2ad3f5]
	chromedriver!GetHandleVerifier [0x504c18+29df8]
	chromedriver!GetHandleVerifier [0x50c6fd+318dd]
	chromedriver!(No symbol) [0x2c4b99]
	chromedriver!(No symbol) [0x2c41e0]
	chromedriver!GetHandleVerifier [0x8d2bef+3f7dcf]
	KERNEL32!BaseThreadInitThunk [0x765562c4+24]
	ntdll!RtlSubscribeWnfStateChangeNotification [0x770a0aa9+439]
	ntdll!RtlSubscribeWnfStateChangeNotification [0x770a0a74+404]
) -
10/5_17:30_4e             34653197010          ENVIADO      recordatorio FALLIDO (exception: Message: invalid session id; For documentation on this error, please visit: https://www.selenium.dev/documentation/webdriver/troubleshooting/errors#invalidsessionidexception
Stacktrace:
	chromedriver!GetHandleVerifier [0x4eb373+10553]
	chromedriver!GetHandleVerifier [0x4eb4a4+10684]
	chromedriver!(No symbol) [0x2f1c4e]
	chromedriver!(No symbol) [0x32f2c5]
	chromedriver!(No symbol) [0x35d726]
	chromedriver!(No symbol) [0x358c62]
	chromedriver!(No symbol) [0x358281]
	chromedriver!(No symbol) [0x2c501e]
	chromedriver!(No symbol) [0x2c55be]
	chromedriver!(No symbol) [0x2c5a9d]
	chromedriver!GetHandleVerifier [0x76ddb4+292f94]
	chromedriver!GetHandleVerifier [0x76937d+28e55d]
	chromedriver!GetHandleVerifier [0x788215+2ad3f5]
	chromedriver!GetHandleVerifier [0x504c18+29df8]
	chromedriver!GetHandleVerifier [0x50c6fd+318dd]
	chromedriver!(No symbol) [0x2c4b99]
	chromedriver!(No symbol) [0x2c41e0]
	chromedriver!GetHandleVerifier [0x8d2bef+3f7dcf]
	KERNEL32!BaseThreadInitThunk [0x765562c4+24]
	ntdll!RtlSubscribeWnfStateChangeNotification [0x770a0aa9+439]
	ntdll!RtlSubscribeWnfStateChangeNotification [0x770a0a74+404]
) -

[2026-05-14 15:08:27] POSITIVO | Fotos nuevas: 0 | Envios OK: 0 | Envios FAIL: 0 | Reviews negativas: 0 | Fotos borradas: 0

=== SESIÓN 15:10-15:10 (14/05/2026) ===
RESERVA                   TELÉFONO             ESTADO       RESPUESTA                 REVIEW
-----------------------------------------------------------------------------------------------
9/5_14:30_maf             34665976040          ENVIADO      recordatorio FALLIDO (chat_input_not_found) -
9/5_19:00_maf/csi         34%C2%A0628%C2%A061%C2%A027%C2%A078%E2%80%AC ENVIADO      recordatorio FALLIDO (chat_input_not_found) -
9/5_20:30_4e              34747414084          ENVIADO      recordatorio FALLIDO (chat_input_not_found) -
9/5_19:00_4e              34675651585          ENVIADO      recordatorio FALLIDO (chat_input_not_found) -
10/5_17:30_maf            34722714718          ENVIADO      recordatorio FALLIDO (chat_input_not_found) -
10/5_17:30_4e             34653197010          ENVIADO      recordatorio FALLIDO (chat_input_not_found) -

[2026-05-14 15:10:27] POSITIVO | Fotos nuevas: 0 | Envios OK: 0 | Envios FAIL: 0 | Reviews negativas: 0 | Fotos borradas: 0
[2026-05-14 15:10:48] NEGATIVO | WhatsApp no conectado (QR visible) — ciclo abortado

=== SESIÓN 15:12-15:12 (14/05/2026) ===
RESERVA                   TELÉFONO             ESTADO       RESPUESTA                 REVIEW
-----------------------------------------------------------------------------------------------
9/5_14:30_maf             34665976040          ENVIADO      recordatorio FALLIDO (chat_input_not_found) -
9/5_19:00_maf/csi         34%C2%A0628%C2%A061%C2%A027%C2%A078%E2%80%AC ENVIADO      recordatorio FALLIDO (chat_input_not_found) -
9/5_20:30_4e              34747414084          ENVIADO      recordatorio FALLIDO (chat_input_not_found) -
9/5_19:00_4e              34675651585          ENVIADO      recordatorio FALLIDO (chat_input_not_found) -
10/5_17:30_maf            34722714718          ENVIADO      recordatorio FALLIDO (chat_input_not_found) -
10/5_17:30_4e             34653197010          ENVIADO      recordatorio FALLIDO (chat_input_not_found) -

[2026-05-14 15:12:51] POSITIVO | Fotos nuevas: 0 | Envios OK: 0 | Envios FAIL: 0 | Reviews negativas: 0 | Fotos borradas: 0

=== SESIÓN 15:14-15:14 (14/05/2026) ===
RESERVA                   TELÉFONO             ESTADO       RESPUESTA                 REVIEW
-----------------------------------------------------------------------------------------------
9/5_14:30_maf             34665976040          ENVIADO      recordatorio FALLIDO (chat_input_not_found) -
9/5_19:00_maf/csi         34%C2%A0628%C2%A061%C2%A027%C2%A078%E2%80%AC ENVIADO      recordatorio FALLIDO (chat_input_not_found) -
9/5_20:30_4e              34747414084          ENVIADO      recordatorio FALLIDO (chat_input_not_found) -
9/5_19:00_4e              34675651585          ENVIADO      recordatorio FALLIDO (chat_input_not_found) -
10/5_17:30_maf            34722714718          ENVIADO      recordatorio FALLIDO (chat_input_not_found) -
10/5_17:30_4e             34653197010          ENVIADO      recordatorio FALLIDO (chat_input_not_found) -

[2026-05-14 15:14:09] POSITIVO | Fotos nuevas: 0 | Envios OK: 0 | Envios FAIL: 0 | Reviews negativas: 0 | Fotos borradas: 0

=== SESIÓN 15:12-15:15 (14/05/2026) ===
RESERVA                   TELÉFONO             ESTADO       RESPUESTA                 REVIEW
-----------------------------------------------------------------------------------------------
9/5_14:30_maf             34665976040          ENVIADO      recordatorio FALLIDO (exception: HTTPConnectionPool(host='localhost', port=53910): Max retries exceeded with url: /session/86f40a42508b2d33d7367a98e0549487/source (Caused by NewConnectionError("HTTPConnection(host='localhost', port=53910): Failed to establish a new connection: [WinError 10061] No connection could be made because the target machine actively refused it"))) -
9/5_19:00_maf/csi         34%C2%A0628%C2%A061%C2%A027%C2%A078%E2%80%AC ENVIADO      recordatorio FALLIDO (exception: HTTPConnectionPool(host='localhost', port=53910): Max retries exceeded with url: /session/86f40a42508b2d33d7367a98e0549487/source (Caused by NewConnectionError("HTTPConnection(host='localhost', port=53910): Failed to establish a new connection: [WinError 10061] No connection could be made because the target machine actively refused it"))) -
9/5_20:30_4e              34747414084          ENVIADO      recordatorio FALLIDO (exception: HTTPConnectionPool(host='localhost', port=53910): Max retries exceeded with url: /session/86f40a42508b2d33d7367a98e0549487/source (Caused by NewConnectionError("HTTPConnection(host='localhost', port=53910): Failed to establish a new connection: [WinError 10061] No connection could be made because the target machine actively refused it"))) -
9/5_19:00_4e              34675651585          ENVIADO      recordatorio FALLIDO (exception: HTTPConnectionPool(host='localhost', port=53910): Max retries exceeded with url: /session/86f40a42508b2d33d7367a98e0549487/source (Caused by NewConnectionError("HTTPConnection(host='localhost', port=53910): Failed to establish a new connection: [WinError 10061] No connection could be made because the target machine actively refused it"))) -
10/5_17:30_maf            34722714718          ENVIADO      recordatorio FALLIDO (exception: HTTPConnectionPool(host='localhost', port=53910): Max retries exceeded with url: /session/86f40a42508b2d33d7367a98e0549487/source (Caused by NewConnectionError("HTTPConnection(host='localhost', port=53910): Failed to establish a new connection: [WinError 10061] No connection could be made because the target machine actively refused it"))) -
10/5_17:30_4e             34653197010          ENVIADO      recordatorio FALLIDO (exception: HTTPConnectionPool(host='localhost', port=53910): Max retries exceeded with url: /session/86f40a42508b2d33d7367a98e0549487/source (Caused by NewConnectionError("HTTPConnection(host='localhost', port=53910): Failed to establish a new connection: [WinError 10061] No connection could be made because the target machine actively refused it"))) -

[2026-05-14 15:15:26] POSITIVO | Fotos nuevas: 0 | Envios OK: 0 | Envios FAIL: 0 | Reviews negativas: 0 | Fotos borradas: 0

=== SESIÓN 15:15-15:15 (14/05/2026) ===
RESERVA                   TELÉFONO             ESTADO       RESPUESTA                 REVIEW
-----------------------------------------------------------------------------------------------
9/5_14:30_maf             34665976040          ENVIADO      recordatorio FALLIDO (chat_input_not_found) -
9/5_19:00_maf/csi         34%C2%A0628%C2%A061%C2%A027%C2%A078%E2%80%AC ENVIADO      recordatorio FALLIDO (chat_input_not_found) -
9/5_20:30_4e              34747414084          ENVIADO      recordatorio FALLIDO (chat_input_not_found) -
9/5_19:00_4e              34675651585          ENVIADO      recordatorio FALLIDO (chat_input_not_found) -
10/5_17:30_maf            34722714718          ENVIADO      recordatorio FALLIDO (chat_input_not_found) -
10/5_17:30_4e             34653197010          ENVIADO      recordatorio FALLIDO (chat_input_not_found) -

[2026-05-14 15:15:27] POSITIVO | Fotos nuevas: 0 | Envios OK: 0 | Envios FAIL: 0 | Reviews negativas: 0 | Fotos borradas: 0

=== SESIÓN 15:17-15:17 (14/05/2026) ===
RESERVA                   TELÉFONO             ESTADO       RESPUESTA                 REVIEW
-----------------------------------------------------------------------------------------------
9/5_14:30_maf             34665976040          ENVIADO      recordatorio FALLIDO (chat_input_not_found) -
9/5_19:00_maf/csi         34%C2%A0628%C2%A061%C2%A027%C2%A078%E2%80%AC ENVIADO      recordatorio FALLIDO (chat_input_not_found) -
9/5_20:30_4e              34747414084          ENVIADO      recordatorio FALLIDO (chat_input_not_found) -
9/5_19:00_4e              34675651585          ENVIADO      recordatorio FALLIDO (chat_input_not_found) -
10/5_17:30_maf            34722714718          ENVIADO      recordatorio FALLIDO (chat_input_not_found) -
10/5_17:30_4e             34653197010          ENVIADO      recordatorio FALLIDO (chat_input_not_found) -

[2026-05-14 15:17:31] POSITIVO | Fotos nuevas: 0 | Envios OK: 0 | Envios FAIL: 0 | Reviews negativas: 0 | Fotos borradas: 0
[2026-05-14 15:17:34] NEGATIVO | WhatsApp no conectado (QR visible) — ciclo abortado

=== SESIÓN 15:19-15:19 (14/05/2026) ===
RESERVA                   TELÉFONO             ESTADO       RESPUESTA                 REVIEW
-----------------------------------------------------------------------------------------------
9/5_14:30_maf             34665976040          ENVIADO      recordatorio FALLIDO (chat_input_not_found) -
9/5_19:00_maf/csi         34%C2%A0628%C2%A061%C2%A027%C2%A078%E2%80%AC ENVIADO      recordatorio FALLIDO (chat_input_not_found) -
9/5_20:30_4e              34747414084          ENVIADO      recordatorio FALLIDO (chat_input_not_found) -
9/5_19:00_4e              34675651585          ENVIADO      recordatorio FALLIDO (chat_input_not_found) -
10/5_17:30_maf            34722714718          ENVIADO      recordatorio FALLIDO (chat_input_not_found) -
10/5_17:30_4e             34653197010          ENVIADO      recordatorio FALLIDO (chat_input_not_found) -

[2026-05-14 15:19:36] POSITIVO | Fotos nuevas: 0 | Envios OK: 0 | Envios FAIL: 0 | Reviews negativas: 0 | Fotos borradas: 0

=== SESIÓN 15:20-15:20 (14/05/2026) ===
RESERVA                   TELÉFONO             ESTADO       RESPUESTA                 REVIEW
-----------------------------------------------------------------------------------------------
9/5_14:30_maf             34665976040          ENVIADO      recordatorio FALLIDO (chat_input_not_found) -
9/5_19:00_maf/csi         34%C2%A0628%C2%A061%C2%A027%C2%A078%E2%80%AC ENVIADO      recordatorio FALLIDO (chat_input_not_found) -
9/5_20:30_4e              34747414084          ENVIADO      recordatorio FALLIDO (chat_input_not_found) -
9/5_19:00_4e              34675651585          ENVIADO      recordatorio FALLIDO (chat_input_not_found) -
10/5_17:30_maf            34722714718          ENVIADO      recordatorio FALLIDO (chat_input_not_found) -
10/5_17:30_4e             34653197010          ENVIADO      recordatorio FALLIDO (chat_input_not_found) -

[2026-05-14 15:20:54] POSITIVO | Fotos nuevas: 0 | Envios OK: 0 | Envios FAIL: 0 | Reviews negativas: 0 | Fotos borradas: 0

=== SESIÓN 15:22-15:22 (14/05/2026) ===
RESERVA                   TELÉFONO             ESTADO       RESPUESTA                 REVIEW
-----------------------------------------------------------------------------------------------
9/5_14:30_maf             34665976040          ENVIADO      recordatorio FALLIDO (chat_input_not_found) -
9/5_19:00_maf/csi         34%C2%A0628%C2%A061%C2%A027%C2%A078%E2%80%AC ENVIADO      recordatorio FALLIDO (chat_input_not_found) -
9/5_20:30_4e              34747414084          ENVIADO      recordatorio FALLIDO (chat_input_not_found) -
9/5_19:00_4e              34675651585          ENVIADO      recordatorio FALLIDO (chat_input_not_found) -
10/5_17:30_maf            34722714718          ENVIADO      recordatorio FALLIDO (chat_input_not_found) -
10/5_17:30_4e             34653197010          ENVIADO      recordatorio FALLIDO (chat_input_not_found) -

[2026-05-14 15:22:12] POSITIVO | Fotos nuevas: 0 | Envios OK: 0 | Envios FAIL: 0 | Reviews negativas: 0 | Fotos borradas: 0

=== SESIÓN 15:23-15:23 (14/05/2026) ===
RESERVA                   TELÉFONO             ESTADO       RESPUESTA                 REVIEW
-----------------------------------------------------------------------------------------------
9/5_14:30_maf             34665976040          ENVIADO      recordatorio FALLIDO (chat_input_not_found) -
9/5_19:00_maf/csi         34%C2%A0628%C2%A061%C2%A027%C2%A078%E2%80%AC ENVIADO      recordatorio FALLIDO (chat_input_not_found) -
9/5_20:30_4e              34747414084          ENVIADO      recordatorio FALLIDO (chat_input_not_found) -
9/5_19:00_4e              34675651585          ENVIADO      recordatorio FALLIDO (chat_input_not_found) -
10/5_17:30_maf            34722714718          ENVIADO      recordatorio FALLIDO (chat_input_not_found) -
10/5_17:30_4e             34653197010          ENVIADO      recordatorio FALLIDO (chat_input_not_found) -

[2026-05-14 15:23:33] POSITIVO | Fotos nuevas: 0 | Envios OK: 0 | Envios FAIL: 0 | Reviews negativas: 0 | Fotos borradas: 0

=== SESIÓN 15:24-15:24 (14/05/2026) ===
RESERVA                   TELÉFONO             ESTADO       RESPUESTA                 REVIEW
-----------------------------------------------------------------------------------------------
9/5_14:30_maf             34665976040          ENVIADO      recordatorio FALLIDO (chat_input_not_found) -
9/5_19:00_maf/csi         34%C2%A0628%C2%A061%C2%A027%C2%A078%E2%80%AC ENVIADO      recordatorio FALLIDO (chat_input_not_found) -
9/5_20:30_4e              34747414084          ENVIADO      recordatorio FALLIDO (chat_input_not_found) -
9/5_19:00_4e              34675651585          ENVIADO      recordatorio FALLIDO (chat_input_not_found) -
10/5_17:30_maf            34722714718          ENVIADO      recordatorio FALLIDO (chat_input_not_found) -
10/5_17:30_4e             34653197010          ENVIADO      recordatorio FALLIDO (chat_input_not_found) -

[2026-05-14 15:24:51] POSITIVO | Fotos nuevas: 0 | Envios OK: 0 | Envios FAIL: 0 | Reviews negativas: 0 | Fotos borradas: 0

=== SESIÓN 15:26-15:26 (14/05/2026) ===
RESERVA                   TELÉFONO             ESTADO       RESPUESTA                 REVIEW
-----------------------------------------------------------------------------------------------
9/5_14:30_maf             34665976040          ENVIADO      recordatorio FALLIDO (chat_input_not_found) -
9/5_19:00_maf/csi         34%C2%A0628%C2%A061%C2%A027%C2%A078%E2%80%AC ENVIADO      recordatorio FALLIDO (chat_input_not_found) -
9/5_20:30_4e              34747414084          ENVIADO      recordatorio FALLIDO (chat_input_not_found) -
9/5_19:00_4e              34675651585          ENVIADO      recordatorio FALLIDO (chat_input_not_found) -
10/5_17:30_maf            34722714718          ENVIADO      recordatorio FALLIDO (chat_input_not_found) -
10/5_17:30_4e             34653197010          ENVIADO      recordatorio FALLIDO (chat_input_not_found) -

[2026-05-14 15:26:10] POSITIVO | Fotos nuevas: 0 | Envios OK: 0 | Envios FAIL: 0 | Reviews negativas: 0 | Fotos borradas: 0

=== SESIÓN 15:27-15:27 (14/05/2026) ===
RESERVA                   TELÉFONO             ESTADO       RESPUESTA                 REVIEW
-----------------------------------------------------------------------------------------------
9/5_14:30_maf             34665976040          ENVIADO      recordatorio FALLIDO (chat_input_not_found) -
9/5_19:00_maf/csi         34%C2%A0628%C2%A061%C2%A027%C2%A078%E2%80%AC ENVIADO      recordatorio FALLIDO (chat_input_not_found) -
9/5_20:30_4e              34747414084          ENVIADO      recordatorio FALLIDO (chat_input_not_found) -
9/5_19:00_4e              34675651585          ENVIADO      recordatorio FALLIDO (chat_input_not_found) -
10/5_17:30_maf            34722714718          ENVIADO      recordatorio FALLIDO (chat_input_not_found) -
10/5_17:30_4e             34653197010          ENVIADO      recordatorio FALLIDO (chat_input_not_found) -

[2026-05-14 15:27:29] POSITIVO | Fotos nuevas: 0 | Envios OK: 0 | Envios FAIL: 0 | Reviews negativas: 0 | Fotos borradas: 0

=== SESIÓN 15:28-15:28 (14/05/2026) ===
RESERVA                   TELÉFONO             ESTADO       RESPUESTA                 REVIEW
-----------------------------------------------------------------------------------------------
9/5_14:30_maf             34665976040          ENVIADO      recordatorio FALLIDO (chat_input_not_found) -
9/5_19:00_maf/csi         34%C2%A0628%C2%A061%C2%A027%C2%A078%E2%80%AC ENVIADO      recordatorio FALLIDO (chat_input_not_found) -
9/5_20:30_4e              34747414084          ENVIADO      recordatorio FALLIDO (chat_input_not_found) -
9/5_19:00_4e              34675651585          ENVIADO      recordatorio FALLIDO (chat_input_not_found) -
10/5_17:30_maf            34722714718          ENVIADO      recordatorio FALLIDO (chat_input_not_found) -
10/5_17:30_4e             34653197010          ENVIADO      recordatorio FALLIDO (chat_input_not_found) -

[2026-05-14 15:28:47] POSITIVO | Fotos nuevas: 0 | Envios OK: 0 | Envios FAIL: 0 | Reviews negativas: 0 | Fotos borradas: 0

=== SESIÓN 15:27-15:29 (14/05/2026) ===
RESERVA                   TELÉFONO             ESTADO       RESPUESTA                 REVIEW
-----------------------------------------------------------------------------------------------
9/5_14:30_maf             34665976040          ENVIADO      recordatorio FALLIDO (exception: HTTPConnectionPool(host='localhost', port=54637): Max retries exceeded with url: /session/54f02d22a6b070df6e5f5ab07770407c/source (Caused by NewConnectionError("HTTPConnection(host='localhost', port=54637): Failed to establish a new connection: [WinError 10061] No connection could be made because the target machine actively refused it"))) -
9/5_19:00_maf/csi         34%C2%A0628%C2%A061%C2%A027%C2%A078%E2%80%AC ENVIADO      recordatorio FALLIDO (exception: HTTPConnectionPool(host='localhost', port=54637): Max retries exceeded with url: /session/54f02d22a6b070df6e5f5ab07770407c/source (Caused by NewConnectionError("HTTPConnection(host='localhost', port=54637): Failed to establish a new connection: [WinError 10061] No connection could be made because the target machine actively refused it"))) -
9/5_20:30_4e              34747414084          ENVIADO      recordatorio FALLIDO (exception: HTTPConnectionPool(host='localhost', port=54637): Max retries exceeded with url: /session/54f02d22a6b070df6e5f5ab07770407c/source (Caused by NewConnectionError("HTTPConnection(host='localhost', port=54637): Failed to establish a new connection: [WinError 10061] No connection could be made because the target machine actively refused it"))) -
9/5_19:00_4e              34675651585          ENVIADO      recordatorio FALLIDO (exception: HTTPConnectionPool(host='localhost', port=54637): Max retries exceeded with url: /session/54f02d22a6b070df6e5f5ab07770407c/source (Caused by NewConnectionError("HTTPConnection(host='localhost', port=54637): Failed to establish a new connection: [WinError 10061] No connection could be made because the target machine actively refused it"))) -
10/5_17:30_maf            34722714718          ENVIADO      recordatorio FALLIDO (exception: HTTPConnectionPool(host='localhost', port=54637): Max retries exceeded with url: /session/54f02d22a6b070df6e5f5ab07770407c/source (Caused by NewConnectionError("HTTPConnection(host='localhost', port=54637): Failed to establish a new connection: [WinError 10061] No connection could be made because the target machine actively refused it"))) -
10/5_17:30_4e             34653197010          ENVIADO      recordatorio FALLIDO (exception: HTTPConnectionPool(host='localhost', port=54637): Max retries exceeded with url: /session/54f02d22a6b070df6e5f5ab07770407c/source (Caused by NewConnectionError("HTTPConnection(host='localhost', port=54637): Failed to establish a new connection: [WinError 10061] No connection could be made because the target machine actively refused it"))) -

[2026-05-14 15:29:55] POSITIVO | Fotos nuevas: 0 | Envios OK: 0 | Envios FAIL: 0 | Reviews negativas: 0 | Fotos borradas: 0

=== SESIÓN 15:29-15:31 (14/05/2026) ===
RESERVA                   TELÉFONO             ESTADO       RESPUESTA                 REVIEW
-----------------------------------------------------------------------------------------------
9/5_14:30_maf             34665976040          ENVIADO      recordatorio FALLIDO (chat_input_not_found) -
9/5_19:00_maf/csi         34%C2%A0628%C2%A061%C2%A027%C2%A078%E2%80%AC ENVIADO      recordatorio FALLIDO (chat_input_not_found) -
9/5_20:30_4e              34747414084          ENVIADO      recordatorio FALLIDO (chat_input_not_found) -
9/5_19:00_4e              34675651585          ENVIADO      recordatorio FALLIDO (chat_input_not_found) -
10/5_17:30_maf            34722714718          ENVIADO      recordatorio FALLIDO (exception: HTTPConnectionPool(host='localhost', port=55731): Max retries exceeded with url: /session/12cbd30ebfa2ab236aeb508f1a4451ad/source (Caused by NewConnectionError("HTTPConnection(host='localhost', port=55731): Failed to establish a new connection: [WinError 10061] No connection could be made because the target machine actively refused it"))) -
10/5_17:30_4e             34653197010          ENVIADO      recordatorio FALLIDO (exception: HTTPConnectionPool(host='localhost', port=55731): Max retries exceeded with url: /session/12cbd30ebfa2ab236aeb508f1a4451ad/source (Caused by NewConnectionError("HTTPConnection(host='localhost', port=55731): Failed to establish a new connection: [WinError 10061] No connection could be made because the target machine actively refused it"))) -

[2026-05-14 15:31:00] POSITIVO | Fotos nuevas: 0 | Envios OK: 0 | Envios FAIL: 0 | Reviews negativas: 0 | Fotos borradas: 0

=== SESIÓN 15:32-15:32 (14/05/2026) ===
RESERVA                   TELÉFONO             ESTADO       RESPUESTA                 REVIEW
-----------------------------------------------------------------------------------------------
9/5_14:30_maf             34665976040          ENVIADO      recordatorio FALLIDO (chat_input_not_found) -
9/5_19:00_maf/csi         34%C2%A0628%C2%A061%C2%A027%C2%A078%E2%80%AC ENVIADO      recordatorio FALLIDO (chat_input_not_found) -
9/5_20:30_4e              34747414084          ENVIADO      recordatorio FALLIDO (chat_input_not_found) -
9/5_19:00_4e              34675651585          ENVIADO      recordatorio FALLIDO (chat_input_not_found) -
10/5_17:30_maf            34722714718          ENVIADO      recordatorio FALLIDO (chat_input_not_found) -
10/5_17:30_4e             34653197010          ENVIADO      recordatorio FALLIDO (chat_input_not_found) -

[2026-05-14 15:32:25] POSITIVO | Fotos nuevas: 0 | Envios OK: 0 | Envios FAIL: 0 | Reviews negativas: 0 | Fotos borradas: 0

=== SESIÓN 15:33-15:33 (14/05/2026) ===
RESERVA                   TELÉFONO             ESTADO       RESPUESTA                 REVIEW
-----------------------------------------------------------------------------------------------
9/5_14:30_maf             34665976040          ENVIADO      recordatorio FALLIDO (chat_input_not_found) -
9/5_19:00_maf/csi         34%C2%A0628%C2%A061%C2%A027%C2%A078%E2%80%AC ENVIADO      recordatorio FALLIDO (chat_input_not_found) -
9/5_20:30_4e              34747414084          ENVIADO      recordatorio FALLIDO (chat_input_not_found) -
9/5_19:00_4e              34675651585          ENVIADO      recordatorio FALLIDO (chat_input_not_found) -
10/5_17:30_maf            34722714718          ENVIADO      recordatorio FALLIDO (chat_input_not_found) -
10/5_17:30_4e             34653197010          ENVIADO      recordatorio FALLIDO (chat_input_not_found) -

[2026-05-14 15:33:43] POSITIVO | Fotos nuevas: 0 | Envios OK: 0 | Envios FAIL: 0 | Reviews negativas: 0 | Fotos borradas: 0

=== SESIÓN 15:34-15:35 (14/05/2026) ===
RESERVA                   TELÉFONO             ESTADO       RESPUESTA                 REVIEW
-----------------------------------------------------------------------------------------------
9/5_14:30_maf             34665976040          ENVIADO      recordatorio FALLIDO (chat_input_not_found) -
9/5_19:00_maf/csi         34%C2%A0628%C2%A061%C2%A027%C2%A078%E2%80%AC ENVIADO      recordatorio FALLIDO (chat_input_not_found) -
9/5_20:30_4e              34747414084          ENVIADO      recordatorio FALLIDO (chat_input_not_found) -
9/5_19:00_4e              34675651585          ENVIADO      recordatorio FALLIDO (chat_input_not_found) -
10/5_17:30_maf            34722714718          ENVIADO      recordatorio FALLIDO (chat_input_not_found) -
10/5_17:30_4e             34653197010          ENVIADO      recordatorio FALLIDO (chat_input_not_found) -

[2026-05-14 15:35:03] POSITIVO | Fotos nuevas: 0 | Envios OK: 0 | Envios FAIL: 0 | Reviews negativas: 0 | Fotos borradas: 0

=== SESIÓN 15:32-15:35 (14/05/2026) ===
RESERVA                   TELÉFONO             ESTADO       RESPUESTA                 REVIEW
-----------------------------------------------------------------------------------------------
9/5_14:30_maf             34665976040          ENVIADO      recordatorio FALLIDO (exception: HTTPConnectionPool(host='localhost', port=55830): Max retries exceeded with url: /session/c14ddfd7ae7ca3ac6981e83c2c7a5db8/source (Caused by NewConnectionError("HTTPConnection(host='localhost', port=55830): Failed to establish a new connection: [WinError 10061] No connection could be made because the target machine actively refused it"))) -
9/5_19:00_maf/csi         34%C2%A0628%C2%A061%C2%A027%C2%A078%E2%80%AC ENVIADO      recordatorio FALLIDO (exception: HTTPConnectionPool(host='localhost', port=55830): Max retries exceeded with url: /session/c14ddfd7ae7ca3ac6981e83c2c7a5db8/source (Caused by NewConnectionError("HTTPConnection(host='localhost', port=55830): Failed to establish a new connection: [WinError 10061] No connection could be made because the target machine actively refused it"))) -
9/5_20:30_4e              34747414084          ENVIADO      recordatorio FALLIDO (exception: HTTPConnectionPool(host='localhost', port=55830): Max retries exceeded with url: /session/c14ddfd7ae7ca3ac6981e83c2c7a5db8/source (Caused by NewConnectionError("HTTPConnection(host='localhost', port=55830): Failed to establish a new connection: [WinError 10061] No connection could be made because the target machine actively refused it"))) -
9/5_19:00_4e              34675651585          ENVIADO      recordatorio FALLIDO (exception: HTTPConnectionPool(host='localhost', port=55830): Max retries exceeded with url: /session/c14ddfd7ae7ca3ac6981e83c2c7a5db8/source (Caused by NewConnectionError("HTTPConnection(host='localhost', port=55830): Failed to establish a new connection: [WinError 10061] No connection could be made because the target machine actively refused it"))) -
10/5_17:30_maf            34722714718          ENVIADO      recordatorio FALLIDO (exception: HTTPConnectionPool(host='localhost', port=55830): Max retries exceeded with url: /session/c14ddfd7ae7ca3ac6981e83c2c7a5db8/source (Caused by NewConnectionError("HTTPConnection(host='localhost', port=55830): Failed to establish a new connection: [WinError 10061] No connection could be made because the target machine actively refused it"))) -
10/5_17:30_4e             34653197010          ENVIADO      recordatorio FALLIDO (exception: HTTPConnectionPool(host='localhost', port=55830): Max retries exceeded with url: /session/c14ddfd7ae7ca3ac6981e83c2c7a5db8/source (Caused by NewConnectionError("HTTPConnection(host='localhost', port=55830): Failed to establish a new connection: [WinError 10061] No connection could be made because the target machine actively refused it"))) -

[2026-05-14 15:35:19] POSITIVO | Fotos nuevas: 0 | Envios OK: 0 | Envios FAIL: 0 | Reviews negativas: 0 | Fotos borradas: 0

=== SESIÓN 15:37-15:37 (14/05/2026) ===
RESERVA                   TELÉFONO             ESTADO       RESPUESTA                 REVIEW
-----------------------------------------------------------------------------------------------
9/5_14:30_maf             34665976040          ENVIADO      recordatorio FALLIDO (chat_input_not_found) -
9/5_19:00_maf/csi         34%C2%A0628%C2%A061%C2%A027%C2%A078%E2%80%AC ENVIADO      recordatorio FALLIDO (chat_input_not_found) -
9/5_20:30_4e              34747414084          ENVIADO      recordatorio FALLIDO (chat_input_not_found) -
9/5_19:00_4e              34675651585          ENVIADO      recordatorio FALLIDO (chat_input_not_found) -
10/5_17:30_maf            34722714718          ENVIADO      recordatorio FALLIDO (chat_input_not_found) -
10/5_17:30_4e             34653197010          ENVIADO      recordatorio FALLIDO (chat_input_not_found) -

[2026-05-14 15:37:25] POSITIVO | Fotos nuevas: 0 | Envios OK: 0 | Envios FAIL: 0 | Reviews negativas: 0 | Fotos borradas: 0

=== SESIÓN 15:38-15:38 (14/05/2026) ===
RESERVA                   TELÉFONO             ESTADO       RESPUESTA                 REVIEW
-----------------------------------------------------------------------------------------------
9/5_14:30_maf             34665976040          ENVIADO      recordatorio FALLIDO (chat_input_not_found) -
9/5_19:00_maf/csi         34%C2%A0628%C2%A061%C2%A027%C2%A078%E2%80%AC ENVIADO      recordatorio FALLIDO (chat_input_not_found) -
9/5_20:30_4e              34747414084          ENVIADO      recordatorio FALLIDO (chat_input_not_found) -
9/5_19:00_4e              34675651585          ENVIADO      recordatorio FALLIDO (chat_input_not_found) -
10/5_17:30_maf            34722714718          ENVIADO      recordatorio FALLIDO (chat_input_not_found) -
10/5_17:30_4e             34653197010          ENVIADO      recordatorio FALLIDO (chat_input_not_found) -

[2026-05-14 15:38:47] POSITIVO | Fotos nuevas: 0 | Envios OK: 0 | Envios FAIL: 0 | Reviews negativas: 0 | Fotos borradas: 0

=== SESIÓN 15:39-15:40 (14/05/2026) ===
RESERVA                   TELÉFONO             ESTADO       RESPUESTA                 REVIEW
-----------------------------------------------------------------------------------------------
9/5_14:30_maf             34665976040          ENVIADO      recordatorio FALLIDO (chat_input_not_found) -
9/5_19:00_maf/csi         34%C2%A0628%C2%A061%C2%A027%C2%A078%E2%80%AC ENVIADO      recordatorio FALLIDO (chat_input_not_found) -
9/5_20:30_4e              34747414084          ENVIADO      recordatorio FALLIDO (chat_input_not_found) -
9/5_19:00_4e              34675651585          ENVIADO      recordatorio FALLIDO (chat_input_not_found) -
10/5_17:30_maf            34722714718          ENVIADO      recordatorio FALLIDO (chat_input_not_found) -
10/5_17:30_4e             34653197010          ENVIADO      recordatorio FALLIDO (chat_input_not_found) -

[2026-05-14 15:40:02] POSITIVO | Fotos nuevas: 0 | Envios OK: 0 | Envios FAIL: 0 | Reviews negativas: 0 | Fotos borradas: 0

=== SESIÓN 15:37-15:40 (14/05/2026) ===
RESERVA                   TELÉFONO             ESTADO       RESPUESTA                 REVIEW
-----------------------------------------------------------------------------------------------
9/5_14:30_maf             34665976040          ENVIADO      recordatorio FALLIDO (exception: HTTPConnectionPool(host='localhost', port=56234): Max retries exceeded with url: /session/2a92a56a56b3aa155a7ef2a41da523c9/source (Caused by NewConnectionError("HTTPConnection(host='localhost', port=56234): Failed to establish a new connection: [WinError 10061] No connection could be made because the target machine actively refused it"))) -
9/5_19:00_maf/csi         34%C2%A0628%C2%A061%C2%A027%C2%A078%E2%80%AC ENVIADO      recordatorio FALLIDO (exception: HTTPConnectionPool(host='localhost', port=56234): Max retries exceeded with url: /session/2a92a56a56b3aa155a7ef2a41da523c9/source (Caused by NewConnectionError("HTTPConnection(host='localhost', port=56234): Failed to establish a new connection: [WinError 10061] No connection could be made because the target machine actively refused it"))) -
9/5_20:30_4e              34747414084          ENVIADO      recordatorio FALLIDO (exception: HTTPConnectionPool(host='localhost', port=56234): Max retries exceeded with url: /session/2a92a56a56b3aa155a7ef2a41da523c9/source (Caused by NewConnectionError("HTTPConnection(host='localhost', port=56234): Failed to establish a new connection: [WinError 10061] No connection could be made because the target machine actively refused it"))) -
9/5_19:00_4e              34675651585          ENVIADO      recordatorio FALLIDO (exception: HTTPConnectionPool(host='localhost', port=56234): Max retries exceeded with url: /session/2a92a56a56b3aa155a7ef2a41da523c9/source (Caused by NewConnectionError("HTTPConnection(host='localhost', port=56234): Failed to establish a new connection: [WinError 10061] No connection could be made because the target machine actively refused it"))) -
10/5_17:30_maf            34722714718          ENVIADO      recordatorio FALLIDO (exception: HTTPConnectionPool(host='localhost', port=56234): Max retries exceeded with url: /session/2a92a56a56b3aa155a7ef2a41da523c9/source (Caused by NewConnectionError("HTTPConnection(host='localhost', port=56234): Failed to establish a new connection: [WinError 10061] No connection could be made because the target machine actively refused it"))) -
10/5_17:30_4e             34653197010          ENVIADO      recordatorio FALLIDO (exception: HTTPConnectionPool(host='localhost', port=56234): Max retries exceeded with url: /session/2a92a56a56b3aa155a7ef2a41da523c9/source (Caused by NewConnectionError("HTTPConnection(host='localhost', port=56234): Failed to establish a new connection: [WinError 10061] No connection could be made because the target machine actively refused it"))) -

[2026-05-14 15:40:35] POSITIVO | Fotos nuevas: 0 | Envios OK: 0 | Envios FAIL: 0 | Reviews negativas: 0 | Fotos borradas: 0

=== SESIÓN 15:41-15:42 (14/05/2026) ===
RESERVA                   TELÉFONO             ESTADO       RESPUESTA                 REVIEW
-----------------------------------------------------------------------------------------------
9/5_14:30_maf             34665976040          ENVIADO      recordatorio FALLIDO (chat_input_not_found) -
9/5_19:00_maf/csi         34%C2%A0628%C2%A061%C2%A027%C2%A078%E2%80%AC ENVIADO      recordatorio FALLIDO (chat_input_not_found) -
9/5_20:30_4e              34747414084          ENVIADO      recordatorio FALLIDO (chat_input_not_found) -
9/5_19:00_4e              34675651585          ENVIADO      recordatorio FALLIDO (chat_input_not_found) -
10/5_17:30_maf            34722714718          ENVIADO      recordatorio FALLIDO (chat_input_not_found) -
10/5_17:30_4e             34653197010          ENVIADO      recordatorio FALLIDO (chat_input_not_found) -

[2026-05-14 15:42:01] POSITIVO | Fotos nuevas: 0 | Envios OK: 0 | Envios FAIL: 0 | Reviews negativas: 0 | Fotos borradas: 0
[2026-05-14 15:42:22] NEGATIVO | WhatsApp no conectado (QR visible) — ciclo abortado

=== SESIÓN 15:44-15:44 (14/05/2026) ===
RESERVA                   TELÉFONO             ESTADO       RESPUESTA                 REVIEW
-----------------------------------------------------------------------------------------------
9/5_14:30_maf             34665976040          ENVIADO      recordatorio FALLIDO (chat_input_not_found) -
9/5_19:00_maf/csi         34%C2%A0628%C2%A061%C2%A027%C2%A078%E2%80%AC ENVIADO      recordatorio FALLIDO (chat_input_not_found) -
9/5_20:30_4e              34747414084          ENVIADO      recordatorio FALLIDO (chat_input_not_found) -
9/5_19:00_4e              34675651585          ENVIADO      recordatorio FALLIDO (chat_input_not_found) -
10/5_17:30_maf            34722714718          ENVIADO      recordatorio FALLIDO (chat_input_not_found) -
10/5_17:30_4e             34653197010          ENVIADO      recordatorio FALLIDO (chat_input_not_found) -

[2026-05-14 15:44:26] POSITIVO | Fotos nuevas: 0 | Envios OK: 0 | Envios FAIL: 0 | Reviews negativas: 0 | Fotos borradas: 0

=== SESIÓN 15:45-15:45 (14/05/2026) ===
RESERVA                   TELÉFONO             ESTADO       RESPUESTA                 REVIEW
-----------------------------------------------------------------------------------------------
9/5_14:30_maf             34665976040          ENVIADO      recordatorio FALLIDO (chat_input_not_found) -
9/5_19:00_maf/csi         34%C2%A0628%C2%A061%C2%A027%C2%A078%E2%80%AC ENVIADO      recordatorio FALLIDO (chat_input_not_found) -
9/5_20:30_4e              34747414084          ENVIADO      recordatorio FALLIDO (chat_input_not_found) -
9/5_19:00_4e              34675651585          ENVIADO      recordatorio FALLIDO (chat_input_not_found) -
10/5_17:30_maf            34722714718          ENVIADO      recordatorio FALLIDO (chat_input_not_found) -
10/5_17:30_4e             34653197010          ENVIADO      recordatorio FALLIDO (chat_input_not_found) -

[2026-05-14 15:45:43] POSITIVO | Fotos nuevas: 0 | Envios OK: 0 | Envios FAIL: 0 | Reviews negativas: 0 | Fotos borradas: 0

=== SESIÓN 15:44-15:47 (14/05/2026) ===
RESERVA                   TELÉFONO             ESTADO       RESPUESTA                 REVIEW
-----------------------------------------------------------------------------------------------
9/5_14:30_maf             34665976040          ENVIADO      recordatorio FALLIDO (exception: HTTPConnectionPool(host='localhost', port=57048): Max retries exceeded with url: /session/9bc360f0d6e76d9486e099e63544fb75/source (Caused by NewConnectionError("HTTPConnection(host='localhost', port=57048): Failed to establish a new connection: [WinError 10061] No connection could be made because the target machine actively refused it"))) -
9/5_19:00_maf/csi         34%C2%A0628%C2%A061%C2%A027%C2%A078%E2%80%AC ENVIADO      recordatorio FALLIDO (exception: HTTPConnectionPool(host='localhost', port=57048): Max retries exceeded with url: /session/9bc360f0d6e76d9486e099e63544fb75/source (Caused by NewConnectionError("HTTPConnection(host='localhost', port=57048): Failed to establish a new connection: [WinError 10061] No connection could be made because the target machine actively refused it"))) -
9/5_20:30_4e              34747414084          ENVIADO      recordatorio FALLIDO (exception: HTTPConnectionPool(host='localhost', port=57048): Max retries exceeded with url: /session/9bc360f0d6e76d9486e099e63544fb75/source (Caused by NewConnectionError("HTTPConnection(host='localhost', port=57048): Failed to establish a new connection: [WinError 10061] No connection could be made because the target machine actively refused it"))) -
9/5_19:00_4e              34675651585          ENVIADO      recordatorio FALLIDO (exception: HTTPConnectionPool(host='localhost', port=57048): Max retries exceeded with url: /session/9bc360f0d6e76d9486e099e63544fb75/source (Caused by NewConnectionError("HTTPConnection(host='localhost', port=57048): Failed to establish a new connection: [WinError 10061] No connection could be made because the target machine actively refused it"))) -
10/5_17:30_maf            34722714718          ENVIADO      recordatorio FALLIDO (exception: HTTPConnectionPool(host='localhost', port=57048): Max retries exceeded with url: /session/9bc360f0d6e76d9486e099e63544fb75/source (Caused by NewConnectionError("HTTPConnection(host='localhost', port=57048): Failed to establish a new connection: [WinError 10061] No connection could be made because the target machine actively refused it"))) -
10/5_17:30_4e             34653197010          ENVIADO      recordatorio FALLIDO (exception: HTTPConnectionPool(host='localhost', port=57048): Max retries exceeded with url: /session/9bc360f0d6e76d9486e099e63544fb75/source (Caused by NewConnectionError("HTTPConnection(host='localhost', port=57048): Failed to establish a new connection: [WinError 10061] No connection could be made because the target machine actively refused it"))) -

[2026-05-14 15:47:02] POSITIVO | Fotos nuevas: 0 | Envios OK: 0 | Envios FAIL: 0 | Reviews negativas: 0 | Fotos borradas: 0

=== SESIÓN 15:46-15:47 (14/05/2026) ===
RESERVA                   TELÉFONO             ESTADO       RESPUESTA                 REVIEW
-----------------------------------------------------------------------------------------------
9/5_14:30_maf             34665976040          ENVIADO      recordatorio FALLIDO (chat_input_not_found) -
9/5_19:00_maf/csi         34%C2%A0628%C2%A061%C2%A027%C2%A078%E2%80%AC ENVIADO      recordatorio FALLIDO (chat_input_not_found) -
9/5_20:30_4e              34747414084          ENVIADO      recordatorio FALLIDO (chat_input_not_found) -
9/5_19:00_4e              34675651585          ENVIADO      recordatorio FALLIDO (chat_input_not_found) -
10/5_17:30_maf            34722714718          ENVIADO      recordatorio FALLIDO (chat_input_not_found) -
10/5_17:30_4e             34653197010          ENVIADO      recordatorio FALLIDO (chat_input_not_found) -

[2026-05-14 15:47:02] POSITIVO | Fotos nuevas: 0 | Envios OK: 0 | Envios FAIL: 0 | Reviews negativas: 0 | Fotos borradas: 0

=== SESIÓN 15:49-15:49 (14/05/2026) ===
RESERVA                   TELÉFONO             ESTADO       RESPUESTA                 REVIEW
-----------------------------------------------------------------------------------------------
9/5_14:30_maf             34665976040          ENVIADO      recordatorio FALLIDO (chat_input_not_found) -
9/5_19:00_maf/csi         34%C2%A0628%C2%A061%C2%A027%C2%A078%E2%80%AC ENVIADO      recordatorio FALLIDO (chat_input_not_found) -
9/5_20:30_4e              34747414084          ENVIADO      recordatorio FALLIDO (chat_input_not_found) -
9/5_19:00_4e              34675651585          ENVIADO      recordatorio FALLIDO (chat_input_not_found) -
10/5_17:30_maf            34722714718          ENVIADO      recordatorio FALLIDO (chat_input_not_found) -
10/5_17:30_4e             34653197010          ENVIADO      recordatorio FALLIDO (chat_input_not_found) -

[2026-05-14 15:49:08] POSITIVO | Fotos nuevas: 0 | Envios OK: 0 | Envios FAIL: 0 | Reviews negativas: 0 | Fotos borradas: 0
[2026-05-14 15:49:10] NEGATIVO | WhatsApp no conectado (QR visible) — ciclo abortado

=== SESIÓN 15:51-15:51 (14/05/2026) ===
RESERVA                   TELÉFONO             ESTADO       RESPUESTA                 REVIEW
-----------------------------------------------------------------------------------------------
9/5_14:30_maf             34665976040          ENVIADO      recordatorio FALLIDO (chat_input_not_found) -
9/5_19:00_maf/csi         34%C2%A0628%C2%A061%C2%A027%C2%A078%E2%80%AC ENVIADO      recordatorio FALLIDO (chat_input_not_found) -
9/5_20:30_4e              34747414084          ENVIADO      recordatorio FALLIDO (chat_input_not_found) -
9/5_19:00_4e              34675651585          ENVIADO      recordatorio FALLIDO (chat_input_not_found) -
10/5_17:30_maf            34722714718          ENVIADO      recordatorio FALLIDO (chat_input_not_found) -
10/5_17:30_4e             34653197010          ENVIADO      recordatorio FALLIDO (chat_input_not_found) -

[2026-05-14 15:51:18] POSITIVO | Fotos nuevas: 0 | Envios OK: 0 | Envios FAIL: 0 | Reviews negativas: 0 | Fotos borradas: 0

=== SESIÓN 15:52-15:52 (14/05/2026) ===
RESERVA                   TELÉFONO             ESTADO       RESPUESTA                 REVIEW
-----------------------------------------------------------------------------------------------
9/5_14:30_maf             34665976040          ENVIADO      recordatorio FALLIDO (chat_input_not_found) -
9/5_19:00_maf/csi         34%C2%A0628%C2%A061%C2%A027%C2%A078%E2%80%AC ENVIADO      recordatorio FALLIDO (chat_input_not_found) -
9/5_20:30_4e              34747414084          ENVIADO      recordatorio FALLIDO (chat_input_not_found) -
9/5_19:00_4e              34675651585          ENVIADO      recordatorio FALLIDO (chat_input_not_found) -
10/5_17:30_maf            34722714718          ENVIADO      recordatorio FALLIDO (chat_input_not_found) -
10/5_17:30_4e             34653197010          ENVIADO      recordatorio FALLIDO (chat_input_not_found) -

[2026-05-14 15:52:34] POSITIVO | Fotos nuevas: 0 | Envios OK: 0 | Envios FAIL: 0 | Reviews negativas: 0 | Fotos borradas: 0

=== SESIÓN 15:53-15:53 (14/05/2026) ===
RESERVA                   TELÉFONO             ESTADO       RESPUESTA                 REVIEW
-----------------------------------------------------------------------------------------------
9/5_14:30_maf             34665976040          ENVIADO      recordatorio FALLIDO (chat_input_not_found) -
9/5_19:00_maf/csi         34%C2%A0628%C2%A061%C2%A027%C2%A078%E2%80%AC ENVIADO      recordatorio FALLIDO (chat_input_not_found) -
9/5_20:30_4e              34747414084          ENVIADO      recordatorio FALLIDO (chat_input_not_found) -
9/5_19:00_4e              34675651585          ENVIADO      recordatorio FALLIDO (chat_input_not_found) -
10/5_17:30_maf            34722714718          ENVIADO      recordatorio FALLIDO (chat_input_not_found) -
10/5_17:30_4e             34653197010          ENVIADO      recordatorio FALLIDO (chat_input_not_found) -

[2026-05-14 15:53:51] POSITIVO | Fotos nuevas: 0 | Envios OK: 0 | Envios FAIL: 0 | Reviews negativas: 0 | Fotos borradas: 0

=== SESIÓN 15:55-15:55 (14/05/2026) ===
RESERVA                   TELÉFONO             ESTADO       RESPUESTA                 REVIEW
-----------------------------------------------------------------------------------------------
9/5_14:30_maf             34665976040          ENVIADO      recordatorio FALLIDO (chat_input_not_found) -
9/5_19:00_maf/csi         34%C2%A0628%C2%A061%C2%A027%C2%A078%E2%80%AC ENVIADO      recordatorio FALLIDO (chat_input_not_found) -
9/5_20:30_4e              34747414084          ENVIADO      recordatorio FALLIDO (chat_input_not_found) -
9/5_19:00_4e              34675651585          ENVIADO      recordatorio FALLIDO (chat_input_not_found) -
10/5_17:30_maf            34722714718          ENVIADO      recordatorio FALLIDO (chat_input_not_found) -
10/5_17:30_4e             34653197010          ENVIADO      recordatorio FALLIDO (chat_input_not_found) -

[2026-05-14 15:55:09] POSITIVO | Fotos nuevas: 0 | Envios OK: 0 | Envios FAIL: 0 | Reviews negativas: 0 | Fotos borradas: 0

=== SESIÓN 15:56-15:56 (14/05/2026) ===
RESERVA                   TELÉFONO             ESTADO       RESPUESTA                 REVIEW
-----------------------------------------------------------------------------------------------
9/5_14:30_maf             34665976040          ENVIADO      recordatorio FALLIDO (chat_input_not_found) -
9/5_19:00_maf/csi         34%C2%A0628%C2%A061%C2%A027%C2%A078%E2%80%AC ENVIADO      recordatorio FALLIDO (chat_input_not_found) -
9/5_20:30_4e              34747414084          ENVIADO      recordatorio FALLIDO (chat_input_not_found) -
9/5_19:00_4e              34675651585          ENVIADO      recordatorio FALLIDO (chat_input_not_found) -
10/5_17:30_maf            34722714718          ENVIADO      recordatorio FALLIDO (chat_input_not_found) -
10/5_17:30_4e             34653197010          ENVIADO      recordatorio FALLIDO (chat_input_not_found) -

[2026-05-14 15:56:27] POSITIVO | Fotos nuevas: 0 | Envios OK: 0 | Envios FAIL: 0 | Reviews negativas: 0 | Fotos borradas: 0

=== SESIÓN 15:57-15:57 (14/05/2026) ===
RESERVA                   TELÉFONO             ESTADO       RESPUESTA                 REVIEW
-----------------------------------------------------------------------------------------------
9/5_14:30_maf             34665976040          ENVIADO      recordatorio FALLIDO (chat_input_not_found) -
9/5_19:00_maf/csi         34%C2%A0628%C2%A061%C2%A027%C2%A078%E2%80%AC ENVIADO      recordatorio FALLIDO (chat_input_not_found) -
9/5_20:30_4e              34747414084          ENVIADO      recordatorio FALLIDO (chat_input_not_found) -
9/5_19:00_4e              34675651585          ENVIADO      recordatorio FALLIDO (chat_input_not_found) -
10/5_17:30_maf            34722714718          ENVIADO      recordatorio FALLIDO (chat_input_not_found) -
10/5_17:30_4e             34653197010          ENVIADO      recordatorio FALLIDO (chat_input_not_found) -

[2026-05-14 15:57:43] POSITIVO | Fotos nuevas: 0 | Envios OK: 0 | Envios FAIL: 0 | Reviews negativas: 0 | Fotos borradas: 0

=== SESIÓN 15:58-15:59 (14/05/2026) ===
RESERVA                   TELÉFONO             ESTADO       RESPUESTA                 REVIEW
-----------------------------------------------------------------------------------------------
9/5_14:30_maf             34665976040          ENVIADO      recordatorio FALLIDO (chat_input_not_found) -
9/5_19:00_maf/csi         34%C2%A0628%C2%A061%C2%A027%C2%A078%E2%80%AC ENVIADO      recordatorio FALLIDO (chat_input_not_found) -
9/5_20:30_4e              34747414084          ENVIADO      recordatorio FALLIDO (chat_input_not_found) -
9/5_19:00_4e              34675651585          ENVIADO      recordatorio FALLIDO (chat_input_not_found) -
10/5_17:30_maf            34722714718          ENVIADO      recordatorio FALLIDO (chat_input_not_found) -
10/5_17:30_4e             34653197010          ENVIADO      recordatorio FALLIDO (chat_input_not_found) -

[2026-05-14 15:59:02] POSITIVO | Fotos nuevas: 0 | Envios OK: 0 | Envios FAIL: 0 | Reviews negativas: 0 | Fotos borradas: 0

=== SESIÓN 16:00-16:00 (14/05/2026) ===
RESERVA                   TELÉFONO             ESTADO       RESPUESTA                 REVIEW
-----------------------------------------------------------------------------------------------
9/5_14:30_maf             34665976040          ENVIADO      recordatorio FALLIDO (chat_input_not_found) -
9/5_19:00_maf/csi         34%C2%A0628%C2%A061%C2%A027%C2%A078%E2%80%AC ENVIADO      recordatorio FALLIDO (chat_input_not_found) -
9/5_20:30_4e              34747414084          ENVIADO      recordatorio FALLIDO (chat_input_not_found) -
9/5_19:00_4e              34675651585          ENVIADO      recordatorio FALLIDO (chat_input_not_found) -
10/5_17:30_maf            34722714718          ENVIADO      recordatorio FALLIDO (chat_input_not_found) -
10/5_17:30_4e             34653197010          ENVIADO      recordatorio FALLIDO (chat_input_not_found) -

[2026-05-14 16:00:18] POSITIVO | Fotos nuevas: 0 | Envios OK: 0 | Envios FAIL: 0 | Reviews negativas: 0 | Fotos borradas: 0

=== SESIÓN 16:01-16:01 (14/05/2026) ===
RESERVA                   TELÉFONO             ESTADO       RESPUESTA                 REVIEW
-----------------------------------------------------------------------------------------------
9/5_14:30_maf             34665976040          ENVIADO      recordatorio FALLIDO (chat_input_not_found) -
9/5_19:00_maf/csi         34%C2%A0628%C2%A061%C2%A027%C2%A078%E2%80%AC ENVIADO      recordatorio FALLIDO (chat_input_not_found) -
9/5_20:30_4e              34747414084          ENVIADO      recordatorio FALLIDO (chat_input_not_found) -
9/5_19:00_4e              34675651585          ENVIADO      recordatorio FALLIDO (chat_input_not_found) -
10/5_17:30_maf            34722714718          ENVIADO      recordatorio FALLIDO (chat_input_not_found) -
10/5_17:30_4e             34653197010          ENVIADO      recordatorio FALLIDO (chat_input_not_found) -

[2026-05-14 16:01:54] POSITIVO | Fotos nuevas: 0 | Envios OK: 0 | Envios FAIL: 0 | Reviews negativas: 0 | Fotos borradas: 0

=== SESIÓN 15:59-16:02 (14/05/2026) ===
RESERVA                   TELÉFONO             ESTADO       RESPUESTA                 REVIEW
-----------------------------------------------------------------------------------------------
9/5_14:30_maf             34665976040          ENVIADO      recordatorio FALLIDO (exception: HTTPConnectionPool(host='localhost', port=57620): Max retries exceeded with url: /session/b582e7a821455da342b865bdacec29eb/source (Caused by NewConnectionError("HTTPConnection(host='localhost', port=57620): Failed to establish a new connection: [WinError 10061] No connection could be made because the target machine actively refused it"))) -
9/5_19:00_maf/csi         34%C2%A0628%C2%A061%C2%A027%C2%A078%E2%80%AC ENVIADO      recordatorio FALLIDO (exception: HTTPConnectionPool(host='localhost', port=57620): Max retries exceeded with url: /session/b582e7a821455da342b865bdacec29eb/source (Caused by NewConnectionError("HTTPConnection(host='localhost', port=57620): Failed to establish a new connection: [WinError 10061] No connection could be made because the target machine actively refused it"))) -
9/5_20:30_4e              34747414084          ENVIADO      recordatorio FALLIDO (exception: HTTPConnectionPool(host='localhost', port=57620): Max retries exceeded with url: /session/b582e7a821455da342b865bdacec29eb/source (Caused by NewConnectionError("HTTPConnection(host='localhost', port=57620): Failed to establish a new connection: [WinError 10061] No connection could be made because the target machine actively refused it"))) -
9/5_19:00_4e              34675651585          ENVIADO      recordatorio FALLIDO (exception: HTTPConnectionPool(host='localhost', port=57620): Max retries exceeded with url: /session/b582e7a821455da342b865bdacec29eb/source (Caused by NewConnectionError("HTTPConnection(host='localhost', port=57620): Failed to establish a new connection: [WinError 10061] No connection could be made because the target machine actively refused it"))) -
10/5_17:30_maf            34722714718          ENVIADO      recordatorio FALLIDO (exception: HTTPConnectionPool(host='localhost', port=57620): Max retries exceeded with url: /session/b582e7a821455da342b865bdacec29eb/source (Caused by NewConnectionError("HTTPConnection(host='localhost', port=57620): Failed to establish a new connection: [WinError 10061] No connection could be made because the target machine actively refused it"))) -
10/5_17:30_4e             34653197010          ENVIADO      recordatorio FALLIDO (exception: HTTPConnectionPool(host='localhost', port=57620): Max retries exceeded with url: /session/b582e7a821455da342b865bdacec29eb/source (Caused by NewConnectionError("HTTPConnection(host='localhost', port=57620): Failed to establish a new connection: [WinError 10061] No connection could be made because the target machine actively refused it"))) -

[2026-05-14 16:02:06] POSITIVO | Fotos nuevas: 0 | Envios OK: 0 | Envios FAIL: 0 | Reviews negativas: 0 | Fotos borradas: 0

=== SESIÓN 16:04-16:04 (14/05/2026) ===
RESERVA                   TELÉFONO             ESTADO       RESPUESTA                 REVIEW
-----------------------------------------------------------------------------------------------
9/5_14:30_maf             34665976040          ENVIADO      recordatorio FALLIDO (chat_input_not_found) -
9/5_19:00_maf/csi         34%C2%A0628%C2%A061%C2%A027%C2%A078%E2%80%AC ENVIADO      recordatorio FALLIDO (chat_input_not_found) -
9/5_20:30_4e              34747414084          ENVIADO      recordatorio FALLIDO (chat_input_not_found) -
9/5_19:00_4e              34675651585          ENVIADO      recordatorio FALLIDO (chat_input_not_found) -
10/5_17:30_maf            34722714718          ENVIADO      recordatorio FALLIDO (chat_input_not_found) -
10/5_17:30_4e             34653197010          ENVIADO      recordatorio FALLIDO (chat_input_not_found) -

[2026-05-14 16:04:07] POSITIVO | Fotos nuevas: 0 | Envios OK: 0 | Envios FAIL: 0 | Reviews negativas: 0 | Fotos borradas: 0

=== SESIÓN 16:05-16:05 (14/05/2026) ===
RESERVA                   TELÉFONO             ESTADO       RESPUESTA                 REVIEW
-----------------------------------------------------------------------------------------------
9/5_14:30_maf             34665976040          ENVIADO      recordatorio FALLIDO (chat_input_not_found) -
9/5_19:00_maf/csi         34%C2%A0628%C2%A061%C2%A027%C2%A078%E2%80%AC ENVIADO      recordatorio FALLIDO (chat_input_not_found) -
9/5_20:30_4e              34747414084          ENVIADO      recordatorio FALLIDO (chat_input_not_found) -
9/5_19:00_4e              34675651585          ENVIADO      recordatorio FALLIDO (chat_input_not_found) -
10/5_17:30_maf            34722714718          ENVIADO      recordatorio FALLIDO (chat_input_not_found) -
10/5_17:30_4e             34653197010          ENVIADO      recordatorio FALLIDO (chat_input_not_found) -

[2026-05-14 16:05:27] POSITIVO | Fotos nuevas: 0 | Envios OK: 0 | Envios FAIL: 0 | Reviews negativas: 0 | Fotos borradas: 0

=== SESIÓN 16:06-16:06 (14/05/2026) ===
RESERVA                   TELÉFONO             ESTADO       RESPUESTA                 REVIEW
-----------------------------------------------------------------------------------------------
9/5_14:30_maf             34665976040          ENVIADO      recordatorio FALLIDO (chat_input_not_found) -
9/5_19:00_maf/csi         34%C2%A0628%C2%A061%C2%A027%C2%A078%E2%80%AC ENVIADO      recordatorio FALLIDO (chat_input_not_found) -
9/5_20:30_4e              34747414084          ENVIADO      recordatorio FALLIDO (chat_input_not_found) -
9/5_19:00_4e              34675651585          ENVIADO      recordatorio FALLIDO (chat_input_not_found) -
10/5_17:30_maf            34722714718          ENVIADO      recordatorio FALLIDO (chat_input_not_found) -
10/5_17:30_4e             34653197010          ENVIADO      recordatorio FALLIDO (chat_input_not_found) -

[2026-05-14 16:06:43] POSITIVO | Fotos nuevas: 0 | Envios OK: 0 | Envios FAIL: 0 | Reviews negativas: 0 | Fotos borradas: 0

=== SESIÓN 16:07-16:08 (14/05/2026) ===
RESERVA                   TELÉFONO             ESTADO       RESPUESTA                 REVIEW
-----------------------------------------------------------------------------------------------
9/5_14:30_maf             34665976040          ENVIADO      recordatorio FALLIDO (chat_input_not_found) -
9/5_19:00_maf/csi         34%C2%A0628%C2%A061%C2%A027%C2%A078%E2%80%AC ENVIADO      recordatorio FALLIDO (chat_input_not_found) -
9/5_20:30_4e              34747414084          ENVIADO      recordatorio FALLIDO (chat_input_not_found) -
9/5_19:00_4e              34675651585          ENVIADO      recordatorio FALLIDO (chat_input_not_found) -
10/5_17:30_maf            34722714718          ENVIADO      recordatorio FALLIDO (chat_input_not_found) -
10/5_17:30_4e             34653197010          ENVIADO      recordatorio FALLIDO (chat_input_not_found) -

[2026-05-14 16:08:00] POSITIVO | Fotos nuevas: 0 | Envios OK: 0 | Envios FAIL: 0 | Reviews negativas: 0 | Fotos borradas: 0

=== SESIÓN 16:09-16:09 (14/05/2026) ===
RESERVA                   TELÉFONO             ESTADO       RESPUESTA                 REVIEW
-----------------------------------------------------------------------------------------------
9/5_14:30_maf             34665976040          ENVIADO      recordatorio FALLIDO (chat_input_not_found) -
9/5_19:00_maf/csi         34%C2%A0628%C2%A061%C2%A027%C2%A078%E2%80%AC ENVIADO      recordatorio FALLIDO (chat_input_not_found) -
9/5_20:30_4e              34747414084          ENVIADO      recordatorio FALLIDO (chat_input_not_found) -
9/5_19:00_4e              34675651585          ENVIADO      recordatorio FALLIDO (chat_input_not_found) -
10/5_17:30_maf            34722714718          ENVIADO      recordatorio FALLIDO (chat_input_not_found) -
10/5_17:30_4e             34653197010          ENVIADO      recordatorio FALLIDO (chat_input_not_found) -

[2026-05-14 16:09:15] POSITIVO | Fotos nuevas: 0 | Envios OK: 0 | Envios FAIL: 0 | Reviews negativas: 0 | Fotos borradas: 0

=== SESIÓN 16:07-16:09 (14/05/2026) ===
RESERVA                   TELÉFONO             ESTADO       RESPUESTA                 REVIEW
-----------------------------------------------------------------------------------------------
9/5_14:30_maf             34665976040          ENVIADO      recordatorio FALLIDO (exception: HTTPConnectionPool(host='localhost', port=58671): Max retries exceeded with url: /session/20ec4ee85d7db570eac5dffaf5806e75/source (Caused by NewConnectionError("HTTPConnection(host='localhost', port=58671): Failed to establish a new connection: [WinError 10061] No connection could be made because the target machine actively refused it"))) -
9/5_19:00_maf/csi         34%C2%A0628%C2%A061%C2%A027%C2%A078%E2%80%AC ENVIADO      recordatorio FALLIDO (exception: HTTPConnectionPool(host='localhost', port=58671): Max retries exceeded with url: /session/20ec4ee85d7db570eac5dffaf5806e75/source (Caused by NewConnectionError("HTTPConnection(host='localhost', port=58671): Failed to establish a new connection: [WinError 10061] No connection could be made because the target machine actively refused it"))) -
9/5_20:30_4e              34747414084          ENVIADO      recordatorio FALLIDO (exception: HTTPConnectionPool(host='localhost', port=58671): Max retries exceeded with url: /session/20ec4ee85d7db570eac5dffaf5806e75/source (Caused by NewConnectionError("HTTPConnection(host='localhost', port=58671): Failed to establish a new connection: [WinError 10061] No connection could be made because the target machine actively refused it"))) -
9/5_19:00_4e              34675651585          ENVIADO      recordatorio FALLIDO (exception: HTTPConnectionPool(host='localhost', port=58671): Max retries exceeded with url: /session/20ec4ee85d7db570eac5dffaf5806e75/source (Caused by NewConnectionError("HTTPConnection(host='localhost', port=58671): Failed to establish a new connection: [WinError 10061] No connection could be made because the target machine actively refused it"))) -
10/5_17:30_maf            34722714718          ENVIADO      recordatorio FALLIDO (exception: HTTPConnectionPool(host='localhost', port=58671): Max retries exceeded with url: /session/20ec4ee85d7db570eac5dffaf5806e75/source (Caused by NewConnectionError("HTTPConnection(host='localhost', port=58671): Failed to establish a new connection: [WinError 10061] No connection could be made because the target machine actively refused it"))) -
10/5_17:30_4e             34653197010          ENVIADO      recordatorio FALLIDO (exception: HTTPConnectionPool(host='localhost', port=58671): Max retries exceeded with url: /session/20ec4ee85d7db570eac5dffaf5806e75/source (Caused by NewConnectionError("HTTPConnection(host='localhost', port=58671): Failed to establish a new connection: [WinError 10061] No connection could be made because the target machine actively refused it"))) -

[2026-05-14 16:09:55] POSITIVO | Fotos nuevas: 0 | Envios OK: 0 | Envios FAIL: 0 | Reviews negativas: 0 | Fotos borradas: 0

=== SESIÓN 16:11-16:11 (14/05/2026) ===
RESERVA                   TELÉFONO             ESTADO       RESPUESTA                 REVIEW
-----------------------------------------------------------------------------------------------
9/5_14:30_maf             34665976040          ENVIADO      recordatorio FALLIDO (chat_input_not_found) -
9/5_19:00_maf/csi         34%C2%A0628%C2%A061%C2%A027%C2%A078%E2%80%AC ENVIADO      recordatorio FALLIDO (chat_input_not_found) -
9/5_20:30_4e              34747414084          ENVIADO      recordatorio FALLIDO (chat_input_not_found) -
9/5_19:00_4e              34675651585          ENVIADO      recordatorio FALLIDO (chat_input_not_found) -
10/5_17:30_maf            34722714718          ENVIADO      recordatorio FALLIDO (chat_input_not_found) -
10/5_17:30_4e             34653197010          ENVIADO      recordatorio FALLIDO (chat_input_not_found) -

[2026-05-14 16:11:21] POSITIVO | Fotos nuevas: 0 | Envios OK: 0 | Envios FAIL: 0 | Reviews negativas: 0 | Fotos borradas: 0

=== SESIÓN 16:12-16:12 (14/05/2026) ===
RESERVA                   TELÉFONO             ESTADO       RESPUESTA                 REVIEW
-----------------------------------------------------------------------------------------------
9/5_14:30_maf             34665976040          ENVIADO      recordatorio FALLIDO (chat_input_not_found) -
9/5_19:00_maf/csi         34%C2%A0628%C2%A061%C2%A027%C2%A078%E2%80%AC ENVIADO      recordatorio FALLIDO (chat_input_not_found) -
9/5_20:30_4e              34747414084          ENVIADO      recordatorio FALLIDO (chat_input_not_found) -
9/5_19:00_4e              34675651585          ENVIADO      recordatorio FALLIDO (chat_input_not_found) -
10/5_17:30_maf            34722714718          ENVIADO      recordatorio FALLIDO (chat_input_not_found) -
10/5_17:30_4e             34653197010          ENVIADO      recordatorio FALLIDO (chat_input_not_found) -

[2026-05-14 16:12:39] POSITIVO | Fotos nuevas: 0 | Envios OK: 0 | Envios FAIL: 0 | Reviews negativas: 0 | Fotos borradas: 0

=== SESIÓN 16:13-16:13 (14/05/2026) ===
RESERVA                   TELÉFONO             ESTADO       RESPUESTA                 REVIEW
-----------------------------------------------------------------------------------------------
9/5_14:30_maf             34665976040          ENVIADO      recordatorio FALLIDO (chat_input_not_found) -
9/5_19:00_maf/csi         34%C2%A0628%C2%A061%C2%A027%C2%A078%E2%80%AC ENVIADO      recordatorio FALLIDO (chat_input_not_found) -
9/5_20:30_4e              34747414084          ENVIADO      recordatorio FALLIDO (chat_input_not_found) -
9/5_19:00_4e              34675651585          ENVIADO      recordatorio FALLIDO (chat_input_not_found) -
10/5_17:30_maf            34722714718          ENVIADO      recordatorio FALLIDO (chat_input_not_found) -
10/5_17:30_4e             34653197010          ENVIADO      recordatorio FALLIDO (chat_input_not_found) -

[2026-05-14 16:13:59] POSITIVO | Fotos nuevas: 0 | Envios OK: 0 | Envios FAIL: 0 | Reviews negativas: 0 | Fotos borradas: 0

=== SESIÓN 16:15-16:15 (14/05/2026) ===
RESERVA                   TELÉFONO             ESTADO       RESPUESTA                 REVIEW
-----------------------------------------------------------------------------------------------
9/5_14:30_maf             34665976040          ENVIADO      recordatorio FALLIDO (chat_input_not_found) -
9/5_19:00_maf/csi         34%C2%A0628%C2%A061%C2%A027%C2%A078%E2%80%AC ENVIADO      recordatorio FALLIDO (chat_input_not_found) -
9/5_20:30_4e              34747414084          ENVIADO      recordatorio FALLIDO (chat_input_not_found) -
9/5_19:00_4e              34675651585          ENVIADO      recordatorio FALLIDO (chat_input_not_found) -
10/5_17:30_maf            34722714718          ENVIADO      recordatorio FALLIDO (chat_input_not_found) -
10/5_17:30_4e             34653197010          ENVIADO      recordatorio FALLIDO (chat_input_not_found) -

[2026-05-14 16:15:16] POSITIVO | Fotos nuevas: 0 | Envios OK: 0 | Envios FAIL: 0 | Reviews negativas: 0 | Fotos borradas: 0

=== SESIÓN 16:16-16:16 (14/05/2026) ===
RESERVA                   TELÉFONO             ESTADO       RESPUESTA                 REVIEW
-----------------------------------------------------------------------------------------------
9/5_14:30_maf             34665976040          ENVIADO      recordatorio FALLIDO (chat_input_not_found) -
9/5_19:00_maf/csi         34%C2%A0628%C2%A061%C2%A027%C2%A078%E2%80%AC ENVIADO      recordatorio FALLIDO (chat_input_not_found) -
9/5_20:30_4e              34747414084          ENVIADO      recordatorio FALLIDO (chat_input_not_found) -
9/5_19:00_4e              34675651585          ENVIADO      recordatorio FALLIDO (chat_input_not_found) -
10/5_17:30_maf            34722714718          ENVIADO      recordatorio FALLIDO (chat_input_not_found) -
10/5_17:30_4e             34653197010          ENVIADO      recordatorio FALLIDO (chat_input_not_found) -

[2026-05-14 16:16:37] POSITIVO | Fotos nuevas: 0 | Envios OK: 0 | Envios FAIL: 0 | Reviews negativas: 0 | Fotos borradas: 0

=== SESIÓN 16:17-16:17 (14/05/2026) ===
RESERVA                   TELÉFONO             ESTADO       RESPUESTA                 REVIEW
-----------------------------------------------------------------------------------------------
9/5_14:30_maf             34665976040          ENVIADO      recordatorio FALLIDO (chat_input_not_found) -
9/5_19:00_maf/csi         34%C2%A0628%C2%A061%C2%A027%C2%A078%E2%80%AC ENVIADO      recordatorio FALLIDO (chat_input_not_found) -
9/5_20:30_4e              34747414084          ENVIADO      recordatorio FALLIDO (chat_input_not_found) -
9/5_19:00_4e              34675651585          ENVIADO      recordatorio FALLIDO (chat_input_not_found) -
10/5_17:30_maf            34722714718          ENVIADO      recordatorio FALLIDO (chat_input_not_found) -
10/5_17:30_4e             34653197010          ENVIADO      recordatorio FALLIDO (chat_input_not_found) -

[2026-05-14 16:17:53] POSITIVO | Fotos nuevas: 0 | Envios OK: 0 | Envios FAIL: 0 | Reviews negativas: 0 | Fotos borradas: 0

=== SESIÓN 16:19-16:19 (14/05/2026) ===
RESERVA                   TELÉFONO             ESTADO       RESPUESTA                 REVIEW
-----------------------------------------------------------------------------------------------
9/5_14:30_maf             34665976040          ENVIADO      recordatorio FALLIDO (chat_input_not_found) -
9/5_19:00_maf/csi         34%C2%A0628%C2%A061%C2%A027%C2%A078%E2%80%AC ENVIADO      recordatorio FALLIDO (chat_input_not_found) -
9/5_20:30_4e              34747414084          ENVIADO      recordatorio FALLIDO (chat_input_not_found) -
9/5_19:00_4e              34675651585          ENVIADO      recordatorio FALLIDO (chat_input_not_found) -
10/5_17:30_maf            34722714718          ENVIADO      recordatorio FALLIDO (chat_input_not_found) -
10/5_17:30_4e             34653197010          ENVIADO      recordatorio FALLIDO (chat_input_not_found) -

[2026-05-14 16:19:12] POSITIVO | Fotos nuevas: 0 | Envios OK: 0 | Envios FAIL: 0 | Reviews negativas: 0 | Fotos borradas: 0

=== SESIÓN 16:20-16:20 (14/05/2026) ===
RESERVA                   TELÉFONO             ESTADO       RESPUESTA                 REVIEW
-----------------------------------------------------------------------------------------------
9/5_14:30_maf             34665976040          ENVIADO      recordatorio FALLIDO (chat_input_not_found) -
9/5_19:00_maf/csi         34%C2%A0628%C2%A061%C2%A027%C2%A078%E2%80%AC ENVIADO      recordatorio FALLIDO (chat_input_not_found) -
9/5_20:30_4e              34747414084          ENVIADO      recordatorio FALLIDO (chat_input_not_found) -
9/5_19:00_4e              34675651585          ENVIADO      recordatorio FALLIDO (chat_input_not_found) -
10/5_17:30_maf            34722714718          ENVIADO      recordatorio FALLIDO (chat_input_not_found) -
10/5_17:30_4e             34653197010          ENVIADO      recordatorio FALLIDO (chat_input_not_found) -

[2026-05-14 16:20:46] POSITIVO | Fotos nuevas: 0 | Envios OK: 0 | Envios FAIL: 0 | Reviews negativas: 0 | Fotos borradas: 0

=== SESIÓN 16:21-16:22 (14/05/2026) ===
RESERVA                   TELÉFONO             ESTADO       RESPUESTA                 REVIEW
-----------------------------------------------------------------------------------------------
9/5_14:30_maf             34665976040          ENVIADO      recordatorio FALLIDO (chat_input_not_found) -
9/5_19:00_maf/csi         34%C2%A0628%C2%A061%C2%A027%C2%A078%E2%80%AC ENVIADO      recordatorio FALLIDO (chat_input_not_found) -
9/5_20:30_4e              34747414084          ENVIADO      recordatorio FALLIDO (chat_input_not_found) -
9/5_19:00_4e              34675651585          ENVIADO      recordatorio FALLIDO (chat_input_not_found) -
10/5_17:30_maf            34722714718          ENVIADO      recordatorio FALLIDO (chat_input_not_found) -
10/5_17:30_4e             34653197010          ENVIADO      recordatorio FALLIDO (chat_input_not_found) -

[2026-05-14 16:22:06] POSITIVO | Fotos nuevas: 0 | Envios OK: 0 | Envios FAIL: 0 | Reviews negativas: 0 | Fotos borradas: 0

=== SESIÓN 16:19-16:22 (14/05/2026) ===
RESERVA                   TELÉFONO             ESTADO       RESPUESTA                 REVIEW
-----------------------------------------------------------------------------------------------
9/5_14:30_maf             34665976040          ENVIADO      recordatorio FALLIDO (exception: HTTPConnectionPool(host='localhost', port=59587): Max retries exceeded with url: /session/d9c282f4d87a1591cf550aec9697973b/source (Caused by NewConnectionError("HTTPConnection(host='localhost', port=59587): Failed to establish a new connection: [WinError 10061] No connection could be made because the target machine actively refused it"))) -
9/5_19:00_maf/csi         34%C2%A0628%C2%A061%C2%A027%C2%A078%E2%80%AC ENVIADO      recordatorio FALLIDO (exception: HTTPConnectionPool(host='localhost', port=59587): Max retries exceeded with url: /session/d9c282f4d87a1591cf550aec9697973b/source (Caused by NewConnectionError("HTTPConnection(host='localhost', port=59587): Failed to establish a new connection: [WinError 10061] No connection could be made because the target machine actively refused it"))) -
9/5_20:30_4e              34747414084          ENVIADO      recordatorio FALLIDO (exception: HTTPConnectionPool(host='localhost', port=59587): Max retries exceeded with url: /session/d9c282f4d87a1591cf550aec9697973b/source (Caused by NewConnectionError("HTTPConnection(host='localhost', port=59587): Failed to establish a new connection: [WinError 10061] No connection could be made because the target machine actively refused it"))) -
9/5_19:00_4e              34675651585          ENVIADO      recordatorio FALLIDO (exception: HTTPConnectionPool(host='localhost', port=59587): Max retries exceeded with url: /session/d9c282f4d87a1591cf550aec9697973b/source (Caused by NewConnectionError("HTTPConnection(host='localhost', port=59587): Failed to establish a new connection: [WinError 10061] No connection could be made because the target machine actively refused it"))) -
10/5_17:30_maf            34722714718          ENVIADO      recordatorio FALLIDO (exception: HTTPConnectionPool(host='localhost', port=59587): Max retries exceeded with url: /session/d9c282f4d87a1591cf550aec9697973b/source (Caused by NewConnectionError("HTTPConnection(host='localhost', port=59587): Failed to establish a new connection: [WinError 10061] No connection could be made because the target machine actively refused it"))) -
10/5_17:30_4e             34653197010          ENVIADO      recordatorio FALLIDO (exception: HTTPConnectionPool(host='localhost', port=59587): Max retries exceeded with url: /session/d9c282f4d87a1591cf550aec9697973b/source (Caused by NewConnectionError("HTTPConnection(host='localhost', port=59587): Failed to establish a new connection: [WinError 10061] No connection could be made because the target machine actively refused it"))) -

[2026-05-14 16:22:12] POSITIVO | Fotos nuevas: 0 | Envios OK: 0 | Envios FAIL: 0 | Reviews negativas: 0 | Fotos borradas: 0

=== SESIÓN 16:24-16:24 (14/05/2026) ===
RESERVA                   TELÉFONO             ESTADO       RESPUESTA                 REVIEW
-----------------------------------------------------------------------------------------------
9/5_14:30_maf             34665976040          ENVIADO      recordatorio FALLIDO (chat_input_not_found) -
9/5_19:00_maf/csi         34%C2%A0628%C2%A061%C2%A027%C2%A078%E2%80%AC ENVIADO      recordatorio FALLIDO (chat_input_not_found) -
9/5_20:30_4e              34747414084          ENVIADO      recordatorio FALLIDO (chat_input_not_found) -
9/5_19:00_4e              34675651585          ENVIADO      recordatorio FALLIDO (chat_input_not_found) -
10/5_17:30_maf            34722714718          ENVIADO      recordatorio FALLIDO (chat_input_not_found) -
10/5_17:30_4e             34653197010          ENVIADO      recordatorio FALLIDO (chat_input_not_found) -

[2026-05-14 16:24:12] POSITIVO | Fotos nuevas: 0 | Envios OK: 0 | Envios FAIL: 0 | Reviews negativas: 0 | Fotos borradas: 0

=== SESIÓN 16:25-16:25 (14/05/2026) ===
RESERVA                   TELÉFONO             ESTADO       RESPUESTA                 REVIEW
-----------------------------------------------------------------------------------------------
9/5_14:30_maf             34665976040          ENVIADO      recordatorio FALLIDO (chat_input_not_found) -
9/5_19:00_maf/csi         34%C2%A0628%C2%A061%C2%A027%C2%A078%E2%80%AC ENVIADO      recordatorio FALLIDO (chat_input_not_found) -
9/5_20:30_4e              34747414084          ENVIADO      recordatorio FALLIDO (chat_input_not_found) -
9/5_19:00_4e              34675651585          ENVIADO      recordatorio FALLIDO (chat_input_not_found) -
10/5_17:30_maf            34722714718          ENVIADO      recordatorio FALLIDO (chat_input_not_found) -
10/5_17:30_4e             34653197010          ENVIADO      recordatorio FALLIDO (chat_input_not_found) -

[2026-05-14 16:25:31] POSITIVO | Fotos nuevas: 0 | Envios OK: 0 | Envios FAIL: 0 | Reviews negativas: 0 | Fotos borradas: 0

=== SESIÓN 16:26-16:26 (14/05/2026) ===
RESERVA                   TELÉFONO             ESTADO       RESPUESTA                 REVIEW
-----------------------------------------------------------------------------------------------
9/5_14:30_maf             34665976040          ENVIADO      recordatorio FALLIDO (chat_input_not_found) -
9/5_19:00_maf/csi         34%C2%A0628%C2%A061%C2%A027%C2%A078%E2%80%AC ENVIADO      recordatorio FALLIDO (chat_input_not_found) -
9/5_20:30_4e              34747414084          ENVIADO      recordatorio FALLIDO (chat_input_not_found) -
9/5_19:00_4e              34675651585          ENVIADO      recordatorio FALLIDO (chat_input_not_found) -
10/5_17:30_maf            34722714718          ENVIADO      recordatorio FALLIDO (chat_input_not_found) -
10/5_17:30_4e             34653197010          ENVIADO      recordatorio FALLIDO (chat_input_not_found) -

[2026-05-14 16:26:51] POSITIVO | Fotos nuevas: 0 | Envios OK: 0 | Envios FAIL: 0 | Reviews negativas: 0 | Fotos borradas: 0

=== SESIÓN 16:28-16:28 (14/05/2026) ===
RESERVA                   TELÉFONO             ESTADO       RESPUESTA                 REVIEW
-----------------------------------------------------------------------------------------------
9/5_14:30_maf             34665976040          ENVIADO      recordatorio FALLIDO (chat_input_not_found) -
9/5_19:00_maf/csi         34%C2%A0628%C2%A061%C2%A027%C2%A078%E2%80%AC ENVIADO      recordatorio FALLIDO (chat_input_not_found) -
9/5_20:30_4e              34747414084          ENVIADO      recordatorio FALLIDO (chat_input_not_found) -
9/5_19:00_4e              34675651585          ENVIADO      recordatorio FALLIDO (chat_input_not_found) -
10/5_17:30_maf            34722714718          ENVIADO      recordatorio FALLIDO (chat_input_not_found) -
10/5_17:30_4e             34653197010          ENVIADO      recordatorio FALLIDO (chat_input_not_found) -

[2026-05-14 16:28:06] POSITIVO | Fotos nuevas: 0 | Envios OK: 0 | Envios FAIL: 0 | Reviews negativas: 0 | Fotos borradas: 0

=== SESIÓN 16:29-16:29 (14/05/2026) ===
RESERVA                   TELÉFONO             ESTADO       RESPUESTA                 REVIEW
-----------------------------------------------------------------------------------------------
9/5_14:30_maf             34665976040          ENVIADO      recordatorio FALLIDO (chat_input_not_found) -
9/5_19:00_maf/csi         34%C2%A0628%C2%A061%C2%A027%C2%A078%E2%80%AC ENVIADO      recordatorio FALLIDO (chat_input_not_found) -
9/5_20:30_4e              34747414084          ENVIADO      recordatorio FALLIDO (chat_input_not_found) -
9/5_19:00_4e              34675651585          ENVIADO      recordatorio FALLIDO (chat_input_not_found) -
10/5_17:30_maf            34722714718          ENVIADO      recordatorio FALLIDO (chat_input_not_found) -
10/5_17:30_4e             34653197010          ENVIADO      recordatorio FALLIDO (chat_input_not_found) -

[2026-05-14 16:29:27] POSITIVO | Fotos nuevas: 0 | Envios OK: 0 | Envios FAIL: 0 | Reviews negativas: 0 | Fotos borradas: 0

=== SESIÓN 16:30-16:30 (14/05/2026) ===
RESERVA                   TELÉFONO             ESTADO       RESPUESTA                 REVIEW
-----------------------------------------------------------------------------------------------
9/5_14:30_maf             34665976040          ENVIADO      recordatorio FALLIDO (chat_input_not_found) -
9/5_19:00_maf/csi         34%C2%A0628%C2%A061%C2%A027%C2%A078%E2%80%AC ENVIADO      recordatorio FALLIDO (chat_input_not_found) -
9/5_20:30_4e              34747414084          ENVIADO      recordatorio FALLIDO (chat_input_not_found) -
9/5_19:00_4e              34675651585          ENVIADO      recordatorio FALLIDO (chat_input_not_found) -
10/5_17:30_maf            34722714718          ENVIADO      recordatorio FALLIDO (chat_input_not_found) -
10/5_17:30_4e             34653197010          ENVIADO      recordatorio FALLIDO (chat_input_not_found) -

[2026-05-14 16:30:49] POSITIVO | Fotos nuevas: 0 | Envios OK: 0 | Envios FAIL: 0 | Reviews negativas: 0 | Fotos borradas: 0

=== SESIÓN 16:31-16:32 (14/05/2026) ===
RESERVA                   TELÉFONO             ESTADO       RESPUESTA                 REVIEW
-----------------------------------------------------------------------------------------------
9/5_14:30_maf             34665976040          ENVIADO      recordatorio FALLIDO (chat_input_not_found) -
9/5_19:00_maf/csi         34%C2%A0628%C2%A061%C2%A027%C2%A078%E2%80%AC ENVIADO      recordatorio FALLIDO (chat_input_not_found) -
9/5_20:30_4e              34747414084          ENVIADO      recordatorio FALLIDO (chat_input_not_found) -
9/5_19:00_4e              34675651585          ENVIADO      recordatorio FALLIDO (chat_input_not_found) -
10/5_17:30_maf            34722714718          ENVIADO      recordatorio FALLIDO (chat_input_not_found) -
10/5_17:30_4e             34653197010          ENVIADO      recordatorio FALLIDO (chat_input_not_found) -

[2026-05-14 16:32:06] POSITIVO | Fotos nuevas: 0 | Envios OK: 0 | Envios FAIL: 0 | Reviews negativas: 0 | Fotos borradas: 0

=== SESIÓN 16:30-16:32 (14/05/2026) ===
RESERVA                   TELÉFONO             ESTADO       RESPUESTA                 REVIEW
-----------------------------------------------------------------------------------------------
9/5_14:30_maf             34665976040          ENVIADO      recordatorio FALLIDO (exception: HTTPConnectionPool(host='localhost', port=60592): Max retries exceeded with url: /session/c44eda60be3161b2ebb3645a4f61542b/source (Caused by NewConnectionError("HTTPConnection(host='localhost', port=60592): Failed to establish a new connection: [WinError 10061] No connection could be made because the target machine actively refused it"))) -
9/5_19:00_maf/csi         34%C2%A0628%C2%A061%C2%A027%C2%A078%E2%80%AC ENVIADO      recordatorio FALLIDO (exception: HTTPConnectionPool(host='localhost', port=60592): Max retries exceeded with url: /session/c44eda60be3161b2ebb3645a4f61542b/source (Caused by NewConnectionError("HTTPConnection(host='localhost', port=60592): Failed to establish a new connection: [WinError 10061] No connection could be made because the target machine actively refused it"))) -
9/5_20:30_4e              34747414084          ENVIADO      recordatorio FALLIDO (exception: HTTPConnectionPool(host='localhost', port=60592): Max retries exceeded with url: /session/c44eda60be3161b2ebb3645a4f61542b/source (Caused by NewConnectionError("HTTPConnection(host='localhost', port=60592): Failed to establish a new connection: [WinError 10061] No connection could be made because the target machine actively refused it"))) -
9/5_19:00_4e              34675651585          ENVIADO      recordatorio FALLIDO (exception: HTTPConnectionPool(host='localhost', port=60592): Max retries exceeded with url: /session/c44eda60be3161b2ebb3645a4f61542b/source (Caused by NewConnectionError("HTTPConnection(host='localhost', port=60592): Failed to establish a new connection: [WinError 10061] No connection could be made because the target machine actively refused it"))) -
10/5_17:30_maf            34722714718          ENVIADO      recordatorio FALLIDO (exception: HTTPConnectionPool(host='localhost', port=60592): Max retries exceeded with url: /session/c44eda60be3161b2ebb3645a4f61542b/source (Caused by NewConnectionError("HTTPConnection(host='localhost', port=60592): Failed to establish a new connection: [WinError 10061] No connection could be made because the target machine actively refused it"))) -
10/5_17:30_4e             34653197010          ENVIADO      recordatorio FALLIDO (exception: HTTPConnectionPool(host='localhost', port=60592): Max retries exceeded with url: /session/c44eda60be3161b2ebb3645a4f61542b/source (Caused by NewConnectionError("HTTPConnection(host='localhost', port=60592): Failed to establish a new connection: [WinError 10061] No connection could be made because the target machine actively refused it"))) -

[2026-05-14 16:32:51] POSITIVO | Fotos nuevas: 0 | Envios OK: 0 | Envios FAIL: 0 | Reviews negativas: 0 | Fotos borradas: 0

=== SESIÓN 16:34-16:34 (14/05/2026) ===
RESERVA                   TELÉFONO             ESTADO       RESPUESTA                 REVIEW
-----------------------------------------------------------------------------------------------
9/5_14:30_maf             34665976040          ENVIADO      recordatorio FALLIDO (chat_input_not_found) -
9/5_19:00_maf/csi         34%C2%A0628%C2%A061%C2%A027%C2%A078%E2%80%AC ENVIADO      recordatorio FALLIDO (chat_input_not_found) -
9/5_20:30_4e              34747414084          ENVIADO      recordatorio FALLIDO (chat_input_not_found) -
9/5_19:00_4e              34675651585          ENVIADO      recordatorio FALLIDO (chat_input_not_found) -
10/5_17:30_maf            34722714718          ENVIADO      recordatorio FALLIDO (chat_input_not_found) -
10/5_17:30_4e             34653197010          ENVIADO      recordatorio FALLIDO (chat_input_not_found) -

[2026-05-14 16:34:13] POSITIVO | Fotos nuevas: 0 | Envios OK: 0 | Envios FAIL: 0 | Reviews negativas: 0 | Fotos borradas: 0

=== SESIÓN 16:35-16:35 (14/05/2026) ===
RESERVA                   TELÉFONO             ESTADO       RESPUESTA                 REVIEW
-----------------------------------------------------------------------------------------------
9/5_14:30_maf             34665976040          ENVIADO      recordatorio FALLIDO (chat_input_not_found) -
9/5_19:00_maf/csi         34%C2%A0628%C2%A061%C2%A027%C2%A078%E2%80%AC ENVIADO      recordatorio FALLIDO (chat_input_not_found) -
9/5_20:30_4e              34747414084          ENVIADO      recordatorio FALLIDO (chat_input_not_found) -
9/5_19:00_4e              34675651585          ENVIADO      recordatorio FALLIDO (chat_input_not_found) -
10/5_17:30_maf            34722714718          ENVIADO      recordatorio FALLIDO (chat_input_not_found) -
10/5_17:30_4e             34653197010          ENVIADO      recordatorio FALLIDO (chat_input_not_found) -

[2026-05-14 16:35:34] POSITIVO | Fotos nuevas: 0 | Envios OK: 0 | Envios FAIL: 0 | Reviews negativas: 0 | Fotos borradas: 0

=== SESIÓN 16:36-16:36 (14/05/2026) ===
RESERVA                   TELÉFONO             ESTADO       RESPUESTA                 REVIEW
-----------------------------------------------------------------------------------------------
9/5_14:30_maf             34665976040          ENVIADO      recordatorio FALLIDO (chat_input_not_found) -
9/5_19:00_maf/csi         34%C2%A0628%C2%A061%C2%A027%C2%A078%E2%80%AC ENVIADO      recordatorio FALLIDO (chat_input_not_found) -
9/5_20:30_4e              34747414084          ENVIADO      recordatorio FALLIDO (chat_input_not_found) -
9/5_19:00_4e              34675651585          ENVIADO      recordatorio FALLIDO (chat_input_not_found) -
10/5_17:30_maf            34722714718          ENVIADO      recordatorio FALLIDO (chat_input_not_found) -
10/5_17:30_4e             34653197010          ENVIADO      recordatorio FALLIDO (chat_input_not_found) -

[2026-05-14 16:36:51] POSITIVO | Fotos nuevas: 0 | Envios OK: 0 | Envios FAIL: 0 | Reviews negativas: 0 | Fotos borradas: 0

=== SESIÓN 16:38-16:38 (14/05/2026) ===
RESERVA                   TELÉFONO             ESTADO       RESPUESTA                 REVIEW
-----------------------------------------------------------------------------------------------
9/5_14:30_maf             34665976040          ENVIADO      recordatorio FALLIDO (chat_input_not_found) -
9/5_19:00_maf/csi         34%C2%A0628%C2%A061%C2%A027%C2%A078%E2%80%AC ENVIADO      recordatorio FALLIDO (chat_input_not_found) -
9/5_20:30_4e              34747414084          ENVIADO      recordatorio FALLIDO (chat_input_not_found) -
9/5_19:00_4e              34675651585          ENVIADO      recordatorio FALLIDO (chat_input_not_found) -
10/5_17:30_maf            34722714718          ENVIADO      recordatorio FALLIDO (chat_input_not_found) -
10/5_17:30_4e             34653197010          ENVIADO      recordatorio FALLIDO (chat_input_not_found) -

[2026-05-14 16:38:10] POSITIVO | Fotos nuevas: 0 | Envios OK: 0 | Envios FAIL: 0 | Reviews negativas: 0 | Fotos borradas: 0

=== SESIÓN 16:39-16:39 (14/05/2026) ===
RESERVA                   TELÉFONO             ESTADO       RESPUESTA                 REVIEW
-----------------------------------------------------------------------------------------------
9/5_14:30_maf             34665976040          ENVIADO      recordatorio FALLIDO (chat_input_not_found) -
9/5_19:00_maf/csi         34%C2%A0628%C2%A061%C2%A027%C2%A078%E2%80%AC ENVIADO      recordatorio FALLIDO (chat_input_not_found) -
9/5_20:30_4e              34747414084          ENVIADO      recordatorio FALLIDO (chat_input_not_found) -
9/5_19:00_4e              34675651585          ENVIADO      recordatorio FALLIDO (chat_input_not_found) -
10/5_17:30_maf            34722714718          ENVIADO      recordatorio FALLIDO (chat_input_not_found) -
10/5_17:30_4e             34653197010          ENVIADO      recordatorio FALLIDO (chat_input_not_found) -

[2026-05-14 16:39:27] POSITIVO | Fotos nuevas: 0 | Envios OK: 0 | Envios FAIL: 0 | Reviews negativas: 0 | Fotos borradas: 0

=== SESIÓN 16:40-16:40 (14/05/2026) ===
RESERVA                   TELÉFONO             ESTADO       RESPUESTA                 REVIEW
-----------------------------------------------------------------------------------------------
9/5_14:30_maf             34665976040          ENVIADO      recordatorio FALLIDO (chat_input_not_found) -
9/5_19:00_maf/csi         34%C2%A0628%C2%A061%C2%A027%C2%A078%E2%80%AC ENVIADO      recordatorio FALLIDO (chat_input_not_found) -
9/5_20:30_4e              34747414084          ENVIADO      recordatorio FALLIDO (chat_input_not_found) -
9/5_19:00_4e              34675651585          ENVIADO      recordatorio FALLIDO (chat_input_not_found) -
10/5_17:30_maf            34722714718          ENVIADO      recordatorio FALLIDO (chat_input_not_found) -
10/5_17:30_4e             34653197010          ENVIADO      recordatorio FALLIDO (chat_input_not_found) -

[2026-05-14 16:40:44] POSITIVO | Fotos nuevas: 0 | Envios OK: 0 | Envios FAIL: 0 | Reviews negativas: 0 | Fotos borradas: 0

=== SESIÓN 16:41-16:41 (14/05/2026) ===
RESERVA                   TELÉFONO             ESTADO       RESPUESTA                 REVIEW
-----------------------------------------------------------------------------------------------
9/5_14:30_maf             34665976040          ENVIADO      recordatorio FALLIDO (chat_input_not_found) -
9/5_19:00_maf/csi         34%C2%A0628%C2%A061%C2%A027%C2%A078%E2%80%AC ENVIADO      recordatorio FALLIDO (chat_input_not_found) -
9/5_20:30_4e              34747414084          ENVIADO      recordatorio FALLIDO (chat_input_not_found) -
9/5_19:00_4e              34675651585          ENVIADO      recordatorio FALLIDO (chat_input_not_found) -
10/5_17:30_maf            34722714718          ENVIADO      recordatorio FALLIDO (chat_input_not_found) -
10/5_17:30_4e             34653197010          ENVIADO      recordatorio FALLIDO (chat_input_not_found) -

[2026-05-14 16:41:59] POSITIVO | Fotos nuevas: 0 | Envios OK: 0 | Envios FAIL: 0 | Reviews negativas: 0 | Fotos borradas: 0

=== SESIÓN 16:39-16:42 (14/05/2026) ===
RESERVA                   TELÉFONO             ESTADO       RESPUESTA                 REVIEW
-----------------------------------------------------------------------------------------------
9/5_14:30_maf             34665976040          ENVIADO      recordatorio FALLIDO (exception: HTTPConnectionPool(host='localhost', port=61825): Max retries exceeded with url: /session/a65d55fdff89550779244d5f965d3c4f/source (Caused by NewConnectionError("HTTPConnection(host='localhost', port=61825): Failed to establish a new connection: [WinError 10061] No connection could be made because the target machine actively refused it"))) -
9/5_19:00_maf/csi         34%C2%A0628%C2%A061%C2%A027%C2%A078%E2%80%AC ENVIADO      recordatorio FALLIDO (exception: HTTPConnectionPool(host='localhost', port=61825): Max retries exceeded with url: /session/a65d55fdff89550779244d5f965d3c4f/source (Caused by NewConnectionError("HTTPConnection(host='localhost', port=61825): Failed to establish a new connection: [WinError 10061] No connection could be made because the target machine actively refused it"))) -
9/5_20:30_4e              34747414084          ENVIADO      recordatorio FALLIDO (exception: HTTPConnectionPool(host='localhost', port=61825): Max retries exceeded with url: /session/a65d55fdff89550779244d5f965d3c4f/source (Caused by NewConnectionError("HTTPConnection(host='localhost', port=61825): Failed to establish a new connection: [WinError 10061] No connection could be made because the target machine actively refused it"))) -
9/5_19:00_4e              34675651585          ENVIADO      recordatorio FALLIDO (exception: HTTPConnectionPool(host='localhost', port=61825): Max retries exceeded with url: /session/a65d55fdff89550779244d5f965d3c4f/source (Caused by NewConnectionError("HTTPConnection(host='localhost', port=61825): Failed to establish a new connection: [WinError 10061] No connection could be made because the target machine actively refused it"))) -
10/5_17:30_maf            34722714718          ENVIADO      recordatorio FALLIDO (exception: HTTPConnectionPool(host='localhost', port=61825): Max retries exceeded with url: /session/a65d55fdff89550779244d5f965d3c4f/source (Caused by NewConnectionError("HTTPConnection(host='localhost', port=61825): Failed to establish a new connection: [WinError 10061] No connection could be made because the target machine actively refused it"))) -
10/5_17:30_4e             34653197010          ENVIADO      recordatorio FALLIDO (exception: HTTPConnectionPool(host='localhost', port=61825): Max retries exceeded with url: /session/a65d55fdff89550779244d5f965d3c4f/source (Caused by NewConnectionError("HTTPConnection(host='localhost', port=61825): Failed to establish a new connection: [WinError 10061] No connection could be made because the target machine actively refused it"))) -

[2026-05-14 16:42:00] POSITIVO | Fotos nuevas: 0 | Envios OK: 0 | Envios FAIL: 0 | Reviews negativas: 0 | Fotos borradas: 0

=== SESIÓN 16:43-16:44 (14/05/2026) ===
RESERVA                   TELÉFONO             ESTADO       RESPUESTA                 REVIEW
-----------------------------------------------------------------------------------------------
9/5_14:30_maf             34665976040          ENVIADO      recordatorio FALLIDO (chat_input_not_found) -
9/5_19:00_maf/csi         34%C2%A0628%C2%A061%C2%A027%C2%A078%E2%80%AC ENVIADO      recordatorio FALLIDO (chat_input_not_found) -
9/5_20:30_4e              34747414084          ENVIADO      recordatorio FALLIDO (chat_input_not_found) -
9/5_19:00_4e              34675651585          ENVIADO      recordatorio FALLIDO (chat_input_not_found) -
10/5_17:30_maf            34722714718          ENVIADO      recordatorio FALLIDO (chat_input_not_found) -
10/5_17:30_4e             34653197010          ENVIADO      recordatorio FALLIDO (chat_input_not_found) -

[2026-05-14 16:44:03] POSITIVO | Fotos nuevas: 0 | Envios OK: 0 | Envios FAIL: 0 | Reviews negativas: 0 | Fotos borradas: 0

=== SESIÓN 16:45-16:45 (14/05/2026) ===
RESERVA                   TELÉFONO             ESTADO       RESPUESTA                 REVIEW
-----------------------------------------------------------------------------------------------
9/5_14:30_maf             34665976040          ENVIADO      recordatorio FALLIDO (chat_input_not_found) -
9/5_19:00_maf/csi         34%C2%A0628%C2%A061%C2%A027%C2%A078%E2%80%AC ENVIADO      recordatorio FALLIDO (chat_input_not_found) -
9/5_20:30_4e              34747414084          ENVIADO      recordatorio FALLIDO (chat_input_not_found) -
9/5_19:00_4e              34675651585          ENVIADO      recordatorio FALLIDO (chat_input_not_found) -
10/5_17:30_maf            34722714718          ENVIADO      recordatorio FALLIDO (chat_input_not_found) -
10/5_17:30_4e             34653197010          ENVIADO      recordatorio FALLIDO (chat_input_not_found) -

[2026-05-14 16:45:21] POSITIVO | Fotos nuevas: 0 | Envios OK: 0 | Envios FAIL: 0 | Reviews negativas: 0 | Fotos borradas: 0

=== SESIÓN 16:46-16:46 (14/05/2026) ===
RESERVA                   TELÉFONO             ESTADO       RESPUESTA                 REVIEW
-----------------------------------------------------------------------------------------------
9/5_14:30_maf             34665976040          ENVIADO      recordatorio FALLIDO (chat_input_not_found) -
9/5_19:00_maf/csi         34%C2%A0628%C2%A061%C2%A027%C2%A078%E2%80%AC ENVIADO      recordatorio FALLIDO (chat_input_not_found) -
9/5_20:30_4e              34747414084          ENVIADO      recordatorio FALLIDO (chat_input_not_found) -
9/5_19:00_4e              34675651585          ENVIADO      recordatorio FALLIDO (chat_input_not_found) -
10/5_17:30_maf            34722714718          ENVIADO      recordatorio FALLIDO (chat_input_not_found) -
10/5_17:30_4e             34653197010          ENVIADO      recordatorio FALLIDO (chat_input_not_found) -

[2026-05-14 16:46:37] POSITIVO | Fotos nuevas: 0 | Envios OK: 0 | Envios FAIL: 0 | Reviews negativas: 0 | Fotos borradas: 0

=== SESIÓN 16:47-16:47 (14/05/2026) ===
RESERVA                   TELÉFONO             ESTADO       RESPUESTA                 REVIEW
-----------------------------------------------------------------------------------------------
9/5_14:30_maf             34665976040          ENVIADO      recordatorio FALLIDO (chat_input_not_found) -
9/5_19:00_maf/csi         34%C2%A0628%C2%A061%C2%A027%C2%A078%E2%80%AC ENVIADO      recordatorio FALLIDO (chat_input_not_found) -
9/5_20:30_4e              34747414084          ENVIADO      recordatorio FALLIDO (chat_input_not_found) -
9/5_19:00_4e              34675651585          ENVIADO      recordatorio FALLIDO (chat_input_not_found) -
10/5_17:30_maf            34722714718          ENVIADO      recordatorio FALLIDO (chat_input_not_found) -
10/5_17:30_4e             34653197010          ENVIADO      recordatorio FALLIDO (chat_input_not_found) -

[2026-05-14 16:47:55] POSITIVO | Fotos nuevas: 0 | Envios OK: 0 | Envios FAIL: 0 | Reviews negativas: 0 | Fotos borradas: 0

=== SESIÓN 16:49-16:49 (14/05/2026) ===
RESERVA                   TELÉFONO             ESTADO       RESPUESTA                 REVIEW
-----------------------------------------------------------------------------------------------
9/5_14:30_maf             34665976040          ENVIADO      recordatorio FALLIDO (chat_input_not_found) -
9/5_19:00_maf/csi         34%C2%A0628%C2%A061%C2%A027%C2%A078%E2%80%AC ENVIADO      recordatorio FALLIDO (chat_input_not_found) -
9/5_20:30_4e              34747414084          ENVIADO      recordatorio FALLIDO (chat_input_not_found) -
9/5_19:00_4e              34675651585          ENVIADO      recordatorio FALLIDO (chat_input_not_found) -
10/5_17:30_maf            34722714718          ENVIADO      recordatorio FALLIDO (chat_input_not_found) -
10/5_17:30_4e             34653197010          ENVIADO      recordatorio FALLIDO (chat_input_not_found) -

[2026-05-14 16:49:12] POSITIVO | Fotos nuevas: 0 | Envios OK: 0 | Envios FAIL: 0 | Reviews negativas: 0 | Fotos borradas: 0

=== SESIÓN 16:50-16:50 (14/05/2026) ===
RESERVA                   TELÉFONO             ESTADO       RESPUESTA                 REVIEW
-----------------------------------------------------------------------------------------------
9/5_14:30_maf             34665976040          ENVIADO      recordatorio FALLIDO (chat_input_not_found) -
9/5_19:00_maf/csi         34%C2%A0628%C2%A061%C2%A027%C2%A078%E2%80%AC ENVIADO      recordatorio FALLIDO (chat_input_not_found) -
9/5_20:30_4e              34747414084          ENVIADO      recordatorio FALLIDO (chat_input_not_found) -
9/5_19:00_4e              34675651585          ENVIADO      recordatorio FALLIDO (chat_input_not_found) -
10/5_17:30_maf            34722714718          ENVIADO      recordatorio FALLIDO (chat_input_not_found) -
10/5_17:30_4e             34653197010          ENVIADO      recordatorio FALLIDO (chat_input_not_found) -

[2026-05-14 16:50:31] POSITIVO | Fotos nuevas: 0 | Envios OK: 0 | Envios FAIL: 0 | Reviews negativas: 0 | Fotos borradas: 0

=== SESIÓN 16:51-16:51 (14/05/2026) ===
RESERVA                   TELÉFONO             ESTADO       RESPUESTA                 REVIEW
-----------------------------------------------------------------------------------------------
9/5_14:30_maf             34665976040          ENVIADO      recordatorio FALLIDO (chat_input_not_found) -
9/5_19:00_maf/csi         34%C2%A0628%C2%A061%C2%A027%C2%A078%E2%80%AC ENVIADO      recordatorio FALLIDO (chat_input_not_found) -
9/5_20:30_4e              34747414084          ENVIADO      recordatorio FALLIDO (chat_input_not_found) -
9/5_19:00_4e              34675651585          ENVIADO      recordatorio FALLIDO (chat_input_not_found) -
10/5_17:30_maf            34722714718          ENVIADO      recordatorio FALLIDO (chat_input_not_found) -
10/5_17:30_4e             34653197010          ENVIADO      recordatorio FALLIDO (chat_input_not_found) -

[2026-05-14 16:51:44] POSITIVO | Fotos nuevas: 0 | Envios OK: 0 | Envios FAIL: 0 | Reviews negativas: 0 | Fotos borradas: 0

=== SESIÓN 16:52-16:53 (14/05/2026) ===
RESERVA                   TELÉFONO             ESTADO       RESPUESTA                 REVIEW
-----------------------------------------------------------------------------------------------
9/5_14:30_maf             34665976040          ENVIADO      recordatorio FALLIDO (chat_input_not_found) -
9/5_19:00_maf/csi         34%C2%A0628%C2%A061%C2%A027%C2%A078%E2%80%AC ENVIADO      recordatorio FALLIDO (chat_input_not_found) -
9/5_20:30_4e              34747414084          ENVIADO      recordatorio FALLIDO (chat_input_not_found) -
9/5_19:00_4e              34675651585          ENVIADO      recordatorio FALLIDO (chat_input_not_found) -
10/5_17:30_maf            34722714718          ENVIADO      recordatorio FALLIDO (chat_input_not_found) -
10/5_17:30_4e             34653197010          ENVIADO      recordatorio FALLIDO (chat_input_not_found) -

[2026-05-14 16:53:03] POSITIVO | Fotos nuevas: 0 | Envios OK: 0 | Envios FAIL: 0 | Reviews negativas: 0 | Fotos borradas: 0

=== SESIÓN 16:54-16:54 (14/05/2026) ===
RESERVA                   TELÉFONO             ESTADO       RESPUESTA                 REVIEW
-----------------------------------------------------------------------------------------------
9/5_14:30_maf             34665976040          ENVIADO      recordatorio FALLIDO (chat_input_not_found) -
9/5_19:00_maf/csi         34%C2%A0628%C2%A061%C2%A027%C2%A078%E2%80%AC ENVIADO      recordatorio FALLIDO (chat_input_not_found) -
9/5_20:30_4e              34747414084          ENVIADO      recordatorio FALLIDO (chat_input_not_found) -
9/5_19:00_4e              34675651585          ENVIADO      recordatorio FALLIDO (chat_input_not_found) -
10/5_17:30_maf            34722714718          ENVIADO      recordatorio FALLIDO (chat_input_not_found) -
10/5_17:30_4e             34653197010          ENVIADO      recordatorio FALLIDO (chat_input_not_found) -

[2026-05-14 16:54:20] POSITIVO | Fotos nuevas: 0 | Envios OK: 0 | Envios FAIL: 0 | Reviews negativas: 0 | Fotos borradas: 0

=== SESIÓN 16:51-16:54 (14/05/2026) ===
RESERVA                   TELÉFONO             ESTADO       RESPUESTA                 REVIEW
-----------------------------------------------------------------------------------------------
9/5_14:30_maf             34665976040          ENVIADO      recordatorio FALLIDO (exception: HTTPConnectionPool(host='localhost', port=62610): Max retries exceeded with url: /session/dae193807e083169be47993b7f39591c/source (Caused by NewConnectionError("HTTPConnection(host='localhost', port=62610): Failed to establish a new connection: [WinError 10061] No connection could be made because the target machine actively refused it"))) -
9/5_19:00_maf/csi         34%C2%A0628%C2%A061%C2%A027%C2%A078%E2%80%AC ENVIADO      recordatorio FALLIDO (exception: HTTPConnectionPool(host='localhost', port=62610): Max retries exceeded with url: /session/dae193807e083169be47993b7f39591c/source (Caused by NewConnectionError("HTTPConnection(host='localhost', port=62610): Failed to establish a new connection: [WinError 10061] No connection could be made because the target machine actively refused it"))) -
9/5_20:30_4e              34747414084          ENVIADO      recordatorio FALLIDO (exception: HTTPConnectionPool(host='localhost', port=62610): Max retries exceeded with url: /session/dae193807e083169be47993b7f39591c/source (Caused by NewConnectionError("HTTPConnection(host='localhost', port=62610): Failed to establish a new connection: [WinError 10061] No connection could be made because the target machine actively refused it"))) -
9/5_19:00_4e              34675651585          ENVIADO      recordatorio FALLIDO (exception: HTTPConnectionPool(host='localhost', port=62610): Max retries exceeded with url: /session/dae193807e083169be47993b7f39591c/source (Caused by NewConnectionError("HTTPConnection(host='localhost', port=62610): Failed to establish a new connection: [WinError 10061] No connection could be made because the target machine actively refused it"))) -
10/5_17:30_maf            34722714718          ENVIADO      recordatorio FALLIDO (exception: HTTPConnectionPool(host='localhost', port=62610): Max retries exceeded with url: /session/dae193807e083169be47993b7f39591c/source (Caused by NewConnectionError("HTTPConnection(host='localhost', port=62610): Failed to establish a new connection: [WinError 10061] No connection could be made because the target machine actively refused it"))) -
10/5_17:30_4e             34653197010          ENVIADO      recordatorio FALLIDO (exception: HTTPConnectionPool(host='localhost', port=62610): Max retries exceeded with url: /session/dae193807e083169be47993b7f39591c/source (Caused by NewConnectionError("HTTPConnection(host='localhost', port=62610): Failed to establish a new connection: [WinError 10061] No connection could be made because the target machine actively refused it"))) -

[2026-05-14 16:54:38] POSITIVO | Fotos nuevas: 0 | Envios OK: 0 | Envios FAIL: 0 | Reviews negativas: 0 | Fotos borradas: 0

=== SESIÓN 16:56-16:56 (14/05/2026) ===
RESERVA                   TELÉFONO             ESTADO       RESPUESTA                 REVIEW
-----------------------------------------------------------------------------------------------
9/5_14:30_maf             34665976040          ENVIADO      recordatorio FALLIDO (chat_input_not_found) -
9/5_19:00_maf/csi         34%C2%A0628%C2%A061%C2%A027%C2%A078%E2%80%AC ENVIADO      recordatorio FALLIDO (chat_input_not_found) -
9/5_20:30_4e              34747414084          ENVIADO      recordatorio FALLIDO (chat_input_not_found) -
9/5_19:00_4e              34675651585          ENVIADO      recordatorio FALLIDO (chat_input_not_found) -
10/5_17:30_maf            34722714718          ENVIADO      recordatorio FALLIDO (chat_input_not_found) -
10/5_17:30_4e             34653197010          ENVIADO      recordatorio FALLIDO (chat_input_not_found) -

[2026-05-14 16:56:45] POSITIVO | Fotos nuevas: 0 | Envios OK: 0 | Envios FAIL: 0 | Reviews negativas: 0 | Fotos borradas: 0

=== SESIÓN 16:57-16:58 (14/05/2026) ===
RESERVA                   TELÉFONO             ESTADO       RESPUESTA                 REVIEW
-----------------------------------------------------------------------------------------------
9/5_14:30_maf             34665976040          ENVIADO      recordatorio FALLIDO (chat_input_not_found) -
9/5_19:00_maf/csi         34%C2%A0628%C2%A061%C2%A027%C2%A078%E2%80%AC ENVIADO      recordatorio FALLIDO (chat_input_not_found) -
9/5_20:30_4e              34747414084          ENVIADO      recordatorio FALLIDO (chat_input_not_found) -
9/5_19:00_4e              34675651585          ENVIADO      recordatorio FALLIDO (chat_input_not_found) -
10/5_17:30_maf            34722714718          ENVIADO      recordatorio FALLIDO (chat_input_not_found) -
10/5_17:30_4e             34653197010          ENVIADO      recordatorio FALLIDO (chat_input_not_found) -

[2026-05-14 16:58:07] POSITIVO | Fotos nuevas: 0 | Envios OK: 0 | Envios FAIL: 0 | Reviews negativas: 0 | Fotos borradas: 0

=== SESIÓN 16:59-16:59 (14/05/2026) ===
RESERVA                   TELÉFONO             ESTADO       RESPUESTA                 REVIEW
-----------------------------------------------------------------------------------------------
9/5_14:30_maf             34665976040          ENVIADO      recordatorio FALLIDO (chat_input_not_found) -
9/5_19:00_maf/csi         34%C2%A0628%C2%A061%C2%A027%C2%A078%E2%80%AC ENVIADO      recordatorio FALLIDO (chat_input_not_found) -
9/5_20:30_4e              34747414084          ENVIADO      recordatorio FALLIDO (chat_input_not_found) -
9/5_19:00_4e              34675651585          ENVIADO      recordatorio FALLIDO (chat_input_not_found) -
10/5_17:30_maf            34722714718          ENVIADO      recordatorio FALLIDO (chat_input_not_found) -
10/5_17:30_4e             34653197010          ENVIADO      recordatorio FALLIDO (chat_input_not_found) -

[2026-05-14 16:59:24] POSITIVO | Fotos nuevas: 0 | Envios OK: 0 | Envios FAIL: 0 | Reviews negativas: 0 | Fotos borradas: 0

=== SESIÓN 16:56-16:59 (14/05/2026) ===
RESERVA                   TELÉFONO             ESTADO       RESPUESTA                 REVIEW
-----------------------------------------------------------------------------------------------
9/5_14:30_maf             34665976040          ENVIADO      recordatorio FALLIDO (exception: HTTPConnectionPool(host='localhost', port=64021): Max retries exceeded with url: /session/df0c2b8c7d33b11999934d38ef14890c/source (Caused by NewConnectionError("HTTPConnection(host='localhost', port=64021): Failed to establish a new connection: [WinError 10061] No connection could be made because the target machine actively refused it"))) -
9/5_19:00_maf/csi         34%C2%A0628%C2%A061%C2%A027%C2%A078%E2%80%AC ENVIADO      recordatorio FALLIDO (exception: HTTPConnectionPool(host='localhost', port=64021): Max retries exceeded with url: /session/df0c2b8c7d33b11999934d38ef14890c/source (Caused by NewConnectionError("HTTPConnection(host='localhost', port=64021): Failed to establish a new connection: [WinError 10061] No connection could be made because the target machine actively refused it"))) -
9/5_20:30_4e              34747414084          ENVIADO      recordatorio FALLIDO (exception: HTTPConnectionPool(host='localhost', port=64021): Max retries exceeded with url: /session/df0c2b8c7d33b11999934d38ef14890c/source (Caused by NewConnectionError("HTTPConnection(host='localhost', port=64021): Failed to establish a new connection: [WinError 10061] No connection could be made because the target machine actively refused it"))) -
9/5_19:00_4e              34675651585          ENVIADO      recordatorio FALLIDO (exception: HTTPConnectionPool(host='localhost', port=64021): Max retries exceeded with url: /session/df0c2b8c7d33b11999934d38ef14890c/source (Caused by NewConnectionError("HTTPConnection(host='localhost', port=64021): Failed to establish a new connection: [WinError 10061] No connection could be made because the target machine actively refused it"))) -
10/5_17:30_maf            34722714718          ENVIADO      recordatorio FALLIDO (exception: HTTPConnectionPool(host='localhost', port=64021): Max retries exceeded with url: /session/df0c2b8c7d33b11999934d38ef14890c/source (Caused by NewConnectionError("HTTPConnection(host='localhost', port=64021): Failed to establish a new connection: [WinError 10061] No connection could be made because the target machine actively refused it"))) -
10/5_17:30_4e             34653197010          ENVIADO      recordatorio FALLIDO (exception: HTTPConnectionPool(host='localhost', port=64021): Max retries exceeded with url: /session/df0c2b8c7d33b11999934d38ef14890c/source (Caused by NewConnectionError("HTTPConnection(host='localhost', port=64021): Failed to establish a new connection: [WinError 10061] No connection could be made because the target machine actively refused it"))) -

[2026-05-14 16:59:29] POSITIVO | Fotos nuevas: 0 | Envios OK: 0 | Envios FAIL: 0 | Reviews negativas: 0 | Fotos borradas: 0

=== SESIÓN 17:01-17:01 (14/05/2026) ===
RESERVA                   TELÉFONO             ESTADO       RESPUESTA                 REVIEW
-----------------------------------------------------------------------------------------------
9/5_14:30_maf             34665976040          ENVIADO      recordatorio FALLIDO (chat_input_not_found) -
9/5_19:00_maf/csi         34%C2%A0628%C2%A061%C2%A027%C2%A078%E2%80%AC ENVIADO      recordatorio FALLIDO (chat_input_not_found) -
9/5_20:30_4e              34747414084          ENVIADO      recordatorio FALLIDO (chat_input_not_found) -
9/5_19:00_4e              34675651585          ENVIADO      recordatorio FALLIDO (chat_input_not_found) -
10/5_17:30_maf            34722714718          ENVIADO      recordatorio FALLIDO (chat_input_not_found) -
10/5_17:30_4e             34653197010          ENVIADO      recordatorio FALLIDO (chat_input_not_found) -

[2026-05-14 17:01:33] POSITIVO | Fotos nuevas: 0 | Envios OK: 0 | Envios FAIL: 0 | Reviews negativas: 0 | Fotos borradas: 0

=== SESIÓN 17:02-17:02 (14/05/2026) ===
RESERVA                   TELÉFONO             ESTADO       RESPUESTA                 REVIEW
-----------------------------------------------------------------------------------------------
9/5_14:30_maf             34665976040          ENVIADO      recordatorio FALLIDO (chat_input_not_found) -
9/5_19:00_maf/csi         34%C2%A0628%C2%A061%C2%A027%C2%A078%E2%80%AC ENVIADO      recordatorio FALLIDO (chat_input_not_found) -
9/5_20:30_4e              34747414084          ENVIADO      recordatorio FALLIDO (chat_input_not_found) -
9/5_19:00_4e              34675651585          ENVIADO      recordatorio FALLIDO (chat_input_not_found) -
10/5_17:30_maf            34722714718          ENVIADO      recordatorio FALLIDO (chat_input_not_found) -
10/5_17:30_4e             34653197010          ENVIADO      recordatorio FALLIDO (chat_input_not_found) -

[2026-05-14 17:02:52] POSITIVO | Fotos nuevas: 0 | Envios OK: 0 | Envios FAIL: 0 | Reviews negativas: 0 | Fotos borradas: 0

=== SESIÓN 17:04-17:04 (14/05/2026) ===
RESERVA                   TELÉFONO             ESTADO       RESPUESTA                 REVIEW
-----------------------------------------------------------------------------------------------
9/5_14:30_maf             34665976040          ENVIADO      recordatorio FALLIDO (chat_input_not_found) -
9/5_19:00_maf/csi         34%C2%A0628%C2%A061%C2%A027%C2%A078%E2%80%AC ENVIADO      recordatorio FALLIDO (chat_input_not_found) -
9/5_20:30_4e              34747414084          ENVIADO      recordatorio FALLIDO (chat_input_not_found) -
9/5_19:00_4e              34675651585          ENVIADO      recordatorio FALLIDO (chat_input_not_found) -
10/5_17:30_maf            34722714718          ENVIADO      recordatorio FALLIDO (chat_input_not_found) -
10/5_17:30_4e             34653197010          ENVIADO      recordatorio FALLIDO (chat_input_not_found) -

[2026-05-14 17:04:10] POSITIVO | Fotos nuevas: 0 | Envios OK: 0 | Envios FAIL: 0 | Reviews negativas: 0 | Fotos borradas: 0

=== SESIÓN 17:05-17:05 (14/05/2026) ===
RESERVA                   TELÉFONO             ESTADO       RESPUESTA                 REVIEW
-----------------------------------------------------------------------------------------------
9/5_14:30_maf             34665976040          ENVIADO      recordatorio FALLIDO (chat_input_not_found) -
9/5_19:00_maf/csi         34%C2%A0628%C2%A061%C2%A027%C2%A078%E2%80%AC ENVIADO      recordatorio FALLIDO (chat_input_not_found) -
9/5_20:30_4e              34747414084          ENVIADO      recordatorio FALLIDO (chat_input_not_found) -
9/5_19:00_4e              34675651585          ENVIADO      recordatorio FALLIDO (chat_input_not_found) -
10/5_17:30_maf            34722714718          ENVIADO      recordatorio FALLIDO (chat_input_not_found) -
10/5_17:30_4e             34653197010          ENVIADO      recordatorio FALLIDO (chat_input_not_found) -

[2026-05-14 17:05:26] POSITIVO | Fotos nuevas: 0 | Envios OK: 0 | Envios FAIL: 0 | Reviews negativas: 0 | Fotos borradas: 0

=== SESIÓN 17:06-17:06 (14/05/2026) ===
RESERVA                   TELÉFONO             ESTADO       RESPUESTA                 REVIEW
-----------------------------------------------------------------------------------------------
9/5_14:30_maf             34665976040          ENVIADO      recordatorio FALLIDO (chat_input_not_found) -
9/5_19:00_maf/csi         34%C2%A0628%C2%A061%C2%A027%C2%A078%E2%80%AC ENVIADO      recordatorio FALLIDO (chat_input_not_found) -
9/5_20:30_4e              34747414084          ENVIADO      recordatorio FALLIDO (chat_input_not_found) -
9/5_19:00_4e              34675651585          ENVIADO      recordatorio FALLIDO (chat_input_not_found) -
10/5_17:30_maf            34722714718          ENVIADO      recordatorio FALLIDO (chat_input_not_found) -
10/5_17:30_4e             34653197010          ENVIADO      recordatorio FALLIDO (chat_input_not_found) -

[2026-05-14 17:06:45] POSITIVO | Fotos nuevas: 0 | Envios OK: 0 | Envios FAIL: 0 | Reviews negativas: 0 | Fotos borradas: 0

=== SESIÓN 17:07-17:08 (14/05/2026) ===
RESERVA                   TELÉFONO             ESTADO       RESPUESTA                 REVIEW
-----------------------------------------------------------------------------------------------
9/5_14:30_maf             34665976040          ENVIADO      recordatorio FALLIDO (chat_input_not_found) -
9/5_19:00_maf/csi         34%C2%A0628%C2%A061%C2%A027%C2%A078%E2%80%AC ENVIADO      recordatorio FALLIDO (chat_input_not_found) -
9/5_20:30_4e              34747414084          ENVIADO      recordatorio FALLIDO (chat_input_not_found) -
9/5_19:00_4e              34675651585          ENVIADO      recordatorio FALLIDO (chat_input_not_found) -
10/5_17:30_maf            34722714718          ENVIADO      recordatorio FALLIDO (chat_input_not_found) -
10/5_17:30_4e             34653197010          ENVIADO      recordatorio FALLIDO (chat_input_not_found) -

[2026-05-14 17:08:04] POSITIVO | Fotos nuevas: 0 | Envios OK: 0 | Envios FAIL: 0 | Reviews negativas: 0 | Fotos borradas: 0

=== SESIÓN 17:09-17:09 (14/05/2026) ===
RESERVA                   TELÉFONO             ESTADO       RESPUESTA                 REVIEW
-----------------------------------------------------------------------------------------------
9/5_14:30_maf             34665976040          ENVIADO      recordatorio FALLIDO (chat_input_not_found) -
9/5_19:00_maf/csi         34%C2%A0628%C2%A061%C2%A027%C2%A078%E2%80%AC ENVIADO      recordatorio FALLIDO (chat_input_not_found) -
9/5_20:30_4e              34747414084          ENVIADO      recordatorio FALLIDO (chat_input_not_found) -
9/5_19:00_4e              34675651585          ENVIADO      recordatorio FALLIDO (chat_input_not_found) -
10/5_17:30_maf            34722714718          ENVIADO      recordatorio FALLIDO (chat_input_not_found) -
10/5_17:30_4e             34653197010          ENVIADO      recordatorio FALLIDO (chat_input_not_found) -

[2026-05-14 17:09:24] POSITIVO | Fotos nuevas: 0 | Envios OK: 0 | Envios FAIL: 0 | Reviews negativas: 0 | Fotos borradas: 0

=== SESIÓN 17:10-17:10 (14/05/2026) ===
RESERVA                   TELÉFONO             ESTADO       RESPUESTA                 REVIEW
-----------------------------------------------------------------------------------------------
9/5_14:30_maf             34665976040          ENVIADO      recordatorio FALLIDO (chat_input_not_found) -
9/5_19:00_maf/csi         34%C2%A0628%C2%A061%C2%A027%C2%A078%E2%80%AC ENVIADO      recordatorio FALLIDO (chat_input_not_found) -
9/5_20:30_4e              34747414084          ENVIADO      recordatorio FALLIDO (chat_input_not_found) -
9/5_19:00_4e              34675651585          ENVIADO      recordatorio FALLIDO (chat_input_not_found) -
10/5_17:30_maf            34722714718          ENVIADO      recordatorio FALLIDO (chat_input_not_found) -
10/5_17:30_4e             34653197010          ENVIADO      recordatorio FALLIDO (chat_input_not_found) -

[2026-05-14 17:10:42] POSITIVO | Fotos nuevas: 0 | Envios OK: 0 | Envios FAIL: 0 | Reviews negativas: 0 | Fotos borradas: 0

=== SESIÓN 17:07-17:10 (14/05/2026) ===
RESERVA                   TELÉFONO             ESTADO       RESPUESTA                 REVIEW
-----------------------------------------------------------------------------------------------
9/5_14:30_maf             34665976040          ENVIADO      recordatorio FALLIDO (exception: HTTPConnectionPool(host='localhost', port=64391): Max retries exceeded with url: /session/68522c95178ca8af2b24a75ce2163528/source (Caused by NewConnectionError("HTTPConnection(host='localhost', port=64391): Failed to establish a new connection: [WinError 10061] No connection could be made because the target machine actively refused it"))) -
9/5_19:00_maf/csi         34%C2%A0628%C2%A061%C2%A027%C2%A078%E2%80%AC ENVIADO      recordatorio FALLIDO (exception: HTTPConnectionPool(host='localhost', port=64391): Max retries exceeded with url: /session/68522c95178ca8af2b24a75ce2163528/source (Caused by NewConnectionError("HTTPConnection(host='localhost', port=64391): Failed to establish a new connection: [WinError 10061] No connection could be made because the target machine actively refused it"))) -
9/5_20:30_4e              34747414084          ENVIADO      recordatorio FALLIDO (exception: HTTPConnectionPool(host='localhost', port=64391): Max retries exceeded with url: /session/68522c95178ca8af2b24a75ce2163528/source (Caused by NewConnectionError("HTTPConnection(host='localhost', port=64391): Failed to establish a new connection: [WinError 10061] No connection could be made because the target machine actively refused it"))) -
9/5_19:00_4e              34675651585          ENVIADO      recordatorio FALLIDO (exception: HTTPConnectionPool(host='localhost', port=64391): Max retries exceeded with url: /session/68522c95178ca8af2b24a75ce2163528/source (Caused by NewConnectionError("HTTPConnection(host='localhost', port=64391): Failed to establish a new connection: [WinError 10061] No connection could be made because the target machine actively refused it"))) -
10/5_17:30_maf            34722714718          ENVIADO      recordatorio FALLIDO (exception: HTTPConnectionPool(host='localhost', port=64391): Max retries exceeded with url: /session/68522c95178ca8af2b24a75ce2163528/source (Caused by NewConnectionError("HTTPConnection(host='localhost', port=64391): Failed to establish a new connection: [WinError 10061] No connection could be made because the target machine actively refused it"))) -
10/5_17:30_4e             34653197010          ENVIADO      recordatorio FALLIDO (exception: HTTPConnectionPool(host='localhost', port=64391): Max retries exceeded with url: /session/68522c95178ca8af2b24a75ce2163528/source (Caused by NewConnectionError("HTTPConnection(host='localhost', port=64391): Failed to establish a new connection: [WinError 10061] No connection could be made because the target machine actively refused it"))) -

[2026-05-14 17:10:43] POSITIVO | Fotos nuevas: 0 | Envios OK: 0 | Envios FAIL: 0 | Reviews negativas: 0 | Fotos borradas: 0
[2026-05-14 17:12:34] NEGATIVO | WhatsApp no conectado (QR visible) — ciclo abortado

=== SESIÓN 17:13-17:14 (14/05/2026) ===
RESERVA                   TELÉFONO             ESTADO       RESPUESTA                 REVIEW
-----------------------------------------------------------------------------------------------
9/5_14:30_maf             34665976040          ENVIADO      recordatorio FALLIDO (chat_input_not_found) -
9/5_19:00_maf/csi         34%C2%A0628%C2%A061%C2%A027%C2%A078%E2%80%AC ENVIADO      recordatorio FALLIDO (chat_input_not_found) -
9/5_20:30_4e              34747414084          ENVIADO      recordatorio FALLIDO (chat_input_not_found) -
9/5_19:00_4e              34675651585          ENVIADO      recordatorio FALLIDO (chat_input_not_found) -
10/5_17:30_maf            34722714718          ENVIADO      recordatorio FALLIDO (chat_input_not_found) -
10/5_17:30_4e             34653197010          ENVIADO      recordatorio FALLIDO (chat_input_not_found) -

[2026-05-14 17:14:00] POSITIVO | Fotos nuevas: 0 | Envios OK: 0 | Envios FAIL: 0 | Reviews negativas: 0 | Fotos borradas: 0

=== SESIÓN 17:12-17:14 (14/05/2026) ===
RESERVA                   TELÉFONO             ESTADO       RESPUESTA                 REVIEW
-----------------------------------------------------------------------------------------------
9/5_14:30_maf             34665976040          ENVIADO      recordatorio FALLIDO (chat_input_not_found) -
9/5_19:00_maf/csi         34%C2%A0628%C2%A061%C2%A027%C2%A078%E2%80%AC ENVIADO      recordatorio FALLIDO (chat_input_not_found) -
9/5_20:30_4e              34747414084          ENVIADO      recordatorio FALLIDO (exception: HTTPConnectionPool(host='localhost', port=65332): Max retries exceeded with url: /session/bcbd8a62d6a799982956ffe9d7df5786/source (Caused by NewConnectionError("HTTPConnection(host='localhost', port=65332): Failed to establish a new connection: [WinError 10061] No connection could be made because the target machine actively refused it"))) -
9/5_19:00_4e              34675651585          ENVIADO      recordatorio FALLIDO (exception: HTTPConnectionPool(host='localhost', port=65332): Max retries exceeded with url: /session/bcbd8a62d6a799982956ffe9d7df5786/source (Caused by NewConnectionError("HTTPConnection(host='localhost', port=65332): Failed to establish a new connection: [WinError 10061] No connection could be made because the target machine actively refused it"))) -
10/5_17:30_maf            34722714718          ENVIADO      recordatorio FALLIDO (exception: HTTPConnectionPool(host='localhost', port=65332): Max retries exceeded with url: /session/bcbd8a62d6a799982956ffe9d7df5786/source (Caused by NewConnectionError("HTTPConnection(host='localhost', port=65332): Failed to establish a new connection: [WinError 10061] No connection could be made because the target machine actively refused it"))) -
10/5_17:30_4e             34653197010          ENVIADO      recordatorio FALLIDO (exception: HTTPConnectionPool(host='localhost', port=65332): Max retries exceeded with url: /session/bcbd8a62d6a799982956ffe9d7df5786/source (Caused by NewConnectionError("HTTPConnection(host='localhost', port=65332): Failed to establish a new connection: [WinError 10061] No connection could be made because the target machine actively refused it"))) -

[2026-05-14 17:14:45] POSITIVO | Fotos nuevas: 0 | Envios OK: 0 | Envios FAIL: 0 | Reviews negativas: 0 | Fotos borradas: 0

=== SESIÓN 17:16-17:16 (14/05/2026) ===
RESERVA                   TELÉFONO             ESTADO       RESPUESTA                 REVIEW
-----------------------------------------------------------------------------------------------
9/5_14:30_maf             34665976040          ENVIADO      recordatorio FALLIDO (chat_input_not_found) -
9/5_19:00_maf/csi         34%C2%A0628%C2%A061%C2%A027%C2%A078%E2%80%AC ENVIADO      recordatorio FALLIDO (chat_input_not_found) -
9/5_20:30_4e              34747414084          ENVIADO      recordatorio FALLIDO (chat_input_not_found) -
9/5_19:00_4e              34675651585          ENVIADO      recordatorio FALLIDO (chat_input_not_found) -
10/5_17:30_maf            34722714718          ENVIADO      recordatorio FALLIDO (chat_input_not_found) -
10/5_17:30_4e             34653197010          ENVIADO      recordatorio FALLIDO (chat_input_not_found) -

[2026-05-14 17:16:08] POSITIVO | Fotos nuevas: 0 | Envios OK: 0 | Envios FAIL: 0 | Reviews negativas: 0 | Fotos borradas: 0

=== SESIÓN 17:17-17:17 (14/05/2026) ===
RESERVA                   TELÉFONO             ESTADO       RESPUESTA                 REVIEW
-----------------------------------------------------------------------------------------------
9/5_14:30_maf             34665976040          ENVIADO      recordatorio FALLIDO (chat_input_not_found) -
9/5_19:00_maf/csi         34%C2%A0628%C2%A061%C2%A027%C2%A078%E2%80%AC ENVIADO      recordatorio FALLIDO (chat_input_not_found) -
9/5_20:30_4e              34747414084          ENVIADO      recordatorio FALLIDO (chat_input_not_found) -
9/5_19:00_4e              34675651585          ENVIADO      recordatorio FALLIDO (chat_input_not_found) -
10/5_17:30_maf            34722714718          ENVIADO      recordatorio FALLIDO (chat_input_not_found) -
10/5_17:30_4e             34653197010          ENVIADO      recordatorio FALLIDO (chat_input_not_found) -

[2026-05-14 17:17:25] POSITIVO | Fotos nuevas: 0 | Envios OK: 0 | Envios FAIL: 0 | Reviews negativas: 0 | Fotos borradas: 0

=== SESIÓN 17:18-17:18 (14/05/2026) ===
RESERVA                   TELÉFONO             ESTADO       RESPUESTA                 REVIEW
-----------------------------------------------------------------------------------------------
9/5_14:30_maf             34665976040          ENVIADO      recordatorio FALLIDO (chat_input_not_found) -
9/5_19:00_maf/csi         34%C2%A0628%C2%A061%C2%A027%C2%A078%E2%80%AC ENVIADO      recordatorio FALLIDO (chat_input_not_found) -
9/5_20:30_4e              34747414084          ENVIADO      recordatorio FALLIDO (chat_input_not_found) -
9/5_19:00_4e              34675651585          ENVIADO      recordatorio FALLIDO (chat_input_not_found) -
10/5_17:30_maf            34722714718          ENVIADO      recordatorio FALLIDO (chat_input_not_found) -
10/5_17:30_4e             34653197010          ENVIADO      recordatorio FALLIDO (chat_input_not_found) -

[2026-05-14 17:18:41] POSITIVO | Fotos nuevas: 0 | Envios OK: 0 | Envios FAIL: 0 | Reviews negativas: 0 | Fotos borradas: 0

=== SESIÓN 17:19-17:19 (14/05/2026) ===
RESERVA                   TELÉFONO             ESTADO       RESPUESTA                 REVIEW
-----------------------------------------------------------------------------------------------
9/5_14:30_maf             34665976040          ENVIADO      recordatorio FALLIDO (chat_input_not_found) -
9/5_19:00_maf/csi         34%C2%A0628%C2%A061%C2%A027%C2%A078%E2%80%AC ENVIADO      recordatorio FALLIDO (chat_input_not_found) -
9/5_20:30_4e              34747414084          ENVIADO      recordatorio FALLIDO (chat_input_not_found) -
9/5_19:00_4e              34675651585          ENVIADO      recordatorio FALLIDO (chat_input_not_found) -
10/5_17:30_maf            34722714718          ENVIADO      recordatorio FALLIDO (chat_input_not_found) -
10/5_17:30_4e             34653197010          ENVIADO      recordatorio FALLIDO (chat_input_not_found) -

[2026-05-14 17:19:56] POSITIVO | Fotos nuevas: 0 | Envios OK: 0 | Envios FAIL: 0 | Reviews negativas: 0 | Fotos borradas: 0

=== SESIÓN 17:21-17:21 (14/05/2026) ===
RESERVA                   TELÉFONO             ESTADO       RESPUESTA                 REVIEW
-----------------------------------------------------------------------------------------------
9/5_14:30_maf             34665976040          ENVIADO      recordatorio FALLIDO (chat_input_not_found) -
9/5_19:00_maf/csi         34%C2%A0628%C2%A061%C2%A027%C2%A078%E2%80%AC ENVIADO      recordatorio FALLIDO (chat_input_not_found) -
9/5_20:30_4e              34747414084          ENVIADO      recordatorio FALLIDO (chat_input_not_found) -
9/5_19:00_4e              34675651585          ENVIADO      recordatorio FALLIDO (chat_input_not_found) -
10/5_17:30_maf            34722714718          ENVIADO      recordatorio FALLIDO (chat_input_not_found) -
10/5_17:30_4e             34653197010          ENVIADO      recordatorio FALLIDO (chat_input_not_found) -

[2026-05-14 17:21:15] POSITIVO | Fotos nuevas: 0 | Envios OK: 0 | Envios FAIL: 0 | Reviews negativas: 0 | Fotos borradas: 0

=== SESIÓN 17:22-17:22 (14/05/2026) ===
RESERVA                   TELÉFONO             ESTADO       RESPUESTA                 REVIEW
-----------------------------------------------------------------------------------------------
9/5_14:30_maf             34665976040          ENVIADO      recordatorio FALLIDO (chat_input_not_found) -
9/5_19:00_maf/csi         34%C2%A0628%C2%A061%C2%A027%C2%A078%E2%80%AC ENVIADO      recordatorio FALLIDO (chat_input_not_found) -
9/5_20:30_4e              34747414084          ENVIADO      recordatorio FALLIDO (chat_input_not_found) -
9/5_19:00_4e              34675651585          ENVIADO      recordatorio FALLIDO (chat_input_not_found) -
10/5_17:30_maf            34722714718          ENVIADO      recordatorio FALLIDO (chat_input_not_found) -
10/5_17:30_4e             34653197010          ENVIADO      recordatorio FALLIDO (chat_input_not_found) -

[2026-05-14 17:22:36] POSITIVO | Fotos nuevas: 0 | Envios OK: 0 | Envios FAIL: 0 | Reviews negativas: 0 | Fotos borradas: 0

=== SESIÓN 17:23-17:23 (14/05/2026) ===
RESERVA                   TELÉFONO             ESTADO       RESPUESTA                 REVIEW
-----------------------------------------------------------------------------------------------
9/5_14:30_maf             34665976040          ENVIADO      recordatorio FALLIDO (chat_input_not_found) -
9/5_19:00_maf/csi         34%C2%A0628%C2%A061%C2%A027%C2%A078%E2%80%AC ENVIADO      recordatorio FALLIDO (chat_input_not_found) -
9/5_20:30_4e              34747414084          ENVIADO      recordatorio FALLIDO (chat_input_not_found) -
9/5_19:00_4e              34675651585          ENVIADO      recordatorio FALLIDO (chat_input_not_found) -
10/5_17:30_maf            34722714718          ENVIADO      recordatorio FALLIDO (chat_input_not_found) -
10/5_17:30_4e             34653197010          ENVIADO      recordatorio FALLIDO (chat_input_not_found) -

[2026-05-14 17:23:54] POSITIVO | Fotos nuevas: 0 | Envios OK: 0 | Envios FAIL: 0 | Reviews negativas: 0 | Fotos borradas: 0

=== SESIÓN 17:25-17:25 (14/05/2026) ===
RESERVA                   TELÉFONO             ESTADO       RESPUESTA                 REVIEW
-----------------------------------------------------------------------------------------------
9/5_14:30_maf             34665976040          ENVIADO      recordatorio FALLIDO (chat_input_not_found) -
9/5_19:00_maf/csi         34%C2%A0628%C2%A061%C2%A027%C2%A078%E2%80%AC ENVIADO      recordatorio FALLIDO (chat_input_not_found) -
9/5_20:30_4e              34747414084          ENVIADO      recordatorio FALLIDO (chat_input_not_found) -
9/5_19:00_4e              34675651585          ENVIADO      recordatorio FALLIDO (chat_input_not_found) -
10/5_17:30_maf            34722714718          ENVIADO      recordatorio FALLIDO (chat_input_not_found) -
10/5_17:30_4e             34653197010          ENVIADO      recordatorio FALLIDO (chat_input_not_found) -

[2026-05-14 17:25:14] POSITIVO | Fotos nuevas: 0 | Envios OK: 0 | Envios FAIL: 0 | Reviews negativas: 0 | Fotos borradas: 0

=== SESIÓN 17:22-17:25 (14/05/2026) ===
RESERVA                   TELÉFONO             ESTADO       RESPUESTA                 REVIEW
-----------------------------------------------------------------------------------------------
9/5_14:30_maf             34665976040          ENVIADO      recordatorio FALLIDO (exception: HTTPConnectionPool(host='localhost', port=49292): Max retries exceeded with url: /session/8385e4d9dc4f4b40a0b0771669451af0/source (Caused by NewConnectionError("HTTPConnection(host='localhost', port=49292): Failed to establish a new connection: [WinError 10061] No connection could be made because the target machine actively refused it"))) -
9/5_19:00_maf/csi         34%C2%A0628%C2%A061%C2%A027%C2%A078%E2%80%AC ENVIADO      recordatorio FALLIDO (exception: HTTPConnectionPool(host='localhost', port=49292): Max retries exceeded with url: /session/8385e4d9dc4f4b40a0b0771669451af0/source (Caused by NewConnectionError("HTTPConnection(host='localhost', port=49292): Failed to establish a new connection: [WinError 10061] No connection could be made because the target machine actively refused it"))) -
9/5_20:30_4e              34747414084          ENVIADO      recordatorio FALLIDO (exception: HTTPConnectionPool(host='localhost', port=49292): Max retries exceeded with url: /session/8385e4d9dc4f4b40a0b0771669451af0/source (Caused by NewConnectionError("HTTPConnection(host='localhost', port=49292): Failed to establish a new connection: [WinError 10061] No connection could be made because the target machine actively refused it"))) -
9/5_19:00_4e              34675651585          ENVIADO      recordatorio FALLIDO (exception: HTTPConnectionPool(host='localhost', port=49292): Max retries exceeded with url: /session/8385e4d9dc4f4b40a0b0771669451af0/source (Caused by NewConnectionError("HTTPConnection(host='localhost', port=49292): Failed to establish a new connection: [WinError 10061] No connection could be made because the target machine actively refused it"))) -
10/5_17:30_maf            34722714718          ENVIADO      recordatorio FALLIDO (exception: HTTPConnectionPool(host='localhost', port=49292): Max retries exceeded with url: /session/8385e4d9dc4f4b40a0b0771669451af0/source (Caused by NewConnectionError("HTTPConnection(host='localhost', port=49292): Failed to establish a new connection: [WinError 10061] No connection could be made because the target machine actively refused it"))) -
10/5_17:30_4e             34653197010          ENVIADO      recordatorio FALLIDO (exception: HTTPConnectionPool(host='localhost', port=49292): Max retries exceeded with url: /session/8385e4d9dc4f4b40a0b0771669451af0/source (Caused by NewConnectionError("HTTPConnection(host='localhost', port=49292): Failed to establish a new connection: [WinError 10061] No connection could be made because the target machine actively refused it"))) -

[2026-05-14 17:25:18] POSITIVO | Fotos nuevas: 0 | Envios OK: 0 | Envios FAIL: 0 | Reviews negativas: 0 | Fotos borradas: 0

=== SESIÓN 17:27-17:27 (14/05/2026) ===
RESERVA                   TELÉFONO             ESTADO       RESPUESTA                 REVIEW
-----------------------------------------------------------------------------------------------
9/5_14:30_maf             34665976040          ENVIADO      recordatorio FALLIDO (chat_input_not_found) -
9/5_19:00_maf/csi         34%C2%A0628%C2%A061%C2%A027%C2%A078%E2%80%AC ENVIADO      recordatorio FALLIDO (chat_input_not_found) -
9/5_20:30_4e              34747414084          ENVIADO      recordatorio FALLIDO (chat_input_not_found) -
9/5_19:00_4e              34675651585          ENVIADO      recordatorio FALLIDO (chat_input_not_found) -
10/5_17:30_maf            34722714718          ENVIADO      recordatorio FALLIDO (chat_input_not_found) -
10/5_17:30_4e             34653197010          ENVIADO      recordatorio FALLIDO (chat_input_not_found) -

[2026-05-14 17:27:19] POSITIVO | Fotos nuevas: 0 | Envios OK: 0 | Envios FAIL: 0 | Reviews negativas: 0 | Fotos borradas: 0

=== SESIÓN 17:28-17:28 (14/05/2026) ===
RESERVA                   TELÉFONO             ESTADO       RESPUESTA                 REVIEW
-----------------------------------------------------------------------------------------------
9/5_14:30_maf             34665976040          ENVIADO      recordatorio FALLIDO (chat_input_not_found) -
9/5_19:00_maf/csi         34%C2%A0628%C2%A061%C2%A027%C2%A078%E2%80%AC ENVIADO      recordatorio FALLIDO (chat_input_not_found) -
9/5_20:30_4e              34747414084          ENVIADO      recordatorio FALLIDO (chat_input_not_found) -
9/5_19:00_4e              34675651585          ENVIADO      recordatorio FALLIDO (chat_input_not_found) -
10/5_17:30_maf            34722714718          ENVIADO      recordatorio FALLIDO (chat_input_not_found) -
10/5_17:30_4e             34653197010          ENVIADO      recordatorio FALLIDO (chat_input_not_found) -

[2026-05-14 17:28:39] POSITIVO | Fotos nuevas: 0 | Envios OK: 0 | Envios FAIL: 0 | Reviews negativas: 0 | Fotos borradas: 0

=== SESIÓN 17:29-17:29 (14/05/2026) ===
RESERVA                   TELÉFONO             ESTADO       RESPUESTA                 REVIEW
-----------------------------------------------------------------------------------------------
9/5_14:30_maf             34665976040          ENVIADO      recordatorio FALLIDO (chat_input_not_found) -
9/5_19:00_maf/csi         34%C2%A0628%C2%A061%C2%A027%C2%A078%E2%80%AC ENVIADO      recordatorio FALLIDO (chat_input_not_found) -
9/5_20:30_4e              34747414084          ENVIADO      recordatorio FALLIDO (chat_input_not_found) -
9/5_19:00_4e              34675651585          ENVIADO      recordatorio FALLIDO (chat_input_not_found) -
10/5_17:30_maf            34722714718          ENVIADO      recordatorio FALLIDO (chat_input_not_found) -
10/5_17:30_4e             34653197010          ENVIADO      recordatorio FALLIDO (chat_input_not_found) -

[2026-05-14 17:29:56] POSITIVO | Fotos nuevas: 0 | Envios OK: 0 | Envios FAIL: 0 | Reviews negativas: 0 | Fotos borradas: 0

=== SESIÓN 17:31-17:31 (14/05/2026) ===
RESERVA                   TELÉFONO             ESTADO       RESPUESTA                 REVIEW
-----------------------------------------------------------------------------------------------
9/5_14:30_maf             34665976040          ENVIADO      recordatorio FALLIDO (chat_input_not_found) -
9/5_19:00_maf/csi         34%C2%A0628%C2%A061%C2%A027%C2%A078%E2%80%AC ENVIADO      recordatorio FALLIDO (chat_input_not_found) -
9/5_20:30_4e              34747414084          ENVIADO      recordatorio FALLIDO (chat_input_not_found) -
9/5_19:00_4e              34675651585          ENVIADO      recordatorio FALLIDO (chat_input_not_found) -
10/5_17:30_maf            34722714718          ENVIADO      recordatorio FALLIDO (chat_input_not_found) -
10/5_17:30_4e             34653197010          ENVIADO      recordatorio FALLIDO (chat_input_not_found) -

[2026-05-14 17:31:15] POSITIVO | Fotos nuevas: 0 | Envios OK: 0 | Envios FAIL: 0 | Reviews negativas: 0 | Fotos borradas: 0

=== SESIÓN 17:32-17:32 (14/05/2026) ===
RESERVA                   TELÉFONO             ESTADO       RESPUESTA                 REVIEW
-----------------------------------------------------------------------------------------------
9/5_14:30_maf             34665976040          ENVIADO      recordatorio FALLIDO (chat_input_not_found) -
9/5_19:00_maf/csi         34%C2%A0628%C2%A061%C2%A027%C2%A078%E2%80%AC ENVIADO      recordatorio FALLIDO (chat_input_not_found) -
9/5_20:30_4e              34747414084          ENVIADO      recordatorio FALLIDO (chat_input_not_found) -
9/5_19:00_4e              34675651585          ENVIADO      recordatorio FALLIDO (chat_input_not_found) -
10/5_17:30_maf            34722714718          ENVIADO      recordatorio FALLIDO (chat_input_not_found) -
10/5_17:30_4e             34653197010          ENVIADO      recordatorio FALLIDO (chat_input_not_found) -

[2026-05-14 17:32:33] POSITIVO | Fotos nuevas: 0 | Envios OK: 0 | Envios FAIL: 0 | Reviews negativas: 0 | Fotos borradas: 0

=== SESIÓN 17:33-17:33 (14/05/2026) ===
RESERVA                   TELÉFONO             ESTADO       RESPUESTA                 REVIEW
-----------------------------------------------------------------------------------------------
9/5_14:30_maf             34665976040          ENVIADO      recordatorio FALLIDO (chat_input_not_found) -
9/5_19:00_maf/csi         34%C2%A0628%C2%A061%C2%A027%C2%A078%E2%80%AC ENVIADO      recordatorio FALLIDO (chat_input_not_found) -
9/5_20:30_4e              34747414084          ENVIADO      recordatorio FALLIDO (chat_input_not_found) -
9/5_19:00_4e              34675651585          ENVIADO      recordatorio FALLIDO (chat_input_not_found) -
10/5_17:30_maf            34722714718          ENVIADO      recordatorio FALLIDO (chat_input_not_found) -
10/5_17:30_4e             34653197010          ENVIADO      recordatorio FALLIDO (chat_input_not_found) -

[2026-05-14 17:33:52] POSITIVO | Fotos nuevas: 0 | Envios OK: 0 | Envios FAIL: 0 | Reviews negativas: 0 | Fotos borradas: 0

=== SESIÓN 17:35-17:35 (14/05/2026) ===
RESERVA                   TELÉFONO             ESTADO       RESPUESTA                 REVIEW
-----------------------------------------------------------------------------------------------
9/5_14:30_maf             34665976040          ENVIADO      recordatorio FALLIDO (chat_input_not_found) -
9/5_19:00_maf/csi         34%C2%A0628%C2%A061%C2%A027%C2%A078%E2%80%AC ENVIADO      recordatorio FALLIDO (chat_input_not_found) -
9/5_20:30_4e              34747414084          ENVIADO      recordatorio FALLIDO (chat_input_not_found) -
9/5_19:00_4e              34675651585          ENVIADO      recordatorio FALLIDO (chat_input_not_found) -
10/5_17:30_maf            34722714718          ENVIADO      recordatorio FALLIDO (chat_input_not_found) -
10/5_17:30_4e             34653197010          ENVIADO      recordatorio FALLIDO (chat_input_not_found) -

[2026-05-14 17:35:11] POSITIVO | Fotos nuevas: 0 | Envios OK: 0 | Envios FAIL: 0 | Reviews negativas: 0 | Fotos borradas: 0

=== SESIÓN 17:36-17:36 (14/05/2026) ===
RESERVA                   TELÉFONO             ESTADO       RESPUESTA                 REVIEW
-----------------------------------------------------------------------------------------------
9/5_14:30_maf             34665976040          ENVIADO      recordatorio FALLIDO (chat_input_not_found) -
9/5_19:00_maf/csi         34%C2%A0628%C2%A061%C2%A027%C2%A078%E2%80%AC ENVIADO      recordatorio FALLIDO (chat_input_not_found) -
9/5_20:30_4e              34747414084          ENVIADO      recordatorio FALLIDO (chat_input_not_found) -
9/5_19:00_4e              34675651585          ENVIADO      recordatorio FALLIDO (chat_input_not_found) -
10/5_17:30_maf            34722714718          ENVIADO      recordatorio FALLIDO (chat_input_not_found) -
10/5_17:30_4e             34653197010          ENVIADO      recordatorio FALLIDO (chat_input_not_found) -

[2026-05-14 17:36:31] POSITIVO | Fotos nuevas: 0 | Envios OK: 0 | Envios FAIL: 0 | Reviews negativas: 0 | Fotos borradas: 0

=== SESIÓN 17:34-17:36 (14/05/2026) ===
RESERVA                   TELÉFONO             ESTADO       RESPUESTA                 REVIEW
-----------------------------------------------------------------------------------------------
9/5_14:30_maf             34665976040          ENVIADO      recordatorio FALLIDO (exception: HTTPConnectionPool(host='localhost', port=50408): Max retries exceeded with url: /session/749afda6dd8117bdb1eb4e7fe87e141b/source (Caused by NewConnectionError("HTTPConnection(host='localhost', port=50408): Failed to establish a new connection: [WinError 10061] No connection could be made because the target machine actively refused it"))) -
9/5_19:00_maf/csi         34%C2%A0628%C2%A061%C2%A027%C2%A078%E2%80%AC ENVIADO      recordatorio FALLIDO (exception: HTTPConnectionPool(host='localhost', port=50408): Max retries exceeded with url: /session/749afda6dd8117bdb1eb4e7fe87e141b/source (Caused by NewConnectionError("HTTPConnection(host='localhost', port=50408): Failed to establish a new connection: [WinError 10061] No connection could be made because the target machine actively refused it"))) -
9/5_20:30_4e              34747414084          ENVIADO      recordatorio FALLIDO (exception: HTTPConnectionPool(host='localhost', port=50408): Max retries exceeded with url: /session/749afda6dd8117bdb1eb4e7fe87e141b/source (Caused by NewConnectionError("HTTPConnection(host='localhost', port=50408): Failed to establish a new connection: [WinError 10061] No connection could be made because the target machine actively refused it"))) -
9/5_19:00_4e              34675651585          ENVIADO      recordatorio FALLIDO (exception: HTTPConnectionPool(host='localhost', port=50408): Max retries exceeded with url: /session/749afda6dd8117bdb1eb4e7fe87e141b/source (Caused by NewConnectionError("HTTPConnection(host='localhost', port=50408): Failed to establish a new connection: [WinError 10061] No connection could be made because the target machine actively refused it"))) -
10/5_17:30_maf            34722714718          ENVIADO      recordatorio FALLIDO (exception: HTTPConnectionPool(host='localhost', port=50408): Max retries exceeded with url: /session/749afda6dd8117bdb1eb4e7fe87e141b/source (Caused by NewConnectionError("HTTPConnection(host='localhost', port=50408): Failed to establish a new connection: [WinError 10061] No connection could be made because the target machine actively refused it"))) -
10/5_17:30_4e             34653197010          ENVIADO      recordatorio FALLIDO (exception: HTTPConnectionPool(host='localhost', port=50408): Max retries exceeded with url: /session/749afda6dd8117bdb1eb4e7fe87e141b/source (Caused by NewConnectionError("HTTPConnection(host='localhost', port=50408): Failed to establish a new connection: [WinError 10061] No connection could be made because the target machine actively refused it"))) -

[2026-05-14 17:36:48] POSITIVO | Fotos nuevas: 0 | Envios OK: 0 | Envios FAIL: 0 | Reviews negativas: 0 | Fotos borradas: 0

=== SESIÓN 17:38-17:38 (14/05/2026) ===
RESERVA                   TELÉFONO             ESTADO       RESPUESTA                 REVIEW
-----------------------------------------------------------------------------------------------
9/5_14:30_maf             34665976040          ENVIADO      recordatorio FALLIDO (chat_input_not_found) -
9/5_19:00_maf/csi         34%C2%A0628%C2%A061%C2%A027%C2%A078%E2%80%AC ENVIADO      recordatorio FALLIDO (chat_input_not_found) -
9/5_20:30_4e              34747414084          ENVIADO      recordatorio FALLIDO (chat_input_not_found) -
9/5_19:00_4e              34675651585          ENVIADO      recordatorio FALLIDO (chat_input_not_found) -
10/5_17:30_maf            34722714718          ENVIADO      recordatorio FALLIDO (chat_input_not_found) -
10/5_17:30_4e             34653197010          ENVIADO      recordatorio FALLIDO (chat_input_not_found) -

[2026-05-14 17:38:51] POSITIVO | Fotos nuevas: 0 | Envios OK: 0 | Envios FAIL: 0 | Reviews negativas: 0 | Fotos borradas: 0

=== SESIÓN 17:39-17:40 (14/05/2026) ===
RESERVA                   TELÉFONO             ESTADO       RESPUESTA                 REVIEW
-----------------------------------------------------------------------------------------------
9/5_14:30_maf             34665976040          ENVIADO      recordatorio FALLIDO (chat_input_not_found) -
9/5_19:00_maf/csi         34%C2%A0628%C2%A061%C2%A027%C2%A078%E2%80%AC ENVIADO      recordatorio FALLIDO (chat_input_not_found) -
9/5_20:30_4e              34747414084          ENVIADO      recordatorio FALLIDO (chat_input_not_found) -
9/5_19:00_4e              34675651585          ENVIADO      recordatorio FALLIDO (chat_input_not_found) -
10/5_17:30_maf            34722714718          ENVIADO      recordatorio FALLIDO (chat_input_not_found) -
10/5_17:30_4e             34653197010          ENVIADO      recordatorio FALLIDO (chat_input_not_found) -

[2026-05-14 17:40:04] POSITIVO | Fotos nuevas: 0 | Envios OK: 0 | Envios FAIL: 0 | Reviews negativas: 0 | Fotos borradas: 0

=== SESIÓN 17:41-17:41 (14/05/2026) ===
RESERVA                   TELÉFONO             ESTADO       RESPUESTA                 REVIEW
-----------------------------------------------------------------------------------------------
9/5_14:30_maf             34665976040          ENVIADO      recordatorio FALLIDO (chat_input_not_found) -
9/5_19:00_maf/csi         34%C2%A0628%C2%A061%C2%A027%C2%A078%E2%80%AC ENVIADO      recordatorio FALLIDO (chat_input_not_found) -
9/5_20:30_4e              34747414084          ENVIADO      recordatorio FALLIDO (chat_input_not_found) -
9/5_19:00_4e              34675651585          ENVIADO      recordatorio FALLIDO (chat_input_not_found) -
10/5_17:30_maf            34722714718          ENVIADO      recordatorio FALLIDO (chat_input_not_found) -
10/5_17:30_4e             34653197010          ENVIADO      recordatorio FALLIDO (chat_input_not_found) -

[2026-05-14 17:41:28] POSITIVO | Fotos nuevas: 0 | Envios OK: 0 | Envios FAIL: 0 | Reviews negativas: 0 | Fotos borradas: 0

=== SESIÓN 17:39-17:42 (14/05/2026) ===
RESERVA                   TELÉFONO             ESTADO       RESPUESTA                 REVIEW
-----------------------------------------------------------------------------------------------
9/5_14:30_maf             34665976040          ENVIADO      recordatorio FALLIDO (exception: HTTPConnectionPool(host='localhost', port=51422): Max retries exceeded with url: /session/e896f42f7ea49664c6c20d99f2ae20a6/source (Caused by NewConnectionError("HTTPConnection(host='localhost', port=51422): Failed to establish a new connection: [WinError 10061] No connection could be made because the target machine actively refused it"))) -
9/5_19:00_maf/csi         34%C2%A0628%C2%A061%C2%A027%C2%A078%E2%80%AC ENVIADO      recordatorio FALLIDO (exception: HTTPConnectionPool(host='localhost', port=51422): Max retries exceeded with url: /session/e896f42f7ea49664c6c20d99f2ae20a6/source (Caused by NewConnectionError("HTTPConnection(host='localhost', port=51422): Failed to establish a new connection: [WinError 10061] No connection could be made because the target machine actively refused it"))) -
9/5_20:30_4e              34747414084          ENVIADO      recordatorio FALLIDO (exception: HTTPConnectionPool(host='localhost', port=51422): Max retries exceeded with url: /session/e896f42f7ea49664c6c20d99f2ae20a6/source (Caused by NewConnectionError("HTTPConnection(host='localhost', port=51422): Failed to establish a new connection: [WinError 10061] No connection could be made because the target machine actively refused it"))) -
9/5_19:00_4e              34675651585          ENVIADO      recordatorio FALLIDO (exception: HTTPConnectionPool(host='localhost', port=51422): Max retries exceeded with url: /session/e896f42f7ea49664c6c20d99f2ae20a6/source (Caused by NewConnectionError("HTTPConnection(host='localhost', port=51422): Failed to establish a new connection: [WinError 10061] No connection could be made because the target machine actively refused it"))) -
10/5_17:30_maf            34722714718          ENVIADO      recordatorio FALLIDO (exception: HTTPConnectionPool(host='localhost', port=51422): Max retries exceeded with url: /session/e896f42f7ea49664c6c20d99f2ae20a6/source (Caused by NewConnectionError("HTTPConnection(host='localhost', port=51422): Failed to establish a new connection: [WinError 10061] No connection could be made because the target machine actively refused it"))) -
10/5_17:30_4e             34653197010          ENVIADO      recordatorio FALLIDO (exception: HTTPConnectionPool(host='localhost', port=51422): Max retries exceeded with url: /session/e896f42f7ea49664c6c20d99f2ae20a6/source (Caused by NewConnectionError("HTTPConnection(host='localhost', port=51422): Failed to establish a new connection: [WinError 10061] No connection could be made because the target machine actively refused it"))) -

[2026-05-14 17:42:19] POSITIVO | Fotos nuevas: 0 | Envios OK: 0 | Envios FAIL: 0 | Reviews negativas: 0 | Fotos borradas: 0

=== SESIÓN 17:43-17:43 (14/05/2026) ===
RESERVA                   TELÉFONO             ESTADO       RESPUESTA                 REVIEW
-----------------------------------------------------------------------------------------------
9/5_14:30_maf             34665976040          ENVIADO      recordatorio FALLIDO (chat_input_not_found) -
9/5_19:00_maf/csi         34%C2%A0628%C2%A061%C2%A027%C2%A078%E2%80%AC ENVIADO      recordatorio FALLIDO (chat_input_not_found) -
9/5_20:30_4e              34747414084          ENVIADO      recordatorio FALLIDO (chat_input_not_found) -
9/5_19:00_4e              34675651585          ENVIADO      recordatorio FALLIDO (chat_input_not_found) -
10/5_17:30_maf            34722714718          ENVIADO      recordatorio FALLIDO (chat_input_not_found) -
10/5_17:30_4e             34653197010          ENVIADO      recordatorio FALLIDO (chat_input_not_found) -

[2026-05-14 17:43:43] POSITIVO | Fotos nuevas: 0 | Envios OK: 0 | Envios FAIL: 0 | Reviews negativas: 0 | Fotos borradas: 0

=== SESIÓN 17:44-17:45 (14/05/2026) ===
RESERVA                   TELÉFONO             ESTADO       RESPUESTA                 REVIEW
-----------------------------------------------------------------------------------------------
9/5_14:30_maf             34665976040          ENVIADO      recordatorio FALLIDO (chat_input_not_found) -
9/5_19:00_maf/csi         34%C2%A0628%C2%A061%C2%A027%C2%A078%E2%80%AC ENVIADO      recordatorio FALLIDO (chat_input_not_found) -
9/5_20:30_4e              34747414084          ENVIADO      recordatorio FALLIDO (chat_input_not_found) -
9/5_19:00_4e              34675651585          ENVIADO      recordatorio FALLIDO (chat_input_not_found) -
10/5_17:30_maf            34722714718          ENVIADO      recordatorio FALLIDO (chat_input_not_found) -
10/5_17:30_4e             34653197010          ENVIADO      recordatorio FALLIDO (chat_input_not_found) -

[2026-05-14 17:45:03] POSITIVO | Fotos nuevas: 0 | Envios OK: 0 | Envios FAIL: 0 | Reviews negativas: 0 | Fotos borradas: 0

=== SESIÓN 17:46-17:46 (14/05/2026) ===
RESERVA                   TELÉFONO             ESTADO       RESPUESTA                 REVIEW
-----------------------------------------------------------------------------------------------
9/5_14:30_maf             34665976040          ENVIADO      recordatorio FALLIDO (chat_input_not_found) -
9/5_19:00_maf/csi         34%C2%A0628%C2%A061%C2%A027%C2%A078%E2%80%AC ENVIADO      recordatorio FALLIDO (chat_input_not_found) -
9/5_20:30_4e              34747414084          ENVIADO      recordatorio FALLIDO (chat_input_not_found) -
9/5_19:00_4e              34675651585          ENVIADO      recordatorio FALLIDO (chat_input_not_found) -
10/5_17:30_maf            34722714718          ENVIADO      recordatorio FALLIDO (chat_input_not_found) -
10/5_17:30_4e             34653197010          ENVIADO      recordatorio FALLIDO (chat_input_not_found) -

[2026-05-14 17:46:22] POSITIVO | Fotos nuevas: 0 | Envios OK: 0 | Envios FAIL: 0 | Reviews negativas: 0 | Fotos borradas: 0

=== SESIÓN 17:47-17:47 (14/05/2026) ===
RESERVA                   TELÉFONO             ESTADO       RESPUESTA                 REVIEW
-----------------------------------------------------------------------------------------------
9/5_14:30_maf             34665976040          ENVIADO      recordatorio FALLIDO (chat_input_not_found) -
9/5_19:00_maf/csi         34%C2%A0628%C2%A061%C2%A027%C2%A078%E2%80%AC ENVIADO      recordatorio FALLIDO (chat_input_not_found) -
9/5_20:30_4e              34747414084          ENVIADO      recordatorio FALLIDO (chat_input_not_found) -
9/5_19:00_4e              34675651585          ENVIADO      recordatorio FALLIDO (chat_input_not_found) -
10/5_17:30_maf            34722714718          ENVIADO      recordatorio FALLIDO (chat_input_not_found) -
10/5_17:30_4e             34653197010          ENVIADO      recordatorio FALLIDO (chat_input_not_found) -

[2026-05-14 17:47:42] POSITIVO | Fotos nuevas: 0 | Envios OK: 0 | Envios FAIL: 0 | Reviews negativas: 0 | Fotos borradas: 0

=== SESIÓN 17:45-17:48 (14/05/2026) ===
RESERVA                   TELÉFONO             ESTADO       RESPUESTA                 REVIEW
-----------------------------------------------------------------------------------------------
9/5_14:30_maf             34665976040          ENVIADO      recordatorio FALLIDO (exception: HTTPConnectionPool(host='localhost', port=52099): Max retries exceeded with url: /session/b65662e5b55038885a9a2d2b214d3b26/source (Caused by NewConnectionError("HTTPConnection(host='localhost', port=52099): Failed to establish a new connection: [WinError 10061] No connection could be made because the target machine actively refused it"))) -
9/5_19:00_maf/csi         34%C2%A0628%C2%A061%C2%A027%C2%A078%E2%80%AC ENVIADO      recordatorio FALLIDO (exception: HTTPConnectionPool(host='localhost', port=52099): Max retries exceeded with url: /session/b65662e5b55038885a9a2d2b214d3b26/source (Caused by NewConnectionError("HTTPConnection(host='localhost', port=52099): Failed to establish a new connection: [WinError 10061] No connection could be made because the target machine actively refused it"))) -
9/5_20:30_4e              34747414084          ENVIADO      recordatorio FALLIDO (exception: HTTPConnectionPool(host='localhost', port=52099): Max retries exceeded with url: /session/b65662e5b55038885a9a2d2b214d3b26/source (Caused by NewConnectionError("HTTPConnection(host='localhost', port=52099): Failed to establish a new connection: [WinError 10061] No connection could be made because the target machine actively refused it"))) -
9/5_19:00_4e              34675651585          ENVIADO      recordatorio FALLIDO (exception: HTTPConnectionPool(host='localhost', port=52099): Max retries exceeded with url: /session/b65662e5b55038885a9a2d2b214d3b26/source (Caused by NewConnectionError("HTTPConnection(host='localhost', port=52099): Failed to establish a new connection: [WinError 10061] No connection could be made because the target machine actively refused it"))) -
10/5_17:30_maf            34722714718          ENVIADO      recordatorio FALLIDO (exception: HTTPConnectionPool(host='localhost', port=52099): Max retries exceeded with url: /session/b65662e5b55038885a9a2d2b214d3b26/source (Caused by NewConnectionError("HTTPConnection(host='localhost', port=52099): Failed to establish a new connection: [WinError 10061] No connection could be made because the target machine actively refused it"))) -
10/5_17:30_4e             34653197010          ENVIADO      recordatorio FALLIDO (exception: HTTPConnectionPool(host='localhost', port=52099): Max retries exceeded with url: /session/b65662e5b55038885a9a2d2b214d3b26/source (Caused by NewConnectionError("HTTPConnection(host='localhost', port=52099): Failed to establish a new connection: [WinError 10061] No connection could be made because the target machine actively refused it"))) -

[2026-05-14 17:48:05] POSITIVO | Fotos nuevas: 0 | Envios OK: 0 | Envios FAIL: 0 | Reviews negativas: 0 | Fotos borradas: 0

=== SESIÓN 17:48-17:48 (14/05/2026) ===
RESERVA                   TELÉFONO             ESTADO       RESPUESTA                 REVIEW
-----------------------------------------------------------------------------------------------
9/5_14:30_maf             34665976040          ENVIADO      recordatorio FALLIDO (exception: Message: invalid session id; For documentation on this error, please visit: https://www.selenium.dev/documentation/webdriver/troubleshooting/errors#invalidsessionidexception
Stacktrace:
	chromedriver!GetHandleVerifier [0x4eb373+10553]
	chromedriver!GetHandleVerifier [0x4eb4a4+10684]
	chromedriver!(No symbol) [0x2f1c4e]
	chromedriver!(No symbol) [0x32f2c5]
	chromedriver!(No symbol) [0x35d726]
	chromedriver!(No symbol) [0x358c62]
	chromedriver!(No symbol) [0x358281]
	chromedriver!(No symbol) [0x2c501e]
	chromedriver!(No symbol) [0x2c55be]
	chromedriver!(No symbol) [0x2c5a9d]
	chromedriver!GetHandleVerifier [0x76ddb4+292f94]
	chromedriver!GetHandleVerifier [0x76937d+28e55d]
	chromedriver!GetHandleVerifier [0x788215+2ad3f5]
	chromedriver!GetHandleVerifier [0x504c18+29df8]
	chromedriver!GetHandleVerifier [0x50c6fd+318dd]
	chromedriver!(No symbol) [0x2c4b99]
	chromedriver!(No symbol) [0x2c41e0]
	chromedriver!GetHandleVerifier [0x8d2bef+3f7dcf]
	KERNEL32!BaseThreadInitThunk [0x765562c4+24]
	ntdll!RtlSubscribeWnfStateChangeNotification [0x770a0aa9+439]
	ntdll!RtlSubscribeWnfStateChangeNotification [0x770a0a74+404]
) -
9/5_19:00_maf/csi         34%C2%A0628%C2%A061%C2%A027%C2%A078%E2%80%AC ENVIADO      recordatorio FALLIDO (exception: Message: invalid session id; For documentation on this error, please visit: https://www.selenium.dev/documentation/webdriver/troubleshooting/errors#invalidsessionidexception
Stacktrace:
	chromedriver!GetHandleVerifier [0x4eb373+10553]
	chromedriver!GetHandleVerifier [0x4eb4a4+10684]
	chromedriver!(No symbol) [0x2f1c4e]
	chromedriver!(No symbol) [0x32f2c5]
	chromedriver!(No symbol) [0x35d726]
	chromedriver!(No symbol) [0x358c62]
	chromedriver!(No symbol) [0x358281]
	chromedriver!(No symbol) [0x2c501e]
	chromedriver!(No symbol) [0x2c55be]
	chromedriver!(No symbol) [0x2c5a9d]
	chromedriver!GetHandleVerifier [0x76ddb4+292f94]
	chromedriver!GetHandleVerifier [0x76937d+28e55d]
	chromedriver!GetHandleVerifier [0x788215+2ad3f5]
	chromedriver!GetHandleVerifier [0x504c18+29df8]
	chromedriver!GetHandleVerifier [0x50c6fd+318dd]
	chromedriver!(No symbol) [0x2c4b99]
	chromedriver!(No symbol) [0x2c41e0]
	chromedriver!GetHandleVerifier [0x8d2bef+3f7dcf]
	KERNEL32!BaseThreadInitThunk [0x765562c4+24]
	ntdll!RtlSubscribeWnfStateChangeNotification [0x770a0aa9+439]
	ntdll!RtlSubscribeWnfStateChangeNotification [0x770a0a74+404]
) -
9/5_20:30_4e              34747414084          ENVIADO      recordatorio FALLIDO (exception: Message: invalid session id; For documentation on this error, please visit: https://www.selenium.dev/documentation/webdriver/troubleshooting/errors#invalidsessionidexception
Stacktrace:
	chromedriver!GetHandleVerifier [0x4eb373+10553]
	chromedriver!GetHandleVerifier [0x4eb4a4+10684]
	chromedriver!(No symbol) [0x2f1c4e]
	chromedriver!(No symbol) [0x32f2c5]
	chromedriver!(No symbol) [0x35d726]
	chromedriver!(No symbol) [0x358c62]
	chromedriver!(No symbol) [0x358281]
	chromedriver!(No symbol) [0x2c501e]
	chromedriver!(No symbol) [0x2c55be]
	chromedriver!(No symbol) [0x2c5a9d]
	chromedriver!GetHandleVerifier [0x76ddb4+292f94]
	chromedriver!GetHandleVerifier [0x76937d+28e55d]
	chromedriver!GetHandleVerifier [0x788215+2ad3f5]
	chromedriver!GetHandleVerifier [0x504c18+29df8]
	chromedriver!GetHandleVerifier [0x50c6fd+318dd]
	chromedriver!(No symbol) [0x2c4b99]
	chromedriver!(No symbol) [0x2c41e0]
	chromedriver!GetHandleVerifier [0x8d2bef+3f7dcf]
	KERNEL32!BaseThreadInitThunk [0x765562c4+24]
	ntdll!RtlSubscribeWnfStateChangeNotification [0x770a0aa9+439]
	ntdll!RtlSubscribeWnfStateChangeNotification [0x770a0a74+404]
) -
9/5_19:00_4e              34675651585          ENVIADO      recordatorio FALLIDO (exception: Message: invalid session id; For documentation on this error, please visit: https://www.selenium.dev/documentation/webdriver/troubleshooting/errors#invalidsessionidexception
Stacktrace:
	chromedriver!GetHandleVerifier [0x4eb373+10553]
	chromedriver!GetHandleVerifier [0x4eb4a4+10684]
	chromedriver!(No symbol) [0x2f1c4e]
	chromedriver!(No symbol) [0x32f2c5]
	chromedriver!(No symbol) [0x35d726]
	chromedriver!(No symbol) [0x358c62]
	chromedriver!(No symbol) [0x358281]
	chromedriver!(No symbol) [0x2c501e]
	chromedriver!(No symbol) [0x2c55be]
	chromedriver!(No symbol) [0x2c5a9d]
	chromedriver!GetHandleVerifier [0x76ddb4+292f94]
	chromedriver!GetHandleVerifier [0x76937d+28e55d]
	chromedriver!GetHandleVerifier [0x788215+2ad3f5]
	chromedriver!GetHandleVerifier [0x504c18+29df8]
	chromedriver!GetHandleVerifier [0x50c6fd+318dd]
	chromedriver!(No symbol) [0x2c4b99]
	chromedriver!(No symbol) [0x2c41e0]
	chromedriver!GetHandleVerifier [0x8d2bef+3f7dcf]
	KERNEL32!BaseThreadInitThunk [0x765562c4+24]
	ntdll!RtlSubscribeWnfStateChangeNotification [0x770a0aa9+439]
	ntdll!RtlSubscribeWnfStateChangeNotification [0x770a0a74+404]
) -
10/5_17:30_maf            34722714718          ENVIADO      recordatorio FALLIDO (exception: Message: invalid session id; For documentation on this error, please visit: https://www.selenium.dev/documentation/webdriver/troubleshooting/errors#invalidsessionidexception
Stacktrace:
	chromedriver!GetHandleVerifier [0x4eb373+10553]
	chromedriver!GetHandleVerifier [0x4eb4a4+10684]
	chromedriver!(No symbol) [0x2f1c4e]
	chromedriver!(No symbol) [0x32f2c5]
	chromedriver!(No symbol) [0x35d726]
	chromedriver!(No symbol) [0x358c62]
	chromedriver!(No symbol) [0x358281]
	chromedriver!(No symbol) [0x2c501e]
	chromedriver!(No symbol) [0x2c55be]
	chromedriver!(No symbol) [0x2c5a9d]
	chromedriver!GetHandleVerifier [0x76ddb4+292f94]
	chromedriver!GetHandleVerifier [0x76937d+28e55d]
	chromedriver!GetHandleVerifier [0x788215+2ad3f5]
	chromedriver!GetHandleVerifier [0x504c18+29df8]
	chromedriver!GetHandleVerifier [0x50c6fd+318dd]
	chromedriver!(No symbol) [0x2c4b99]
	chromedriver!(No symbol) [0x2c41e0]
	chromedriver!GetHandleVerifier [0x8d2bef+3f7dcf]
	KERNEL32!BaseThreadInitThunk [0x765562c4+24]
	ntdll!RtlSubscribeWnfStateChangeNotification [0x770a0aa9+439]
	ntdll!RtlSubscribeWnfStateChangeNotification [0x770a0a74+404]
) -
10/5_17:30_4e             34653197010          ENVIADO      recordatorio FALLIDO (exception: Message: invalid session id; For documentation on this error, please visit: https://www.selenium.dev/documentation/webdriver/troubleshooting/errors#invalidsessionidexception
Stacktrace:
	chromedriver!GetHandleVerifier [0x4eb373+10553]
	chromedriver!GetHandleVerifier [0x4eb4a4+10684]
	chromedriver!(No symbol) [0x2f1c4e]
	chromedriver!(No symbol) [0x32f2c5]
	chromedriver!(No symbol) [0x35d726]
	chromedriver!(No symbol) [0x358c62]
	chromedriver!(No symbol) [0x358281]
	chromedriver!(No symbol) [0x2c501e]
	chromedriver!(No symbol) [0x2c55be]
	chromedriver!(No symbol) [0x2c5a9d]
	chromedriver!GetHandleVerifier [0x76ddb4+292f94]
	chromedriver!GetHandleVerifier [0x76937d+28e55d]
	chromedriver!GetHandleVerifier [0x788215+2ad3f5]
	chromedriver!GetHandleVerifier [0x504c18+29df8]
	chromedriver!GetHandleVerifier [0x50c6fd+318dd]
	chromedriver!(No symbol) [0x2c4b99]
	chromedriver!(No symbol) [0x2c41e0]
	chromedriver!GetHandleVerifier [0x8d2bef+3f7dcf]
	KERNEL32!BaseThreadInitThunk [0x765562c4+24]
	ntdll!RtlSubscribeWnfStateChangeNotification [0x770a0aa9+439]
	ntdll!RtlSubscribeWnfStateChangeNotification [0x770a0a74+404]
) -

[2026-05-14 17:48:52] POSITIVO | Fotos nuevas: 0 | Envios OK: 0 | Envios FAIL: 0 | Reviews negativas: 0 | Fotos borradas: 0

=== SESIÓN 17:50-17:50 (14/05/2026) ===
RESERVA                   TELÉFONO             ESTADO       RESPUESTA                 REVIEW
-----------------------------------------------------------------------------------------------
9/5_14:30_maf             34665976040          ENVIADO      recordatorio FALLIDO (chat_input_not_found) -
9/5_19:00_maf/csi         34%C2%A0628%C2%A061%C2%A027%C2%A078%E2%80%AC ENVIADO      recordatorio FALLIDO (chat_input_not_found) -
9/5_20:30_4e              34747414084          ENVIADO      recordatorio FALLIDO (chat_input_not_found) -
9/5_19:00_4e              34675651585          ENVIADO      recordatorio FALLIDO (chat_input_not_found) -
10/5_17:30_maf            34722714718          ENVIADO      recordatorio FALLIDO (chat_input_not_found) -
10/5_17:30_4e             34653197010          ENVIADO      recordatorio FALLIDO (chat_input_not_found) -

[2026-05-14 17:50:47] POSITIVO | Fotos nuevas: 0 | Envios OK: 0 | Envios FAIL: 0 | Reviews negativas: 0 | Fotos borradas: 0
[2026-05-14 17:51:08] NEGATIVO | WhatsApp no conectado (QR visible) — ciclo abortado

=== SESIÓN 17:51-17:51 (14/05/2026) ===
RESERVA                   TELÉFONO             ESTADO       RESPUESTA                 REVIEW
-----------------------------------------------------------------------------------------------
9/5_14:30_maf             34665976040          ENVIADO      recordatorio FALLIDO (exception: Message: invalid session id; For documentation on this error, please visit: https://www.selenium.dev/documentation/webdriver/troubleshooting/errors#invalidsessionidexception
Stacktrace:
	chromedriver!GetHandleVerifier [0x4eb373+10553]
	chromedriver!GetHandleVerifier [0x4eb4a4+10684]
	chromedriver!(No symbol) [0x2f1c4e]
	chromedriver!(No symbol) [0x32f2c5]
	chromedriver!(No symbol) [0x35d726]
	chromedriver!(No symbol) [0x358c62]
	chromedriver!(No symbol) [0x358281]
	chromedriver!(No symbol) [0x2c501e]
	chromedriver!(No symbol) [0x2c55be]
	chromedriver!(No symbol) [0x2c5a9d]
	chromedriver!GetHandleVerifier [0x76ddb4+292f94]
	chromedriver!GetHandleVerifier [0x76937d+28e55d]
	chromedriver!GetHandleVerifier [0x788215+2ad3f5]
	chromedriver!GetHandleVerifier [0x504c18+29df8]
	chromedriver!GetHandleVerifier [0x50c6fd+318dd]
	chromedriver!(No symbol) [0x2c4b99]
	chromedriver!(No symbol) [0x2c41e0]
	chromedriver!GetHandleVerifier [0x8d2bef+3f7dcf]
	KERNEL32!BaseThreadInitThunk [0x765562c4+24]
	ntdll!RtlSubscribeWnfStateChangeNotification [0x770a0aa9+439]
	ntdll!RtlSubscribeWnfStateChangeNotification [0x770a0a74+404]
) -
9/5_19:00_maf/csi         34%C2%A0628%C2%A061%C2%A027%C2%A078%E2%80%AC ENVIADO      recordatorio FALLIDO (exception: Message: invalid session id; For documentation on this error, please visit: https://www.selenium.dev/documentation/webdriver/troubleshooting/errors#invalidsessionidexception
Stacktrace:
	chromedriver!GetHandleVerifier [0x4eb373+10553]
	chromedriver!GetHandleVerifier [0x4eb4a4+10684]
	chromedriver!(No symbol) [0x2f1c4e]
	chromedriver!(No symbol) [0x32f2c5]
	chromedriver!(No symbol) [0x35d726]
	chromedriver!(No symbol) [0x358c62]
	chromedriver!(No symbol) [0x358281]
	chromedriver!(No symbol) [0x2c501e]
	chromedriver!(No symbol) [0x2c55be]
	chromedriver!(No symbol) [0x2c5a9d]
	chromedriver!GetHandleVerifier [0x76ddb4+292f94]
	chromedriver!GetHandleVerifier [0x76937d+28e55d]
	chromedriver!GetHandleVerifier [0x788215+2ad3f5]
	chromedriver!GetHandleVerifier [0x504c18+29df8]
	chromedriver!GetHandleVerifier [0x50c6fd+318dd]
	chromedriver!(No symbol) [0x2c4b99]
	chromedriver!(No symbol) [0x2c41e0]
	chromedriver!GetHandleVerifier [0x8d2bef+3f7dcf]
	KERNEL32!BaseThreadInitThunk [0x765562c4+24]
	ntdll!RtlSubscribeWnfStateChangeNotification [0x770a0aa9+439]
	ntdll!RtlSubscribeWnfStateChangeNotification [0x770a0a74+404]
) -
9/5_20:30_4e              34747414084          ENVIADO      recordatorio FALLIDO (exception: Message: invalid session id; For documentation on this error, please visit: https://www.selenium.dev/documentation/webdriver/troubleshooting/errors#invalidsessionidexception
Stacktrace:
	chromedriver!GetHandleVerifier [0x4eb373+10553]
	chromedriver!GetHandleVerifier [0x4eb4a4+10684]
	chromedriver!(No symbol) [0x2f1c4e]
	chromedriver!(No symbol) [0x32f2c5]
	chromedriver!(No symbol) [0x35d726]
	chromedriver!(No symbol) [0x358c62]
	chromedriver!(No symbol) [0x358281]
	chromedriver!(No symbol) [0x2c501e]
	chromedriver!(No symbol) [0x2c55be]
	chromedriver!(No symbol) [0x2c5a9d]
	chromedriver!GetHandleVerifier [0x76ddb4+292f94]
	chromedriver!GetHandleVerifier [0x76937d+28e55d]
	chromedriver!GetHandleVerifier [0x788215+2ad3f5]
	chromedriver!GetHandleVerifier [0x504c18+29df8]
	chromedriver!GetHandleVerifier [0x50c6fd+318dd]
	chromedriver!(No symbol) [0x2c4b99]
	chromedriver!(No symbol) [0x2c41e0]
	chromedriver!GetHandleVerifier [0x8d2bef+3f7dcf]
	KERNEL32!BaseThreadInitThunk [0x765562c4+24]
	ntdll!RtlSubscribeWnfStateChangeNotification [0x770a0aa9+439]
	ntdll!RtlSubscribeWnfStateChangeNotification [0x770a0a74+404]
) -
9/5_19:00_4e              34675651585          ENVIADO      recordatorio FALLIDO (exception: Message: invalid session id; For documentation on this error, please visit: https://www.selenium.dev/documentation/webdriver/troubleshooting/errors#invalidsessionidexception
Stacktrace:
	chromedriver!GetHandleVerifier [0x4eb373+10553]
	chromedriver!GetHandleVerifier [0x4eb4a4+10684]
	chromedriver!(No symbol) [0x2f1c4e]
	chromedriver!(No symbol) [0x32f2c5]
	chromedriver!(No symbol) [0x35d726]
	chromedriver!(No symbol) [0x358c62]
	chromedriver!(No symbol) [0x358281]
	chromedriver!(No symbol) [0x2c501e]
	chromedriver!(No symbol) [0x2c55be]
	chromedriver!(No symbol) [0x2c5a9d]
	chromedriver!GetHandleVerifier [0x76ddb4+292f94]
	chromedriver!GetHandleVerifier [0x76937d+28e55d]
	chromedriver!GetHandleVerifier [0x788215+2ad3f5]
	chromedriver!GetHandleVerifier [0x504c18+29df8]
	chromedriver!GetHandleVerifier [0x50c6fd+318dd]
	chromedriver!(No symbol) [0x2c4b99]
	chromedriver!(No symbol) [0x2c41e0]
	chromedriver!GetHandleVerifier [0x8d2bef+3f7dcf]
	KERNEL32!BaseThreadInitThunk [0x765562c4+24]
	ntdll!RtlSubscribeWnfStateChangeNotification [0x770a0aa9+439]
	ntdll!RtlSubscribeWnfStateChangeNotification [0x770a0a74+404]
) -
10/5_17:30_maf            34722714718          ENVIADO      recordatorio FALLIDO (exception: Message: invalid session id; For documentation on this error, please visit: https://www.selenium.dev/documentation/webdriver/troubleshooting/errors#invalidsessionidexception
Stacktrace:
	chromedriver!GetHandleVerifier [0x4eb373+10553]
	chromedriver!GetHandleVerifier [0x4eb4a4+10684]
	chromedriver!(No symbol) [0x2f1c4e]
	chromedriver!(No symbol) [0x32f2c5]
	chromedriver!(No symbol) [0x35d726]
	chromedriver!(No symbol) [0x358c62]
	chromedriver!(No symbol) [0x358281]
	chromedriver!(No symbol) [0x2c501e]
	chromedriver!(No symbol) [0x2c55be]
	chromedriver!(No symbol) [0x2c5a9d]
	chromedriver!GetHandleVerifier [0x76ddb4+292f94]
	chromedriver!GetHandleVerifier [0x76937d+28e55d]
	chromedriver!GetHandleVerifier [0x788215+2ad3f5]
	chromedriver!GetHandleVerifier [0x504c18+29df8]
	chromedriver!GetHandleVerifier [0x50c6fd+318dd]
	chromedriver!(No symbol) [0x2c4b99]
	chromedriver!(No symbol) [0x2c41e0]
	chromedriver!GetHandleVerifier [0x8d2bef+3f7dcf]
	KERNEL32!BaseThreadInitThunk [0x765562c4+24]
	ntdll!RtlSubscribeWnfStateChangeNotification [0x770a0aa9+439]
	ntdll!RtlSubscribeWnfStateChangeNotification [0x770a0a74+404]
) -
10/5_17:30_4e             34653197010          ENVIADO      recordatorio FALLIDO (exception: Message: invalid session id; For documentation on this error, please visit: https://www.selenium.dev/documentation/webdriver/troubleshooting/errors#invalidsessionidexception
Stacktrace:
	chromedriver!GetHandleVerifier [0x4eb373+10553]
	chromedriver!GetHandleVerifier [0x4eb4a4+10684]
	chromedriver!(No symbol) [0x2f1c4e]
	chromedriver!(No symbol) [0x32f2c5]
	chromedriver!(No symbol) [0x35d726]
	chromedriver!(No symbol) [0x358c62]
	chromedriver!(No symbol) [0x358281]
	chromedriver!(No symbol) [0x2c501e]
	chromedriver!(No symbol) [0x2c55be]
	chromedriver!(No symbol) [0x2c5a9d]
	chromedriver!GetHandleVerifier [0x76ddb4+292f94]
	chromedriver!GetHandleVerifier [0x76937d+28e55d]
	chromedriver!GetHandleVerifier [0x788215+2ad3f5]
	chromedriver!GetHandleVerifier [0x504c18+29df8]
	chromedriver!GetHandleVerifier [0x50c6fd+318dd]
	chromedriver!(No symbol) [0x2c4b99]
	chromedriver!(No symbol) [0x2c41e0]
	chromedriver!GetHandleVerifier [0x8d2bef+3f7dcf]
	KERNEL32!BaseThreadInitThunk [0x765562c4+24]
	ntdll!RtlSubscribeWnfStateChangeNotification [0x770a0aa9+439]
	ntdll!RtlSubscribeWnfStateChangeNotification [0x770a0a74+404]
) -

[2026-05-14 17:51:56] POSITIVO | Fotos nuevas: 0 | Envios OK: 0 | Envios FAIL: 0 | Reviews negativas: 0 | Fotos borradas: 0

=== SESIÓN 17:53-17:53 (14/05/2026) ===
RESERVA                   TELÉFONO             ESTADO       RESPUESTA                 REVIEW
-----------------------------------------------------------------------------------------------
9/5_14:30_maf             34665976040          ENVIADO      recordatorio FALLIDO (chat_input_not_found) -
9/5_19:00_maf/csi         34%C2%A0628%C2%A061%C2%A027%C2%A078%E2%80%AC ENVIADO      recordatorio FALLIDO (chat_input_not_found) -
9/5_20:30_4e              34747414084          ENVIADO      recordatorio FALLIDO (chat_input_not_found) -
9/5_19:00_4e              34675651585          ENVIADO      recordatorio FALLIDO (chat_input_not_found) -
10/5_17:30_maf            34722714718          ENVIADO      recordatorio FALLIDO (chat_input_not_found) -
10/5_17:30_4e             34653197010          ENVIADO      recordatorio FALLIDO (chat_input_not_found) -

[2026-05-14 17:53:59] POSITIVO | Fotos nuevas: 0 | Envios OK: 0 | Envios FAIL: 0 | Reviews negativas: 0 | Fotos borradas: 0
[2026-05-14 17:54:20] NEGATIVO | WhatsApp no conectado (QR visible) — ciclo abortado

=== SESIÓN 17:55-17:55 (14/05/2026) ===
RESERVA                   TELÉFONO             ESTADO       RESPUESTA                 REVIEW
-----------------------------------------------------------------------------------------------
9/5_14:30_maf             34665976040          ENVIADO      recordatorio FALLIDO (exception: Message: invalid session id; For documentation on this error, please visit: https://www.selenium.dev/documentation/webdriver/troubleshooting/errors#invalidsessionidexception
Stacktrace:
	chromedriver!GetHandleVerifier [0x4eb373+10553]
	chromedriver!GetHandleVerifier [0x4eb4a4+10684]
	chromedriver!(No symbol) [0x2f1c4e]
	chromedriver!(No symbol) [0x32f2c5]
	chromedriver!(No symbol) [0x35d726]
	chromedriver!(No symbol) [0x358c62]
	chromedriver!(No symbol) [0x358281]
	chromedriver!(No symbol) [0x2c501e]
	chromedriver!(No symbol) [0x2c55be]
	chromedriver!(No symbol) [0x2c5a9d]
	chromedriver!GetHandleVerifier [0x76ddb4+292f94]
	chromedriver!GetHandleVerifier [0x76937d+28e55d]
	chromedriver!GetHandleVerifier [0x788215+2ad3f5]
	chromedriver!GetHandleVerifier [0x504c18+29df8]
	chromedriver!GetHandleVerifier [0x50c6fd+318dd]
	chromedriver!(No symbol) [0x2c4b99]
	chromedriver!(No symbol) [0x2c41e0]
	chromedriver!GetHandleVerifier [0x8d2bef+3f7dcf]
	KERNEL32!BaseThreadInitThunk [0x765562c4+24]
	ntdll!RtlSubscribeWnfStateChangeNotification [0x770a0aa9+439]
	ntdll!RtlSubscribeWnfStateChangeNotification [0x770a0a74+404]
) -
9/5_19:00_maf/csi         34%C2%A0628%C2%A061%C2%A027%C2%A078%E2%80%AC ENVIADO      recordatorio FALLIDO (exception: Message: invalid session id; For documentation on this error, please visit: https://www.selenium.dev/documentation/webdriver/troubleshooting/errors#invalidsessionidexception
Stacktrace:
	chromedriver!GetHandleVerifier [0x4eb373+10553]
	chromedriver!GetHandleVerifier [0x4eb4a4+10684]
	chromedriver!(No symbol) [0x2f1c4e]
	chromedriver!(No symbol) [0x32f2c5]
	chromedriver!(No symbol) [0x35d726]
	chromedriver!(No symbol) [0x358c62]
	chromedriver!(No symbol) [0x358281]
	chromedriver!(No symbol) [0x2c501e]
	chromedriver!(No symbol) [0x2c55be]
	chromedriver!(No symbol) [0x2c5a9d]
	chromedriver!GetHandleVerifier [0x76ddb4+292f94]
	chromedriver!GetHandleVerifier [0x76937d+28e55d]
	chromedriver!GetHandleVerifier [0x788215+2ad3f5]
	chromedriver!GetHandleVerifier [0x504c18+29df8]
	chromedriver!GetHandleVerifier [0x50c6fd+318dd]
	chromedriver!(No symbol) [0x2c4b99]
	chromedriver!(No symbol) [0x2c41e0]
	chromedriver!GetHandleVerifier [0x8d2bef+3f7dcf]
	KERNEL32!BaseThreadInitThunk [0x765562c4+24]
	ntdll!RtlSubscribeWnfStateChangeNotification [0x770a0aa9+439]
	ntdll!RtlSubscribeWnfStateChangeNotification [0x770a0a74+404]
) -
9/5_20:30_4e              34747414084          ENVIADO      recordatorio FALLIDO (exception: Message: invalid session id; For documentation on this error, please visit: https://www.selenium.dev/documentation/webdriver/troubleshooting/errors#invalidsessionidexception
Stacktrace:
	chromedriver!GetHandleVerifier [0x4eb373+10553]
	chromedriver!GetHandleVerifier [0x4eb4a4+10684]
	chromedriver!(No symbol) [0x2f1c4e]
	chromedriver!(No symbol) [0x32f2c5]
	chromedriver!(No symbol) [0x35d726]
	chromedriver!(No symbol) [0x358c62]
	chromedriver!(No symbol) [0x358281]
	chromedriver!(No symbol) [0x2c501e]
	chromedriver!(No symbol) [0x2c55be]
	chromedriver!(No symbol) [0x2c5a9d]
	chromedriver!GetHandleVerifier [0x76ddb4+292f94]
	chromedriver!GetHandleVerifier [0x76937d+28e55d]
	chromedriver!GetHandleVerifier [0x788215+2ad3f5]
	chromedriver!GetHandleVerifier [0x504c18+29df8]
	chromedriver!GetHandleVerifier [0x50c6fd+318dd]
	chromedriver!(No symbol) [0x2c4b99]
	chromedriver!(No symbol) [0x2c41e0]
	chromedriver!GetHandleVerifier [0x8d2bef+3f7dcf]
	KERNEL32!BaseThreadInitThunk [0x765562c4+24]
	ntdll!RtlSubscribeWnfStateChangeNotification [0x770a0aa9+439]
	ntdll!RtlSubscribeWnfStateChangeNotification [0x770a0a74+404]
) -
9/5_19:00_4e              34675651585          ENVIADO      recordatorio FALLIDO (exception: Message: invalid session id; For documentation on this error, please visit: https://www.selenium.dev/documentation/webdriver/troubleshooting/errors#invalidsessionidexception
Stacktrace:
	chromedriver!GetHandleVerifier [0x4eb373+10553]
	chromedriver!GetHandleVerifier [0x4eb4a4+10684]
	chromedriver!(No symbol) [0x2f1c4e]
	chromedriver!(No symbol) [0x32f2c5]
	chromedriver!(No symbol) [0x35d726]
	chromedriver!(No symbol) [0x358c62]
	chromedriver!(No symbol) [0x358281]
	chromedriver!(No symbol) [0x2c501e]
	chromedriver!(No symbol) [0x2c55be]
	chromedriver!(No symbol) [0x2c5a9d]
	chromedriver!GetHandleVerifier [0x76ddb4+292f94]
	chromedriver!GetHandleVerifier [0x76937d+28e55d]
	chromedriver!GetHandleVerifier [0x788215+2ad3f5]
	chromedriver!GetHandleVerifier [0x504c18+29df8]
	chromedriver!GetHandleVerifier [0x50c6fd+318dd]
	chromedriver!(No symbol) [0x2c4b99]
	chromedriver!(No symbol) [0x2c41e0]
	chromedriver!GetHandleVerifier [0x8d2bef+3f7dcf]
	KERNEL32!BaseThreadInitThunk [0x765562c4+24]
	ntdll!RtlSubscribeWnfStateChangeNotification [0x770a0aa9+439]
	ntdll!RtlSubscribeWnfStateChangeNotification [0x770a0a74+404]
) -
10/5_17:30_maf            34722714718          ENVIADO      recordatorio FALLIDO (exception: Message: invalid session id; For documentation on this error, please visit: https://www.selenium.dev/documentation/webdriver/troubleshooting/errors#invalidsessionidexception
Stacktrace:
	chromedriver!GetHandleVerifier [0x4eb373+10553]
	chromedriver!GetHandleVerifier [0x4eb4a4+10684]
	chromedriver!(No symbol) [0x2f1c4e]
	chromedriver!(No symbol) [0x32f2c5]
	chromedriver!(No symbol) [0x35d726]
	chromedriver!(No symbol) [0x358c62]
	chromedriver!(No symbol) [0x358281]
	chromedriver!(No symbol) [0x2c501e]
	chromedriver!(No symbol) [0x2c55be]
	chromedriver!(No symbol) [0x2c5a9d]
	chromedriver!GetHandleVerifier [0x76ddb4+292f94]
	chromedriver!GetHandleVerifier [0x76937d+28e55d]
	chromedriver!GetHandleVerifier [0x788215+2ad3f5]
	chromedriver!GetHandleVerifier [0x504c18+29df8]
	chromedriver!GetHandleVerifier [0x50c6fd+318dd]
	chromedriver!(No symbol) [0x2c4b99]
	chromedriver!(No symbol) [0x2c41e0]
	chromedriver!GetHandleVerifier [0x8d2bef+3f7dcf]
	KERNEL32!BaseThreadInitThunk [0x765562c4+24]
	ntdll!RtlSubscribeWnfStateChangeNotification [0x770a0aa9+439]
	ntdll!RtlSubscribeWnfStateChangeNotification [0x770a0a74+404]
) -
10/5_17:30_4e             34653197010          ENVIADO      recordatorio FALLIDO (exception: Message: invalid session id; For documentation on this error, please visit: https://www.selenium.dev/documentation/webdriver/troubleshooting/errors#invalidsessionidexception
Stacktrace:
	chromedriver!GetHandleVerifier [0x4eb373+10553]
	chromedriver!GetHandleVerifier [0x4eb4a4+10684]
	chromedriver!(No symbol) [0x2f1c4e]
	chromedriver!(No symbol) [0x32f2c5]
	chromedriver!(No symbol) [0x35d726]
	chromedriver!(No symbol) [0x358c62]
	chromedriver!(No symbol) [0x358281]
	chromedriver!(No symbol) [0x2c501e]
	chromedriver!(No symbol) [0x2c55be]
	chromedriver!(No symbol) [0x2c5a9d]
	chromedriver!GetHandleVerifier [0x76ddb4+292f94]
	chromedriver!GetHandleVerifier [0x76937d+28e55d]
	chromedriver!GetHandleVerifier [0x788215+2ad3f5]
	chromedriver!GetHandleVerifier [0x504c18+29df8]
	chromedriver!GetHandleVerifier [0x50c6fd+318dd]
	chromedriver!(No symbol) [0x2c4b99]
	chromedriver!(No symbol) [0x2c41e0]
	chromedriver!GetHandleVerifier [0x8d2bef+3f7dcf]
	KERNEL32!BaseThreadInitThunk [0x765562c4+24]
	ntdll!RtlSubscribeWnfStateChangeNotification [0x770a0aa9+439]
	ntdll!RtlSubscribeWnfStateChangeNotification [0x770a0a74+404]
) -

[2026-05-14 17:55:06] POSITIVO | Fotos nuevas: 0 | Envios OK: 0 | Envios FAIL: 0 | Reviews negativas: 0 | Fotos borradas: 0

=== SESIÓN 17:56-17:57 (14/05/2026) ===
RESERVA                   TELÉFONO             ESTADO       RESPUESTA                 REVIEW
-----------------------------------------------------------------------------------------------
9/5_14:30_maf             34665976040          ENVIADO      recordatorio FALLIDO (chat_input_not_found) -
9/5_19:00_maf/csi         34%C2%A0628%C2%A061%C2%A027%C2%A078%E2%80%AC ENVIADO      recordatorio FALLIDO (chat_input_not_found) -
9/5_20:30_4e              34747414084          ENVIADO      recordatorio FALLIDO (chat_input_not_found) -
9/5_19:00_4e              34675651585          ENVIADO      recordatorio FALLIDO (chat_input_not_found) -
10/5_17:30_maf            34722714718          ENVIADO      recordatorio FALLIDO (chat_input_not_found) -
10/5_17:30_4e             34653197010          ENVIADO      recordatorio FALLIDO (chat_input_not_found) -

[2026-05-14 17:57:02] POSITIVO | Fotos nuevas: 0 | Envios OK: 0 | Envios FAIL: 0 | Reviews negativas: 0 | Fotos borradas: 0
[2026-05-14 17:57:22] NEGATIVO | WhatsApp no conectado (QR visible) — ciclo abortado

=== SESIÓN 17:59-17:59 (14/05/2026) ===
RESERVA                   TELÉFONO             ESTADO       RESPUESTA                 REVIEW
-----------------------------------------------------------------------------------------------
9/5_14:30_maf             34665976040          ENVIADO      recordatorio FALLIDO (chat_input_not_found) -
9/5_19:00_maf/csi         34%C2%A0628%C2%A061%C2%A027%C2%A078%E2%80%AC ENVIADO      recordatorio FALLIDO (chat_input_not_found) -
9/5_20:30_4e              34747414084          ENVIADO      recordatorio FALLIDO (chat_input_not_found) -
9/5_19:00_4e              34675651585          ENVIADO      recordatorio FALLIDO (chat_input_not_found) -
10/5_17:30_maf            34722714718          ENVIADO      recordatorio FALLIDO (chat_input_not_found) -
10/5_17:30_4e             34653197010          ENVIADO      recordatorio FALLIDO (chat_input_not_found) -

[2026-05-14 17:59:25] POSITIVO | Fotos nuevas: 0 | Envios OK: 0 | Envios FAIL: 0 | Reviews negativas: 0 | Fotos borradas: 0

=== SESIÓN 18:00-18:00 (14/05/2026) ===
RESERVA                   TELÉFONO             ESTADO       RESPUESTA                 REVIEW
-----------------------------------------------------------------------------------------------
9/5_14:30_maf             34665976040          ENVIADO      recordatorio FALLIDO (chat_input_not_found) -
9/5_19:00_maf/csi         34%C2%A0628%C2%A061%C2%A027%C2%A078%E2%80%AC ENVIADO      recordatorio FALLIDO (chat_input_not_found) -
9/5_20:30_4e              34747414084          ENVIADO      recordatorio FALLIDO (chat_input_not_found) -
9/5_19:00_4e              34675651585          ENVIADO      recordatorio FALLIDO (chat_input_not_found) -
10/5_17:30_maf            34722714718          ENVIADO      recordatorio FALLIDO (chat_input_not_found) -
10/5_17:30_4e             34653197010          ENVIADO      recordatorio FALLIDO (chat_input_not_found) -

[2026-05-14 18:00:44] POSITIVO | Fotos nuevas: 0 | Envios OK: 0 | Envios FAIL: 0 | Reviews negativas: 0 | Fotos borradas: 0

=== SESIÓN 18:01-18:01 (14/05/2026) ===
RESERVA                   TELÉFONO             ESTADO       RESPUESTA                 REVIEW
-----------------------------------------------------------------------------------------------
9/5_14:30_maf             34665976040          ENVIADO      recordatorio FALLIDO (chat_input_not_found) -
9/5_19:00_maf/csi         34%C2%A0628%C2%A061%C2%A027%C2%A078%E2%80%AC ENVIADO      recordatorio FALLIDO (chat_input_not_found) -
9/5_20:30_4e              34747414084          ENVIADO      recordatorio FALLIDO (chat_input_not_found) -
9/5_19:00_4e              34675651585          ENVIADO      recordatorio FALLIDO (chat_input_not_found) -
10/5_17:30_maf            34722714718          ENVIADO      recordatorio FALLIDO (chat_input_not_found) -
10/5_17:30_4e             34653197010          ENVIADO      recordatorio FALLIDO (chat_input_not_found) -

[2026-05-14 18:01:56] POSITIVO | Fotos nuevas: 0 | Envios OK: 0 | Envios FAIL: 0 | Reviews negativas: 0 | Fotos borradas: 0

=== SESIÓN 17:59-18:02 (14/05/2026) ===
RESERVA                   TELÉFONO             ESTADO       RESPUESTA                 REVIEW
-----------------------------------------------------------------------------------------------
9/5_14:30_maf             34665976040          ENVIADO      recordatorio FALLIDO (exception: HTTPConnectionPool(host='localhost', port=53144): Max retries exceeded with url: /session/e5adeadf8daf2448720aa18ff57c59ba/source (Caused by NewConnectionError("HTTPConnection(host='localhost', port=53144): Failed to establish a new connection: [WinError 10061] No connection could be made because the target machine actively refused it"))) -
9/5_19:00_maf/csi         34%C2%A0628%C2%A061%C2%A027%C2%A078%E2%80%AC ENVIADO      recordatorio FALLIDO (exception: HTTPConnectionPool(host='localhost', port=53144): Max retries exceeded with url: /session/e5adeadf8daf2448720aa18ff57c59ba/source (Caused by NewConnectionError("HTTPConnection(host='localhost', port=53144): Failed to establish a new connection: [WinError 10061] No connection could be made because the target machine actively refused it"))) -
9/5_20:30_4e              34747414084          ENVIADO      recordatorio FALLIDO (exception: HTTPConnectionPool(host='localhost', port=53144): Max retries exceeded with url: /session/e5adeadf8daf2448720aa18ff57c59ba/source (Caused by NewConnectionError("HTTPConnection(host='localhost', port=53144): Failed to establish a new connection: [WinError 10061] No connection could be made because the target machine actively refused it"))) -
9/5_19:00_4e              34675651585          ENVIADO      recordatorio FALLIDO (exception: HTTPConnectionPool(host='localhost', port=53144): Max retries exceeded with url: /session/e5adeadf8daf2448720aa18ff57c59ba/source (Caused by NewConnectionError("HTTPConnection(host='localhost', port=53144): Failed to establish a new connection: [WinError 10061] No connection could be made because the target machine actively refused it"))) -
10/5_17:30_maf            34722714718          ENVIADO      recordatorio FALLIDO (exception: HTTPConnectionPool(host='localhost', port=53144): Max retries exceeded with url: /session/e5adeadf8daf2448720aa18ff57c59ba/source (Caused by NewConnectionError("HTTPConnection(host='localhost', port=53144): Failed to establish a new connection: [WinError 10061] No connection could be made because the target machine actively refused it"))) -
10/5_17:30_4e             34653197010          ENVIADO      recordatorio FALLIDO (exception: HTTPConnectionPool(host='localhost', port=53144): Max retries exceeded with url: /session/e5adeadf8daf2448720aa18ff57c59ba/source (Caused by NewConnectionError("HTTPConnection(host='localhost', port=53144): Failed to establish a new connection: [WinError 10061] No connection could be made because the target machine actively refused it"))) -

[2026-05-14 18:02:01] POSITIVO | Fotos nuevas: 0 | Envios OK: 0 | Envios FAIL: 0 | Reviews negativas: 0 | Fotos borradas: 0

=== SESIÓN 18:03-18:04 (14/05/2026) ===
RESERVA                   TELÉFONO             ESTADO       RESPUESTA                 REVIEW
-----------------------------------------------------------------------------------------------
9/5_14:30_maf             34665976040          ENVIADO      recordatorio FALLIDO (chat_input_not_found) -
9/5_19:00_maf/csi         34%C2%A0628%C2%A061%C2%A027%C2%A078%E2%80%AC ENVIADO      recordatorio FALLIDO (chat_input_not_found) -
9/5_20:30_4e              34747414084          ENVIADO      recordatorio FALLIDO (chat_input_not_found) -
9/5_19:00_4e              34675651585          ENVIADO      recordatorio FALLIDO (chat_input_not_found) -
10/5_17:30_maf            34722714718          ENVIADO      recordatorio FALLIDO (chat_input_not_found) -
10/5_17:30_4e             34653197010          ENVIADO      recordatorio FALLIDO (chat_input_not_found) -

[2026-05-14 18:04:02] POSITIVO | Fotos nuevas: 0 | Envios OK: 0 | Envios FAIL: 0 | Reviews negativas: 0 | Fotos borradas: 0

=== SESIÓN 18:05-18:05 (14/05/2026) ===
RESERVA                   TELÉFONO             ESTADO       RESPUESTA                 REVIEW
-----------------------------------------------------------------------------------------------
9/5_14:30_maf             34665976040          ENVIADO      recordatorio FALLIDO (chat_input_not_found) -
9/5_19:00_maf/csi         34%C2%A0628%C2%A061%C2%A027%C2%A078%E2%80%AC ENVIADO      recordatorio FALLIDO (chat_input_not_found) -
9/5_20:30_4e              34747414084          ENVIADO      recordatorio FALLIDO (chat_input_not_found) -
9/5_19:00_4e              34675651585          ENVIADO      recordatorio FALLIDO (chat_input_not_found) -
10/5_17:30_maf            34722714718          ENVIADO      recordatorio FALLIDO (chat_input_not_found) -
10/5_17:30_4e             34653197010          ENVIADO      recordatorio FALLIDO (chat_input_not_found) -

[2026-05-14 18:05:20] POSITIVO | Fotos nuevas: 0 | Envios OK: 0 | Envios FAIL: 0 | Reviews negativas: 0 | Fotos borradas: 0

=== SESIÓN 18:06-18:06 (14/05/2026) ===
RESERVA                   TELÉFONO             ESTADO       RESPUESTA                 REVIEW
-----------------------------------------------------------------------------------------------
9/5_14:30_maf             34665976040          ENVIADO      recordatorio FALLIDO (chat_input_not_found) -
9/5_19:00_maf/csi         34%C2%A0628%C2%A061%C2%A027%C2%A078%E2%80%AC ENVIADO      recordatorio FALLIDO (chat_input_not_found) -
9/5_20:30_4e              34747414084          ENVIADO      recordatorio FALLIDO (chat_input_not_found) -
9/5_19:00_4e              34675651585          ENVIADO      recordatorio FALLIDO (chat_input_not_found) -
10/5_17:30_maf            34722714718          ENVIADO      recordatorio FALLIDO (chat_input_not_found) -
10/5_17:30_4e             34653197010          ENVIADO      recordatorio FALLIDO (chat_input_not_found) -

[2026-05-14 18:06:38] POSITIVO | Fotos nuevas: 0 | Envios OK: 0 | Envios FAIL: 0 | Reviews negativas: 0 | Fotos borradas: 0

=== SESIÓN 18:07-18:07 (14/05/2026) ===
RESERVA                   TELÉFONO             ESTADO       RESPUESTA                 REVIEW
-----------------------------------------------------------------------------------------------
9/5_14:30_maf             34665976040          ENVIADO      recordatorio FALLIDO (chat_input_not_found) -
9/5_19:00_maf/csi         34%C2%A0628%C2%A061%C2%A027%C2%A078%E2%80%AC ENVIADO      recordatorio FALLIDO (chat_input_not_found) -
9/5_20:30_4e              34747414084          ENVIADO      recordatorio FALLIDO (chat_input_not_found) -
9/5_19:00_4e              34675651585          ENVIADO      recordatorio FALLIDO (chat_input_not_found) -
10/5_17:30_maf            34722714718          ENVIADO      recordatorio FALLIDO (chat_input_not_found) -
10/5_17:30_4e             34653197010          ENVIADO      recordatorio FALLIDO (chat_input_not_found) -

[2026-05-14 18:07:53] POSITIVO | Fotos nuevas: 0 | Envios OK: 0 | Envios FAIL: 0 | Reviews negativas: 0 | Fotos borradas: 0

=== SESIÓN 18:09-18:09 (14/05/2026) ===
RESERVA                   TELÉFONO             ESTADO       RESPUESTA                 REVIEW
-----------------------------------------------------------------------------------------------
9/5_14:30_maf             34665976040          ENVIADO      recordatorio FALLIDO (chat_input_not_found) -
9/5_19:00_maf/csi         34%C2%A0628%C2%A061%C2%A027%C2%A078%E2%80%AC ENVIADO      recordatorio FALLIDO (chat_input_not_found) -
9/5_20:30_4e              34747414084          ENVIADO      recordatorio FALLIDO (chat_input_not_found) -
9/5_19:00_4e              34675651585          ENVIADO      recordatorio FALLIDO (chat_input_not_found) -
10/5_17:30_maf            34722714718          ENVIADO      recordatorio FALLIDO (chat_input_not_found) -
10/5_17:30_4e             34653197010          ENVIADO      recordatorio FALLIDO (chat_input_not_found) -

[2026-05-14 18:09:08] POSITIVO | Fotos nuevas: 0 | Envios OK: 0 | Envios FAIL: 0 | Reviews negativas: 0 | Fotos borradas: 0

=== SESIÓN 18:10-18:10 (14/05/2026) ===
RESERVA                   TELÉFONO             ESTADO       RESPUESTA                 REVIEW
-----------------------------------------------------------------------------------------------
9/5_14:30_maf             34665976040          ENVIADO      recordatorio FALLIDO (chat_input_not_found) -
9/5_19:00_maf/csi         34%C2%A0628%C2%A061%C2%A027%C2%A078%E2%80%AC ENVIADO      recordatorio FALLIDO (chat_input_not_found) -
9/5_20:30_4e              34747414084          ENVIADO      recordatorio FALLIDO (chat_input_not_found) -
9/5_19:00_4e              34675651585          ENVIADO      recordatorio FALLIDO (chat_input_not_found) -
10/5_17:30_maf            34722714718          ENVIADO      recordatorio FALLIDO (chat_input_not_found) -
10/5_17:30_4e             34653197010          ENVIADO      recordatorio FALLIDO (chat_input_not_found) -

[2026-05-14 18:10:26] POSITIVO | Fotos nuevas: 0 | Envios OK: 0 | Envios FAIL: 0 | Reviews negativas: 0 | Fotos borradas: 0

=== SESIÓN 18:11-18:11 (14/05/2026) ===
RESERVA                   TELÉFONO             ESTADO       RESPUESTA                 REVIEW
-----------------------------------------------------------------------------------------------
9/5_14:30_maf             34665976040          ENVIADO      recordatorio FALLIDO (chat_input_not_found) -
9/5_19:00_maf/csi         34%C2%A0628%C2%A061%C2%A027%C2%A078%E2%80%AC ENVIADO      recordatorio FALLIDO (chat_input_not_found) -
9/5_20:30_4e              34747414084          ENVIADO      recordatorio FALLIDO (chat_input_not_found) -
9/5_19:00_4e              34675651585          ENVIADO      recordatorio FALLIDO (chat_input_not_found) -
10/5_17:30_maf            34722714718          ENVIADO      recordatorio FALLIDO (chat_input_not_found) -
10/5_17:30_4e             34653197010          ENVIADO      recordatorio FALLIDO (chat_input_not_found) -

[2026-05-14 18:11:45] POSITIVO | Fotos nuevas: 0 | Envios OK: 0 | Envios FAIL: 0 | Reviews negativas: 0 | Fotos borradas: 0

=== SESIÓN 18:12-18:13 (14/05/2026) ===
RESERVA                   TELÉFONO             ESTADO       RESPUESTA                 REVIEW
-----------------------------------------------------------------------------------------------
9/5_14:30_maf             34665976040          ENVIADO      recordatorio FALLIDO (chat_input_not_found) -
9/5_19:00_maf/csi         34%C2%A0628%C2%A061%C2%A027%C2%A078%E2%80%AC ENVIADO      recordatorio FALLIDO (chat_input_not_found) -
9/5_20:30_4e              34747414084          ENVIADO      recordatorio FALLIDO (chat_input_not_found) -
9/5_19:00_4e              34675651585          ENVIADO      recordatorio FALLIDO (chat_input_not_found) -
10/5_17:30_maf            34722714718          ENVIADO      recordatorio FALLIDO (chat_input_not_found) -
10/5_17:30_4e             34653197010          ENVIADO      recordatorio FALLIDO (chat_input_not_found) -

[2026-05-14 18:13:04] POSITIVO | Fotos nuevas: 0 | Envios OK: 0 | Envios FAIL: 0 | Reviews negativas: 0 | Fotos borradas: 0

=== SESIÓN 18:10-18:13 (14/05/2026) ===
RESERVA                   TELÉFONO             ESTADO       RESPUESTA                 REVIEW
-----------------------------------------------------------------------------------------------
9/5_14:30_maf             34665976040          ENVIADO      recordatorio FALLIDO (exception: HTTPConnectionPool(host='localhost', port=53764): Max retries exceeded with url: /session/45013c9869ebee0a93b4d495c8597629/source (Caused by NewConnectionError("HTTPConnection(host='localhost', port=53764): Failed to establish a new connection: [WinError 10061] No connection could be made because the target machine actively refused it"))) -
9/5_19:00_maf/csi         34%C2%A0628%C2%A061%C2%A027%C2%A078%E2%80%AC ENVIADO      recordatorio FALLIDO (exception: HTTPConnectionPool(host='localhost', port=53764): Max retries exceeded with url: /session/45013c9869ebee0a93b4d495c8597629/source (Caused by NewConnectionError("HTTPConnection(host='localhost', port=53764): Failed to establish a new connection: [WinError 10061] No connection could be made because the target machine actively refused it"))) -
9/5_20:30_4e              34747414084          ENVIADO      recordatorio FALLIDO (exception: HTTPConnectionPool(host='localhost', port=53764): Max retries exceeded with url: /session/45013c9869ebee0a93b4d495c8597629/source (Caused by NewConnectionError("HTTPConnection(host='localhost', port=53764): Failed to establish a new connection: [WinError 10061] No connection could be made because the target machine actively refused it"))) -
9/5_19:00_4e              34675651585          ENVIADO      recordatorio FALLIDO (exception: HTTPConnectionPool(host='localhost', port=53764): Max retries exceeded with url: /session/45013c9869ebee0a93b4d495c8597629/source (Caused by NewConnectionError("HTTPConnection(host='localhost', port=53764): Failed to establish a new connection: [WinError 10061] No connection could be made because the target machine actively refused it"))) -
10/5_17:30_maf            34722714718          ENVIADO      recordatorio FALLIDO (exception: HTTPConnectionPool(host='localhost', port=53764): Max retries exceeded with url: /session/45013c9869ebee0a93b4d495c8597629/source (Caused by NewConnectionError("HTTPConnection(host='localhost', port=53764): Failed to establish a new connection: [WinError 10061] No connection could be made because the target machine actively refused it"))) -
10/5_17:30_4e             34653197010          ENVIADO      recordatorio FALLIDO (exception: HTTPConnectionPool(host='localhost', port=53764): Max retries exceeded with url: /session/45013c9869ebee0a93b4d495c8597629/source (Caused by NewConnectionError("HTTPConnection(host='localhost', port=53764): Failed to establish a new connection: [WinError 10061] No connection could be made because the target machine actively refused it"))) -

[2026-05-14 18:13:12] POSITIVO | Fotos nuevas: 0 | Envios OK: 0 | Envios FAIL: 0 | Reviews negativas: 0 | Fotos borradas: 0

=== SESIÓN 18:15-18:15 (14/05/2026) ===
RESERVA                   TELÉFONO             ESTADO       RESPUESTA                 REVIEW
-----------------------------------------------------------------------------------------------
9/5_14:30_maf             34665976040          ENVIADO      recordatorio FALLIDO (chat_input_not_found) -
9/5_19:00_maf/csi         34%C2%A0628%C2%A061%C2%A027%C2%A078%E2%80%AC ENVIADO      recordatorio FALLIDO (chat_input_not_found) -
9/5_20:30_4e              34747414084          ENVIADO      recordatorio FALLIDO (chat_input_not_found) -
9/5_19:00_4e              34675651585          ENVIADO      recordatorio FALLIDO (chat_input_not_found) -
10/5_17:30_maf            34722714718          ENVIADO      recordatorio FALLIDO (chat_input_not_found) -
10/5_17:30_4e             34653197010          ENVIADO      recordatorio FALLIDO (chat_input_not_found) -

[2026-05-14 18:15:13] POSITIVO | Fotos nuevas: 0 | Envios OK: 0 | Envios FAIL: 0 | Reviews negativas: 0 | Fotos borradas: 0

=== SESIÓN 18:16-18:16 (14/05/2026) ===
RESERVA                   TELÉFONO             ESTADO       RESPUESTA                 REVIEW
-----------------------------------------------------------------------------------------------
9/5_14:30_maf             34665976040          ENVIADO      recordatorio FALLIDO (chat_input_not_found) -
9/5_19:00_maf/csi         34%C2%A0628%C2%A061%C2%A027%C2%A078%E2%80%AC ENVIADO      recordatorio FALLIDO (chat_input_not_found) -
9/5_20:30_4e              34747414084          ENVIADO      recordatorio FALLIDO (chat_input_not_found) -
9/5_19:00_4e              34675651585          ENVIADO      recordatorio FALLIDO (chat_input_not_found) -
10/5_17:30_maf            34722714718          ENVIADO      recordatorio FALLIDO (chat_input_not_found) -
10/5_17:30_4e             34653197010          ENVIADO      recordatorio FALLIDO (chat_input_not_found) -

[2026-05-14 18:16:34] POSITIVO | Fotos nuevas: 0 | Envios OK: 0 | Envios FAIL: 0 | Reviews negativas: 0 | Fotos borradas: 0

=== SESIÓN 18:17-18:17 (14/05/2026) ===
RESERVA                   TELÉFONO             ESTADO       RESPUESTA                 REVIEW
-----------------------------------------------------------------------------------------------
9/5_14:30_maf             34665976040          ENVIADO      recordatorio FALLIDO (chat_input_not_found) -
9/5_19:00_maf/csi         34%C2%A0628%C2%A061%C2%A027%C2%A078%E2%80%AC ENVIADO      recordatorio FALLIDO (chat_input_not_found) -
9/5_20:30_4e              34747414084          ENVIADO      recordatorio FALLIDO (chat_input_not_found) -
9/5_19:00_4e              34675651585          ENVIADO      recordatorio FALLIDO (chat_input_not_found) -
10/5_17:30_maf            34722714718          ENVIADO      recordatorio FALLIDO (chat_input_not_found) -
10/5_17:30_4e             34653197010          ENVIADO      recordatorio FALLIDO (chat_input_not_found) -

[2026-05-14 18:17:52] POSITIVO | Fotos nuevas: 0 | Envios OK: 0 | Envios FAIL: 0 | Reviews negativas: 0 | Fotos borradas: 0

=== SESIÓN 18:19-18:19 (14/05/2026) ===
RESERVA                   TELÉFONO             ESTADO       RESPUESTA                 REVIEW
-----------------------------------------------------------------------------------------------
9/5_14:30_maf             34665976040          ENVIADO      recordatorio FALLIDO (chat_input_not_found) -
9/5_19:00_maf/csi         34%C2%A0628%C2%A061%C2%A027%C2%A078%E2%80%AC ENVIADO      recordatorio FALLIDO (chat_input_not_found) -
9/5_20:30_4e              34747414084          ENVIADO      recordatorio FALLIDO (chat_input_not_found) -
9/5_19:00_4e              34675651585          ENVIADO      recordatorio FALLIDO (chat_input_not_found) -
10/5_17:30_maf            34722714718          ENVIADO      recordatorio FALLIDO (chat_input_not_found) -
10/5_17:30_4e             34653197010          ENVIADO      recordatorio FALLIDO (chat_input_not_found) -

[2026-05-14 18:19:11] POSITIVO | Fotos nuevas: 0 | Envios OK: 0 | Envios FAIL: 0 | Reviews negativas: 0 | Fotos borradas: 0

=== SESIÓN 18:20-18:20 (14/05/2026) ===
RESERVA                   TELÉFONO             ESTADO       RESPUESTA                 REVIEW
-----------------------------------------------------------------------------------------------
9/5_14:30_maf             34665976040          ENVIADO      recordatorio FALLIDO (chat_input_not_found) -
9/5_19:00_maf/csi         34%C2%A0628%C2%A061%C2%A027%C2%A078%E2%80%AC ENVIADO      recordatorio FALLIDO (chat_input_not_found) -
9/5_20:30_4e              34747414084          ENVIADO      recordatorio FALLIDO (chat_input_not_found) -
9/5_19:00_4e              34675651585          ENVIADO      recordatorio FALLIDO (chat_input_not_found) -
10/5_17:30_maf            34722714718          ENVIADO      recordatorio FALLIDO (chat_input_not_found) -
10/5_17:30_4e             34653197010          ENVIADO      recordatorio FALLIDO (chat_input_not_found) -

[2026-05-14 18:20:32] POSITIVO | Fotos nuevas: 0 | Envios OK: 0 | Envios FAIL: 0 | Reviews negativas: 0 | Fotos borradas: 0

=== SESIÓN 18:21-18:21 (14/05/2026) ===
RESERVA                   TELÉFONO             ESTADO       RESPUESTA                 REVIEW
-----------------------------------------------------------------------------------------------
9/5_14:30_maf             34665976040          ENVIADO      recordatorio FALLIDO (chat_input_not_found) -
9/5_19:00_maf/csi         34%C2%A0628%C2%A061%C2%A027%C2%A078%E2%80%AC ENVIADO      recordatorio FALLIDO (chat_input_not_found) -
9/5_20:30_4e              34747414084          ENVIADO      recordatorio FALLIDO (chat_input_not_found) -
9/5_19:00_4e              34675651585          ENVIADO      recordatorio FALLIDO (chat_input_not_found) -
10/5_17:30_maf            34722714718          ENVIADO      recordatorio FALLIDO (chat_input_not_found) -
10/5_17:30_4e             34653197010          ENVIADO      recordatorio FALLIDO (chat_input_not_found) -

[2026-05-14 18:21:51] POSITIVO | Fotos nuevas: 0 | Envios OK: 0 | Envios FAIL: 0 | Reviews negativas: 0 | Fotos borradas: 0

=== SESIÓN 18:19-18:22 (14/05/2026) ===
RESERVA                   TELÉFONO             ESTADO       RESPUESTA                 REVIEW
-----------------------------------------------------------------------------------------------
9/5_14:30_maf             34665976040          ENVIADO      recordatorio FALLIDO (exception: HTTPConnectionPool(host='localhost', port=54799): Max retries exceeded with url: /session/592899611455840d0f81a89bd2b09d60/source (Caused by NewConnectionError("HTTPConnection(host='localhost', port=54799): Failed to establish a new connection: [WinError 10061] No connection could be made because the target machine actively refused it"))) -
9/5_19:00_maf/csi         34%C2%A0628%C2%A061%C2%A027%C2%A078%E2%80%AC ENVIADO      recordatorio FALLIDO (exception: HTTPConnectionPool(host='localhost', port=54799): Max retries exceeded with url: /session/592899611455840d0f81a89bd2b09d60/source (Caused by NewConnectionError("HTTPConnection(host='localhost', port=54799): Failed to establish a new connection: [WinError 10061] No connection could be made because the target machine actively refused it"))) -
9/5_20:30_4e              34747414084          ENVIADO      recordatorio FALLIDO (exception: HTTPConnectionPool(host='localhost', port=54799): Max retries exceeded with url: /session/592899611455840d0f81a89bd2b09d60/source (Caused by NewConnectionError("HTTPConnection(host='localhost', port=54799): Failed to establish a new connection: [WinError 10061] No connection could be made because the target machine actively refused it"))) -
9/5_19:00_4e              34675651585          ENVIADO      recordatorio FALLIDO (exception: HTTPConnectionPool(host='localhost', port=54799): Max retries exceeded with url: /session/592899611455840d0f81a89bd2b09d60/source (Caused by NewConnectionError("HTTPConnection(host='localhost', port=54799): Failed to establish a new connection: [WinError 10061] No connection could be made because the target machine actively refused it"))) -
10/5_17:30_maf            34722714718          ENVIADO      recordatorio FALLIDO (exception: HTTPConnectionPool(host='localhost', port=54799): Max retries exceeded with url: /session/592899611455840d0f81a89bd2b09d60/source (Caused by NewConnectionError("HTTPConnection(host='localhost', port=54799): Failed to establish a new connection: [WinError 10061] No connection could be made because the target machine actively refused it"))) -
10/5_17:30_4e             34653197010          ENVIADO      recordatorio FALLIDO (exception: HTTPConnectionPool(host='localhost', port=54799): Max retries exceeded with url: /session/592899611455840d0f81a89bd2b09d60/source (Caused by NewConnectionError("HTTPConnection(host='localhost', port=54799): Failed to establish a new connection: [WinError 10061] No connection could be made because the target machine actively refused it"))) -

[2026-05-14 18:22:25] POSITIVO | Fotos nuevas: 0 | Envios OK: 0 | Envios FAIL: 0 | Reviews negativas: 0 | Fotos borradas: 0

=== SESIÓN 18:23-18:23 (14/05/2026) ===
RESERVA                   TELÉFONO             ESTADO       RESPUESTA                 REVIEW
-----------------------------------------------------------------------------------------------
9/5_14:30_maf             34665976040          ENVIADO      recordatorio FALLIDO (chat_input_not_found) -
9/5_19:00_maf/csi         34%C2%A0628%C2%A061%C2%A027%C2%A078%E2%80%AC ENVIADO      recordatorio FALLIDO (chat_input_not_found) -
9/5_20:30_4e              34747414084          ENVIADO      recordatorio FALLIDO (chat_input_not_found) -
9/5_19:00_4e              34675651585          ENVIADO      recordatorio FALLIDO (chat_input_not_found) -
10/5_17:30_maf            34722714718          ENVIADO      recordatorio FALLIDO (chat_input_not_found) -
10/5_17:30_4e             34653197010          ENVIADO      recordatorio FALLIDO (chat_input_not_found) -

[2026-05-14 18:23:48] POSITIVO | Fotos nuevas: 0 | Envios OK: 0 | Envios FAIL: 0 | Reviews negativas: 0 | Fotos borradas: 0
[2026-05-14 18:24:11] NEGATIVO | WhatsApp no conectado (QR visible) — ciclo abortado

=== SESIÓN 18:26-18:26 (14/05/2026) ===
RESERVA                   TELÉFONO             ESTADO       RESPUESTA                 REVIEW
-----------------------------------------------------------------------------------------------
9/5_14:30_maf             34665976040          ENVIADO      recordatorio FALLIDO (chat_input_not_found) -
9/5_19:00_maf/csi         34%C2%A0628%C2%A061%C2%A027%C2%A078%E2%80%AC ENVIADO      recordatorio FALLIDO (chat_input_not_found) -
9/5_20:30_4e              34747414084          ENVIADO      recordatorio FALLIDO (chat_input_not_found) -
9/5_19:00_4e              34675651585          ENVIADO      recordatorio FALLIDO (chat_input_not_found) -
10/5_17:30_maf            34722714718          ENVIADO      recordatorio FALLIDO (chat_input_not_found) -
10/5_17:30_4e             34653197010          ENVIADO      recordatorio FALLIDO (chat_input_not_found) -

[2026-05-14 18:26:10] POSITIVO | Fotos nuevas: 0 | Envios OK: 0 | Envios FAIL: 0 | Reviews negativas: 0 | Fotos borradas: 0

=== SESIÓN 18:27-18:27 (14/05/2026) ===
RESERVA                   TELÉFONO             ESTADO       RESPUESTA                 REVIEW
-----------------------------------------------------------------------------------------------
9/5_14:30_maf             34665976040          ENVIADO      recordatorio FALLIDO (chat_input_not_found) -
9/5_19:00_maf/csi         34%C2%A0628%C2%A061%C2%A027%C2%A078%E2%80%AC ENVIADO      recordatorio FALLIDO (chat_input_not_found) -
9/5_20:30_4e              34747414084          ENVIADO      recordatorio FALLIDO (chat_input_not_found) -
9/5_19:00_4e              34675651585          ENVIADO      recordatorio FALLIDO (chat_input_not_found) -
10/5_17:30_maf            34722714718          ENVIADO      recordatorio FALLIDO (chat_input_not_found) -
10/5_17:30_4e             34653197010          ENVIADO      recordatorio FALLIDO (chat_input_not_found) -

[2026-05-14 18:27:29] POSITIVO | Fotos nuevas: 0 | Envios OK: 0 | Envios FAIL: 0 | Reviews negativas: 0 | Fotos borradas: 0

=== SESIÓN 18:28-18:28 (14/05/2026) ===
RESERVA                   TELÉFONO             ESTADO       RESPUESTA                 REVIEW
-----------------------------------------------------------------------------------------------
9/5_14:30_maf             34665976040          ENVIADO      recordatorio FALLIDO (chat_input_not_found) -
9/5_19:00_maf/csi         34%C2%A0628%C2%A061%C2%A027%C2%A078%E2%80%AC ENVIADO      recordatorio FALLIDO (chat_input_not_found) -
9/5_20:30_4e              34747414084          ENVIADO      recordatorio FALLIDO (chat_input_not_found) -
9/5_19:00_4e              34675651585          ENVIADO      recordatorio FALLIDO (chat_input_not_found) -
10/5_17:30_maf            34722714718          ENVIADO      recordatorio FALLIDO (chat_input_not_found) -
10/5_17:30_4e             34653197010          ENVIADO      recordatorio FALLIDO (chat_input_not_found) -

[2026-05-14 18:28:45] POSITIVO | Fotos nuevas: 0 | Envios OK: 0 | Envios FAIL: 0 | Reviews negativas: 0 | Fotos borradas: 0

=== SESIÓN 18:26-18:28 (14/05/2026) ===
RESERVA                   TELÉFONO             ESTADO       RESPUESTA                 REVIEW
-----------------------------------------------------------------------------------------------
9/5_14:30_maf             34665976040          ENVIADO      recordatorio FALLIDO (exception: HTTPConnectionPool(host='localhost', port=55814): Max retries exceeded with url: /session/328fc38bc3ea7933c9971f22a95bc60c/source (Caused by NewConnectionError("HTTPConnection(host='localhost', port=55814): Failed to establish a new connection: [WinError 10061] No connection could be made because the target machine actively refused it"))) -
9/5_19:00_maf/csi         34%C2%A0628%C2%A061%C2%A027%C2%A078%E2%80%AC ENVIADO      recordatorio FALLIDO (exception: HTTPConnectionPool(host='localhost', port=55814): Max retries exceeded with url: /session/328fc38bc3ea7933c9971f22a95bc60c/source (Caused by NewConnectionError("HTTPConnection(host='localhost', port=55814): Failed to establish a new connection: [WinError 10061] No connection could be made because the target machine actively refused it"))) -
9/5_20:30_4e              34747414084          ENVIADO      recordatorio FALLIDO (exception: HTTPConnectionPool(host='localhost', port=55814): Max retries exceeded with url: /session/328fc38bc3ea7933c9971f22a95bc60c/source (Caused by NewConnectionError("HTTPConnection(host='localhost', port=55814): Failed to establish a new connection: [WinError 10061] No connection could be made because the target machine actively refused it"))) -
9/5_19:00_4e              34675651585          ENVIADO      recordatorio FALLIDO (exception: HTTPConnectionPool(host='localhost', port=55814): Max retries exceeded with url: /session/328fc38bc3ea7933c9971f22a95bc60c/source (Caused by NewConnectionError("HTTPConnection(host='localhost', port=55814): Failed to establish a new connection: [WinError 10061] No connection could be made because the target machine actively refused it"))) -
10/5_17:30_maf            34722714718          ENVIADO      recordatorio FALLIDO (exception: HTTPConnectionPool(host='localhost', port=55814): Max retries exceeded with url: /session/328fc38bc3ea7933c9971f22a95bc60c/source (Caused by NewConnectionError("HTTPConnection(host='localhost', port=55814): Failed to establish a new connection: [WinError 10061] No connection could be made because the target machine actively refused it"))) -
10/5_17:30_4e             34653197010          ENVIADO      recordatorio FALLIDO (exception: HTTPConnectionPool(host='localhost', port=55814): Max retries exceeded with url: /session/328fc38bc3ea7933c9971f22a95bc60c/source (Caused by NewConnectionError("HTTPConnection(host='localhost', port=55814): Failed to establish a new connection: [WinError 10061] No connection could be made because the target machine actively refused it"))) -

[2026-05-14 18:28:47] POSITIVO | Fotos nuevas: 0 | Envios OK: 0 | Envios FAIL: 0 | Reviews negativas: 0 | Fotos borradas: 0

=== SESIÓN 18:30-18:31 (14/05/2026) ===
RESERVA                   TELÉFONO             ESTADO       RESPUESTA                 REVIEW
-----------------------------------------------------------------------------------------------
9/5_14:30_maf             34665976040          ENVIADO      recordatorio FALLIDO (chat_input_not_found) -
9/5_19:00_maf/csi         34%C2%A0628%C2%A061%C2%A027%C2%A078%E2%80%AC ENVIADO      recordatorio FALLIDO (chat_input_not_found) -
9/5_20:30_4e              34747414084          ENVIADO      recordatorio FALLIDO (chat_input_not_found) -
9/5_19:00_4e              34675651585          ENVIADO      recordatorio FALLIDO (chat_input_not_found) -
10/5_17:30_maf            34722714718          ENVIADO      recordatorio FALLIDO (chat_input_not_found) -
10/5_17:30_4e             34653197010          ENVIADO      recordatorio FALLIDO (chat_input_not_found) -

[2026-05-14 18:31:04] POSITIVO | Fotos nuevas: 0 | Envios OK: 0 | Envios FAIL: 0 | Reviews negativas: 0 | Fotos borradas: 0

=== SESIÓN 18:32-18:32 (14/05/2026) ===
RESERVA                   TELÉFONO             ESTADO       RESPUESTA                 REVIEW
-----------------------------------------------------------------------------------------------
9/5_14:30_maf             34665976040          ENVIADO      recordatorio FALLIDO (chat_input_not_found) -
9/5_19:00_maf/csi         34%C2%A0628%C2%A061%C2%A027%C2%A078%E2%80%AC ENVIADO      recordatorio FALLIDO (chat_input_not_found) -
9/5_20:30_4e              34747414084          ENVIADO      recordatorio FALLIDO (chat_input_not_found) -
9/5_19:00_4e              34675651585          ENVIADO      recordatorio FALLIDO (chat_input_not_found) -
10/5_17:30_maf            34722714718          ENVIADO      recordatorio FALLIDO (chat_input_not_found) -
10/5_17:30_4e             34653197010          ENVIADO      recordatorio FALLIDO (chat_input_not_found) -

[2026-05-14 18:32:19] POSITIVO | Fotos nuevas: 0 | Envios OK: 0 | Envios FAIL: 0 | Reviews negativas: 0 | Fotos borradas: 0

=== SESIÓN 18:33-18:33 (14/05/2026) ===
RESERVA                   TELÉFONO             ESTADO       RESPUESTA                 REVIEW
-----------------------------------------------------------------------------------------------
9/5_14:30_maf             34665976040          ENVIADO      recordatorio FALLIDO (chat_input_not_found) -
9/5_19:00_maf/csi         34%C2%A0628%C2%A061%C2%A027%C2%A078%E2%80%AC ENVIADO      recordatorio FALLIDO (chat_input_not_found) -
9/5_20:30_4e              34747414084          ENVIADO      recordatorio FALLIDO (chat_input_not_found) -
9/5_19:00_4e              34675651585          ENVIADO      recordatorio FALLIDO (chat_input_not_found) -
10/5_17:30_maf            34722714718          ENVIADO      recordatorio FALLIDO (chat_input_not_found) -
10/5_17:30_4e             34653197010          ENVIADO      recordatorio FALLIDO (chat_input_not_found) -

[2026-05-14 18:33:34] POSITIVO | Fotos nuevas: 0 | Envios OK: 0 | Envios FAIL: 0 | Reviews negativas: 0 | Fotos borradas: 0

=== SESIÓN 18:34-18:34 (14/05/2026) ===
RESERVA                   TELÉFONO             ESTADO       RESPUESTA                 REVIEW
-----------------------------------------------------------------------------------------------
9/5_14:30_maf             34665976040          ENVIADO      recordatorio FALLIDO (chat_input_not_found) -
9/5_19:00_maf/csi         34%C2%A0628%C2%A061%C2%A027%C2%A078%E2%80%AC ENVIADO      recordatorio FALLIDO (chat_input_not_found) -
9/5_20:30_4e              34747414084          ENVIADO      recordatorio FALLIDO (chat_input_not_found) -
9/5_19:00_4e              34675651585          ENVIADO      recordatorio FALLIDO (chat_input_not_found) -
10/5_17:30_maf            34722714718          ENVIADO      recordatorio FALLIDO (chat_input_not_found) -
10/5_17:30_4e             34653197010          ENVIADO      recordatorio FALLIDO (chat_input_not_found) -

[2026-05-14 18:34:52] POSITIVO | Fotos nuevas: 0 | Envios OK: 0 | Envios FAIL: 0 | Reviews negativas: 0 | Fotos borradas: 0

=== SESIÓN 18:36-18:36 (14/05/2026) ===
RESERVA                   TELÉFONO             ESTADO       RESPUESTA                 REVIEW
-----------------------------------------------------------------------------------------------
9/5_14:30_maf             34665976040          ENVIADO      recordatorio FALLIDO (chat_input_not_found) -
9/5_19:00_maf/csi         34%C2%A0628%C2%A061%C2%A027%C2%A078%E2%80%AC ENVIADO      recordatorio FALLIDO (chat_input_not_found) -
9/5_20:30_4e              34747414084          ENVIADO      recordatorio FALLIDO (chat_input_not_found) -
9/5_19:00_4e              34675651585          ENVIADO      recordatorio FALLIDO (chat_input_not_found) -
10/5_17:30_maf            34722714718          ENVIADO      recordatorio FALLIDO (chat_input_not_found) -
10/5_17:30_4e             34653197010          ENVIADO      recordatorio FALLIDO (chat_input_not_found) -

[2026-05-14 18:36:08] POSITIVO | Fotos nuevas: 0 | Envios OK: 0 | Envios FAIL: 0 | Reviews negativas: 0 | Fotos borradas: 0

=== SESIÓN 18:37-18:37 (14/05/2026) ===
RESERVA                   TELÉFONO             ESTADO       RESPUESTA                 REVIEW
-----------------------------------------------------------------------------------------------
9/5_14:30_maf             34665976040          ENVIADO      recordatorio FALLIDO (chat_input_not_found) -
9/5_19:00_maf/csi         34%C2%A0628%C2%A061%C2%A027%C2%A078%E2%80%AC ENVIADO      recordatorio FALLIDO (chat_input_not_found) -
9/5_20:30_4e              34747414084          ENVIADO      recordatorio FALLIDO (chat_input_not_found) -
9/5_19:00_4e              34675651585          ENVIADO      recordatorio FALLIDO (chat_input_not_found) -
10/5_17:30_maf            34722714718          ENVIADO      recordatorio FALLIDO (chat_input_not_found) -
10/5_17:30_4e             34653197010          ENVIADO      recordatorio FALLIDO (chat_input_not_found) -

[2026-05-14 18:37:27] POSITIVO | Fotos nuevas: 0 | Envios OK: 0 | Envios FAIL: 0 | Reviews negativas: 0 | Fotos borradas: 0

=== SESIÓN 18:38-18:38 (14/05/2026) ===
RESERVA                   TELÉFONO             ESTADO       RESPUESTA                 REVIEW
-----------------------------------------------------------------------------------------------
9/5_14:30_maf             34665976040          ENVIADO      recordatorio FALLIDO (chat_input_not_found) -
9/5_19:00_maf/csi         34%C2%A0628%C2%A061%C2%A027%C2%A078%E2%80%AC ENVIADO      recordatorio FALLIDO (chat_input_not_found) -
9/5_20:30_4e              34747414084          ENVIADO      recordatorio FALLIDO (chat_input_not_found) -
9/5_19:00_4e              34675651585          ENVIADO      recordatorio FALLIDO (chat_input_not_found) -
10/5_17:30_maf            34722714718          ENVIADO      recordatorio FALLIDO (chat_input_not_found) -
10/5_17:30_4e             34653197010          ENVIADO      recordatorio FALLIDO (chat_input_not_found) -

[2026-05-14 18:38:43] POSITIVO | Fotos nuevas: 0 | Envios OK: 0 | Envios FAIL: 0 | Reviews negativas: 0 | Fotos borradas: 0

=== SESIÓN 18:40-18:40 (14/05/2026) ===
RESERVA                   TELÉFONO             ESTADO       RESPUESTA                 REVIEW
-----------------------------------------------------------------------------------------------
9/5_14:30_maf             34665976040          ENVIADO      recordatorio FALLIDO (chat_input_not_found) -
9/5_19:00_maf/csi         34%C2%A0628%C2%A061%C2%A027%C2%A078%E2%80%AC ENVIADO      recordatorio FALLIDO (chat_input_not_found) -
9/5_20:30_4e              34747414084          ENVIADO      recordatorio FALLIDO (chat_input_not_found) -
9/5_19:00_4e              34675651585          ENVIADO      recordatorio FALLIDO (chat_input_not_found) -
10/5_17:30_maf            34722714718          ENVIADO      recordatorio FALLIDO (chat_input_not_found) -
10/5_17:30_4e             34653197010          ENVIADO      recordatorio FALLIDO (chat_input_not_found) -

[2026-05-14 18:40:12] POSITIVO | Fotos nuevas: 0 | Envios OK: 0 | Envios FAIL: 0 | Reviews negativas: 0 | Fotos borradas: 0

=== SESIÓN 18:41-18:41 (14/05/2026) ===
RESERVA                   TELÉFONO             ESTADO       RESPUESTA                 REVIEW
-----------------------------------------------------------------------------------------------
9/5_14:30_maf             34665976040          ENVIADO      recordatorio FALLIDO (chat_input_not_found) -
9/5_19:00_maf/csi         34%C2%A0628%C2%A061%C2%A027%C2%A078%E2%80%AC ENVIADO      recordatorio FALLIDO (chat_input_not_found) -
9/5_20:30_4e              34747414084          ENVIADO      recordatorio FALLIDO (chat_input_not_found) -
9/5_19:00_4e              34675651585          ENVIADO      recordatorio FALLIDO (chat_input_not_found) -
10/5_17:30_maf            34722714718          ENVIADO      recordatorio FALLIDO (chat_input_not_found) -
10/5_17:30_4e             34653197010          ENVIADO      recordatorio FALLIDO (chat_input_not_found) -

[2026-05-14 18:41:36] POSITIVO | Fotos nuevas: 0 | Envios OK: 0 | Envios FAIL: 0 | Reviews negativas: 0 | Fotos borradas: 0

=== SESIÓN 18:38-18:41 (14/05/2026) ===
RESERVA                   TELÉFONO             ESTADO       RESPUESTA                 REVIEW
-----------------------------------------------------------------------------------------------
9/5_14:30_maf             34665976040          ENVIADO      recordatorio FALLIDO (exception: HTTPConnectionPool(host='localhost', port=56412): Max retries exceeded with url: /session/7a4602616ed9269866891ae89195c13b/source (Caused by NewConnectionError("HTTPConnection(host='localhost', port=56412): Failed to establish a new connection: [WinError 10061] No connection could be made because the target machine actively refused it"))) -
9/5_19:00_maf/csi         34%C2%A0628%C2%A061%C2%A027%C2%A078%E2%80%AC ENVIADO      recordatorio FALLIDO (exception: HTTPConnectionPool(host='localhost', port=56412): Max retries exceeded with url: /session/7a4602616ed9269866891ae89195c13b/source (Caused by NewConnectionError("HTTPConnection(host='localhost', port=56412): Failed to establish a new connection: [WinError 10061] No connection could be made because the target machine actively refused it"))) -
9/5_20:30_4e              34747414084          ENVIADO      recordatorio FALLIDO (exception: HTTPConnectionPool(host='localhost', port=56412): Max retries exceeded with url: /session/7a4602616ed9269866891ae89195c13b/source (Caused by NewConnectionError("HTTPConnection(host='localhost', port=56412): Failed to establish a new connection: [WinError 10061] No connection could be made because the target machine actively refused it"))) -
9/5_19:00_4e              34675651585          ENVIADO      recordatorio FALLIDO (exception: HTTPConnectionPool(host='localhost', port=56412): Max retries exceeded with url: /session/7a4602616ed9269866891ae89195c13b/source (Caused by NewConnectionError("HTTPConnection(host='localhost', port=56412): Failed to establish a new connection: [WinError 10061] No connection could be made because the target machine actively refused it"))) -
10/5_17:30_maf            34722714718          ENVIADO      recordatorio FALLIDO (exception: HTTPConnectionPool(host='localhost', port=56412): Max retries exceeded with url: /session/7a4602616ed9269866891ae89195c13b/source (Caused by NewConnectionError("HTTPConnection(host='localhost', port=56412): Failed to establish a new connection: [WinError 10061] No connection could be made because the target machine actively refused it"))) -
10/5_17:30_4e             34653197010          ENVIADO      recordatorio FALLIDO (exception: HTTPConnectionPool(host='localhost', port=56412): Max retries exceeded with url: /session/7a4602616ed9269866891ae89195c13b/source (Caused by NewConnectionError("HTTPConnection(host='localhost', port=56412): Failed to establish a new connection: [WinError 10061] No connection could be made because the target machine actively refused it"))) -

[2026-05-14 18:41:40] POSITIVO | Fotos nuevas: 0 | Envios OK: 0 | Envios FAIL: 0 | Reviews negativas: 0 | Fotos borradas: 0

=== SESIÓN 18:43-18:43 (14/05/2026) ===
RESERVA                   TELÉFONO             ESTADO       RESPUESTA                 REVIEW
-----------------------------------------------------------------------------------------------
9/5_14:30_maf             34665976040          ENVIADO      recordatorio FALLIDO (chat_input_not_found) -
9/5_19:00_maf/csi         34%C2%A0628%C2%A061%C2%A027%C2%A078%E2%80%AC ENVIADO      recordatorio FALLIDO (chat_input_not_found) -
9/5_20:30_4e              34747414084          ENVIADO      recordatorio FALLIDO (chat_input_not_found) -
9/5_19:00_4e              34675651585          ENVIADO      recordatorio FALLIDO (chat_input_not_found) -
10/5_17:30_maf            34722714718          ENVIADO      recordatorio FALLIDO (chat_input_not_found) -
10/5_17:30_4e             34653197010          ENVIADO      recordatorio FALLIDO (chat_input_not_found) -

[2026-05-14 18:43:42] POSITIVO | Fotos nuevas: 0 | Envios OK: 0 | Envios FAIL: 0 | Reviews negativas: 0 | Fotos borradas: 0

=== SESIÓN 18:44-18:45 (14/05/2026) ===
RESERVA                   TELÉFONO             ESTADO       RESPUESTA                 REVIEW
-----------------------------------------------------------------------------------------------
9/5_14:30_maf             34665976040          ENVIADO      recordatorio FALLIDO (chat_input_not_found) -
9/5_19:00_maf/csi         34%C2%A0628%C2%A061%C2%A027%C2%A078%E2%80%AC ENVIADO      recordatorio FALLIDO (chat_input_not_found) -
9/5_20:30_4e              34747414084          ENVIADO      recordatorio FALLIDO (chat_input_not_found) -
9/5_19:00_4e              34675651585          ENVIADO      recordatorio FALLIDO (chat_input_not_found) -
10/5_17:30_maf            34722714718          ENVIADO      recordatorio FALLIDO (chat_input_not_found) -
10/5_17:30_4e             34653197010          ENVIADO      recordatorio FALLIDO (chat_input_not_found) -

[2026-05-14 18:45:01] POSITIVO | Fotos nuevas: 0 | Envios OK: 0 | Envios FAIL: 0 | Reviews negativas: 0 | Fotos borradas: 0

=== SESIÓN 18:46-18:46 (14/05/2026) ===
RESERVA                   TELÉFONO             ESTADO       RESPUESTA                 REVIEW
-----------------------------------------------------------------------------------------------
9/5_14:30_maf             34665976040          ENVIADO      recordatorio FALLIDO (chat_input_not_found) -
9/5_19:00_maf/csi         34%C2%A0628%C2%A061%C2%A027%C2%A078%E2%80%AC ENVIADO      recordatorio FALLIDO (chat_input_not_found) -
9/5_20:30_4e              34747414084          ENVIADO      recordatorio FALLIDO (chat_input_not_found) -
9/5_19:00_4e              34675651585          ENVIADO      recordatorio FALLIDO (chat_input_not_found) -
10/5_17:30_maf            34722714718          ENVIADO      recordatorio FALLIDO (chat_input_not_found) -
10/5_17:30_4e             34653197010          ENVIADO      recordatorio FALLIDO (chat_input_not_found) -

[2026-05-14 18:46:19] POSITIVO | Fotos nuevas: 0 | Envios OK: 0 | Envios FAIL: 0 | Reviews negativas: 0 | Fotos borradas: 0

=== SESIÓN 18:47-18:47 (14/05/2026) ===
RESERVA                   TELÉFONO             ESTADO       RESPUESTA                 REVIEW
-----------------------------------------------------------------------------------------------
9/5_14:30_maf             34665976040          ENVIADO      recordatorio FALLIDO (chat_input_not_found) -
9/5_19:00_maf/csi         34%C2%A0628%C2%A061%C2%A027%C2%A078%E2%80%AC ENVIADO      recordatorio FALLIDO (chat_input_not_found) -
9/5_20:30_4e              34747414084          ENVIADO      recordatorio FALLIDO (chat_input_not_found) -
9/5_19:00_4e              34675651585          ENVIADO      recordatorio FALLIDO (chat_input_not_found) -
10/5_17:30_maf            34722714718          ENVIADO      recordatorio FALLIDO (chat_input_not_found) -
10/5_17:30_4e             34653197010          ENVIADO      recordatorio FALLIDO (chat_input_not_found) -

[2026-05-14 18:47:41] POSITIVO | Fotos nuevas: 0 | Envios OK: 0 | Envios FAIL: 0 | Reviews negativas: 0 | Fotos borradas: 0

=== SESIÓN 18:48-18:48 (14/05/2026) ===
RESERVA                   TELÉFONO             ESTADO       RESPUESTA                 REVIEW
-----------------------------------------------------------------------------------------------
9/5_14:30_maf             34665976040          ENVIADO      recordatorio FALLIDO (chat_input_not_found) -
9/5_19:00_maf/csi         34%C2%A0628%C2%A061%C2%A027%C2%A078%E2%80%AC ENVIADO      recordatorio FALLIDO (chat_input_not_found) -
9/5_20:30_4e              34747414084          ENVIADO      recordatorio FALLIDO (chat_input_not_found) -
9/5_19:00_4e              34675651585          ENVIADO      recordatorio FALLIDO (chat_input_not_found) -
10/5_17:30_maf            34722714718          ENVIADO      recordatorio FALLIDO (chat_input_not_found) -
10/5_17:30_4e             34653197010          ENVIADO      recordatorio FALLIDO (chat_input_not_found) -

[2026-05-14 18:48:55] POSITIVO | Fotos nuevas: 0 | Envios OK: 0 | Envios FAIL: 0 | Reviews negativas: 0 | Fotos borradas: 0

=== SESIÓN 18:50-18:50 (14/05/2026) ===
RESERVA                   TELÉFONO             ESTADO       RESPUESTA                 REVIEW
-----------------------------------------------------------------------------------------------
9/5_14:30_maf             34665976040          ENVIADO      recordatorio FALLIDO (chat_input_not_found) -
9/5_19:00_maf/csi         34%C2%A0628%C2%A061%C2%A027%C2%A078%E2%80%AC ENVIADO      recordatorio FALLIDO (chat_input_not_found) -
9/5_20:30_4e              34747414084          ENVIADO      recordatorio FALLIDO (chat_input_not_found) -
9/5_19:00_4e              34675651585          ENVIADO      recordatorio FALLIDO (chat_input_not_found) -
10/5_17:30_maf            34722714718          ENVIADO      recordatorio FALLIDO (chat_input_not_found) -
10/5_17:30_4e             34653197010          ENVIADO      recordatorio FALLIDO (chat_input_not_found) -

[2026-05-14 18:50:11] POSITIVO | Fotos nuevas: 0 | Envios OK: 0 | Envios FAIL: 0 | Reviews negativas: 0 | Fotos borradas: 0

=== SESIÓN 18:51-18:51 (14/05/2026) ===
RESERVA                   TELÉFONO             ESTADO       RESPUESTA                 REVIEW
-----------------------------------------------------------------------------------------------
9/5_14:30_maf             34665976040          ENVIADO      recordatorio FALLIDO (chat_input_not_found) -
9/5_19:00_maf/csi         34%C2%A0628%C2%A061%C2%A027%C2%A078%E2%80%AC ENVIADO      recordatorio FALLIDO (chat_input_not_found) -
9/5_20:30_4e              34747414084          ENVIADO      recordatorio FALLIDO (chat_input_not_found) -
9/5_19:00_4e              34675651585          ENVIADO      recordatorio FALLIDO (chat_input_not_found) -
10/5_17:30_maf            34722714718          ENVIADO      recordatorio FALLIDO (chat_input_not_found) -
10/5_17:30_4e             34653197010          ENVIADO      recordatorio FALLIDO (chat_input_not_found) -

[2026-05-14 18:51:26] POSITIVO | Fotos nuevas: 0 | Envios OK: 0 | Envios FAIL: 0 | Reviews negativas: 0 | Fotos borradas: 0

=== SESIÓN 18:52-18:52 (14/05/2026) ===
RESERVA                   TELÉFONO             ESTADO       RESPUESTA                 REVIEW
-----------------------------------------------------------------------------------------------
9/5_14:30_maf             34665976040          ENVIADO      recordatorio FALLIDO (chat_input_not_found) -
9/5_19:00_maf/csi         34%C2%A0628%C2%A061%C2%A027%C2%A078%E2%80%AC ENVIADO      recordatorio FALLIDO (chat_input_not_found) -
9/5_20:30_4e              34747414084          ENVIADO      recordatorio FALLIDO (chat_input_not_found) -
9/5_19:00_4e              34675651585          ENVIADO      recordatorio FALLIDO (chat_input_not_found) -
10/5_17:30_maf            34722714718          ENVIADO      recordatorio FALLIDO (chat_input_not_found) -
10/5_17:30_4e             34653197010          ENVIADO      recordatorio FALLIDO (chat_input_not_found) -

[2026-05-14 18:52:47] POSITIVO | Fotos nuevas: 0 | Envios OK: 0 | Envios FAIL: 0 | Reviews negativas: 0 | Fotos borradas: 0

=== SESIÓN 18:50-18:52 (14/05/2026) ===
RESERVA                   TELÉFONO             ESTADO       RESPUESTA                 REVIEW
-----------------------------------------------------------------------------------------------
9/5_14:30_maf             34665976040          ENVIADO      recordatorio FALLIDO (exception: HTTPConnectionPool(host='localhost', port=57398): Max retries exceeded with url: /session/d3ad29337ccb41f027d9a7fed4913896/source (Caused by NewConnectionError("HTTPConnection(host='localhost', port=57398): Failed to establish a new connection: [WinError 10061] No connection could be made because the target machine actively refused it"))) -
9/5_19:00_maf/csi         34%C2%A0628%C2%A061%C2%A027%C2%A078%E2%80%AC ENVIADO      recordatorio FALLIDO (exception: HTTPConnectionPool(host='localhost', port=57398): Max retries exceeded with url: /session/d3ad29337ccb41f027d9a7fed4913896/source (Caused by NewConnectionError("HTTPConnection(host='localhost', port=57398): Failed to establish a new connection: [WinError 10061] No connection could be made because the target machine actively refused it"))) -
9/5_20:30_4e              34747414084          ENVIADO      recordatorio FALLIDO (exception: HTTPConnectionPool(host='localhost', port=57398): Max retries exceeded with url: /session/d3ad29337ccb41f027d9a7fed4913896/source (Caused by NewConnectionError("HTTPConnection(host='localhost', port=57398): Failed to establish a new connection: [WinError 10061] No connection could be made because the target machine actively refused it"))) -
9/5_19:00_4e              34675651585          ENVIADO      recordatorio FALLIDO (exception: HTTPConnectionPool(host='localhost', port=57398): Max retries exceeded with url: /session/d3ad29337ccb41f027d9a7fed4913896/source (Caused by NewConnectionError("HTTPConnection(host='localhost', port=57398): Failed to establish a new connection: [WinError 10061] No connection could be made because the target machine actively refused it"))) -
10/5_17:30_maf            34722714718          ENVIADO      recordatorio FALLIDO (exception: HTTPConnectionPool(host='localhost', port=57398): Max retries exceeded with url: /session/d3ad29337ccb41f027d9a7fed4913896/source (Caused by NewConnectionError("HTTPConnection(host='localhost', port=57398): Failed to establish a new connection: [WinError 10061] No connection could be made because the target machine actively refused it"))) -
10/5_17:30_4e             34653197010          ENVIADO      recordatorio FALLIDO (exception: HTTPConnectionPool(host='localhost', port=57398): Max retries exceeded with url: /session/d3ad29337ccb41f027d9a7fed4913896/source (Caused by NewConnectionError("HTTPConnection(host='localhost', port=57398): Failed to establish a new connection: [WinError 10061] No connection could be made because the target machine actively refused it"))) -

[2026-05-14 18:52:53] POSITIVO | Fotos nuevas: 0 | Envios OK: 0 | Envios FAIL: 0 | Reviews negativas: 0 | Fotos borradas: 0

=== SESIÓN 18:54-18:54 (14/05/2026) ===
RESERVA                   TELÉFONO             ESTADO       RESPUESTA                 REVIEW
-----------------------------------------------------------------------------------------------
9/5_14:30_maf             34665976040          ENVIADO      recordatorio FALLIDO (chat_input_not_found) -
9/5_19:00_maf/csi         34%C2%A0628%C2%A061%C2%A027%C2%A078%E2%80%AC ENVIADO      recordatorio FALLIDO (chat_input_not_found) -
9/5_20:30_4e              34747414084          ENVIADO      recordatorio FALLIDO (chat_input_not_found) -
9/5_19:00_4e              34675651585          ENVIADO      recordatorio FALLIDO (chat_input_not_found) -
10/5_17:30_maf            34722714718          ENVIADO      recordatorio FALLIDO (chat_input_not_found) -
10/5_17:30_4e             34653197010          ENVIADO      recordatorio FALLIDO (chat_input_not_found) -

[2026-05-14 18:54:52] POSITIVO | Fotos nuevas: 0 | Envios OK: 0 | Envios FAIL: 0 | Reviews negativas: 0 | Fotos borradas: 0

=== SESIÓN 18:56-18:56 (14/05/2026) ===
RESERVA                   TELÉFONO             ESTADO       RESPUESTA                 REVIEW
-----------------------------------------------------------------------------------------------
9/5_14:30_maf             34665976040          ENVIADO      recordatorio FALLIDO (chat_input_not_found) -
9/5_19:00_maf/csi         34%C2%A0628%C2%A061%C2%A027%C2%A078%E2%80%AC ENVIADO      recordatorio FALLIDO (chat_input_not_found) -
9/5_20:30_4e              34747414084          ENVIADO      recordatorio FALLIDO (chat_input_not_found) -
9/5_19:00_4e              34675651585          ENVIADO      recordatorio FALLIDO (chat_input_not_found) -
10/5_17:30_maf            34722714718          ENVIADO      recordatorio FALLIDO (chat_input_not_found) -
10/5_17:30_4e             34653197010          ENVIADO      recordatorio FALLIDO (chat_input_not_found) -

[2026-05-14 18:56:09] POSITIVO | Fotos nuevas: 0 | Envios OK: 0 | Envios FAIL: 0 | Reviews negativas: 0 | Fotos borradas: 0

=== SESIÓN 18:57-18:57 (14/05/2026) ===
RESERVA                   TELÉFONO             ESTADO       RESPUESTA                 REVIEW
-----------------------------------------------------------------------------------------------
9/5_14:30_maf             34665976040          ENVIADO      recordatorio FALLIDO (chat_input_not_found) -
9/5_19:00_maf/csi         34%C2%A0628%C2%A061%C2%A027%C2%A078%E2%80%AC ENVIADO      recordatorio FALLIDO (chat_input_not_found) -
9/5_20:30_4e              34747414084          ENVIADO      recordatorio FALLIDO (chat_input_not_found) -
9/5_19:00_4e              34675651585          ENVIADO      recordatorio FALLIDO (chat_input_not_found) -
10/5_17:30_maf            34722714718          ENVIADO      recordatorio FALLIDO (chat_input_not_found) -
10/5_17:30_4e             34653197010          ENVIADO      recordatorio FALLIDO (chat_input_not_found) -

[2026-05-14 18:57:25] POSITIVO | Fotos nuevas: 0 | Envios OK: 0 | Envios FAIL: 0 | Reviews negativas: 0 | Fotos borradas: 0

=== SESIÓN 18:58-18:58 (14/05/2026) ===
RESERVA                   TELÉFONO             ESTADO       RESPUESTA                 REVIEW
-----------------------------------------------------------------------------------------------
9/5_14:30_maf             34665976040          ENVIADO      recordatorio FALLIDO (chat_input_not_found) -
9/5_19:00_maf/csi         34%C2%A0628%C2%A061%C2%A027%C2%A078%E2%80%AC ENVIADO      recordatorio FALLIDO (chat_input_not_found) -
9/5_20:30_4e              34747414084          ENVIADO      recordatorio FALLIDO (chat_input_not_found) -
9/5_19:00_4e              34675651585          ENVIADO      recordatorio FALLIDO (chat_input_not_found) -
10/5_17:30_maf            34722714718          ENVIADO      recordatorio FALLIDO (chat_input_not_found) -
10/5_17:30_4e             34653197010          ENVIADO      recordatorio FALLIDO (chat_input_not_found) -

[2026-05-14 18:58:41] POSITIVO | Fotos nuevas: 0 | Envios OK: 0 | Envios FAIL: 0 | Reviews negativas: 0 | Fotos borradas: 0

=== SESIÓN 18:59-19:00 (14/05/2026) ===
RESERVA                   TELÉFONO             ESTADO       RESPUESTA                 REVIEW
-----------------------------------------------------------------------------------------------
9/5_14:30_maf             34665976040          ENVIADO      recordatorio FALLIDO (chat_input_not_found) -
9/5_19:00_maf/csi         34%C2%A0628%C2%A061%C2%A027%C2%A078%E2%80%AC ENVIADO      recordatorio FALLIDO (chat_input_not_found) -
9/5_20:30_4e              34747414084          ENVIADO      recordatorio FALLIDO (chat_input_not_found) -
9/5_19:00_4e              34675651585          ENVIADO      recordatorio FALLIDO (chat_input_not_found) -
10/5_17:30_maf            34722714718          ENVIADO      recordatorio FALLIDO (chat_input_not_found) -
10/5_17:30_4e             34653197010          ENVIADO      recordatorio FALLIDO (chat_input_not_found) -

[2026-05-14 19:00:04] POSITIVO | Fotos nuevas: 0 | Envios OK: 0 | Envios FAIL: 0 | Reviews negativas: 0 | Fotos borradas: 0

=== SESIÓN 19:01-19:01 (14/05/2026) ===
RESERVA                   TELÉFONO             ESTADO       RESPUESTA                 REVIEW
-----------------------------------------------------------------------------------------------
9/5_14:30_maf             34665976040          ENVIADO      recordatorio FALLIDO (chat_input_not_found) -
9/5_19:00_maf/csi         34%C2%A0628%C2%A061%C2%A027%C2%A078%E2%80%AC ENVIADO      recordatorio FALLIDO (chat_input_not_found) -
9/5_20:30_4e              34747414084          ENVIADO      recordatorio FALLIDO (chat_input_not_found) -
9/5_19:00_4e              34675651585          ENVIADO      recordatorio FALLIDO (chat_input_not_found) -
10/5_17:30_maf            34722714718          ENVIADO      recordatorio FALLIDO (chat_input_not_found) -
10/5_17:30_4e             34653197010          ENVIADO      recordatorio FALLIDO (chat_input_not_found) -

[2026-05-14 19:01:21] POSITIVO | Fotos nuevas: 0 | Envios OK: 0 | Envios FAIL: 0 | Reviews negativas: 0 | Fotos borradas: 0

=== SESIÓN 19:02-19:02 (14/05/2026) ===
RESERVA                   TELÉFONO             ESTADO       RESPUESTA                 REVIEW
-----------------------------------------------------------------------------------------------
9/5_14:30_maf             34665976040          ENVIADO      recordatorio FALLIDO (chat_input_not_found) -
9/5_19:00_maf/csi         34%C2%A0628%C2%A061%C2%A027%C2%A078%E2%80%AC ENVIADO      recordatorio FALLIDO (chat_input_not_found) -
9/5_20:30_4e              34747414084          ENVIADO      recordatorio FALLIDO (chat_input_not_found) -
9/5_19:00_4e              34675651585          ENVIADO      recordatorio FALLIDO (chat_input_not_found) -
10/5_17:30_maf            34722714718          ENVIADO      recordatorio FALLIDO (chat_input_not_found) -
10/5_17:30_4e             34653197010          ENVIADO      recordatorio FALLIDO (chat_input_not_found) -

[2026-05-14 19:02:39] POSITIVO | Fotos nuevas: 0 | Envios OK: 0 | Envios FAIL: 0 | Reviews negativas: 0 | Fotos borradas: 0

=== SESIÓN 19:00-19:02 (14/05/2026) ===
RESERVA                   TELÉFONO             ESTADO       RESPUESTA                 REVIEW
-----------------------------------------------------------------------------------------------
9/5_14:30_maf             34665976040          ENVIADO      recordatorio FALLIDO (exception: HTTPConnectionPool(host='localhost', port=58693): Max retries exceeded with url: /session/4385a1488e23c2b920d8e8622e5eef55/source (Caused by NewConnectionError("HTTPConnection(host='localhost', port=58693): Failed to establish a new connection: [WinError 10061] No connection could be made because the target machine actively refused it"))) -
9/5_19:00_maf/csi         34%C2%A0628%C2%A061%C2%A027%C2%A078%E2%80%AC ENVIADO      recordatorio FALLIDO (exception: HTTPConnectionPool(host='localhost', port=58693): Max retries exceeded with url: /session/4385a1488e23c2b920d8e8622e5eef55/source (Caused by NewConnectionError("HTTPConnection(host='localhost', port=58693): Failed to establish a new connection: [WinError 10061] No connection could be made because the target machine actively refused it"))) -
9/5_20:30_4e              34747414084          ENVIADO      recordatorio FALLIDO (exception: HTTPConnectionPool(host='localhost', port=58693): Max retries exceeded with url: /session/4385a1488e23c2b920d8e8622e5eef55/source (Caused by NewConnectionError("HTTPConnection(host='localhost', port=58693): Failed to establish a new connection: [WinError 10061] No connection could be made because the target machine actively refused it"))) -
9/5_19:00_4e              34675651585          ENVIADO      recordatorio FALLIDO (exception: HTTPConnectionPool(host='localhost', port=58693): Max retries exceeded with url: /session/4385a1488e23c2b920d8e8622e5eef55/source (Caused by NewConnectionError("HTTPConnection(host='localhost', port=58693): Failed to establish a new connection: [WinError 10061] No connection could be made because the target machine actively refused it"))) -
10/5_17:30_maf            34722714718          ENVIADO      recordatorio FALLIDO (exception: HTTPConnectionPool(host='localhost', port=58693): Max retries exceeded with url: /session/4385a1488e23c2b920d8e8622e5eef55/source (Caused by NewConnectionError("HTTPConnection(host='localhost', port=58693): Failed to establish a new connection: [WinError 10061] No connection could be made because the target machine actively refused it"))) -
10/5_17:30_4e             34653197010          ENVIADO      recordatorio FALLIDO (exception: HTTPConnectionPool(host='localhost', port=58693): Max retries exceeded with url: /session/4385a1488e23c2b920d8e8622e5eef55/source (Caused by NewConnectionError("HTTPConnection(host='localhost', port=58693): Failed to establish a new connection: [WinError 10061] No connection could be made because the target machine actively refused it"))) -

[2026-05-14 19:02:57] POSITIVO | Fotos nuevas: 0 | Envios OK: 0 | Envios FAIL: 0 | Reviews negativas: 0 | Fotos borradas: 0

=== SESIÓN 19:04-19:05 (14/05/2026) ===
RESERVA                   TELÉFONO             ESTADO       RESPUESTA                 REVIEW
-----------------------------------------------------------------------------------------------
9/5_14:30_maf             34665976040          ENVIADO      recordatorio FALLIDO (chat_input_not_found) -
9/5_19:00_maf/csi         34%C2%A0628%C2%A061%C2%A027%C2%A078%E2%80%AC ENVIADO      recordatorio FALLIDO (chat_input_not_found) -
9/5_20:30_4e              34747414084          ENVIADO      recordatorio FALLIDO (chat_input_not_found) -
9/5_19:00_4e              34675651585          ENVIADO      recordatorio FALLIDO (chat_input_not_found) -
10/5_17:30_maf            34722714718          ENVIADO      recordatorio FALLIDO (chat_input_not_found) -
10/5_17:30_4e             34653197010          ENVIADO      recordatorio FALLIDO (chat_input_not_found) -

[2026-05-14 19:05:03] POSITIVO | Fotos nuevas: 0 | Envios OK: 0 | Envios FAIL: 0 | Reviews negativas: 0 | Fotos borradas: 0

=== SESIÓN 19:06-19:06 (14/05/2026) ===
RESERVA                   TELÉFONO             ESTADO       RESPUESTA                 REVIEW
-----------------------------------------------------------------------------------------------
9/5_14:30_maf             34665976040          ENVIADO      recordatorio FALLIDO (chat_input_not_found) -
9/5_19:00_maf/csi         34%C2%A0628%C2%A061%C2%A027%C2%A078%E2%80%AC ENVIADO      recordatorio FALLIDO (chat_input_not_found) -
9/5_20:30_4e              34747414084          ENVIADO      recordatorio FALLIDO (chat_input_not_found) -
9/5_19:00_4e              34675651585          ENVIADO      recordatorio FALLIDO (chat_input_not_found) -
10/5_17:30_maf            34722714718          ENVIADO      recordatorio FALLIDO (chat_input_not_found) -
10/5_17:30_4e             34653197010          ENVIADO      recordatorio FALLIDO (chat_input_not_found) -

[2026-05-14 19:06:23] POSITIVO | Fotos nuevas: 0 | Envios OK: 0 | Envios FAIL: 0 | Reviews negativas: 0 | Fotos borradas: 0

=== SESIÓN 19:07-19:07 (14/05/2026) ===
RESERVA                   TELÉFONO             ESTADO       RESPUESTA                 REVIEW
-----------------------------------------------------------------------------------------------
9/5_14:30_maf             34665976040          ENVIADO      recordatorio FALLIDO (chat_input_not_found) -
9/5_19:00_maf/csi         34%C2%A0628%C2%A061%C2%A027%C2%A078%E2%80%AC ENVIADO      recordatorio FALLIDO (chat_input_not_found) -
9/5_20:30_4e              34747414084          ENVIADO      recordatorio FALLIDO (chat_input_not_found) -
9/5_19:00_4e              34675651585          ENVIADO      recordatorio FALLIDO (chat_input_not_found) -
10/5_17:30_maf            34722714718          ENVIADO      recordatorio FALLIDO (chat_input_not_found) -
10/5_17:30_4e             34653197010          ENVIADO      recordatorio FALLIDO (chat_input_not_found) -

[2026-05-14 19:07:44] POSITIVO | Fotos nuevas: 0 | Envios OK: 0 | Envios FAIL: 0 | Reviews negativas: 0 | Fotos borradas: 0

=== SESIÓN 19:05-19:08 (14/05/2026) ===
RESERVA                   TELÉFONO             ESTADO       RESPUESTA                 REVIEW
-----------------------------------------------------------------------------------------------
9/5_14:30_maf             34665976040          ENVIADO      recordatorio FALLIDO (exception: HTTPConnectionPool(host='localhost', port=59471): Max retries exceeded with url: /session/6daa5cd46c279e01c66c2c59760c300e/source (Caused by NewConnectionError("HTTPConnection(host='localhost', port=59471): Failed to establish a new connection: [WinError 10061] No connection could be made because the target machine actively refused it"))) -
9/5_19:00_maf/csi         34%C2%A0628%C2%A061%C2%A027%C2%A078%E2%80%AC ENVIADO      recordatorio FALLIDO (exception: HTTPConnectionPool(host='localhost', port=59471): Max retries exceeded with url: /session/6daa5cd46c279e01c66c2c59760c300e/source (Caused by NewConnectionError("HTTPConnection(host='localhost', port=59471): Failed to establish a new connection: [WinError 10061] No connection could be made because the target machine actively refused it"))) -
9/5_20:30_4e              34747414084          ENVIADO      recordatorio FALLIDO (exception: HTTPConnectionPool(host='localhost', port=59471): Max retries exceeded with url: /session/6daa5cd46c279e01c66c2c59760c300e/source (Caused by NewConnectionError("HTTPConnection(host='localhost', port=59471): Failed to establish a new connection: [WinError 10061] No connection could be made because the target machine actively refused it"))) -
9/5_19:00_4e              34675651585          ENVIADO      recordatorio FALLIDO (exception: HTTPConnectionPool(host='localhost', port=59471): Max retries exceeded with url: /session/6daa5cd46c279e01c66c2c59760c300e/source (Caused by NewConnectionError("HTTPConnection(host='localhost', port=59471): Failed to establish a new connection: [WinError 10061] No connection could be made because the target machine actively refused it"))) -
10/5_17:30_maf            34722714718          ENVIADO      recordatorio FALLIDO (exception: HTTPConnectionPool(host='localhost', port=59471): Max retries exceeded with url: /session/6daa5cd46c279e01c66c2c59760c300e/source (Caused by NewConnectionError("HTTPConnection(host='localhost', port=59471): Failed to establish a new connection: [WinError 10061] No connection could be made because the target machine actively refused it"))) -
10/5_17:30_4e             34653197010          ENVIADO      recordatorio FALLIDO (exception: HTTPConnectionPool(host='localhost', port=59471): Max retries exceeded with url: /session/6daa5cd46c279e01c66c2c59760c300e/source (Caused by NewConnectionError("HTTPConnection(host='localhost', port=59471): Failed to establish a new connection: [WinError 10061] No connection could be made because the target machine actively refused it"))) -

[2026-05-14 19:08:11] POSITIVO | Fotos nuevas: 0 | Envios OK: 0 | Envios FAIL: 0 | Reviews negativas: 0 | Fotos borradas: 0

=== SESIÓN 19:08-19:08 (14/05/2026) ===
RESERVA                   TELÉFONO             ESTADO       RESPUESTA                 REVIEW
-----------------------------------------------------------------------------------------------
9/5_14:30_maf             34665976040          ENVIADO      recordatorio FALLIDO (chat_input_not_found) -
9/5_19:00_maf/csi         34%C2%A0628%C2%A061%C2%A027%C2%A078%E2%80%AC ENVIADO      recordatorio FALLIDO (chat_input_not_found) -
9/5_20:30_4e              34747414084          ENVIADO      recordatorio FALLIDO (exception: Message: invalid session id; For documentation on this error, please visit: https://www.selenium.dev/documentation/webdriver/troubleshooting/errors#invalidsessionidexception
Stacktrace:
	chromedriver!GetHandleVerifier [0x4eb373+10553]
	chromedriver!GetHandleVerifier [0x4eb4a4+10684]
	chromedriver!(No symbol) [0x2f1c4e]
	chromedriver!(No symbol) [0x32f2c5]
	chromedriver!(No symbol) [0x35d726]
	chromedriver!(No symbol) [0x358c62]
	chromedriver!(No symbol) [0x358281]
	chromedriver!(No symbol) [0x2c501e]
	chromedriver!(No symbol) [0x2c55be]
	chromedriver!(No symbol) [0x2c5a9d]
	chromedriver!GetHandleVerifier [0x76ddb4+292f94]
	chromedriver!GetHandleVerifier [0x76937d+28e55d]
	chromedriver!GetHandleVerifier [0x788215+2ad3f5]
	chromedriver!GetHandleVerifier [0x504c18+29df8]
	chromedriver!GetHandleVerifier [0x50c6fd+318dd]
	chromedriver!(No symbol) [0x2c4b99]
	chromedriver!(No symbol) [0x2c41e0]
	chromedriver!GetHandleVerifier [0x8d2bef+3f7dcf]
	KERNEL32!BaseThreadInitThunk [0x765562c4+24]
	ntdll!RtlSubscribeWnfStateChangeNotification [0x770a0aa9+439]
	ntdll!RtlSubscribeWnfStateChangeNotification [0x770a0a74+404]
) -
9/5_19:00_4e              34675651585          ENVIADO      recordatorio FALLIDO (exception: Message: invalid session id; For documentation on this error, please visit: https://www.selenium.dev/documentation/webdriver/troubleshooting/errors#invalidsessionidexception
Stacktrace:
	chromedriver!GetHandleVerifier [0x4eb373+10553]
	chromedriver!GetHandleVerifier [0x4eb4a4+10684]
	chromedriver!(No symbol) [0x2f1c4e]
	chromedriver!(No symbol) [0x32f2c5]
	chromedriver!(No symbol) [0x35d726]
	chromedriver!(No symbol) [0x358c62]
	chromedriver!(No symbol) [0x358281]
	chromedriver!(No symbol) [0x2c501e]
	chromedriver!(No symbol) [0x2c55be]
	chromedriver!(No symbol) [0x2c5a9d]
	chromedriver!GetHandleVerifier [0x76ddb4+292f94]
	chromedriver!GetHandleVerifier [0x76937d+28e55d]
	chromedriver!GetHandleVerifier [0x788215+2ad3f5]
	chromedriver!GetHandleVerifier [0x504c18+29df8]
	chromedriver!GetHandleVerifier [0x50c6fd+318dd]
	chromedriver!(No symbol) [0x2c4b99]
	chromedriver!(No symbol) [0x2c41e0]
	chromedriver!GetHandleVerifier [0x8d2bef+3f7dcf]
	KERNEL32!BaseThreadInitThunk [0x765562c4+24]
	ntdll!RtlSubscribeWnfStateChangeNotification [0x770a0aa9+439]
	ntdll!RtlSubscribeWnfStateChangeNotification [0x770a0a74+404]
) -
10/5_17:30_maf            34722714718          ENVIADO      recordatorio FALLIDO (exception: Message: invalid session id; For documentation on this error, please visit: https://www.selenium.dev/documentation/webdriver/troubleshooting/errors#invalidsessionidexception
Stacktrace:
	chromedriver!GetHandleVerifier [0x4eb373+10553]
	chromedriver!GetHandleVerifier [0x4eb4a4+10684]
	chromedriver!(No symbol) [0x2f1c4e]
	chromedriver!(No symbol) [0x32f2c5]
	chromedriver!(No symbol) [0x35d726]
	chromedriver!(No symbol) [0x358c62]
	chromedriver!(No symbol) [0x358281]
	chromedriver!(No symbol) [0x2c501e]
	chromedriver!(No symbol) [0x2c55be]
	chromedriver!(No symbol) [0x2c5a9d]
	chromedriver!GetHandleVerifier [0x76ddb4+292f94]
	chromedriver!GetHandleVerifier [0x76937d+28e55d]
	chromedriver!GetHandleVerifier [0x788215+2ad3f5]
	chromedriver!GetHandleVerifier [0x504c18+29df8]
	chromedriver!GetHandleVerifier [0x50c6fd+318dd]
	chromedriver!(No symbol) [0x2c4b99]
	chromedriver!(No symbol) [0x2c41e0]
	chromedriver!GetHandleVerifier [0x8d2bef+3f7dcf]
	KERNEL32!BaseThreadInitThunk [0x765562c4+24]
	ntdll!RtlSubscribeWnfStateChangeNotification [0x770a0aa9+439]
	ntdll!RtlSubscribeWnfStateChangeNotification [0x770a0a74+404]
) -
10/5_17:30_4e             34653197010          ENVIADO      recordatorio FALLIDO (exception: Message: invalid session id; For documentation on this error, please visit: https://www.selenium.dev/documentation/webdriver/troubleshooting/errors#invalidsessionidexception
Stacktrace:
	chromedriver!GetHandleVerifier [0x4eb373+10553]
	chromedriver!GetHandleVerifier [0x4eb4a4+10684]
	chromedriver!(No symbol) [0x2f1c4e]
	chromedriver!(No symbol) [0x32f2c5]
	chromedriver!(No symbol) [0x35d726]
	chromedriver!(No symbol) [0x358c62]
	chromedriver!(No symbol) [0x358281]
	chromedriver!(No symbol) [0x2c501e]
	chromedriver!(No symbol) [0x2c55be]
	chromedriver!(No symbol) [0x2c5a9d]
	chromedriver!GetHandleVerifier [0x76ddb4+292f94]
	chromedriver!GetHandleVerifier [0x76937d+28e55d]
	chromedriver!GetHandleVerifier [0x788215+2ad3f5]
	chromedriver!GetHandleVerifier [0x504c18+29df8]
	chromedriver!GetHandleVerifier [0x50c6fd+318dd]
	chromedriver!(No symbol) [0x2c4b99]
	chromedriver!(No symbol) [0x2c41e0]
	chromedriver!GetHandleVerifier [0x8d2bef+3f7dcf]
	KERNEL32!BaseThreadInitThunk [0x765562c4+24]
	ntdll!RtlSubscribeWnfStateChangeNotification [0x770a0aa9+439]
	ntdll!RtlSubscribeWnfStateChangeNotification [0x770a0a74+404]
) -

[2026-05-14 19:08:58] POSITIVO | Fotos nuevas: 0 | Envios OK: 0 | Envios FAIL: 0 | Reviews negativas: 0 | Fotos borradas: 0

=== SESIÓN 19:10-19:10 (14/05/2026) ===
RESERVA                   TELÉFONO             ESTADO       RESPUESTA                 REVIEW
-----------------------------------------------------------------------------------------------
9/5_14:30_maf             34665976040          ENVIADO      recordatorio FALLIDO (chat_input_not_found) -
9/5_19:00_maf/csi         34%C2%A0628%C2%A061%C2%A027%C2%A078%E2%80%AC ENVIADO      recordatorio FALLIDO (chat_input_not_found) -
9/5_20:30_4e              34747414084          ENVIADO      recordatorio FALLIDO (chat_input_not_found) -
9/5_19:00_4e              34675651585          ENVIADO      recordatorio FALLIDO (chat_input_not_found) -
10/5_17:30_maf            34722714718          ENVIADO      recordatorio FALLIDO (chat_input_not_found) -
10/5_17:30_4e             34653197010          ENVIADO      recordatorio FALLIDO (chat_input_not_found) -

[2026-05-14 19:10:50] POSITIVO | Fotos nuevas: 0 | Envios OK: 0 | Envios FAIL: 0 | Reviews negativas: 0 | Fotos borradas: 0
[2026-05-14 19:11:18] NEGATIVO | WhatsApp no conectado (QR visible) — ciclo abortado

=== SESIÓN 19:12-19:12 (14/05/2026) ===
RESERVA                   TELÉFONO             ESTADO       RESPUESTA                 REVIEW
-----------------------------------------------------------------------------------------------
9/5_14:30_maf             34665976040          ENVIADO      recordatorio FALLIDO (chat_input_not_found) -
9/5_19:00_maf/csi         34%C2%A0628%C2%A061%C2%A027%C2%A078%E2%80%AC ENVIADO      recordatorio FALLIDO (chat_input_not_found) -
9/5_20:30_4e              34747414084          ENVIADO      recordatorio FALLIDO (chat_input_not_found) -
9/5_19:00_4e              34675651585          ENVIADO      recordatorio FALLIDO (exception: Message: invalid session id: session deleted as the browser has closed the connection
from disconnected: Unable to receive message from renderer
  (Session info: chrome=147.0.7727.101); For documentation on this error, please visit: https://www.selenium.dev/documentation/webdriver/troubleshooting/errors#invalidsessionidexception
Stacktrace:
	chromedriver!GetHandleVerifier [0x4eb373+10553]
	chromedriver!GetHandleVerifier [0x4eb4a4+10684]
	chromedriver!(No symbol) [0x2f1e10]
	chromedriver!(No symbol) [0x2e21b3]
	chromedriver!(No symbol) [0x2e1ee5]
	chromedriver!(No symbol) [0x2dfff8]
	chromedriver!(No symbol) [0x2e0846]
	chromedriver!(No symbol) [0x2ed6bb]
	chromedriver!(No symbol) [0x2ff45e]
	chromedriver!(No symbol) [0x304eb6]
	chromedriver!(No symbol) [0x2e0ecc]
	chromedriver!(No symbol) [0x2fece9]
	chromedriver!(No symbol) [0x37ad52]
	chromedriver!(No symbol) [0x35d606]
	chromedriver!(No symbol) [0x330039]
	chromedriver!(No symbol) [0x330df4]
	chromedriver!GetHandleVerifier [0x76ddb4+292f94]
	chromedriver!GetHandleVerifier [0x76937d+28e55d]
	chromedriver!GetHandleVerifier [0x788215+2ad3f5]
	chromedriver!GetHandleVerifier [0x504c18+29df8]
	chromedriver!GetHandleVerifier [0x50c6fd+318dd]
	chromedriver!GetHandleVerifier [0x4f3c78+18e58]
	chromedriver!GetHandleVerifier [0x4f3e42+19022]
	chromedriver!GetHandleVerifier [0x4dd45f+263f]
	KERNEL32!BaseThreadInitThunk [0x765562c4+24]
	ntdll!RtlSubscribeWnfStateChangeNotification [0x770a0aa9+439]
	ntdll!RtlSubscribeWnfStateChangeNotification [0x770a0a74+404]
) -
10/5_17:30_maf            34722714718          ENVIADO      recordatorio FALLIDO (exception: Message: invalid session id; For documentation on this error, please visit: https://www.selenium.dev/documentation/webdriver/troubleshooting/errors#invalidsessionidexception
Stacktrace:
	chromedriver!GetHandleVerifier [0x4eb373+10553]
	chromedriver!GetHandleVerifier [0x4eb4a4+10684]
	chromedriver!(No symbol) [0x2f1c4e]
	chromedriver!(No symbol) [0x32f2c5]
	chromedriver!(No symbol) [0x35d726]
	chromedriver!(No symbol) [0x358c62]
	chromedriver!(No symbol) [0x358281]
	chromedriver!(No symbol) [0x2c501e]
	chromedriver!(No symbol) [0x2c55be]
	chromedriver!(No symbol) [0x2c5a9d]
	chromedriver!GetHandleVerifier [0x76ddb4+292f94]
	chromedriver!GetHandleVerifier [0x76937d+28e55d]
	chromedriver!GetHandleVerifier [0x788215+2ad3f5]
	chromedriver!GetHandleVerifier [0x504c18+29df8]
	chromedriver!GetHandleVerifier [0x50c6fd+318dd]
	chromedriver!(No symbol) [0x2c4b99]
	chromedriver!(No symbol) [0x2c41e0]
	chromedriver!GetHandleVerifier [0x8d2bef+3f7dcf]
	KERNEL32!BaseThreadInitThunk [0x765562c4+24]
	ntdll!RtlSubscribeWnfStateChangeNotification [0x770a0aa9+439]
	ntdll!RtlSubscribeWnfStateChangeNotification [0x770a0a74+404]
) -
10/5_17:30_4e             34653197010          ENVIADO      recordatorio FALLIDO (exception: Message: invalid session id; For documentation on this error, please visit: https://www.selenium.dev/documentation/webdriver/troubleshooting/errors#invalidsessionidexception
Stacktrace:
	chromedriver!GetHandleVerifier [0x4eb373+10553]
	chromedriver!GetHandleVerifier [0x4eb4a4+10684]
	chromedriver!(No symbol) [0x2f1c4e]
	chromedriver!(No symbol) [0x32f2c5]
	chromedriver!(No symbol) [0x35d726]
	chromedriver!(No symbol) [0x358c62]
	chromedriver!(No symbol) [0x358281]
	chromedriver!(No symbol) [0x2c501e]
	chromedriver!(No symbol) [0x2c55be]
	chromedriver!(No symbol) [0x2c5a9d]
	chromedriver!GetHandleVerifier [0x76ddb4+292f94]
	chromedriver!GetHandleVerifier [0x76937d+28e55d]
	chromedriver!GetHandleVerifier [0x788215+2ad3f5]
	chromedriver!GetHandleVerifier [0x504c18+29df8]
	chromedriver!GetHandleVerifier [0x50c6fd+318dd]
	chromedriver!(No symbol) [0x2c4b99]
	chromedriver!(No symbol) [0x2c41e0]
	chromedriver!GetHandleVerifier [0x8d2bef+3f7dcf]
	KERNEL32!BaseThreadInitThunk [0x765562c4+24]
	ntdll!RtlSubscribeWnfStateChangeNotification [0x770a0aa9+439]
	ntdll!RtlSubscribeWnfStateChangeNotification [0x770a0a74+404]
) -

[2026-05-14 19:12:05] POSITIVO | Fotos nuevas: 0 | Envios OK: 0 | Envios FAIL: 0 | Reviews negativas: 0 | Fotos borradas: 0

=== SESIÓN 19:13-19:14 (14/05/2026) ===
RESERVA                   TELÉFONO             ESTADO       RESPUESTA                 REVIEW
-----------------------------------------------------------------------------------------------
9/5_14:30_maf             34665976040          ENVIADO      recordatorio FALLIDO (chat_input_not_found) -
9/5_19:00_maf/csi         34%C2%A0628%C2%A061%C2%A027%C2%A078%E2%80%AC ENVIADO      recordatorio FALLIDO (chat_input_not_found) -
9/5_20:30_4e              34747414084          ENVIADO      recordatorio FALLIDO (chat_input_not_found) -
9/5_19:00_4e              34675651585          ENVIADO      recordatorio FALLIDO (chat_input_not_found) -
10/5_17:30_maf            34722714718          ENVIADO      recordatorio FALLIDO (chat_input_not_found) -
10/5_17:30_4e             34653197010          ENVIADO      recordatorio FALLIDO (chat_input_not_found) -

[2026-05-14 19:14:01] POSITIVO | Fotos nuevas: 0 | Envios OK: 0 | Envios FAIL: 0 | Reviews negativas: 0 | Fotos borradas: 0
[2026-05-14 19:14:23] NEGATIVO | WhatsApp no conectado (QR visible) — ciclo abortado

=== SESIÓN 19:15-19:15 (14/05/2026) ===
RESERVA                   TELÉFONO             ESTADO       RESPUESTA                 REVIEW
-----------------------------------------------------------------------------------------------
9/5_14:30_maf             34665976040          ENVIADO      recordatorio FALLIDO (chat_input_not_found) -
9/5_19:00_maf/csi         34%C2%A0628%C2%A061%C2%A027%C2%A078%E2%80%AC ENVIADO      recordatorio FALLIDO (chat_input_not_found) -
9/5_20:30_4e              34747414084          ENVIADO      recordatorio FALLIDO (chat_input_not_found) -
9/5_19:00_4e              34675651585          ENVIADO      recordatorio FALLIDO (exception: Message: invalid session id; For documentation on this error, please visit: https://www.selenium.dev/documentation/webdriver/troubleshooting/errors#invalidsessionidexception
Stacktrace:
	chromedriver!GetHandleVerifier [0x4eb373+10553]
	chromedriver!GetHandleVerifier [0x4eb4a4+10684]
	chromedriver!(No symbol) [0x2f1c4e]
	chromedriver!(No symbol) [0x32f2c5]
	chromedriver!(No symbol) [0x35d726]
	chromedriver!(No symbol) [0x358c62]
	chromedriver!(No symbol) [0x358281]
	chromedriver!(No symbol) [0x2c501e]
	chromedriver!(No symbol) [0x2c55be]
	chromedriver!(No symbol) [0x2c5a9d]
	chromedriver!GetHandleVerifier [0x76ddb4+292f94]
	chromedriver!GetHandleVerifier [0x76937d+28e55d]
	chromedriver!GetHandleVerifier [0x788215+2ad3f5]
	chromedriver!GetHandleVerifier [0x504c18+29df8]
	chromedriver!GetHandleVerifier [0x50c6fd+318dd]
	chromedriver!(No symbol) [0x2c4b99]
	chromedriver!(No symbol) [0x2c41e0]
	chromedriver!GetHandleVerifier [0x8d2bef+3f7dcf]
	KERNEL32!BaseThreadInitThunk [0x765562c4+24]
	ntdll!RtlSubscribeWnfStateChangeNotification [0x770a0aa9+439]
	ntdll!RtlSubscribeWnfStateChangeNotification [0x770a0a74+404]
) -
10/5_17:30_maf            34722714718          ENVIADO      recordatorio FALLIDO (exception: Message: invalid session id; For documentation on this error, please visit: https://www.selenium.dev/documentation/webdriver/troubleshooting/errors#invalidsessionidexception
Stacktrace:
	chromedriver!GetHandleVerifier [0x4eb373+10553]
	chromedriver!GetHandleVerifier [0x4eb4a4+10684]
	chromedriver!(No symbol) [0x2f1c4e]
	chromedriver!(No symbol) [0x32f2c5]
	chromedriver!(No symbol) [0x35d726]
	chromedriver!(No symbol) [0x358c62]
	chromedriver!(No symbol) [0x358281]
	chromedriver!(No symbol) [0x2c501e]
	chromedriver!(No symbol) [0x2c55be]
	chromedriver!(No symbol) [0x2c5a9d]
	chromedriver!GetHandleVerifier [0x76ddb4+292f94]
	chromedriver!GetHandleVerifier [0x76937d+28e55d]
	chromedriver!GetHandleVerifier [0x788215+2ad3f5]
	chromedriver!GetHandleVerifier [0x504c18+29df8]
	chromedriver!GetHandleVerifier [0x50c6fd+318dd]
	chromedriver!(No symbol) [0x2c4b99]
	chromedriver!(No symbol) [0x2c41e0]
	chromedriver!GetHandleVerifier [0x8d2bef+3f7dcf]
	KERNEL32!BaseThreadInitThunk [0x765562c4+24]
	ntdll!RtlSubscribeWnfStateChangeNotification [0x770a0aa9+439]
	ntdll!RtlSubscribeWnfStateChangeNotification [0x770a0a74+404]
) -
10/5_17:30_4e             34653197010          ENVIADO      recordatorio FALLIDO (exception: Message: invalid session id; For documentation on this error, please visit: https://www.selenium.dev/documentation/webdriver/troubleshooting/errors#invalidsessionidexception
Stacktrace:
	chromedriver!GetHandleVerifier [0x4eb373+10553]
	chromedriver!GetHandleVerifier [0x4eb4a4+10684]
	chromedriver!(No symbol) [0x2f1c4e]
	chromedriver!(No symbol) [0x32f2c5]
	chromedriver!(No symbol) [0x35d726]
	chromedriver!(No symbol) [0x358c62]
	chromedriver!(No symbol) [0x358281]
	chromedriver!(No symbol) [0x2c501e]
	chromedriver!(No symbol) [0x2c55be]
	chromedriver!(No symbol) [0x2c5a9d]
	chromedriver!GetHandleVerifier [0x76ddb4+292f94]
	chromedriver!GetHandleVerifier [0x76937d+28e55d]
	chromedriver!GetHandleVerifier [0x788215+2ad3f5]
	chromedriver!GetHandleVerifier [0x504c18+29df8]
	chromedriver!GetHandleVerifier [0x50c6fd+318dd]
	chromedriver!(No symbol) [0x2c4b99]
	chromedriver!(No symbol) [0x2c41e0]
	chromedriver!GetHandleVerifier [0x8d2bef+3f7dcf]
	KERNEL32!BaseThreadInitThunk [0x765562c4+24]
	ntdll!RtlSubscribeWnfStateChangeNotification [0x770a0aa9+439]
	ntdll!RtlSubscribeWnfStateChangeNotification [0x770a0a74+404]
) -

[2026-05-14 19:15:11] POSITIVO | Fotos nuevas: 0 | Envios OK: 0 | Envios FAIL: 0 | Reviews negativas: 0 | Fotos borradas: 0

=== SESIÓN 19:17-19:17 (14/05/2026) ===
RESERVA                   TELÉFONO             ESTADO       RESPUESTA                 REVIEW
-----------------------------------------------------------------------------------------------
9/5_14:30_maf             34665976040          ENVIADO      recordatorio FALLIDO (chat_input_not_found) -
9/5_19:00_maf/csi         34%C2%A0628%C2%A061%C2%A027%C2%A078%E2%80%AC ENVIADO      recordatorio FALLIDO (chat_input_not_found) -
9/5_20:30_4e              34747414084          ENVIADO      recordatorio FALLIDO (chat_input_not_found) -
9/5_19:00_4e              34675651585          ENVIADO      recordatorio FALLIDO (chat_input_not_found) -
10/5_17:30_maf            34722714718          ENVIADO      recordatorio FALLIDO (chat_input_not_found) -
10/5_17:30_4e             34653197010          ENVIADO      recordatorio FALLIDO (chat_input_not_found) -

[2026-05-14 19:17:10] POSITIVO | Fotos nuevas: 0 | Envios OK: 0 | Envios FAIL: 0 | Reviews negativas: 0 | Fotos borradas: 0
[2026-05-14 19:17:31] NEGATIVO | WhatsApp no conectado (QR visible) — ciclo abortado

=== SESIÓN 19:19-19:19 (14/05/2026) ===
RESERVA                   TELÉFONO             ESTADO       RESPUESTA                 REVIEW
-----------------------------------------------------------------------------------------------
9/5_14:30_maf             34665976040          ENVIADO      recordatorio FALLIDO (chat_input_not_found) -
9/5_19:00_maf/csi         34%C2%A0628%C2%A061%C2%A027%C2%A078%E2%80%AC ENVIADO      recordatorio FALLIDO (chat_input_not_found) -
9/5_20:30_4e              34747414084          ENVIADO      recordatorio FALLIDO (chat_input_not_found) -
9/5_19:00_4e              34675651585          ENVIADO      recordatorio FALLIDO (chat_input_not_found) -
10/5_17:30_maf            34722714718          ENVIADO      recordatorio FALLIDO (chat_input_not_found) -
10/5_17:30_4e             34653197010          ENVIADO      recordatorio FALLIDO (chat_input_not_found) -

[2026-05-14 19:19:34] POSITIVO | Fotos nuevas: 0 | Envios OK: 0 | Envios FAIL: 0 | Reviews negativas: 0 | Fotos borradas: 0

=== SESIÓN 19:20-19:20 (14/05/2026) ===
RESERVA                   TELÉFONO             ESTADO       RESPUESTA                 REVIEW
-----------------------------------------------------------------------------------------------
9/5_14:30_maf             34665976040          ENVIADO      recordatorio FALLIDO (chat_input_not_found) -
9/5_19:00_maf/csi         34%C2%A0628%C2%A061%C2%A027%C2%A078%E2%80%AC ENVIADO      recordatorio FALLIDO (chat_input_not_found) -
9/5_20:30_4e              34747414084          ENVIADO      recordatorio FALLIDO (chat_input_not_found) -
9/5_19:00_4e              34675651585          ENVIADO      recordatorio FALLIDO (chat_input_not_found) -
10/5_17:30_maf            34722714718          ENVIADO      recordatorio FALLIDO (chat_input_not_found) -
10/5_17:30_4e             34653197010          ENVIADO      recordatorio FALLIDO (chat_input_not_found) -

[2026-05-14 19:20:51] POSITIVO | Fotos nuevas: 0 | Envios OK: 0 | Envios FAIL: 0 | Reviews negativas: 0 | Fotos borradas: 0

=== SESIÓN 19:19-19:22 (14/05/2026) ===
RESERVA                   TELÉFONO             ESTADO       RESPUESTA                 REVIEW
-----------------------------------------------------------------------------------------------
9/5_14:30_maf             34665976040          ENVIADO      recordatorio FALLIDO (exception: HTTPConnectionPool(host='localhost', port=60806): Max retries exceeded with url: /session/af57c54d7b0826bf3e3f2bb196bbcf3a/source (Caused by NewConnectionError("HTTPConnection(host='localhost', port=60806): Failed to establish a new connection: [WinError 10061] No connection could be made because the target machine actively refused it"))) -
9/5_19:00_maf/csi         34%C2%A0628%C2%A061%C2%A027%C2%A078%E2%80%AC ENVIADO      recordatorio FALLIDO (exception: HTTPConnectionPool(host='localhost', port=60806): Max retries exceeded with url: /session/af57c54d7b0826bf3e3f2bb196bbcf3a/source (Caused by NewConnectionError("HTTPConnection(host='localhost', port=60806): Failed to establish a new connection: [WinError 10061] No connection could be made because the target machine actively refused it"))) -
9/5_20:30_4e              34747414084          ENVIADO      recordatorio FALLIDO (exception: HTTPConnectionPool(host='localhost', port=60806): Max retries exceeded with url: /session/af57c54d7b0826bf3e3f2bb196bbcf3a/source (Caused by NewConnectionError("HTTPConnection(host='localhost', port=60806): Failed to establish a new connection: [WinError 10061] No connection could be made because the target machine actively refused it"))) -
9/5_19:00_4e              34675651585          ENVIADO      recordatorio FALLIDO (exception: HTTPConnectionPool(host='localhost', port=60806): Max retries exceeded with url: /session/af57c54d7b0826bf3e3f2bb196bbcf3a/source (Caused by NewConnectionError("HTTPConnection(host='localhost', port=60806): Failed to establish a new connection: [WinError 10061] No connection could be made because the target machine actively refused it"))) -
10/5_17:30_maf            34722714718          ENVIADO      recordatorio FALLIDO (exception: HTTPConnectionPool(host='localhost', port=60806): Max retries exceeded with url: /session/af57c54d7b0826bf3e3f2bb196bbcf3a/source (Caused by NewConnectionError("HTTPConnection(host='localhost', port=60806): Failed to establish a new connection: [WinError 10061] No connection could be made because the target machine actively refused it"))) -
10/5_17:30_4e             34653197010          ENVIADO      recordatorio FALLIDO (exception: HTTPConnectionPool(host='localhost', port=60806): Max retries exceeded with url: /session/af57c54d7b0826bf3e3f2bb196bbcf3a/source (Caused by NewConnectionError("HTTPConnection(host='localhost', port=60806): Failed to establish a new connection: [WinError 10061] No connection could be made because the target machine actively refused it"))) -

[2026-05-14 19:22:09] POSITIVO | Fotos nuevas: 0 | Envios OK: 0 | Envios FAIL: 0 | Reviews negativas: 0 | Fotos borradas: 0

=== SESIÓN 19:22-19:22 (14/05/2026) ===
RESERVA                   TELÉFONO             ESTADO       RESPUESTA                 REVIEW
-----------------------------------------------------------------------------------------------
9/5_14:30_maf             34665976040          ENVIADO      recordatorio FALLIDO (chat_input_not_found) -
9/5_19:00_maf/csi         34%C2%A0628%C2%A061%C2%A027%C2%A078%E2%80%AC ENVIADO      recordatorio FALLIDO (chat_input_not_found) -
9/5_20:30_4e              34747414084          ENVIADO      recordatorio FALLIDO (chat_input_not_found) -
9/5_19:00_4e              34675651585          ENVIADO      recordatorio FALLIDO (chat_input_not_found) -
10/5_17:30_maf            34722714718          ENVIADO      recordatorio FALLIDO (chat_input_not_found) -
10/5_17:30_4e             34653197010          ENVIADO      recordatorio FALLIDO (chat_input_not_found) -

[2026-05-14 19:22:11] POSITIVO | Fotos nuevas: 0 | Envios OK: 0 | Envios FAIL: 0 | Reviews negativas: 0 | Fotos borradas: 0

=== SESIÓN 19:24-19:24 (14/05/2026) ===
RESERVA                   TELÉFONO             ESTADO       RESPUESTA                 REVIEW
-----------------------------------------------------------------------------------------------
9/5_14:30_maf             34665976040          ENVIADO      recordatorio FALLIDO (chat_input_not_found) -
9/5_19:00_maf/csi         34%C2%A0628%C2%A061%C2%A027%C2%A078%E2%80%AC ENVIADO      recordatorio FALLIDO (chat_input_not_found) -
9/5_20:30_4e              34747414084          ENVIADO      recordatorio FALLIDO (chat_input_not_found) -
9/5_19:00_4e              34675651585          ENVIADO      recordatorio FALLIDO (chat_input_not_found) -
10/5_17:30_maf            34722714718          ENVIADO      recordatorio FALLIDO (chat_input_not_found) -
10/5_17:30_4e             34653197010          ENVIADO      recordatorio FALLIDO (chat_input_not_found) -

[2026-05-14 19:24:10] POSITIVO | Fotos nuevas: 0 | Envios OK: 0 | Envios FAIL: 0 | Reviews negativas: 0 | Fotos borradas: 0
[2026-05-14 19:24:34] NEGATIVO | WhatsApp no conectado (QR visible) — ciclo abortado

=== SESIÓN 19:25-19:25 (14/05/2026) ===
RESERVA                   TELÉFONO             ESTADO       RESPUESTA                 REVIEW
-----------------------------------------------------------------------------------------------
9/5_14:30_maf             34665976040          ENVIADO      recordatorio FALLIDO (chat_input_not_found) -
9/5_19:00_maf/csi         34%C2%A0628%C2%A061%C2%A027%C2%A078%E2%80%AC ENVIADO      recordatorio FALLIDO (exception: Message: invalid session id: session deleted as the browser has closed the connection
from disconnected: Unable to receive message from renderer
  (Session info: chrome=147.0.7727.101); For documentation on this error, please visit: https://www.selenium.dev/documentation/webdriver/troubleshooting/errors#invalidsessionidexception
Stacktrace:
	chromedriver!GetHandleVerifier [0x4eb373+10553]
	chromedriver!GetHandleVerifier [0x4eb4a4+10684]
	chromedriver!(No symbol) [0x2f1e10]
	chromedriver!(No symbol) [0x2e21b3]
	chromedriver!(No symbol) [0x2e1ee5]
	chromedriver!(No symbol) [0x2dfff8]
	chromedriver!(No symbol) [0x2e0846]
	chromedriver!(No symbol) [0x30454e]
	chromedriver!(No symbol) [0x2fa8fb]
	chromedriver!(No symbol) [0x2fa80d]
	chromedriver!(No symbol) [0x37d0cf]
	chromedriver!(No symbol) [0x35d86c]
	chromedriver!(No symbol) [0x37aa36]
	chromedriver!(No symbol) [0x35d606]
	chromedriver!(No symbol) [0x330039]
	chromedriver!(No symbol) [0x330df4]
	chromedriver!GetHandleVerifier [0x76ddb4+292f94]
	chromedriver!GetHandleVerifier [0x76937d+28e55d]
	chromedriver!GetHandleVerifier [0x788215+2ad3f5]
	chromedriver!GetHandleVerifier [0x504c18+29df8]
	chromedriver!GetHandleVerifier [0x50c6fd+318dd]
	chromedriver!GetHandleVerifier [0x4f3c78+18e58]
	chromedriver!GetHandleVerifier [0x4f3e42+19022]
	chromedriver!GetHandleVerifier [0x4dd45f+263f]
	KERNEL32!BaseThreadInitThunk [0x765562c4+24]
	ntdll!RtlSubscribeWnfStateChangeNotification [0x770a0aa9+439]
	ntdll!RtlSubscribeWnfStateChangeNotification [0x770a0a74+404]
) -
9/5_20:30_4e              34747414084          ENVIADO      recordatorio FALLIDO (exception: Message: invalid session id; For documentation on this error, please visit: https://www.selenium.dev/documentation/webdriver/troubleshooting/errors#invalidsessionidexception
Stacktrace:
	chromedriver!GetHandleVerifier [0x4eb373+10553]
	chromedriver!GetHandleVerifier [0x4eb4a4+10684]
	chromedriver!(No symbol) [0x2f1c4e]
	chromedriver!(No symbol) [0x32f2c5]
	chromedriver!(No symbol) [0x35d726]
	chromedriver!(No symbol) [0x358c62]
	chromedriver!(No symbol) [0x358281]
	chromedriver!(No symbol) [0x2c501e]
	chromedriver!(No symbol) [0x2c55be]
	chromedriver!(No symbol) [0x2c5a9d]
	chromedriver!GetHandleVerifier [0x76ddb4+292f94]
	chromedriver!GetHandleVerifier [0x76937d+28e55d]
	chromedriver!GetHandleVerifier [0x788215+2ad3f5]
	chromedriver!GetHandleVerifier [0x504c18+29df8]
	chromedriver!GetHandleVerifier [0x50c6fd+318dd]
	chromedriver!(No symbol) [0x2c4b99]
	chromedriver!(No symbol) [0x2c41e0]
	chromedriver!GetHandleVerifier [0x8d2bef+3f7dcf]
	KERNEL32!BaseThreadInitThunk [0x765562c4+24]
	ntdll!RtlSubscribeWnfStateChangeNotification [0x770a0aa9+439]
	ntdll!RtlSubscribeWnfStateChangeNotification [0x770a0a74+404]
) -
9/5_19:00_4e              34675651585          ENVIADO      recordatorio FALLIDO (exception: Message: invalid session id; For documentation on this error, please visit: https://www.selenium.dev/documentation/webdriver/troubleshooting/errors#invalidsessionidexception
Stacktrace:
	chromedriver!GetHandleVerifier [0x4eb373+10553]
	chromedriver!GetHandleVerifier [0x4eb4a4+10684]
	chromedriver!(No symbol) [0x2f1c4e]
	chromedriver!(No symbol) [0x32f2c5]
	chromedriver!(No symbol) [0x35d726]
	chromedriver!(No symbol) [0x358c62]
	chromedriver!(No symbol) [0x358281]
	chromedriver!(No symbol) [0x2c501e]
	chromedriver!(No symbol) [0x2c55be]
	chromedriver!(No symbol) [0x2c5a9d]
	chromedriver!GetHandleVerifier [0x76ddb4+292f94]
	chromedriver!GetHandleVerifier [0x76937d+28e55d]
	chromedriver!GetHandleVerifier [0x788215+2ad3f5]
	chromedriver!GetHandleVerifier [0x504c18+29df8]
	chromedriver!GetHandleVerifier [0x50c6fd+318dd]
	chromedriver!(No symbol) [0x2c4b99]
	chromedriver!(No symbol) [0x2c41e0]
	chromedriver!GetHandleVerifier [0x8d2bef+3f7dcf]
	KERNEL32!BaseThreadInitThunk [0x765562c4+24]
	ntdll!RtlSubscribeWnfStateChangeNotification [0x770a0aa9+439]
	ntdll!RtlSubscribeWnfStateChangeNotification [0x770a0a74+404]
) -
10/5_17:30_maf            34722714718          ENVIADO      recordatorio FALLIDO (exception: Message: invalid session id; For documentation on this error, please visit: https://www.selenium.dev/documentation/webdriver/troubleshooting/errors#invalidsessionidexception
Stacktrace:
	chromedriver!GetHandleVerifier [0x4eb373+10553]
	chromedriver!GetHandleVerifier [0x4eb4a4+10684]
	chromedriver!(No symbol) [0x2f1c4e]
	chromedriver!(No symbol) [0x32f2c5]
	chromedriver!(No symbol) [0x35d726]
	chromedriver!(No symbol) [0x358c62]
	chromedriver!(No symbol) [0x358281]
	chromedriver!(No symbol) [0x2c501e]
	chromedriver!(No symbol) [0x2c55be]
	chromedriver!(No symbol) [0x2c5a9d]
	chromedriver!GetHandleVerifier [0x76ddb4+292f94]
	chromedriver!GetHandleVerifier [0x76937d+28e55d]
	chromedriver!GetHandleVerifier [0x788215+2ad3f5]
	chromedriver!GetHandleVerifier [0x504c18+29df8]
	chromedriver!GetHandleVerifier [0x50c6fd+318dd]
	chromedriver!(No symbol) [0x2c4b99]
	chromedriver!(No symbol) [0x2c41e0]
	chromedriver!GetHandleVerifier [0x8d2bef+3f7dcf]
	KERNEL32!BaseThreadInitThunk [0x765562c4+24]
	ntdll!RtlSubscribeWnfStateChangeNotification [0x770a0aa9+439]
	ntdll!RtlSubscribeWnfStateChangeNotification [0x770a0a74+404]
) -
10/5_17:30_4e             34653197010          ENVIADO      recordatorio FALLIDO (exception: Message: invalid session id; For documentation on this error, please visit: https://www.selenium.dev/documentation/webdriver/troubleshooting/errors#invalidsessionidexception
Stacktrace:
	chromedriver!GetHandleVerifier [0x4eb373+10553]
	chromedriver!GetHandleVerifier [0x4eb4a4+10684]
	chromedriver!(No symbol) [0x2f1c4e]
	chromedriver!(No symbol) [0x32f2c5]
	chromedriver!(No symbol) [0x35d726]
	chromedriver!(No symbol) [0x358c62]
	chromedriver!(No symbol) [0x358281]
	chromedriver!(No symbol) [0x2c501e]
	chromedriver!(No symbol) [0x2c55be]
	chromedriver!(No symbol) [0x2c5a9d]
	chromedriver!GetHandleVerifier [0x76ddb4+292f94]
	chromedriver!GetHandleVerifier [0x76937d+28e55d]
	chromedriver!GetHandleVerifier [0x788215+2ad3f5]
	chromedriver!GetHandleVerifier [0x504c18+29df8]
	chromedriver!GetHandleVerifier [0x50c6fd+318dd]
	chromedriver!(No symbol) [0x2c4b99]
	chromedriver!(No symbol) [0x2c41e0]
	chromedriver!GetHandleVerifier [0x8d2bef+3f7dcf]
	KERNEL32!BaseThreadInitThunk [0x765562c4+24]
	ntdll!RtlSubscribeWnfStateChangeNotification [0x770a0aa9+439]
	ntdll!RtlSubscribeWnfStateChangeNotification [0x770a0a74+404]
) -

[2026-05-14 19:25:21] POSITIVO | Fotos nuevas: 0 | Envios OK: 0 | Envios FAIL: 0 | Reviews negativas: 0 | Fotos borradas: 0

=== SESIÓN 19:27-19:27 (14/05/2026) ===
RESERVA                   TELÉFONO             ESTADO       RESPUESTA                 REVIEW
-----------------------------------------------------------------------------------------------
9/5_14:30_maf             34665976040          ENVIADO      recordatorio FALLIDO (chat_input_not_found) -
9/5_19:00_maf/csi         34%C2%A0628%C2%A061%C2%A027%C2%A078%E2%80%AC ENVIADO      recordatorio FALLIDO (chat_input_not_found) -
9/5_20:30_4e              34747414084          ENVIADO      recordatorio FALLIDO (chat_input_not_found) -
9/5_19:00_4e              34675651585          ENVIADO      recordatorio FALLIDO (chat_input_not_found) -
10/5_17:30_maf            34722714718          ENVIADO      recordatorio FALLIDO (chat_input_not_found) -
10/5_17:30_4e             34653197010          ENVIADO      recordatorio FALLIDO (chat_input_not_found) -

[2026-05-14 19:27:18] POSITIVO | Fotos nuevas: 0 | Envios OK: 0 | Envios FAIL: 0 | Reviews negativas: 0 | Fotos borradas: 0
[2026-05-14 19:27:41] NEGATIVO | WhatsApp no conectado (QR visible) — ciclo abortado

=== SESIÓN 19:28-19:28 (14/05/2026) ===
RESERVA                   TELÉFONO             ESTADO       RESPUESTA                 REVIEW
-----------------------------------------------------------------------------------------------
9/5_14:30_maf             34665976040          ENVIADO      recordatorio FALLIDO (chat_input_not_found) -
9/5_19:00_maf/csi         34%C2%A0628%C2%A061%C2%A027%C2%A078%E2%80%AC ENVIADO      recordatorio FALLIDO (exception: Message: invalid session id: session deleted as the browser has closed the connection
from disconnected: Unable to receive message from renderer
  (Session info: chrome=147.0.7727.101); For documentation on this error, please visit: https://www.selenium.dev/documentation/webdriver/troubleshooting/errors#invalidsessionidexception
Stacktrace:
	chromedriver!GetHandleVerifier [0x4eb373+10553]
	chromedriver!GetHandleVerifier [0x4eb4a4+10684]
	chromedriver!(No symbol) [0x2f1e10]
	chromedriver!(No symbol) [0x2e21b3]
	chromedriver!(No symbol) [0x2e1ee5]
	chromedriver!(No symbol) [0x2dfff8]
	chromedriver!(No symbol) [0x2e0846]
	chromedriver!(No symbol) [0x2ed6bb]
	chromedriver!(No symbol) [0x2ff45e]
	chromedriver!(No symbol) [0x304eb6]
	chromedriver!(No symbol) [0x2e0ecc]
	chromedriver!(No symbol) [0x2fece9]
	chromedriver!(No symbol) [0x37a946]
	chromedriver!(No symbol) [0x35d606]
	chromedriver!(No symbol) [0x330039]
	chromedriver!(No symbol) [0x330df4]
	chromedriver!GetHandleVerifier [0x76ddb4+292f94]
	chromedriver!GetHandleVerifier [0x76937d+28e55d]
	chromedriver!GetHandleVerifier [0x788215+2ad3f5]
	chromedriver!GetHandleVerifier [0x504c18+29df8]
	chromedriver!GetHandleVerifier [0x50c6fd+318dd]
	chromedriver!GetHandleVerifier [0x4f3c78+18e58]
	chromedriver!GetHandleVerifier [0x4f3e42+19022]
	chromedriver!GetHandleVerifier [0x4dd45f+263f]
	KERNEL32!BaseThreadInitThunk [0x765562c4+24]
	ntdll!RtlSubscribeWnfStateChangeNotification [0x770a0aa9+439]
	ntdll!RtlSubscribeWnfStateChangeNotification [0x770a0a74+404]
) -
9/5_20:30_4e              34747414084          ENVIADO      recordatorio FALLIDO (exception: Message: invalid session id; For documentation on this error, please visit: https://www.selenium.dev/documentation/webdriver/troubleshooting/errors#invalidsessionidexception
Stacktrace:
	chromedriver!GetHandleVerifier [0x4eb373+10553]
	chromedriver!GetHandleVerifier [0x4eb4a4+10684]
	chromedriver!(No symbol) [0x2f1c4e]
	chromedriver!(No symbol) [0x32f2c5]
	chromedriver!(No symbol) [0x35d726]
	chromedriver!(No symbol) [0x358c62]
	chromedriver!(No symbol) [0x358281]
	chromedriver!(No symbol) [0x2c501e]
	chromedriver!(No symbol) [0x2c55be]
	chromedriver!(No symbol) [0x2c5a9d]
	chromedriver!GetHandleVerifier [0x76ddb4+292f94]
	chromedriver!GetHandleVerifier [0x76937d+28e55d]
	chromedriver!GetHandleVerifier [0x788215+2ad3f5]
	chromedriver!GetHandleVerifier [0x504c18+29df8]
	chromedriver!GetHandleVerifier [0x50c6fd+318dd]
	chromedriver!(No symbol) [0x2c4b99]
	chromedriver!(No symbol) [0x2c41e0]
	chromedriver!GetHandleVerifier [0x8d2bef+3f7dcf]
	KERNEL32!BaseThreadInitThunk [0x765562c4+24]
	ntdll!RtlSubscribeWnfStateChangeNotification [0x770a0aa9+439]
	ntdll!RtlSubscribeWnfStateChangeNotification [0x770a0a74+404]
) -
9/5_19:00_4e              34675651585          ENVIADO      recordatorio FALLIDO (exception: Message: invalid session id; For documentation on this error, please visit: https://www.selenium.dev/documentation/webdriver/troubleshooting/errors#invalidsessionidexception
Stacktrace:
	chromedriver!GetHandleVerifier [0x4eb373+10553]
	chromedriver!GetHandleVerifier [0x4eb4a4+10684]
	chromedriver!(No symbol) [0x2f1c4e]
	chromedriver!(No symbol) [0x32f2c5]
	chromedriver!(No symbol) [0x35d726]
	chromedriver!(No symbol) [0x358c62]
	chromedriver!(No symbol) [0x358281]
	chromedriver!(No symbol) [0x2c501e]
	chromedriver!(No symbol) [0x2c55be]
	chromedriver!(No symbol) [0x2c5a9d]
	chromedriver!GetHandleVerifier [0x76ddb4+292f94]
	chromedriver!GetHandleVerifier [0x76937d+28e55d]
	chromedriver!GetHandleVerifier [0x788215+2ad3f5]
	chromedriver!GetHandleVerifier [0x504c18+29df8]
	chromedriver!GetHandleVerifier [0x50c6fd+318dd]
	chromedriver!(No symbol) [0x2c4b99]
	chromedriver!(No symbol) [0x2c41e0]
	chromedriver!GetHandleVerifier [0x8d2bef+3f7dcf]
	KERNEL32!BaseThreadInitThunk [0x765562c4+24]
	ntdll!RtlSubscribeWnfStateChangeNotification [0x770a0aa9+439]
	ntdll!RtlSubscribeWnfStateChangeNotification [0x770a0a74+404]
) -
10/5_17:30_maf            34722714718          ENVIADO      recordatorio FALLIDO (exception: Message: invalid session id; For documentation on this error, please visit: https://www.selenium.dev/documentation/webdriver/troubleshooting/errors#invalidsessionidexception
Stacktrace:
	chromedriver!GetHandleVerifier [0x4eb373+10553]
	chromedriver!GetHandleVerifier [0x4eb4a4+10684]
	chromedriver!(No symbol) [0x2f1c4e]
	chromedriver!(No symbol) [0x32f2c5]
	chromedriver!(No symbol) [0x35d726]
	chromedriver!(No symbol) [0x358c62]
	chromedriver!(No symbol) [0x358281]
	chromedriver!(No symbol) [0x2c501e]
	chromedriver!(No symbol) [0x2c55be]
	chromedriver!(No symbol) [0x2c5a9d]
	chromedriver!GetHandleVerifier [0x76ddb4+292f94]
	chromedriver!GetHandleVerifier [0x76937d+28e55d]
	chromedriver!GetHandleVerifier [0x788215+2ad3f5]
	chromedriver!GetHandleVerifier [0x504c18+29df8]
	chromedriver!GetHandleVerifier [0x50c6fd+318dd]
	chromedriver!(No symbol) [0x2c4b99]
	chromedriver!(No symbol) [0x2c41e0]
	chromedriver!GetHandleVerifier [0x8d2bef+3f7dcf]
	KERNEL32!BaseThreadInitThunk [0x765562c4+24]
	ntdll!RtlSubscribeWnfStateChangeNotification [0x770a0aa9+439]
	ntdll!RtlSubscribeWnfStateChangeNotification [0x770a0a74+404]
) -
10/5_17:30_4e             34653197010          ENVIADO      recordatorio FALLIDO (exception: Message: invalid session id; For documentation on this error, please visit: https://www.selenium.dev/documentation/webdriver/troubleshooting/errors#invalidsessionidexception
Stacktrace:
	chromedriver!GetHandleVerifier [0x4eb373+10553]
	chromedriver!GetHandleVerifier [0x4eb4a4+10684]
	chromedriver!(No symbol) [0x2f1c4e]
	chromedriver!(No symbol) [0x32f2c5]
	chromedriver!(No symbol) [0x35d726]
	chromedriver!(No symbol) [0x358c62]
	chromedriver!(No symbol) [0x358281]
	chromedriver!(No symbol) [0x2c501e]
	chromedriver!(No symbol) [0x2c55be]
	chromedriver!(No symbol) [0x2c5a9d]
	chromedriver!GetHandleVerifier [0x76ddb4+292f94]
	chromedriver!GetHandleVerifier [0x76937d+28e55d]
	chromedriver!GetHandleVerifier [0x788215+2ad3f5]
	chromedriver!GetHandleVerifier [0x504c18+29df8]
	chromedriver!GetHandleVerifier [0x50c6fd+318dd]
	chromedriver!(No symbol) [0x2c4b99]
	chromedriver!(No symbol) [0x2c41e0]
	chromedriver!GetHandleVerifier [0x8d2bef+3f7dcf]
	KERNEL32!BaseThreadInitThunk [0x765562c4+24]
	ntdll!RtlSubscribeWnfStateChangeNotification [0x770a0aa9+439]
	ntdll!RtlSubscribeWnfStateChangeNotification [0x770a0a74+404]
) -

[2026-05-14 19:28:28] POSITIVO | Fotos nuevas: 0 | Envios OK: 0 | Envios FAIL: 0 | Reviews negativas: 0 | Fotos borradas: 0

=== SESIÓN 19:30-19:30 (14/05/2026) ===
RESERVA                   TELÉFONO             ESTADO       RESPUESTA                 REVIEW
-----------------------------------------------------------------------------------------------
9/5_14:30_maf             34665976040          ENVIADO      recordatorio FALLIDO (chat_input_not_found) -
9/5_19:00_maf/csi         34%C2%A0628%C2%A061%C2%A027%C2%A078%E2%80%AC ENVIADO      recordatorio FALLIDO (chat_input_not_found) -
9/5_20:30_4e              34747414084          ENVIADO      recordatorio FALLIDO (chat_input_not_found) -
9/5_19:00_4e              34675651585          ENVIADO      recordatorio FALLIDO (chat_input_not_found) -
10/5_17:30_maf            34722714718          ENVIADO      recordatorio FALLIDO (chat_input_not_found) -
10/5_17:30_4e             34653197010          ENVIADO      recordatorio FALLIDO (chat_input_not_found) -

[2026-05-14 19:30:25] POSITIVO | Fotos nuevas: 0 | Envios OK: 0 | Envios FAIL: 0 | Reviews negativas: 0 | Fotos borradas: 0
[2026-05-14 19:30:46] NEGATIVO | WhatsApp no conectado (QR visible) — ciclo abortado

=== SESIÓN 19:32-19:32 (14/05/2026) ===
RESERVA                   TELÉFONO             ESTADO       RESPUESTA                 REVIEW
-----------------------------------------------------------------------------------------------
9/5_14:30_maf             34665976040          ENVIADO      recordatorio FALLIDO (chat_input_not_found) -
9/5_19:00_maf/csi         34%C2%A0628%C2%A061%C2%A027%C2%A078%E2%80%AC ENVIADO      recordatorio FALLIDO (chat_input_not_found) -
9/5_20:30_4e              34747414084          ENVIADO      recordatorio FALLIDO (chat_input_not_found) -
9/5_19:00_4e              34675651585          ENVIADO      recordatorio FALLIDO (chat_input_not_found) -
10/5_17:30_maf            34722714718          ENVIADO      recordatorio FALLIDO (chat_input_not_found) -
10/5_17:30_4e             34653197010          ENVIADO      recordatorio FALLIDO (chat_input_not_found) -

[2026-05-14 19:32:47] POSITIVO | Fotos nuevas: 0 | Envios OK: 0 | Envios FAIL: 0 | Reviews negativas: 0 | Fotos borradas: 0

=== SESIÓN 19:33-19:34 (14/05/2026) ===
RESERVA                   TELÉFONO             ESTADO       RESPUESTA                 REVIEW
-----------------------------------------------------------------------------------------------
9/5_14:30_maf             34665976040          ENVIADO      recordatorio FALLIDO (chat_input_not_found) -
9/5_19:00_maf/csi         34%C2%A0628%C2%A061%C2%A027%C2%A078%E2%80%AC ENVIADO      recordatorio FALLIDO (chat_input_not_found) -
9/5_20:30_4e              34747414084          ENVIADO      recordatorio FALLIDO (chat_input_not_found) -
9/5_19:00_4e              34675651585          ENVIADO      recordatorio FALLIDO (chat_input_not_found) -
10/5_17:30_maf            34722714718          ENVIADO      recordatorio FALLIDO (chat_input_not_found) -
10/5_17:30_4e             34653197010          ENVIADO      recordatorio FALLIDO (chat_input_not_found) -

[2026-05-14 19:34:04] POSITIVO | Fotos nuevas: 0 | Envios OK: 0 | Envios FAIL: 0 | Reviews negativas: 0 | Fotos borradas: 0

=== SESIÓN 19:35-19:35 (14/05/2026) ===
RESERVA                   TELÉFONO             ESTADO       RESPUESTA                 REVIEW
-----------------------------------------------------------------------------------------------
9/5_14:30_maf             34665976040          ENVIADO      recordatorio FALLIDO (chat_input_not_found) -
9/5_19:00_maf/csi         34%C2%A0628%C2%A061%C2%A027%C2%A078%E2%80%AC ENVIADO      recordatorio FALLIDO (chat_input_not_found) -
9/5_20:30_4e              34747414084          ENVIADO      recordatorio FALLIDO (chat_input_not_found) -
9/5_19:00_4e              34675651585          ENVIADO      recordatorio FALLIDO (chat_input_not_found) -
10/5_17:30_maf            34722714718          ENVIADO      recordatorio FALLIDO (chat_input_not_found) -
10/5_17:30_4e             34653197010          ENVIADO      recordatorio FALLIDO (chat_input_not_found) -

[2026-05-14 19:35:18] POSITIVO | Fotos nuevas: 0 | Envios OK: 0 | Envios FAIL: 0 | Reviews negativas: 0 | Fotos borradas: 0

=== SESIÓN 19:32-19:35 (14/05/2026) ===
RESERVA                   TELÉFONO             ESTADO       RESPUESTA                 REVIEW
-----------------------------------------------------------------------------------------------
9/5_14:30_maf             34665976040          ENVIADO      recordatorio FALLIDO (exception: HTTPConnectionPool(host='localhost', port=61661): Max retries exceeded with url: /session/55cfedf79ce35bd6faac401809d3d44a/source (Caused by NewConnectionError("HTTPConnection(host='localhost', port=61661): Failed to establish a new connection: [WinError 10061] No connection could be made because the target machine actively refused it"))) -
9/5_19:00_maf/csi         34%C2%A0628%C2%A061%C2%A027%C2%A078%E2%80%AC ENVIADO      recordatorio FALLIDO (exception: HTTPConnectionPool(host='localhost', port=61661): Max retries exceeded with url: /session/55cfedf79ce35bd6faac401809d3d44a/source (Caused by NewConnectionError("HTTPConnection(host='localhost', port=61661): Failed to establish a new connection: [WinError 10061] No connection could be made because the target machine actively refused it"))) -
9/5_20:30_4e              34747414084          ENVIADO      recordatorio FALLIDO (exception: HTTPConnectionPool(host='localhost', port=61661): Max retries exceeded with url: /session/55cfedf79ce35bd6faac401809d3d44a/source (Caused by NewConnectionError("HTTPConnection(host='localhost', port=61661): Failed to establish a new connection: [WinError 10061] No connection could be made because the target machine actively refused it"))) -
9/5_19:00_4e              34675651585          ENVIADO      recordatorio FALLIDO (exception: HTTPConnectionPool(host='localhost', port=61661): Max retries exceeded with url: /session/55cfedf79ce35bd6faac401809d3d44a/source (Caused by NewConnectionError("HTTPConnection(host='localhost', port=61661): Failed to establish a new connection: [WinError 10061] No connection could be made because the target machine actively refused it"))) -
10/5_17:30_maf            34722714718          ENVIADO      recordatorio FALLIDO (exception: HTTPConnectionPool(host='localhost', port=61661): Max retries exceeded with url: /session/55cfedf79ce35bd6faac401809d3d44a/source (Caused by NewConnectionError("HTTPConnection(host='localhost', port=61661): Failed to establish a new connection: [WinError 10061] No connection could be made because the target machine actively refused it"))) -
10/5_17:30_4e             34653197010          ENVIADO      recordatorio FALLIDO (exception: HTTPConnectionPool(host='localhost', port=61661): Max retries exceeded with url: /session/55cfedf79ce35bd6faac401809d3d44a/source (Caused by NewConnectionError("HTTPConnection(host='localhost', port=61661): Failed to establish a new connection: [WinError 10061] No connection could be made because the target machine actively refused it"))) -

[2026-05-14 19:35:35] POSITIVO | Fotos nuevas: 0 | Envios OK: 0 | Envios FAIL: 0 | Reviews negativas: 0 | Fotos borradas: 0

=== SESIÓN 19:37-19:37 (14/05/2026) ===
RESERVA                   TELÉFONO             ESTADO       RESPUESTA                 REVIEW
-----------------------------------------------------------------------------------------------
9/5_14:30_maf             34665976040          ENVIADO      recordatorio FALLIDO (chat_input_not_found) -
9/5_19:00_maf/csi         34%C2%A0628%C2%A061%C2%A027%C2%A078%E2%80%AC ENVIADO      recordatorio FALLIDO (chat_input_not_found) -
9/5_20:30_4e              34747414084          ENVIADO      recordatorio FALLIDO (chat_input_not_found) -
9/5_19:00_4e              34675651585          ENVIADO      recordatorio FALLIDO (chat_input_not_found) -
10/5_17:30_maf            34722714718          ENVIADO      recordatorio FALLIDO (chat_input_not_found) -
10/5_17:30_4e             34653197010          ENVIADO      recordatorio FALLIDO (chat_input_not_found) -

[2026-05-14 19:37:37] POSITIVO | Fotos nuevas: 0 | Envios OK: 0 | Envios FAIL: 0 | Reviews negativas: 0 | Fotos borradas: 0

=== SESIÓN 19:38-19:38 (14/05/2026) ===
RESERVA                   TELÉFONO             ESTADO       RESPUESTA                 REVIEW
-----------------------------------------------------------------------------------------------
9/5_14:30_maf             34665976040          ENVIADO      recordatorio FALLIDO (chat_input_not_found) -
9/5_19:00_maf/csi         34%C2%A0628%C2%A061%C2%A027%C2%A078%E2%80%AC ENVIADO      recordatorio FALLIDO (chat_input_not_found) -
9/5_20:30_4e              34747414084          ENVIADO      recordatorio FALLIDO (chat_input_not_found) -
9/5_19:00_4e              34675651585          ENVIADO      recordatorio FALLIDO (chat_input_not_found) -
10/5_17:30_maf            34722714718          ENVIADO      recordatorio FALLIDO (chat_input_not_found) -
10/5_17:30_4e             34653197010          ENVIADO      recordatorio FALLIDO (chat_input_not_found) -

[2026-05-14 19:38:56] POSITIVO | Fotos nuevas: 0 | Envios OK: 0 | Envios FAIL: 0 | Reviews negativas: 0 | Fotos borradas: 0

=== SESIÓN 19:40-19:40 (14/05/2026) ===
RESERVA                   TELÉFONO             ESTADO       RESPUESTA                 REVIEW
-----------------------------------------------------------------------------------------------
9/5_14:30_maf             34665976040          ENVIADO      recordatorio FALLIDO (chat_input_not_found) -
9/5_19:00_maf/csi         34%C2%A0628%C2%A061%C2%A027%C2%A078%E2%80%AC ENVIADO      recordatorio FALLIDO (chat_input_not_found) -
9/5_20:30_4e              34747414084          ENVIADO      recordatorio FALLIDO (chat_input_not_found) -
9/5_19:00_4e              34675651585          ENVIADO      recordatorio FALLIDO (chat_input_not_found) -
10/5_17:30_maf            34722714718          ENVIADO      recordatorio FALLIDO (chat_input_not_found) -
10/5_17:30_4e             34653197010          ENVIADO      recordatorio FALLIDO (chat_input_not_found) -

[2026-05-14 19:40:09] POSITIVO | Fotos nuevas: 0 | Envios OK: 0 | Envios FAIL: 0 | Reviews negativas: 0 | Fotos borradas: 0

=== SESIÓN 19:38-19:40 (14/05/2026) ===
RESERVA                   TELÉFONO             ESTADO       RESPUESTA                 REVIEW
-----------------------------------------------------------------------------------------------
9/5_14:30_maf             34665976040          ENVIADO      recordatorio FALLIDO (exception: HTTPConnectionPool(host='localhost', port=62296): Max retries exceeded with url: /session/2f90fdc36159a9a9459686e064ce703f/source (Caused by NewConnectionError("HTTPConnection(host='localhost', port=62296): Failed to establish a new connection: [WinError 10061] No connection could be made because the target machine actively refused it"))) -
9/5_19:00_maf/csi         34%C2%A0628%C2%A061%C2%A027%C2%A078%E2%80%AC ENVIADO      recordatorio FALLIDO (exception: HTTPConnectionPool(host='localhost', port=62296): Max retries exceeded with url: /session/2f90fdc36159a9a9459686e064ce703f/source (Caused by NewConnectionError("HTTPConnection(host='localhost', port=62296): Failed to establish a new connection: [WinError 10061] No connection could be made because the target machine actively refused it"))) -
9/5_20:30_4e              34747414084          ENVIADO      recordatorio FALLIDO (exception: HTTPConnectionPool(host='localhost', port=62296): Max retries exceeded with url: /session/2f90fdc36159a9a9459686e064ce703f/source (Caused by NewConnectionError("HTTPConnection(host='localhost', port=62296): Failed to establish a new connection: [WinError 10061] No connection could be made because the target machine actively refused it"))) -
9/5_19:00_4e              34675651585          ENVIADO      recordatorio FALLIDO (exception: HTTPConnectionPool(host='localhost', port=62296): Max retries exceeded with url: /session/2f90fdc36159a9a9459686e064ce703f/source (Caused by NewConnectionError("HTTPConnection(host='localhost', port=62296): Failed to establish a new connection: [WinError 10061] No connection could be made because the target machine actively refused it"))) -
10/5_17:30_maf            34722714718          ENVIADO      recordatorio FALLIDO (exception: HTTPConnectionPool(host='localhost', port=62296): Max retries exceeded with url: /session/2f90fdc36159a9a9459686e064ce703f/source (Caused by NewConnectionError("HTTPConnection(host='localhost', port=62296): Failed to establish a new connection: [WinError 10061] No connection could be made because the target machine actively refused it"))) -
10/5_17:30_4e             34653197010          ENVIADO      recordatorio FALLIDO (exception: HTTPConnectionPool(host='localhost', port=62296): Max retries exceeded with url: /session/2f90fdc36159a9a9459686e064ce703f/source (Caused by NewConnectionError("HTTPConnection(host='localhost', port=62296): Failed to establish a new connection: [WinError 10061] No connection could be made because the target machine actively refused it"))) -

[2026-05-14 19:40:58] POSITIVO | Fotos nuevas: 0 | Envios OK: 0 | Envios FAIL: 0 | Reviews negativas: 0 | Fotos borradas: 0

=== SESIÓN 19:42-19:42 (14/05/2026) ===
RESERVA                   TELÉFONO             ESTADO       RESPUESTA                 REVIEW
-----------------------------------------------------------------------------------------------
9/5_14:30_maf             34665976040          ENVIADO      recordatorio FALLIDO (chat_input_not_found) -
9/5_19:00_maf/csi         34%C2%A0628%C2%A061%C2%A027%C2%A078%E2%80%AC ENVIADO      recordatorio FALLIDO (chat_input_not_found) -
9/5_20:30_4e              34747414084          ENVIADO      recordatorio FALLIDO (chat_input_not_found) -
9/5_19:00_4e              34675651585          ENVIADO      recordatorio FALLIDO (chat_input_not_found) -
10/5_17:30_maf            34722714718          ENVIADO      recordatorio FALLIDO (chat_input_not_found) -
10/5_17:30_4e             34653197010          ENVIADO      recordatorio FALLIDO (chat_input_not_found) -

[2026-05-14 19:42:20] POSITIVO | Fotos nuevas: 0 | Envios OK: 0 | Envios FAIL: 0 | Reviews negativas: 0 | Fotos borradas: 0

=== SESIÓN 19:43-19:43 (14/05/2026) ===
RESERVA                   TELÉFONO             ESTADO       RESPUESTA                 REVIEW
-----------------------------------------------------------------------------------------------
9/5_14:30_maf             34665976040          ENVIADO      recordatorio FALLIDO (chat_input_not_found) -
9/5_19:00_maf/csi         34%C2%A0628%C2%A061%C2%A027%C2%A078%E2%80%AC ENVIADO      recordatorio FALLIDO (chat_input_not_found) -
9/5_20:30_4e              34747414084          ENVIADO      recordatorio FALLIDO (chat_input_not_found) -
9/5_19:00_4e              34675651585          ENVIADO      recordatorio FALLIDO (chat_input_not_found) -
10/5_17:30_maf            34722714718          ENVIADO      recordatorio FALLIDO (chat_input_not_found) -
10/5_17:30_4e             34653197010          ENVIADO      recordatorio FALLIDO (chat_input_not_found) -

[2026-05-14 19:43:34] POSITIVO | Fotos nuevas: 0 | Envios OK: 0 | Envios FAIL: 0 | Reviews negativas: 0 | Fotos borradas: 0

=== SESIÓN 19:44-19:44 (14/05/2026) ===
RESERVA                   TELÉFONO             ESTADO       RESPUESTA                 REVIEW
-----------------------------------------------------------------------------------------------
9/5_14:30_maf             34665976040          ENVIADO      recordatorio FALLIDO (chat_input_not_found) -
9/5_19:00_maf/csi         34%C2%A0628%C2%A061%C2%A027%C2%A078%E2%80%AC ENVIADO      recordatorio FALLIDO (chat_input_not_found) -
9/5_20:30_4e              34747414084          ENVIADO      recordatorio FALLIDO (chat_input_not_found) -
9/5_19:00_4e              34675651585          ENVIADO      recordatorio FALLIDO (chat_input_not_found) -
10/5_17:30_maf            34722714718          ENVIADO      recordatorio FALLIDO (chat_input_not_found) -
10/5_17:30_4e             34653197010          ENVIADO      recordatorio FALLIDO (chat_input_not_found) -

[2026-05-14 19:44:51] POSITIVO | Fotos nuevas: 0 | Envios OK: 0 | Envios FAIL: 0 | Reviews negativas: 0 | Fotos borradas: 0

=== SESIÓN 19:45-19:46 (14/05/2026) ===
RESERVA                   TELÉFONO             ESTADO       RESPUESTA                 REVIEW
-----------------------------------------------------------------------------------------------
9/5_14:30_maf             34665976040          ENVIADO      recordatorio FALLIDO (chat_input_not_found) -
9/5_19:00_maf/csi         34%C2%A0628%C2%A061%C2%A027%C2%A078%E2%80%AC ENVIADO      recordatorio FALLIDO (chat_input_not_found) -
9/5_20:30_4e              34747414084          ENVIADO      recordatorio FALLIDO (chat_input_not_found) -
9/5_19:00_4e              34675651585          ENVIADO      recordatorio FALLIDO (chat_input_not_found) -
10/5_17:30_maf            34722714718          ENVIADO      recordatorio FALLIDO (chat_input_not_found) -
10/5_17:30_4e             34653197010          ENVIADO      recordatorio FALLIDO (chat_input_not_found) -

[2026-05-14 19:46:04] POSITIVO | Fotos nuevas: 0 | Envios OK: 0 | Envios FAIL: 0 | Reviews negativas: 0 | Fotos borradas: 0

=== SESIÓN 19:47-19:47 (14/05/2026) ===
RESERVA                   TELÉFONO             ESTADO       RESPUESTA                 REVIEW
-----------------------------------------------------------------------------------------------
9/5_14:30_maf             34665976040          ENVIADO      recordatorio FALLIDO (chat_input_not_found) -
9/5_19:00_maf/csi         34%C2%A0628%C2%A061%C2%A027%C2%A078%E2%80%AC ENVIADO      recordatorio FALLIDO (chat_input_not_found) -
9/5_20:30_4e              34747414084          ENVIADO      recordatorio FALLIDO (chat_input_not_found) -
9/5_19:00_4e              34675651585          ENVIADO      recordatorio FALLIDO (chat_input_not_found) -
10/5_17:30_maf            34722714718          ENVIADO      recordatorio FALLIDO (chat_input_not_found) -
10/5_17:30_4e             34653197010          ENVIADO      recordatorio FALLIDO (chat_input_not_found) -

[2026-05-14 19:47:22] POSITIVO | Fotos nuevas: 0 | Envios OK: 0 | Envios FAIL: 0 | Reviews negativas: 0 | Fotos borradas: 0

=== SESIÓN 19:45-19:48 (14/05/2026) ===
RESERVA                   TELÉFONO             ESTADO       RESPUESTA                 REVIEW
-----------------------------------------------------------------------------------------------
9/5_14:30_maf             34665976040          ENVIADO      recordatorio FALLIDO (exception: HTTPConnectionPool(host='localhost', port=62818): Max retries exceeded with url: /session/1a26a0b829b74bff48854ddff24c7853/source (Caused by NewConnectionError("HTTPConnection(host='localhost', port=62818): Failed to establish a new connection: [WinError 10061] No connection could be made because the target machine actively refused it"))) -
9/5_19:00_maf/csi         34%C2%A0628%C2%A061%C2%A027%C2%A078%E2%80%AC ENVIADO      recordatorio FALLIDO (exception: HTTPConnectionPool(host='localhost', port=62818): Max retries exceeded with url: /session/1a26a0b829b74bff48854ddff24c7853/source (Caused by NewConnectionError("HTTPConnection(host='localhost', port=62818): Failed to establish a new connection: [WinError 10061] No connection could be made because the target machine actively refused it"))) -
9/5_20:30_4e              34747414084          ENVIADO      recordatorio FALLIDO (exception: HTTPConnectionPool(host='localhost', port=62818): Max retries exceeded with url: /session/1a26a0b829b74bff48854ddff24c7853/source (Caused by NewConnectionError("HTTPConnection(host='localhost', port=62818): Failed to establish a new connection: [WinError 10061] No connection could be made because the target machine actively refused it"))) -
9/5_19:00_4e              34675651585          ENVIADO      recordatorio FALLIDO (exception: HTTPConnectionPool(host='localhost', port=62818): Max retries exceeded with url: /session/1a26a0b829b74bff48854ddff24c7853/source (Caused by NewConnectionError("HTTPConnection(host='localhost', port=62818): Failed to establish a new connection: [WinError 10061] No connection could be made because the target machine actively refused it"))) -
10/5_17:30_maf            34722714718          ENVIADO      recordatorio FALLIDO (exception: HTTPConnectionPool(host='localhost', port=62818): Max retries exceeded with url: /session/1a26a0b829b74bff48854ddff24c7853/source (Caused by NewConnectionError("HTTPConnection(host='localhost', port=62818): Failed to establish a new connection: [WinError 10061] No connection could be made because the target machine actively refused it"))) -
10/5_17:30_4e             34653197010          ENVIADO      recordatorio FALLIDO (exception: HTTPConnectionPool(host='localhost', port=62818): Max retries exceeded with url: /session/1a26a0b829b74bff48854ddff24c7853/source (Caused by NewConnectionError("HTTPConnection(host='localhost', port=62818): Failed to establish a new connection: [WinError 10061] No connection could be made because the target machine actively refused it"))) -

[2026-05-14 19:48:24] POSITIVO | Fotos nuevas: 0 | Envios OK: 0 | Envios FAIL: 0 | Reviews negativas: 0 | Fotos borradas: 0

=== SESIÓN 19:49-19:49 (14/05/2026) ===
RESERVA                   TELÉFONO             ESTADO       RESPUESTA                 REVIEW
-----------------------------------------------------------------------------------------------
9/5_14:30_maf             34665976040          ENVIADO      recordatorio FALLIDO (chat_input_not_found) -
9/5_19:00_maf/csi         34%C2%A0628%C2%A061%C2%A027%C2%A078%E2%80%AC ENVIADO      recordatorio FALLIDO (chat_input_not_found) -
9/5_20:30_4e              34747414084          ENVIADO      recordatorio FALLIDO (chat_input_not_found) -
9/5_19:00_4e              34675651585          ENVIADO      recordatorio FALLIDO (chat_input_not_found) -
10/5_17:30_maf            34722714718          ENVIADO      recordatorio FALLIDO (chat_input_not_found) -
10/5_17:30_4e             34653197010          ENVIADO      recordatorio FALLIDO (chat_input_not_found) -

[2026-05-14 19:49:45] POSITIVO | Fotos nuevas: 0 | Envios OK: 0 | Envios FAIL: 0 | Reviews negativas: 0 | Fotos borradas: 0

=== SESIÓN 19:48-19:50 (14/05/2026) ===
RESERVA                   TELÉFONO             ESTADO       RESPUESTA                 REVIEW
-----------------------------------------------------------------------------------------------
9/5_14:30_maf             34665976040          ENVIADO      recordatorio FALLIDO (chat_input_not_found) -
9/5_19:00_maf/csi         34%C2%A0628%C2%A061%C2%A027%C2%A078%E2%80%AC ENVIADO      recordatorio FALLIDO (chat_input_not_found) -
9/5_20:30_4e              34747414084          ENVIADO      recordatorio FALLIDO (exception: HTTPConnectionPool(host='localhost', port=63388): Max retries exceeded with url: /session/25b368033ba05183a87ce9c8278eed46/source (Caused by NewConnectionError("HTTPConnection(host='localhost', port=63388): Failed to establish a new connection: [WinError 10061] No connection could be made because the target machine actively refused it"))) -
9/5_19:00_4e              34675651585          ENVIADO      recordatorio FALLIDO (exception: HTTPConnectionPool(host='localhost', port=63388): Max retries exceeded with url: /session/25b368033ba05183a87ce9c8278eed46/source (Caused by NewConnectionError("HTTPConnection(host='localhost', port=63388): Failed to establish a new connection: [WinError 10061] No connection could be made because the target machine actively refused it"))) -
10/5_17:30_maf            34722714718          ENVIADO      recordatorio FALLIDO (exception: HTTPConnectionPool(host='localhost', port=63388): Max retries exceeded with url: /session/25b368033ba05183a87ce9c8278eed46/source (Caused by NewConnectionError("HTTPConnection(host='localhost', port=63388): Failed to establish a new connection: [WinError 10061] No connection could be made because the target machine actively refused it"))) -
10/5_17:30_4e             34653197010          ENVIADO      recordatorio FALLIDO (exception: HTTPConnectionPool(host='localhost', port=63388): Max retries exceeded with url: /session/25b368033ba05183a87ce9c8278eed46/source (Caused by NewConnectionError("HTTPConnection(host='localhost', port=63388): Failed to establish a new connection: [WinError 10061] No connection could be made because the target machine actively refused it"))) -

[2026-05-14 19:50:42] POSITIVO | Fotos nuevas: 0 | Envios OK: 0 | Envios FAIL: 0 | Reviews negativas: 0 | Fotos borradas: 0

=== SESIÓN 19:51-19:52 (14/05/2026) ===
RESERVA                   TELÉFONO             ESTADO       RESPUESTA                 REVIEW
-----------------------------------------------------------------------------------------------
9/5_14:30_maf             34665976040          ENVIADO      recordatorio FALLIDO (chat_input_not_found) -
9/5_19:00_maf/csi         34%C2%A0628%C2%A061%C2%A027%C2%A078%E2%80%AC ENVIADO      recordatorio FALLIDO (chat_input_not_found) -
9/5_20:30_4e              34747414084          ENVIADO      recordatorio FALLIDO (chat_input_not_found) -
9/5_19:00_4e              34675651585          ENVIADO      recordatorio FALLIDO (chat_input_not_found) -
10/5_17:30_maf            34722714718          ENVIADO      recordatorio FALLIDO (chat_input_not_found) -
10/5_17:30_4e             34653197010          ENVIADO      recordatorio FALLIDO (chat_input_not_found) -

[2026-05-14 19:52:04] POSITIVO | Fotos nuevas: 0 | Envios OK: 0 | Envios FAIL: 0 | Reviews negativas: 0 | Fotos borradas: 0

=== SESIÓN 19:53-19:53 (14/05/2026) ===
RESERVA                   TELÉFONO             ESTADO       RESPUESTA                 REVIEW
-----------------------------------------------------------------------------------------------
9/5_14:30_maf             34665976040          ENVIADO      recordatorio FALLIDO (chat_input_not_found) -
9/5_19:00_maf/csi         34%C2%A0628%C2%A061%C2%A027%C2%A078%E2%80%AC ENVIADO      recordatorio FALLIDO (chat_input_not_found) -
9/5_20:30_4e              34747414084          ENVIADO      recordatorio FALLIDO (chat_input_not_found) -
9/5_19:00_4e              34675651585          ENVIADO      recordatorio FALLIDO (chat_input_not_found) -
10/5_17:30_maf            34722714718          ENVIADO      recordatorio FALLIDO (chat_input_not_found) -
10/5_17:30_4e             34653197010          ENVIADO      recordatorio FALLIDO (chat_input_not_found) -

[2026-05-14 19:53:24] POSITIVO | Fotos nuevas: 0 | Envios OK: 0 | Envios FAIL: 0 | Reviews negativas: 0 | Fotos borradas: 0

=== SESIÓN 19:54-19:54 (14/05/2026) ===
RESERVA                   TELÉFONO             ESTADO       RESPUESTA                 REVIEW
-----------------------------------------------------------------------------------------------
9/5_14:30_maf             34665976040          ENVIADO      recordatorio FALLIDO (chat_input_not_found) -
9/5_19:00_maf/csi         34%C2%A0628%C2%A061%C2%A027%C2%A078%E2%80%AC ENVIADO      recordatorio FALLIDO (chat_input_not_found) -
9/5_20:30_4e              34747414084          ENVIADO      recordatorio FALLIDO (chat_input_not_found) -
9/5_19:00_4e              34675651585          ENVIADO      recordatorio FALLIDO (chat_input_not_found) -
10/5_17:30_maf            34722714718          ENVIADO      recordatorio FALLIDO (chat_input_not_found) -
10/5_17:30_4e             34653197010          ENVIADO      recordatorio FALLIDO (chat_input_not_found) -

[2026-05-14 19:54:42] POSITIVO | Fotos nuevas: 0 | Envios OK: 0 | Envios FAIL: 0 | Reviews negativas: 0 | Fotos borradas: 0

=== SESIÓN 19:52-19:55 (14/05/2026) ===
RESERVA                   TELÉFONO             ESTADO       RESPUESTA                 REVIEW
-----------------------------------------------------------------------------------------------
9/5_14:30_maf             34665976040          ENVIADO      recordatorio FALLIDO (exception: HTTPConnectionPool(host='localhost', port=63586): Max retries exceeded with url: /session/085ab07d20316663c7c7dccc2d991b9b/source (Caused by NewConnectionError("HTTPConnection(host='localhost', port=63586): Failed to establish a new connection: [WinError 10061] No connection could be made because the target machine actively refused it"))) -
9/5_19:00_maf/csi         34%C2%A0628%C2%A061%C2%A027%C2%A078%E2%80%AC ENVIADO      recordatorio FALLIDO (exception: HTTPConnectionPool(host='localhost', port=63586): Max retries exceeded with url: /session/085ab07d20316663c7c7dccc2d991b9b/source (Caused by NewConnectionError("HTTPConnection(host='localhost', port=63586): Failed to establish a new connection: [WinError 10061] No connection could be made because the target machine actively refused it"))) -
9/5_20:30_4e              34747414084          ENVIADO      recordatorio FALLIDO (exception: HTTPConnectionPool(host='localhost', port=63586): Max retries exceeded with url: /session/085ab07d20316663c7c7dccc2d991b9b/source (Caused by NewConnectionError("HTTPConnection(host='localhost', port=63586): Failed to establish a new connection: [WinError 10061] No connection could be made because the target machine actively refused it"))) -
9/5_19:00_4e              34675651585          ENVIADO      recordatorio FALLIDO (exception: HTTPConnectionPool(host='localhost', port=63586): Max retries exceeded with url: /session/085ab07d20316663c7c7dccc2d991b9b/source (Caused by NewConnectionError("HTTPConnection(host='localhost', port=63586): Failed to establish a new connection: [WinError 10061] No connection could be made because the target machine actively refused it"))) -
10/5_17:30_maf            34722714718          ENVIADO      recordatorio FALLIDO (exception: HTTPConnectionPool(host='localhost', port=63586): Max retries exceeded with url: /session/085ab07d20316663c7c7dccc2d991b9b/source (Caused by NewConnectionError("HTTPConnection(host='localhost', port=63586): Failed to establish a new connection: [WinError 10061] No connection could be made because the target machine actively refused it"))) -
10/5_17:30_4e             34653197010          ENVIADO      recordatorio FALLIDO (exception: HTTPConnectionPool(host='localhost', port=63586): Max retries exceeded with url: /session/085ab07d20316663c7c7dccc2d991b9b/source (Caused by NewConnectionError("HTTPConnection(host='localhost', port=63586): Failed to establish a new connection: [WinError 10061] No connection could be made because the target machine actively refused it"))) -

[2026-05-14 19:55:09] POSITIVO | Fotos nuevas: 0 | Envios OK: 0 | Envios FAIL: 0 | Reviews negativas: 0 | Fotos borradas: 0

=== SESIÓN 19:55-19:55 (14/05/2026) ===
RESERVA                   TELÉFONO             ESTADO       RESPUESTA                 REVIEW
-----------------------------------------------------------------------------------------------
9/5_14:30_maf             34665976040          ENVIADO      recordatorio FALLIDO (chat_input_not_found) -
9/5_19:00_maf/csi         34%C2%A0628%C2%A061%C2%A027%C2%A078%E2%80%AC ENVIADO      recordatorio FALLIDO (exception: Message: invalid session id: session deleted as the browser has closed the connection
from disconnected: Unable to receive message from renderer
  (Session info: chrome=147.0.7727.101); For documentation on this error, please visit: https://www.selenium.dev/documentation/webdriver/troubleshooting/errors#invalidsessionidexception
Stacktrace:
	chromedriver!GetHandleVerifier [0x4eb373+10553]
	chromedriver!GetHandleVerifier [0x4eb4a4+10684]
	chromedriver!(No symbol) [0x2f1e10]
	chromedriver!(No symbol) [0x2e21b3]
	chromedriver!(No symbol) [0x2e1ee5]
	chromedriver!(No symbol) [0x2dfff8]
	chromedriver!(No symbol) [0x2e0846]
	chromedriver!(No symbol) [0x30454e]
	chromedriver!(No symbol) [0x2fa8fb]
	chromedriver!(No symbol) [0x2fa80d]
	chromedriver!(No symbol) [0x37d0cf]
	chromedriver!(No symbol) [0x35d86c]
	chromedriver!(No symbol) [0x37aa36]
	chromedriver!(No symbol) [0x35d606]
	chromedriver!(No symbol) [0x330039]
	chromedriver!(No symbol) [0x330df4]
	chromedriver!GetHandleVerifier [0x76ddb4+292f94]
	chromedriver!GetHandleVerifier [0x76937d+28e55d]
	chromedriver!GetHandleVerifier [0x788215+2ad3f5]
	chromedriver!GetHandleVerifier [0x504c18+29df8]
	chromedriver!GetHandleVerifier [0x50c6fd+318dd]
	chromedriver!GetHandleVerifier [0x4f3c78+18e58]
	chromedriver!GetHandleVerifier [0x4f3e42+19022]
	chromedriver!GetHandleVerifier [0x4dd45f+263f]
	KERNEL32!BaseThreadInitThunk [0x765562c4+24]
	ntdll!RtlSubscribeWnfStateChangeNotification [0x770a0aa9+439]
	ntdll!RtlSubscribeWnfStateChangeNotification [0x770a0a74+404]
) -
9/5_20:30_4e              34747414084          ENVIADO      recordatorio FALLIDO (exception: Message: invalid session id; For documentation on this error, please visit: https://www.selenium.dev/documentation/webdriver/troubleshooting/errors#invalidsessionidexception
Stacktrace:
	chromedriver!GetHandleVerifier [0x4eb373+10553]
	chromedriver!GetHandleVerifier [0x4eb4a4+10684]
	chromedriver!(No symbol) [0x2f1c4e]
	chromedriver!(No symbol) [0x32f2c5]
	chromedriver!(No symbol) [0x35d726]
	chromedriver!(No symbol) [0x358c62]
	chromedriver!(No symbol) [0x358281]
	chromedriver!(No symbol) [0x2c501e]
	chromedriver!(No symbol) [0x2c55be]
	chromedriver!(No symbol) [0x2c5a9d]
	chromedriver!GetHandleVerifier [0x76ddb4+292f94]
	chromedriver!GetHandleVerifier [0x76937d+28e55d]
	chromedriver!GetHandleVerifier [0x788215+2ad3f5]
	chromedriver!GetHandleVerifier [0x504c18+29df8]
	chromedriver!GetHandleVerifier [0x50c6fd+318dd]
	chromedriver!(No symbol) [0x2c4b99]
	chromedriver!(No symbol) [0x2c41e0]
	chromedriver!GetHandleVerifier [0x8d2bef+3f7dcf]
	KERNEL32!BaseThreadInitThunk [0x765562c4+24]
	ntdll!RtlSubscribeWnfStateChangeNotification [0x770a0aa9+439]
	ntdll!RtlSubscribeWnfStateChangeNotification [0x770a0a74+404]
) -
9/5_19:00_4e              34675651585          ENVIADO      recordatorio FALLIDO (exception: Message: invalid session id; For documentation on this error, please visit: https://www.selenium.dev/documentation/webdriver/troubleshooting/errors#invalidsessionidexception
Stacktrace:
	chromedriver!GetHandleVerifier [0x4eb373+10553]
	chromedriver!GetHandleVerifier [0x4eb4a4+10684]
	chromedriver!(No symbol) [0x2f1c4e]
	chromedriver!(No symbol) [0x32f2c5]
	chromedriver!(No symbol) [0x35d726]
	chromedriver!(No symbol) [0x358c62]
	chromedriver!(No symbol) [0x358281]
	chromedriver!(No symbol) [0x2c501e]
	chromedriver!(No symbol) [0x2c55be]
	chromedriver!(No symbol) [0x2c5a9d]
	chromedriver!GetHandleVerifier [0x76ddb4+292f94]
	chromedriver!GetHandleVerifier [0x76937d+28e55d]
	chromedriver!GetHandleVerifier [0x788215+2ad3f5]
	chromedriver!GetHandleVerifier [0x504c18+29df8]
	chromedriver!GetHandleVerifier [0x50c6fd+318dd]
	chromedriver!(No symbol) [0x2c4b99]
	chromedriver!(No symbol) [0x2c41e0]
	chromedriver!GetHandleVerifier [0x8d2bef+3f7dcf]
	KERNEL32!BaseThreadInitThunk [0x765562c4+24]
	ntdll!RtlSubscribeWnfStateChangeNotification [0x770a0aa9+439]
	ntdll!RtlSubscribeWnfStateChangeNotification [0x770a0a74+404]
) -
10/5_17:30_maf            34722714718          ENVIADO      recordatorio FALLIDO (exception: Message: invalid session id; For documentation on this error, please visit: https://www.selenium.dev/documentation/webdriver/troubleshooting/errors#invalidsessionidexception
Stacktrace:
	chromedriver!GetHandleVerifier [0x4eb373+10553]
	chromedriver!GetHandleVerifier [0x4eb4a4+10684]
	chromedriver!(No symbol) [0x2f1c4e]
	chromedriver!(No symbol) [0x32f2c5]
	chromedriver!(No symbol) [0x35d726]
	chromedriver!(No symbol) [0x358c62]
	chromedriver!(No symbol) [0x358281]
	chromedriver!(No symbol) [0x2c501e]
	chromedriver!(No symbol) [0x2c55be]
	chromedriver!(No symbol) [0x2c5a9d]
	chromedriver!GetHandleVerifier [0x76ddb4+292f94]
	chromedriver!GetHandleVerifier [0x76937d+28e55d]
	chromedriver!GetHandleVerifier [0x788215+2ad3f5]
	chromedriver!GetHandleVerifier [0x504c18+29df8]
	chromedriver!GetHandleVerifier [0x50c6fd+318dd]
	chromedriver!(No symbol) [0x2c4b99]
	chromedriver!(No symbol) [0x2c41e0]
	chromedriver!GetHandleVerifier [0x8d2bef+3f7dcf]
	KERNEL32!BaseThreadInitThunk [0x765562c4+24]
	ntdll!RtlSubscribeWnfStateChangeNotification [0x770a0aa9+439]
	ntdll!RtlSubscribeWnfStateChangeNotification [0x770a0a74+404]
) -
10/5_17:30_4e             34653197010          ENVIADO      recordatorio FALLIDO (exception: Message: invalid session id; For documentation on this error, please visit: https://www.selenium.dev/documentation/webdriver/troubleshooting/errors#invalidsessionidexception
Stacktrace:
	chromedriver!GetHandleVerifier [0x4eb373+10553]
	chromedriver!GetHandleVerifier [0x4eb4a4+10684]
	chromedriver!(No symbol) [0x2f1c4e]
	chromedriver!(No symbol) [0x32f2c5]
	chromedriver!(No symbol) [0x35d726]
	chromedriver!(No symbol) [0x358c62]
	chromedriver!(No symbol) [0x358281]
	chromedriver!(No symbol) [0x2c501e]
	chromedriver!(No symbol) [0x2c55be]
	chromedriver!(No symbol) [0x2c5a9d]
	chromedriver!GetHandleVerifier [0x76ddb4+292f94]
	chromedriver!GetHandleVerifier [0x76937d+28e55d]
	chromedriver!GetHandleVerifier [0x788215+2ad3f5]
	chromedriver!GetHandleVerifier [0x504c18+29df8]
	chromedriver!GetHandleVerifier [0x50c6fd+318dd]
	chromedriver!(No symbol) [0x2c4b99]
	chromedriver!(No symbol) [0x2c41e0]
	chromedriver!GetHandleVerifier [0x8d2bef+3f7dcf]
	KERNEL32!BaseThreadInitThunk [0x765562c4+24]
	ntdll!RtlSubscribeWnfStateChangeNotification [0x770a0aa9+439]
	ntdll!RtlSubscribeWnfStateChangeNotification [0x770a0a74+404]
) -

[2026-05-14 19:55:55] POSITIVO | Fotos nuevas: 0 | Envios OK: 0 | Envios FAIL: 0 | Reviews negativas: 0 | Fotos borradas: 0
[2026-05-14 19:57:54] NEGATIVO | WhatsApp no conectado (QR visible) — ciclo abortado

=== SESIÓN 19:57-19:57 (14/05/2026) ===
RESERVA                   TELÉFONO             ESTADO       RESPUESTA                 REVIEW
-----------------------------------------------------------------------------------------------
9/5_14:30_maf             34665976040          ENVIADO      recordatorio FALLIDO (chat_input_not_found) -
9/5_19:00_maf/csi         34%C2%A0628%C2%A061%C2%A027%C2%A078%E2%80%AC ENVIADO      recordatorio FALLIDO (chat_input_not_found) -
9/5_20:30_4e              34747414084          ENVIADO      recordatorio FALLIDO (chat_input_not_found) -
9/5_19:00_4e              34675651585          ENVIADO      recordatorio FALLIDO (chat_input_not_found) -
10/5_17:30_maf            34722714718          ENVIADO      recordatorio FALLIDO (chat_input_not_found) -
10/5_17:30_4e             34653197010          ENVIADO      recordatorio FALLIDO (chat_input_not_found) -

[2026-05-14 19:57:56] POSITIVO | Fotos nuevas: 0 | Envios OK: 0 | Envios FAIL: 0 | Reviews negativas: 0 | Fotos borradas: 0

=== SESIÓN 19:59-19:59 (14/05/2026) ===
RESERVA                   TELÉFONO             ESTADO       RESPUESTA                 REVIEW
-----------------------------------------------------------------------------------------------
9/5_14:30_maf             34665976040          ENVIADO      recordatorio FALLIDO (chat_input_not_found) -
9/5_19:00_maf/csi         34%C2%A0628%C2%A061%C2%A027%C2%A078%E2%80%AC ENVIADO      recordatorio FALLIDO (chat_input_not_found) -
9/5_20:30_4e              34747414084          ENVIADO      recordatorio FALLIDO (chat_input_not_found) -
9/5_19:00_4e              34675651585          ENVIADO      recordatorio FALLIDO (chat_input_not_found) -
10/5_17:30_maf            34722714718          ENVIADO      recordatorio FALLIDO (chat_input_not_found) -
10/5_17:30_4e             34653197010          ENVIADO      recordatorio FALLIDO (chat_input_not_found) -

[2026-05-14 19:59:53] POSITIVO | Fotos nuevas: 0 | Envios OK: 0 | Envios FAIL: 0 | Reviews negativas: 0 | Fotos borradas: 0
[2026-05-14 19:59:59] NEGATIVO | WhatsApp no conectado (QR visible) — ciclo abortado

=== SESIÓN 20:01-20:01 (14/05/2026) ===
RESERVA                   TELÉFONO             ESTADO       RESPUESTA                 REVIEW
-----------------------------------------------------------------------------------------------
9/5_14:30_maf             34665976040          ENVIADO      recordatorio FALLIDO (chat_input_not_found) -
9/5_19:00_maf/csi         34%C2%A0628%C2%A061%C2%A027%C2%A078%E2%80%AC ENVIADO      recordatorio FALLIDO (chat_input_not_found) -
9/5_20:30_4e              34747414084          ENVIADO      recordatorio FALLIDO (chat_input_not_found) -
9/5_19:00_4e              34675651585          ENVIADO      recordatorio FALLIDO (chat_input_not_found) -
10/5_17:30_maf            34722714718          ENVIADO      recordatorio FALLIDO (chat_input_not_found) -
10/5_17:30_4e             34653197010          ENVIADO      recordatorio FALLIDO (chat_input_not_found) -

[2026-05-14 20:01:59] POSITIVO | Fotos nuevas: 0 | Envios OK: 0 | Envios FAIL: 0 | Reviews negativas: 0 | Fotos borradas: 0

=== SESIÓN 20:03-20:03 (14/05/2026) ===
RESERVA                   TELÉFONO             ESTADO       RESPUESTA                 REVIEW
-----------------------------------------------------------------------------------------------
9/5_14:30_maf             34665976040          ENVIADO      recordatorio FALLIDO (chat_input_not_found) -
9/5_19:00_maf/csi         34%C2%A0628%C2%A061%C2%A027%C2%A078%E2%80%AC ENVIADO      recordatorio FALLIDO (chat_input_not_found) -
9/5_20:30_4e              34747414084          ENVIADO      recordatorio FALLIDO (chat_input_not_found) -
9/5_19:00_4e              34675651585          ENVIADO      recordatorio FALLIDO (chat_input_not_found) -
10/5_17:30_maf            34722714718          ENVIADO      recordatorio FALLIDO (chat_input_not_found) -
10/5_17:30_4e             34653197010          ENVIADO      recordatorio FALLIDO (chat_input_not_found) -

[2026-05-14 20:03:16] POSITIVO | Fotos nuevas: 0 | Envios OK: 0 | Envios FAIL: 0 | Reviews negativas: 0 | Fotos borradas: 0

=== SESIÓN 20:04-20:04 (14/05/2026) ===
RESERVA                   TELÉFONO             ESTADO       RESPUESTA                 REVIEW
-----------------------------------------------------------------------------------------------
9/5_14:30_maf             34665976040          ENVIADO      recordatorio FALLIDO (chat_input_not_found) -
9/5_19:00_maf/csi         34%C2%A0628%C2%A061%C2%A027%C2%A078%E2%80%AC ENVIADO      recordatorio FALLIDO (chat_input_not_found) -
9/5_20:30_4e              34747414084          ENVIADO      recordatorio FALLIDO (chat_input_not_found) -
9/5_19:00_4e              34675651585          ENVIADO      recordatorio FALLIDO (chat_input_not_found) -
10/5_17:30_maf            34722714718          ENVIADO      recordatorio FALLIDO (chat_input_not_found) -
10/5_17:30_4e             34653197010          ENVIADO      recordatorio FALLIDO (chat_input_not_found) -

[2026-05-14 20:04:38] POSITIVO | Fotos nuevas: 0 | Envios OK: 0 | Envios FAIL: 0 | Reviews negativas: 0 | Fotos borradas: 0

=== SESIÓN 20:05-20:05 (14/05/2026) ===
RESERVA                   TELÉFONO             ESTADO       RESPUESTA                 REVIEW
-----------------------------------------------------------------------------------------------
9/5_14:30_maf             34665976040          ENVIADO      recordatorio FALLIDO (chat_input_not_found) -
9/5_19:00_maf/csi         34%C2%A0628%C2%A061%C2%A027%C2%A078%E2%80%AC ENVIADO      recordatorio FALLIDO (chat_input_not_found) -
9/5_20:30_4e              34747414084          ENVIADO      recordatorio FALLIDO (chat_input_not_found) -
9/5_19:00_4e              34675651585          ENVIADO      recordatorio FALLIDO (chat_input_not_found) -
10/5_17:30_maf            34722714718          ENVIADO      recordatorio FALLIDO (chat_input_not_found) -
10/5_17:30_4e             34653197010          ENVIADO      recordatorio FALLIDO (chat_input_not_found) -

[2026-05-14 20:05:54] POSITIVO | Fotos nuevas: 0 | Envios OK: 0 | Envios FAIL: 0 | Reviews negativas: 0 | Fotos borradas: 0

=== SESIÓN 20:07-20:07 (14/05/2026) ===
RESERVA                   TELÉFONO             ESTADO       RESPUESTA                 REVIEW
-----------------------------------------------------------------------------------------------
9/5_14:30_maf             34665976040          ENVIADO      recordatorio FALLIDO (chat_input_not_found) -
9/5_19:00_maf/csi         34%C2%A0628%C2%A061%C2%A027%C2%A078%E2%80%AC ENVIADO      recordatorio FALLIDO (chat_input_not_found) -
9/5_20:30_4e              34747414084          ENVIADO      recordatorio FALLIDO (chat_input_not_found) -
9/5_19:00_4e              34675651585          ENVIADO      recordatorio FALLIDO (chat_input_not_found) -
10/5_17:30_maf            34722714718          ENVIADO      recordatorio FALLIDO (chat_input_not_found) -
10/5_17:30_4e             34653197010          ENVIADO      recordatorio FALLIDO (chat_input_not_found) -

[2026-05-14 20:07:14] POSITIVO | Fotos nuevas: 0 | Envios OK: 0 | Envios FAIL: 0 | Reviews negativas: 0 | Fotos borradas: 0

=== SESIÓN 20:08-20:08 (14/05/2026) ===
RESERVA                   TELÉFONO             ESTADO       RESPUESTA                 REVIEW
-----------------------------------------------------------------------------------------------
9/5_14:30_maf             34665976040          ENVIADO      recordatorio FALLIDO (chat_input_not_found) -
9/5_19:00_maf/csi         34%C2%A0628%C2%A061%C2%A027%C2%A078%E2%80%AC ENVIADO      recordatorio FALLIDO (chat_input_not_found) -
9/5_20:30_4e              34747414084          ENVIADO      recordatorio FALLIDO (chat_input_not_found) -
9/5_19:00_4e              34675651585          ENVIADO      recordatorio FALLIDO (chat_input_not_found) -
10/5_17:30_maf            34722714718          ENVIADO      recordatorio FALLIDO (chat_input_not_found) -
10/5_17:30_4e             34653197010          ENVIADO      recordatorio FALLIDO (chat_input_not_found) -

[2026-05-14 20:08:36] POSITIVO | Fotos nuevas: 0 | Envios OK: 0 | Envios FAIL: 0 | Reviews negativas: 0 | Fotos borradas: 0

=== SESIÓN 20:09-20:09 (14/05/2026) ===
RESERVA                   TELÉFONO             ESTADO       RESPUESTA                 REVIEW
-----------------------------------------------------------------------------------------------
9/5_14:30_maf             34665976040          ENVIADO      recordatorio FALLIDO (chat_input_not_found) -
9/5_19:00_maf/csi         34%C2%A0628%C2%A061%C2%A027%C2%A078%E2%80%AC ENVIADO      recordatorio FALLIDO (chat_input_not_found) -
9/5_20:30_4e              34747414084          ENVIADO      recordatorio FALLIDO (chat_input_not_found) -
9/5_19:00_4e              34675651585          ENVIADO      recordatorio FALLIDO (chat_input_not_found) -
10/5_17:30_maf            34722714718          ENVIADO      recordatorio FALLIDO (chat_input_not_found) -
10/5_17:30_4e             34653197010          ENVIADO      recordatorio FALLIDO (chat_input_not_found) -

[2026-05-14 20:09:53] POSITIVO | Fotos nuevas: 0 | Envios OK: 0 | Envios FAIL: 0 | Reviews negativas: 0 | Fotos borradas: 0

=== SESIÓN 20:07-20:10 (14/05/2026) ===
RESERVA                   TELÉFONO             ESTADO       RESPUESTA                 REVIEW
-----------------------------------------------------------------------------------------------
9/5_14:30_maf             34665976040          ENVIADO      recordatorio FALLIDO (exception: HTTPConnectionPool(host='localhost', port=64663): Max retries exceeded with url: /session/3205947ccf45e7c0d9a52fec09cd5969/source (Caused by NewConnectionError("HTTPConnection(host='localhost', port=64663): Failed to establish a new connection: [WinError 10061] No connection could be made because the target machine actively refused it"))) -
9/5_19:00_maf/csi         34%C2%A0628%C2%A061%C2%A027%C2%A078%E2%80%AC ENVIADO      recordatorio FALLIDO (exception: HTTPConnectionPool(host='localhost', port=64663): Max retries exceeded with url: /session/3205947ccf45e7c0d9a52fec09cd5969/source (Caused by NewConnectionError("HTTPConnection(host='localhost', port=64663): Failed to establish a new connection: [WinError 10061] No connection could be made because the target machine actively refused it"))) -
9/5_20:30_4e              34747414084          ENVIADO      recordatorio FALLIDO (exception: HTTPConnectionPool(host='localhost', port=64663): Max retries exceeded with url: /session/3205947ccf45e7c0d9a52fec09cd5969/source (Caused by NewConnectionError("HTTPConnection(host='localhost', port=64663): Failed to establish a new connection: [WinError 10061] No connection could be made because the target machine actively refused it"))) -
9/5_19:00_4e              34675651585          ENVIADO      recordatorio FALLIDO (exception: HTTPConnectionPool(host='localhost', port=64663): Max retries exceeded with url: /session/3205947ccf45e7c0d9a52fec09cd5969/source (Caused by NewConnectionError("HTTPConnection(host='localhost', port=64663): Failed to establish a new connection: [WinError 10061] No connection could be made because the target machine actively refused it"))) -
10/5_17:30_maf            34722714718          ENVIADO      recordatorio FALLIDO (exception: HTTPConnectionPool(host='localhost', port=64663): Max retries exceeded with url: /session/3205947ccf45e7c0d9a52fec09cd5969/source (Caused by NewConnectionError("HTTPConnection(host='localhost', port=64663): Failed to establish a new connection: [WinError 10061] No connection could be made because the target machine actively refused it"))) -
10/5_17:30_4e             34653197010          ENVIADO      recordatorio FALLIDO (exception: HTTPConnectionPool(host='localhost', port=64663): Max retries exceeded with url: /session/3205947ccf45e7c0d9a52fec09cd5969/source (Caused by NewConnectionError("HTTPConnection(host='localhost', port=64663): Failed to establish a new connection: [WinError 10061] No connection could be made because the target machine actively refused it"))) -

[2026-05-14 20:10:22] POSITIVO | Fotos nuevas: 0 | Envios OK: 0 | Envios FAIL: 0 | Reviews negativas: 0 | Fotos borradas: 0

=== SESIÓN 20:11-20:11 (14/05/2026) ===
RESERVA                   TELÉFONO             ESTADO       RESPUESTA                 REVIEW
-----------------------------------------------------------------------------------------------
9/5_14:30_maf             34665976040          ENVIADO      recordatorio FALLIDO (chat_input_not_found) -
9/5_19:00_maf/csi         34%C2%A0628%C2%A061%C2%A027%C2%A078%E2%80%AC ENVIADO      recordatorio FALLIDO (chat_input_not_found) -
9/5_20:30_4e              34747414084          ENVIADO      recordatorio FALLIDO (chat_input_not_found) -
9/5_19:00_4e              34675651585          ENVIADO      recordatorio FALLIDO (chat_input_not_found) -
10/5_17:30_maf            34722714718          ENVIADO      recordatorio FALLIDO (chat_input_not_found) -
10/5_17:30_4e             34653197010          ENVIADO      recordatorio FALLIDO (exception: Message: invalid session id: session deleted as the browser has closed the connection
from disconnected: not connected to DevTools
  (Session info: chrome=147.0.7727.101); For documentation on this error, please visit: https://www.selenium.dev/documentation/webdriver/troubleshooting/errors#invalidsessionidexception
Stacktrace:
	chromedriver!GetHandleVerifier [0x4eb373+10553]
	chromedriver!GetHandleVerifier [0x4eb4a4+10684]
	chromedriver!(No symbol) [0x2f1e10]
	chromedriver!(No symbol) [0x2e0d8e]
	chromedriver!(No symbol) [0x2ff8d9]
	chromedriver!(No symbol) [0x363dbc]
	chromedriver!(No symbol) [0x37a3a9]
	chromedriver!(No symbol) [0x35d606]
	chromedriver!(No symbol) [0x330039]
	chromedriver!(No symbol) [0x330df4]
	chromedriver!GetHandleVerifier [0x76ddb4+292f94]
	chromedriver!GetHandleVerifier [0x76937d+28e55d]
	chromedriver!GetHandleVerifier [0x788215+2ad3f5]
	chromedriver!GetHandleVerifier [0x504c18+29df8]
	chromedriver!GetHandleVerifier [0x50c6fd+318dd]
	chromedriver!GetHandleVerifier [0x4f3c78+18e58]
	chromedriver!GetHandleVerifier [0x4f3e42+19022]
	chromedriver!GetHandleVerifier [0x4dd45f+263f]
	KERNEL32!BaseThreadInitThunk [0x765562c4+24]
	ntdll!RtlSubscribeWnfStateChangeNotification [0x770a0aa9+439]
	ntdll!RtlSubscribeWnfStateChangeNotification [0x770a0a74+404]
) -

[2026-05-14 20:11:09] POSITIVO | Fotos nuevas: 0 | Envios OK: 0 | Envios FAIL: 0 | Reviews negativas: 0 | Fotos borradas: 0

=== SESIÓN 20:12-20:13 (14/05/2026) ===
RESERVA                   TELÉFONO             ESTADO       RESPUESTA                 REVIEW
-----------------------------------------------------------------------------------------------
9/5_14:30_maf             34665976040          ENVIADO      recordatorio FALLIDO (chat_input_not_found) -
9/5_19:00_maf/csi         34%C2%A0628%C2%A061%C2%A027%C2%A078%E2%80%AC ENVIADO      recordatorio FALLIDO (chat_input_not_found) -
9/5_20:30_4e              34747414084          ENVIADO      recordatorio FALLIDO (chat_input_not_found) -
9/5_19:00_4e              34675651585          ENVIADO      recordatorio FALLIDO (chat_input_not_found) -
10/5_17:30_maf            34722714718          ENVIADO      recordatorio FALLIDO (chat_input_not_found) -
10/5_17:30_4e             34653197010          ENVIADO      recordatorio FALLIDO (chat_input_not_found) -

[2026-05-14 20:13:03] POSITIVO | Fotos nuevas: 0 | Envios OK: 0 | Envios FAIL: 0 | Reviews negativas: 0 | Fotos borradas: 0
[2026-05-14 20:13:27] NEGATIVO | WhatsApp no conectado (QR visible) — ciclo abortado

=== SESIÓN 20:14-20:14 (14/05/2026) ===
RESERVA                   TELÉFONO             ESTADO       RESPUESTA                 REVIEW
-----------------------------------------------------------------------------------------------
9/5_14:30_maf             34665976040          ENVIADO      recordatorio FALLIDO (chat_input_not_found) -
9/5_19:00_maf/csi         34%C2%A0628%C2%A061%C2%A027%C2%A078%E2%80%AC ENVIADO      recordatorio FALLIDO (chat_input_not_found) -
9/5_20:30_4e              34747414084          ENVIADO      recordatorio FALLIDO (exception: Message: invalid session id; For documentation on this error, please visit: https://www.selenium.dev/documentation/webdriver/troubleshooting/errors#invalidsessionidexception
Stacktrace:
	chromedriver!GetHandleVerifier [0x4eb373+10553]
	chromedriver!GetHandleVerifier [0x4eb4a4+10684]
	chromedriver!(No symbol) [0x2f1c4e]
	chromedriver!(No symbol) [0x32f2c5]
	chromedriver!(No symbol) [0x35d726]
	chromedriver!(No symbol) [0x358c62]
	chromedriver!(No symbol) [0x358281]
	chromedriver!(No symbol) [0x2c501e]
	chromedriver!(No symbol) [0x2c55be]
	chromedriver!(No symbol) [0x2c5a9d]
	chromedriver!GetHandleVerifier [0x76ddb4+292f94]
	chromedriver!GetHandleVerifier [0x76937d+28e55d]
	chromedriver!GetHandleVerifier [0x788215+2ad3f5]
	chromedriver!GetHandleVerifier [0x504c18+29df8]
	chromedriver!GetHandleVerifier [0x50c6fd+318dd]
	chromedriver!(No symbol) [0x2c4b99]
	chromedriver!(No symbol) [0x2c41e0]
	chromedriver!GetHandleVerifier [0x8d2bef+3f7dcf]
	KERNEL32!BaseThreadInitThunk [0x765562c4+24]
	ntdll!RtlSubscribeWnfStateChangeNotification [0x770a0aa9+439]
	ntdll!RtlSubscribeWnfStateChangeNotification [0x770a0a74+404]
) -
9/5_19:00_4e              34675651585          ENVIADO      recordatorio FALLIDO (exception: Message: invalid session id; For documentation on this error, please visit: https://www.selenium.dev/documentation/webdriver/troubleshooting/errors#invalidsessionidexception
Stacktrace:
	chromedriver!GetHandleVerifier [0x4eb373+10553]
	chromedriver!GetHandleVerifier [0x4eb4a4+10684]
	chromedriver!(No symbol) [0x2f1c4e]
	chromedriver!(No symbol) [0x32f2c5]
	chromedriver!(No symbol) [0x35d726]
	chromedriver!(No symbol) [0x358c62]
	chromedriver!(No symbol) [0x358281]
	chromedriver!(No symbol) [0x2c501e]
	chromedriver!(No symbol) [0x2c55be]
	chromedriver!(No symbol) [0x2c5a9d]
	chromedriver!GetHandleVerifier [0x76ddb4+292f94]
	chromedriver!GetHandleVerifier [0x76937d+28e55d]
	chromedriver!GetHandleVerifier [0x788215+2ad3f5]
	chromedriver!GetHandleVerifier [0x504c18+29df8]
	chromedriver!GetHandleVerifier [0x50c6fd+318dd]
	chromedriver!(No symbol) [0x2c4b99]
	chromedriver!(No symbol) [0x2c41e0]
	chromedriver!GetHandleVerifier [0x8d2bef+3f7dcf]
	KERNEL32!BaseThreadInitThunk [0x765562c4+24]
	ntdll!RtlSubscribeWnfStateChangeNotification [0x770a0aa9+439]
	ntdll!RtlSubscribeWnfStateChangeNotification [0x770a0a74+404]
) -
10/5_17:30_maf            34722714718          ENVIADO      recordatorio FALLIDO (exception: Message: invalid session id; For documentation on this error, please visit: https://www.selenium.dev/documentation/webdriver/troubleshooting/errors#invalidsessionidexception
Stacktrace:
	chromedriver!GetHandleVerifier [0x4eb373+10553]
	chromedriver!GetHandleVerifier [0x4eb4a4+10684]
	chromedriver!(No symbol) [0x2f1c4e]
	chromedriver!(No symbol) [0x32f2c5]
	chromedriver!(No symbol) [0x35d726]
	chromedriver!(No symbol) [0x358c62]
	chromedriver!(No symbol) [0x358281]
	chromedriver!(No symbol) [0x2c501e]
	chromedriver!(No symbol) [0x2c55be]
	chromedriver!(No symbol) [0x2c5a9d]
	chromedriver!GetHandleVerifier [0x76ddb4+292f94]
	chromedriver!GetHandleVerifier [0x76937d+28e55d]
	chromedriver!GetHandleVerifier [0x788215+2ad3f5]
	chromedriver!GetHandleVerifier [0x504c18+29df8]
	chromedriver!GetHandleVerifier [0x50c6fd+318dd]
	chromedriver!(No symbol) [0x2c4b99]
	chromedriver!(No symbol) [0x2c41e0]
	chromedriver!GetHandleVerifier [0x8d2bef+3f7dcf]
	KERNEL32!BaseThreadInitThunk [0x765562c4+24]
	ntdll!RtlSubscribeWnfStateChangeNotification [0x770a0aa9+439]
	ntdll!RtlSubscribeWnfStateChangeNotification [0x770a0a74+404]
) -
10/5_17:30_4e             34653197010          ENVIADO      recordatorio FALLIDO (exception: Message: invalid session id; For documentation on this error, please visit: https://www.selenium.dev/documentation/webdriver/troubleshooting/errors#invalidsessionidexception
Stacktrace:
	chromedriver!GetHandleVerifier [0x4eb373+10553]
	chromedriver!GetHandleVerifier [0x4eb4a4+10684]
	chromedriver!(No symbol) [0x2f1c4e]
	chromedriver!(No symbol) [0x32f2c5]
	chromedriver!(No symbol) [0x35d726]
	chromedriver!(No symbol) [0x358c62]
	chromedriver!(No symbol) [0x358281]
	chromedriver!(No symbol) [0x2c501e]
	chromedriver!(No symbol) [0x2c55be]
	chromedriver!(No symbol) [0x2c5a9d]
	chromedriver!GetHandleVerifier [0x76ddb4+292f94]
	chromedriver!GetHandleVerifier [0x76937d+28e55d]
	chromedriver!GetHandleVerifier [0x788215+2ad3f5]
	chromedriver!GetHandleVerifier [0x504c18+29df8]
	chromedriver!GetHandleVerifier [0x50c6fd+318dd]
	chromedriver!(No symbol) [0x2c4b99]
	chromedriver!(No symbol) [0x2c41e0]
	chromedriver!GetHandleVerifier [0x8d2bef+3f7dcf]
	KERNEL32!BaseThreadInitThunk [0x765562c4+24]
	ntdll!RtlSubscribeWnfStateChangeNotification [0x770a0aa9+439]
	ntdll!RtlSubscribeWnfStateChangeNotification [0x770a0a74+404]
) -

[2026-05-14 20:14:13] POSITIVO | Fotos nuevas: 0 | Envios OK: 0 | Envios FAIL: 0 | Reviews negativas: 0 | Fotos borradas: 0

=== SESIÓN 20:16-20:16 (14/05/2026) ===
RESERVA                   TELÉFONO             ESTADO       RESPUESTA                 REVIEW
-----------------------------------------------------------------------------------------------
9/5_14:30_maf             34665976040          ENVIADO      recordatorio FALLIDO (chat_input_not_found) -
9/5_19:00_maf/csi         34%C2%A0628%C2%A061%C2%A027%C2%A078%E2%80%AC ENVIADO      recordatorio FALLIDO (chat_input_not_found) -
9/5_20:30_4e              34747414084          ENVIADO      recordatorio FALLIDO (chat_input_not_found) -
9/5_19:00_4e              34675651585          ENVIADO      recordatorio FALLIDO (chat_input_not_found) -
10/5_17:30_maf            34722714718          ENVIADO      recordatorio FALLIDO (chat_input_not_found) -
10/5_17:30_4e             34653197010          ENVIADO      recordatorio FALLIDO (chat_input_not_found) -

[2026-05-14 20:16:09] POSITIVO | Fotos nuevas: 0 | Envios OK: 0 | Envios FAIL: 0 | Reviews negativas: 0 | Fotos borradas: 0
[2026-05-14 20:16:32] NEGATIVO | WhatsApp no conectado (QR visible) — ciclo abortado

=== SESIÓN 20:17-20:17 (14/05/2026) ===
RESERVA                   TELÉFONO             ESTADO       RESPUESTA                 REVIEW
-----------------------------------------------------------------------------------------------
9/5_14:30_maf             34665976040          ENVIADO      recordatorio FALLIDO (chat_input_not_found) -
9/5_19:00_maf/csi         34%C2%A0628%C2%A061%C2%A027%C2%A078%E2%80%AC ENVIADO      recordatorio FALLIDO (exception: Message: invalid session id; For documentation on this error, please visit: https://www.selenium.dev/documentation/webdriver/troubleshooting/errors#invalidsessionidexception
Stacktrace:
	chromedriver!GetHandleVerifier [0x4eb373+10553]
	chromedriver!GetHandleVerifier [0x4eb4a4+10684]
	chromedriver!(No symbol) [0x2f1c4e]
	chromedriver!(No symbol) [0x32f2c5]
	chromedriver!(No symbol) [0x35d726]
	chromedriver!(No symbol) [0x358c62]
	chromedriver!(No symbol) [0x358281]
	chromedriver!(No symbol) [0x2c501e]
	chromedriver!(No symbol) [0x2c55be]
	chromedriver!(No symbol) [0x2c5a9d]
	chromedriver!GetHandleVerifier [0x76ddb4+292f94]
	chromedriver!GetHandleVerifier [0x76937d+28e55d]
	chromedriver!GetHandleVerifier [0x788215+2ad3f5]
	chromedriver!GetHandleVerifier [0x504c18+29df8]
	chromedriver!GetHandleVerifier [0x50c6fd+318dd]
	chromedriver!(No symbol) [0x2c4b99]
	chromedriver!(No symbol) [0x2c41e0]
	chromedriver!GetHandleVerifier [0x8d2bef+3f7dcf]
	KERNEL32!BaseThreadInitThunk [0x765562c4+24]
	ntdll!RtlSubscribeWnfStateChangeNotification [0x770a0aa9+439]
	ntdll!RtlSubscribeWnfStateChangeNotification [0x770a0a74+404]
) -
9/5_20:30_4e              34747414084          ENVIADO      recordatorio FALLIDO (exception: Message: invalid session id; For documentation on this error, please visit: https://www.selenium.dev/documentation/webdriver/troubleshooting/errors#invalidsessionidexception
Stacktrace:
	chromedriver!GetHandleVerifier [0x4eb373+10553]
	chromedriver!GetHandleVerifier [0x4eb4a4+10684]
	chromedriver!(No symbol) [0x2f1c4e]
	chromedriver!(No symbol) [0x32f2c5]
	chromedriver!(No symbol) [0x35d726]
	chromedriver!(No symbol) [0x358c62]
	chromedriver!(No symbol) [0x358281]
	chromedriver!(No symbol) [0x2c501e]
	chromedriver!(No symbol) [0x2c55be]
	chromedriver!(No symbol) [0x2c5a9d]
	chromedriver!GetHandleVerifier [0x76ddb4+292f94]
	chromedriver!GetHandleVerifier [0x76937d+28e55d]
	chromedriver!GetHandleVerifier [0x788215+2ad3f5]
	chromedriver!GetHandleVerifier [0x504c18+29df8]
	chromedriver!GetHandleVerifier [0x50c6fd+318dd]
	chromedriver!(No symbol) [0x2c4b99]
	chromedriver!(No symbol) [0x2c41e0]
	chromedriver!GetHandleVerifier [0x8d2bef+3f7dcf]
	KERNEL32!BaseThreadInitThunk [0x765562c4+24]
	ntdll!RtlSubscribeWnfStateChangeNotification [0x770a0aa9+439]
	ntdll!RtlSubscribeWnfStateChangeNotification [0x770a0a74+404]
) -
9/5_19:00_4e              34675651585          ENVIADO      recordatorio FALLIDO (exception: Message: invalid session id; For documentation on this error, please visit: https://www.selenium.dev/documentation/webdriver/troubleshooting/errors#invalidsessionidexception
Stacktrace:
	chromedriver!GetHandleVerifier [0x4eb373+10553]
	chromedriver!GetHandleVerifier [0x4eb4a4+10684]
	chromedriver!(No symbol) [0x2f1c4e]
	chromedriver!(No symbol) [0x32f2c5]
	chromedriver!(No symbol) [0x35d726]
	chromedriver!(No symbol) [0x358c62]
	chromedriver!(No symbol) [0x358281]
	chromedriver!(No symbol) [0x2c501e]
	chromedriver!(No symbol) [0x2c55be]
	chromedriver!(No symbol) [0x2c5a9d]
	chromedriver!GetHandleVerifier [0x76ddb4+292f94]
	chromedriver!GetHandleVerifier [0x76937d+28e55d]
	chromedriver!GetHandleVerifier [0x788215+2ad3f5]
	chromedriver!GetHandleVerifier [0x504c18+29df8]
	chromedriver!GetHandleVerifier [0x50c6fd+318dd]
	chromedriver!(No symbol) [0x2c4b99]
	chromedriver!(No symbol) [0x2c41e0]
	chromedriver!GetHandleVerifier [0x8d2bef+3f7dcf]
	KERNEL32!BaseThreadInitThunk [0x765562c4+24]
	ntdll!RtlSubscribeWnfStateChangeNotification [0x770a0aa9+439]
	ntdll!RtlSubscribeWnfStateChangeNotification [0x770a0a74+404]
) -
10/5_17:30_maf            34722714718          ENVIADO      recordatorio FALLIDO (exception: Message: invalid session id; For documentation on this error, please visit: https://www.selenium.dev/documentation/webdriver/troubleshooting/errors#invalidsessionidexception
Stacktrace:
	chromedriver!GetHandleVerifier [0x4eb373+10553]
	chromedriver!GetHandleVerifier [0x4eb4a4+10684]
	chromedriver!(No symbol) [0x2f1c4e]
	chromedriver!(No symbol) [0x32f2c5]
	chromedriver!(No symbol) [0x35d726]
	chromedriver!(No symbol) [0x358c62]
	chromedriver!(No symbol) [0x358281]
	chromedriver!(No symbol) [0x2c501e]
	chromedriver!(No symbol) [0x2c55be]
	chromedriver!(No symbol) [0x2c5a9d]
	chromedriver!GetHandleVerifier [0x76ddb4+292f94]
	chromedriver!GetHandleVerifier [0x76937d+28e55d]
	chromedriver!GetHandleVerifier [0x788215+2ad3f5]
	chromedriver!GetHandleVerifier [0x504c18+29df8]
	chromedriver!GetHandleVerifier [0x50c6fd+318dd]
	chromedriver!(No symbol) [0x2c4b99]
	chromedriver!(No symbol) [0x2c41e0]
	chromedriver!GetHandleVerifier [0x8d2bef+3f7dcf]
	KERNEL32!BaseThreadInitThunk [0x765562c4+24]
	ntdll!RtlSubscribeWnfStateChangeNotification [0x770a0aa9+439]
	ntdll!RtlSubscribeWnfStateChangeNotification [0x770a0a74+404]
) -
10/5_17:30_4e             34653197010          ENVIADO      recordatorio FALLIDO (exception: Message: invalid session id; For documentation on this error, please visit: https://www.selenium.dev/documentation/webdriver/troubleshooting/errors#invalidsessionidexception
Stacktrace:
	chromedriver!GetHandleVerifier [0x4eb373+10553]
	chromedriver!GetHandleVerifier [0x4eb4a4+10684]
	chromedriver!(No symbol) [0x2f1c4e]
	chromedriver!(No symbol) [0x32f2c5]
	chromedriver!(No symbol) [0x35d726]
	chromedriver!(No symbol) [0x358c62]
	chromedriver!(No symbol) [0x358281]
	chromedriver!(No symbol) [0x2c501e]
	chromedriver!(No symbol) [0x2c55be]
	chromedriver!(No symbol) [0x2c5a9d]
	chromedriver!GetHandleVerifier [0x76ddb4+292f94]
	chromedriver!GetHandleVerifier [0x76937d+28e55d]
	chromedriver!GetHandleVerifier [0x788215+2ad3f5]
	chromedriver!GetHandleVerifier [0x504c18+29df8]
	chromedriver!GetHandleVerifier [0x50c6fd+318dd]
	chromedriver!(No symbol) [0x2c4b99]
	chromedriver!(No symbol) [0x2c41e0]
	chromedriver!GetHandleVerifier [0x8d2bef+3f7dcf]
	KERNEL32!BaseThreadInitThunk [0x765562c4+24]
	ntdll!RtlSubscribeWnfStateChangeNotification [0x770a0aa9+439]
	ntdll!RtlSubscribeWnfStateChangeNotification [0x770a0a74+404]
) -

[2026-05-14 20:17:19] POSITIVO | Fotos nuevas: 0 | Envios OK: 0 | Envios FAIL: 0 | Reviews negativas: 0 | Fotos borradas: 0

=== SESIÓN 20:19-20:19 (14/05/2026) ===
RESERVA                   TELÉFONO             ESTADO       RESPUESTA                 REVIEW
-----------------------------------------------------------------------------------------------
9/5_14:30_maf             34665976040          ENVIADO      recordatorio FALLIDO (chat_input_not_found) -
9/5_19:00_maf/csi         34%C2%A0628%C2%A061%C2%A027%C2%A078%E2%80%AC ENVIADO      recordatorio FALLIDO (chat_input_not_found) -
9/5_20:30_4e              34747414084          ENVIADO      recordatorio FALLIDO (chat_input_not_found) -
9/5_19:00_4e              34675651585          ENVIADO      recordatorio FALLIDO (chat_input_not_found) -
10/5_17:30_maf            34722714718          ENVIADO      recordatorio FALLIDO (chat_input_not_found) -
10/5_17:30_4e             34653197010          ENVIADO      recordatorio FALLIDO (chat_input_not_found) -

[2026-05-14 20:19:15] POSITIVO | Fotos nuevas: 0 | Envios OK: 0 | Envios FAIL: 0 | Reviews negativas: 0 | Fotos borradas: 0
[2026-05-14 20:19:37] NEGATIVO | WhatsApp no conectado (QR visible) — ciclo abortado

=== SESIÓN 20:20-20:20 (14/05/2026) ===
RESERVA                   TELÉFONO             ESTADO       RESPUESTA                 REVIEW
-----------------------------------------------------------------------------------------------
9/5_14:30_maf             34665976040          ENVIADO      recordatorio FALLIDO (exception: Message: invalid session id; For documentation on this error, please visit: https://www.selenium.dev/documentation/webdriver/troubleshooting/errors#invalidsessionidexception
Stacktrace:
	chromedriver!GetHandleVerifier [0x4eb373+10553]
	chromedriver!GetHandleVerifier [0x4eb4a4+10684]
	chromedriver!(No symbol) [0x2f1c4e]
	chromedriver!(No symbol) [0x32f2c5]
	chromedriver!(No symbol) [0x35d726]
	chromedriver!(No symbol) [0x358c62]
	chromedriver!(No symbol) [0x358281]
	chromedriver!(No symbol) [0x2c501e]
	chromedriver!(No symbol) [0x2c55be]
	chromedriver!(No symbol) [0x2c5a9d]
	chromedriver!GetHandleVerifier [0x76ddb4+292f94]
	chromedriver!GetHandleVerifier [0x76937d+28e55d]
	chromedriver!GetHandleVerifier [0x788215+2ad3f5]
	chromedriver!GetHandleVerifier [0x504c18+29df8]
	chromedriver!GetHandleVerifier [0x50c6fd+318dd]
	chromedriver!(No symbol) [0x2c4b99]
	chromedriver!(No symbol) [0x2c41e0]
	chromedriver!GetHandleVerifier [0x8d2bef+3f7dcf]
	KERNEL32!BaseThreadInitThunk [0x765562c4+24]
	ntdll!RtlSubscribeWnfStateChangeNotification [0x770a0aa9+439]
	ntdll!RtlSubscribeWnfStateChangeNotification [0x770a0a74+404]
) -
9/5_19:00_maf/csi         34%C2%A0628%C2%A061%C2%A027%C2%A078%E2%80%AC ENVIADO      recordatorio FALLIDO (exception: Message: invalid session id; For documentation on this error, please visit: https://www.selenium.dev/documentation/webdriver/troubleshooting/errors#invalidsessionidexception
Stacktrace:
	chromedriver!GetHandleVerifier [0x4eb373+10553]
	chromedriver!GetHandleVerifier [0x4eb4a4+10684]
	chromedriver!(No symbol) [0x2f1c4e]
	chromedriver!(No symbol) [0x32f2c5]
	chromedriver!(No symbol) [0x35d726]
	chromedriver!(No symbol) [0x358c62]
	chromedriver!(No symbol) [0x358281]
	chromedriver!(No symbol) [0x2c501e]
	chromedriver!(No symbol) [0x2c55be]
	chromedriver!(No symbol) [0x2c5a9d]
	chromedriver!GetHandleVerifier [0x76ddb4+292f94]
	chromedriver!GetHandleVerifier [0x76937d+28e55d]
	chromedriver!GetHandleVerifier [0x788215+2ad3f5]
	chromedriver!GetHandleVerifier [0x504c18+29df8]
	chromedriver!GetHandleVerifier [0x50c6fd+318dd]
	chromedriver!(No symbol) [0x2c4b99]
	chromedriver!(No symbol) [0x2c41e0]
	chromedriver!GetHandleVerifier [0x8d2bef+3f7dcf]
	KERNEL32!BaseThreadInitThunk [0x765562c4+24]
	ntdll!RtlSubscribeWnfStateChangeNotification [0x770a0aa9+439]
	ntdll!RtlSubscribeWnfStateChangeNotification [0x770a0a74+404]
) -
9/5_20:30_4e              34747414084          ENVIADO      recordatorio FALLIDO (exception: Message: invalid session id; For documentation on this error, please visit: https://www.selenium.dev/documentation/webdriver/troubleshooting/errors#invalidsessionidexception
Stacktrace:
	chromedriver!GetHandleVerifier [0x4eb373+10553]
	chromedriver!GetHandleVerifier [0x4eb4a4+10684]
	chromedriver!(No symbol) [0x2f1c4e]
	chromedriver!(No symbol) [0x32f2c5]
	chromedriver!(No symbol) [0x35d726]
	chromedriver!(No symbol) [0x358c62]
	chromedriver!(No symbol) [0x358281]
	chromedriver!(No symbol) [0x2c501e]
	chromedriver!(No symbol) [0x2c55be]
	chromedriver!(No symbol) [0x2c5a9d]
	chromedriver!GetHandleVerifier [0x76ddb4+292f94]
	chromedriver!GetHandleVerifier [0x76937d+28e55d]
	chromedriver!GetHandleVerifier [0x788215+2ad3f5]
	chromedriver!GetHandleVerifier [0x504c18+29df8]
	chromedriver!GetHandleVerifier [0x50c6fd+318dd]
	chromedriver!(No symbol) [0x2c4b99]
	chromedriver!(No symbol) [0x2c41e0]
	chromedriver!GetHandleVerifier [0x8d2bef+3f7dcf]
	KERNEL32!BaseThreadInitThunk [0x765562c4+24]
	ntdll!RtlSubscribeWnfStateChangeNotification [0x770a0aa9+439]
	ntdll!RtlSubscribeWnfStateChangeNotification [0x770a0a74+404]
) -
9/5_19:00_4e              34675651585          ENVIADO      recordatorio FALLIDO (exception: Message: invalid session id; For documentation on this error, please visit: https://www.selenium.dev/documentation/webdriver/troubleshooting/errors#invalidsessionidexception
Stacktrace:
	chromedriver!GetHandleVerifier [0x4eb373+10553]
	chromedriver!GetHandleVerifier [0x4eb4a4+10684]
	chromedriver!(No symbol) [0x2f1c4e]
	chromedriver!(No symbol) [0x32f2c5]
	chromedriver!(No symbol) [0x35d726]
	chromedriver!(No symbol) [0x358c62]
	chromedriver!(No symbol) [0x358281]
	chromedriver!(No symbol) [0x2c501e]
	chromedriver!(No symbol) [0x2c55be]
	chromedriver!(No symbol) [0x2c5a9d]
	chromedriver!GetHandleVerifier [0x76ddb4+292f94]
	chromedriver!GetHandleVerifier [0x76937d+28e55d]
	chromedriver!GetHandleVerifier [0x788215+2ad3f5]
	chromedriver!GetHandleVerifier [0x504c18+29df8]
	chromedriver!GetHandleVerifier [0x50c6fd+318dd]
	chromedriver!(No symbol) [0x2c4b99]
	chromedriver!(No symbol) [0x2c41e0]
	chromedriver!GetHandleVerifier [0x8d2bef+3f7dcf]
	KERNEL32!BaseThreadInitThunk [0x765562c4+24]
	ntdll!RtlSubscribeWnfStateChangeNotification [0x770a0aa9+439]
	ntdll!RtlSubscribeWnfStateChangeNotification [0x770a0a74+404]
) -
10/5_17:30_maf            34722714718          ENVIADO      recordatorio FALLIDO (exception: Message: invalid session id; For documentation on this error, please visit: https://www.selenium.dev/documentation/webdriver/troubleshooting/errors#invalidsessionidexception
Stacktrace:
	chromedriver!GetHandleVerifier [0x4eb373+10553]
	chromedriver!GetHandleVerifier [0x4eb4a4+10684]
	chromedriver!(No symbol) [0x2f1c4e]
	chromedriver!(No symbol) [0x32f2c5]
	chromedriver!(No symbol) [0x35d726]
	chromedriver!(No symbol) [0x358c62]
	chromedriver!(No symbol) [0x358281]
	chromedriver!(No symbol) [0x2c501e]
	chromedriver!(No symbol) [0x2c55be]
	chromedriver!(No symbol) [0x2c5a9d]
	chromedriver!GetHandleVerifier [0x76ddb4+292f94]
	chromedriver!GetHandleVerifier [0x76937d+28e55d]
	chromedriver!GetHandleVerifier [0x788215+2ad3f5]
	chromedriver!GetHandleVerifier [0x504c18+29df8]
	chromedriver!GetHandleVerifier [0x50c6fd+318dd]
	chromedriver!(No symbol) [0x2c4b99]
	chromedriver!(No symbol) [0x2c41e0]
	chromedriver!GetHandleVerifier [0x8d2bef+3f7dcf]
	KERNEL32!BaseThreadInitThunk [0x765562c4+24]
	ntdll!RtlSubscribeWnfStateChangeNotification [0x770a0aa9+439]
	ntdll!RtlSubscribeWnfStateChangeNotification [0x770a0a74+404]
) -
10/5_17:30_4e             34653197010          ENVIADO      recordatorio FALLIDO (exception: Message: invalid session id; For documentation on this error, please visit: https://www.selenium.dev/documentation/webdriver/troubleshooting/errors#invalidsessionidexception
Stacktrace:
	chromedriver!GetHandleVerifier [0x4eb373+10553]
	chromedriver!GetHandleVerifier [0x4eb4a4+10684]
	chromedriver!(No symbol) [0x2f1c4e]
	chromedriver!(No symbol) [0x32f2c5]
	chromedriver!(No symbol) [0x35d726]
	chromedriver!(No symbol) [0x358c62]
	chromedriver!(No symbol) [0x358281]
	chromedriver!(No symbol) [0x2c501e]
	chromedriver!(No symbol) [0x2c55be]
	chromedriver!(No symbol) [0x2c5a9d]
	chromedriver!GetHandleVerifier [0x76ddb4+292f94]
	chromedriver!GetHandleVerifier [0x76937d+28e55d]
	chromedriver!GetHandleVerifier [0x788215+2ad3f5]
	chromedriver!GetHandleVerifier [0x504c18+29df8]
	chromedriver!GetHandleVerifier [0x50c6fd+318dd]
	chromedriver!(No symbol) [0x2c4b99]
	chromedriver!(No symbol) [0x2c41e0]
	chromedriver!GetHandleVerifier [0x8d2bef+3f7dcf]
	KERNEL32!BaseThreadInitThunk [0x765562c4+24]
	ntdll!RtlSubscribeWnfStateChangeNotification [0x770a0aa9+439]
	ntdll!RtlSubscribeWnfStateChangeNotification [0x770a0a74+404]
) -

[2026-05-14 20:20:23] POSITIVO | Fotos nuevas: 0 | Envios OK: 0 | Envios FAIL: 0 | Reviews negativas: 0 | Fotos borradas: 0

=== SESIÓN 20:22-20:22 (14/05/2026) ===
RESERVA                   TELÉFONO             ESTADO       RESPUESTA                 REVIEW
-----------------------------------------------------------------------------------------------
9/5_14:30_maf             34665976040          ENVIADO      recordatorio FALLIDO (chat_input_not_found) -
9/5_19:00_maf/csi         34%C2%A0628%C2%A061%C2%A027%C2%A078%E2%80%AC ENVIADO      recordatorio FALLIDO (chat_input_not_found) -
9/5_20:30_4e              34747414084          ENVIADO      recordatorio FALLIDO (chat_input_not_found) -
9/5_19:00_4e              34675651585          ENVIADO      recordatorio FALLIDO (chat_input_not_found) -
10/5_17:30_maf            34722714718          ENVIADO      recordatorio FALLIDO (chat_input_not_found) -
10/5_17:30_4e             34653197010          ENVIADO      recordatorio FALLIDO (chat_input_not_found) -

[2026-05-14 20:22:18] POSITIVO | Fotos nuevas: 0 | Envios OK: 0 | Envios FAIL: 0 | Reviews negativas: 0 | Fotos borradas: 0
[2026-05-14 20:22:38] NEGATIVO | WhatsApp no conectado (QR visible) — ciclo abortado

=== SESIÓN 20:23-20:23 (14/05/2026) ===
RESERVA                   TELÉFONO             ESTADO       RESPUESTA                 REVIEW
-----------------------------------------------------------------------------------------------
9/5_14:30_maf             34665976040          ENVIADO      recordatorio FALLIDO (chat_input_not_found) -
9/5_19:00_maf/csi         34%C2%A0628%C2%A061%C2%A027%C2%A078%E2%80%AC ENVIADO      recordatorio FALLIDO (exception: Message: invalid session id; For documentation on this error, please visit: https://www.selenium.dev/documentation/webdriver/troubleshooting/errors#invalidsessionidexception
Stacktrace:
	chromedriver!GetHandleVerifier [0x4eb373+10553]
	chromedriver!GetHandleVerifier [0x4eb4a4+10684]
	chromedriver!(No symbol) [0x2f1c4e]
	chromedriver!(No symbol) [0x32f2c5]
	chromedriver!(No symbol) [0x35d726]
	chromedriver!(No symbol) [0x358c62]
	chromedriver!(No symbol) [0x358281]
	chromedriver!(No symbol) [0x2c501e]
	chromedriver!(No symbol) [0x2c55be]
	chromedriver!(No symbol) [0x2c5a9d]
	chromedriver!GetHandleVerifier [0x76ddb4+292f94]
	chromedriver!GetHandleVerifier [0x76937d+28e55d]
	chromedriver!GetHandleVerifier [0x788215+2ad3f5]
	chromedriver!GetHandleVerifier [0x504c18+29df8]
	chromedriver!GetHandleVerifier [0x50c6fd+318dd]
	chromedriver!(No symbol) [0x2c4b99]
	chromedriver!(No symbol) [0x2c41e0]
	chromedriver!GetHandleVerifier [0x8d2bef+3f7dcf]
	KERNEL32!BaseThreadInitThunk [0x765562c4+24]
	ntdll!RtlSubscribeWnfStateChangeNotification [0x770a0aa9+439]
	ntdll!RtlSubscribeWnfStateChangeNotification [0x770a0a74+404]
) -
9/5_20:30_4e              34747414084          ENVIADO      recordatorio FALLIDO (exception: Message: invalid session id; For documentation on this error, please visit: https://www.selenium.dev/documentation/webdriver/troubleshooting/errors#invalidsessionidexception
Stacktrace:
	chromedriver!GetHandleVerifier [0x4eb373+10553]
	chromedriver!GetHandleVerifier [0x4eb4a4+10684]
	chromedriver!(No symbol) [0x2f1c4e]
	chromedriver!(No symbol) [0x32f2c5]
	chromedriver!(No symbol) [0x35d726]
	chromedriver!(No symbol) [0x358c62]
	chromedriver!(No symbol) [0x358281]
	chromedriver!(No symbol) [0x2c501e]
	chromedriver!(No symbol) [0x2c55be]
	chromedriver!(No symbol) [0x2c5a9d]
	chromedriver!GetHandleVerifier [0x76ddb4+292f94]
	chromedriver!GetHandleVerifier [0x76937d+28e55d]
	chromedriver!GetHandleVerifier [0x788215+2ad3f5]
	chromedriver!GetHandleVerifier [0x504c18+29df8]
	chromedriver!GetHandleVerifier [0x50c6fd+318dd]
	chromedriver!(No symbol) [0x2c4b99]
	chromedriver!(No symbol) [0x2c41e0]
	chromedriver!GetHandleVerifier [0x8d2bef+3f7dcf]
	KERNEL32!BaseThreadInitThunk [0x765562c4+24]
	ntdll!RtlSubscribeWnfStateChangeNotification [0x770a0aa9+439]
	ntdll!RtlSubscribeWnfStateChangeNotification [0x770a0a74+404]
) -
9/5_19:00_4e              34675651585          ENVIADO      recordatorio FALLIDO (exception: Message: invalid session id; For documentation on this error, please visit: https://www.selenium.dev/documentation/webdriver/troubleshooting/errors#invalidsessionidexception
Stacktrace:
	chromedriver!GetHandleVerifier [0x4eb373+10553]
	chromedriver!GetHandleVerifier [0x4eb4a4+10684]
	chromedriver!(No symbol) [0x2f1c4e]
	chromedriver!(No symbol) [0x32f2c5]
	chromedriver!(No symbol) [0x35d726]
	chromedriver!(No symbol) [0x358c62]
	chromedriver!(No symbol) [0x358281]
	chromedriver!(No symbol) [0x2c501e]
	chromedriver!(No symbol) [0x2c55be]
	chromedriver!(No symbol) [0x2c5a9d]
	chromedriver!GetHandleVerifier [0x76ddb4+292f94]
	chromedriver!GetHandleVerifier [0x76937d+28e55d]
	chromedriver!GetHandleVerifier [0x788215+2ad3f5]
	chromedriver!GetHandleVerifier [0x504c18+29df8]
	chromedriver!GetHandleVerifier [0x50c6fd+318dd]
	chromedriver!(No symbol) [0x2c4b99]
	chromedriver!(No symbol) [0x2c41e0]
	chromedriver!GetHandleVerifier [0x8d2bef+3f7dcf]
	KERNEL32!BaseThreadInitThunk [0x765562c4+24]
	ntdll!RtlSubscribeWnfStateChangeNotification [0x770a0aa9+439]
	ntdll!RtlSubscribeWnfStateChangeNotification [0x770a0a74+404]
) -
10/5_17:30_maf            34722714718          ENVIADO      recordatorio FALLIDO (exception: Message: invalid session id; For documentation on this error, please visit: https://www.selenium.dev/documentation/webdriver/troubleshooting/errors#invalidsessionidexception
Stacktrace:
	chromedriver!GetHandleVerifier [0x4eb373+10553]
	chromedriver!GetHandleVerifier [0x4eb4a4+10684]
	chromedriver!(No symbol) [0x2f1c4e]
	chromedriver!(No symbol) [0x32f2c5]
	chromedriver!(No symbol) [0x35d726]
	chromedriver!(No symbol) [0x358c62]
	chromedriver!(No symbol) [0x358281]
	chromedriver!(No symbol) [0x2c501e]
	chromedriver!(No symbol) [0x2c55be]
	chromedriver!(No symbol) [0x2c5a9d]
	chromedriver!GetHandleVerifier [0x76ddb4+292f94]
	chromedriver!GetHandleVerifier [0x76937d+28e55d]
	chromedriver!GetHandleVerifier [0x788215+2ad3f5]
	chromedriver!GetHandleVerifier [0x504c18+29df8]
	chromedriver!GetHandleVerifier [0x50c6fd+318dd]
	chromedriver!(No symbol) [0x2c4b99]
	chromedriver!(No symbol) [0x2c41e0]
	chromedriver!GetHandleVerifier [0x8d2bef+3f7dcf]
	KERNEL32!BaseThreadInitThunk [0x765562c4+24]
	ntdll!RtlSubscribeWnfStateChangeNotification [0x770a0aa9+439]
	ntdll!RtlSubscribeWnfStateChangeNotification [0x770a0a74+404]
) -
10/5_17:30_4e             34653197010          ENVIADO      recordatorio FALLIDO (exception: Message: invalid session id; For documentation on this error, please visit: https://www.selenium.dev/documentation/webdriver/troubleshooting/errors#invalidsessionidexception
Stacktrace:
	chromedriver!GetHandleVerifier [0x4eb373+10553]
	chromedriver!GetHandleVerifier [0x4eb4a4+10684]
	chromedriver!(No symbol) [0x2f1c4e]
	chromedriver!(No symbol) [0x32f2c5]
	chromedriver!(No symbol) [0x35d726]
	chromedriver!(No symbol) [0x358c62]
	chromedriver!(No symbol) [0x358281]
	chromedriver!(No symbol) [0x2c501e]
	chromedriver!(No symbol) [0x2c55be]
	chromedriver!(No symbol) [0x2c5a9d]
	chromedriver!GetHandleVerifier [0x76ddb4+292f94]
	chromedriver!GetHandleVerifier [0x76937d+28e55d]
	chromedriver!GetHandleVerifier [0x788215+2ad3f5]
	chromedriver!GetHandleVerifier [0x504c18+29df8]
	chromedriver!GetHandleVerifier [0x50c6fd+318dd]
	chromedriver!(No symbol) [0x2c4b99]
	chromedriver!(No symbol) [0x2c41e0]
	chromedriver!GetHandleVerifier [0x8d2bef+3f7dcf]
	KERNEL32!BaseThreadInitThunk [0x765562c4+24]
	ntdll!RtlSubscribeWnfStateChangeNotification [0x770a0aa9+439]
	ntdll!RtlSubscribeWnfStateChangeNotification [0x770a0a74+404]
) -

[2026-05-14 20:23:25] POSITIVO | Fotos nuevas: 0 | Envios OK: 0 | Envios FAIL: 0 | Reviews negativas: 0 | Fotos borradas: 0

=== SESIÓN 20:25-20:25 (14/05/2026) ===
RESERVA                   TELÉFONO             ESTADO       RESPUESTA                 REVIEW
-----------------------------------------------------------------------------------------------
9/5_14:30_maf             34665976040          ENVIADO      recordatorio FALLIDO (chat_input_not_found) -
9/5_19:00_maf/csi         34%C2%A0628%C2%A061%C2%A027%C2%A078%E2%80%AC ENVIADO      recordatorio FALLIDO (chat_input_not_found) -
9/5_20:30_4e              34747414084          ENVIADO      recordatorio FALLIDO (chat_input_not_found) -
9/5_19:00_4e              34675651585          ENVIADO      recordatorio FALLIDO (chat_input_not_found) -
10/5_17:30_maf            34722714718          ENVIADO      recordatorio FALLIDO (chat_input_not_found) -
10/5_17:30_4e             34653197010          ENVIADO      recordatorio FALLIDO (chat_input_not_found) -

[2026-05-14 20:25:18] POSITIVO | Fotos nuevas: 0 | Envios OK: 0 | Envios FAIL: 0 | Reviews negativas: 0 | Fotos borradas: 0
[2026-05-14 20:25:24] NEGATIVO | WhatsApp no conectado (QR visible) — ciclo abortado

=== SESIÓN 20:27-20:27 (14/05/2026) ===
RESERVA                   TELÉFONO             ESTADO       RESPUESTA                 REVIEW
-----------------------------------------------------------------------------------------------
9/5_14:30_maf             34665976040          ENVIADO      recordatorio FALLIDO (chat_input_not_found) -
9/5_19:00_maf/csi         34%C2%A0628%C2%A061%C2%A027%C2%A078%E2%80%AC ENVIADO      recordatorio FALLIDO (chat_input_not_found) -
9/5_20:30_4e              34747414084          ENVIADO      recordatorio FALLIDO (chat_input_not_found) -
9/5_19:00_4e              34675651585          ENVIADO      recordatorio FALLIDO (chat_input_not_found) -
10/5_17:30_maf            34722714718          ENVIADO      recordatorio FALLIDO (chat_input_not_found) -
10/5_17:30_4e             34653197010          ENVIADO      recordatorio FALLIDO (chat_input_not_found) -

[2026-05-14 20:27:27] POSITIVO | Fotos nuevas: 0 | Envios OK: 0 | Envios FAIL: 0 | Reviews negativas: 0 | Fotos borradas: 0

=== SESIÓN 20:28-20:28 (14/05/2026) ===
RESERVA                   TELÉFONO             ESTADO       RESPUESTA                 REVIEW
-----------------------------------------------------------------------------------------------
9/5_14:30_maf             34665976040          ENVIADO      recordatorio FALLIDO (chat_input_not_found) -
9/5_19:00_maf/csi         34%C2%A0628%C2%A061%C2%A027%C2%A078%E2%80%AC ENVIADO      recordatorio FALLIDO (chat_input_not_found) -
9/5_20:30_4e              34747414084          ENVIADO      recordatorio FALLIDO (chat_input_not_found) -
9/5_19:00_4e              34675651585          ENVIADO      recordatorio FALLIDO (chat_input_not_found) -
10/5_17:30_maf            34722714718          ENVIADO      recordatorio FALLIDO (chat_input_not_found) -
10/5_17:30_4e             34653197010          ENVIADO      recordatorio FALLIDO (chat_input_not_found) -

[2026-05-14 20:28:46] POSITIVO | Fotos nuevas: 0 | Envios OK: 0 | Envios FAIL: 0 | Reviews negativas: 0 | Fotos borradas: 0

=== SESIÓN 20:29-20:30 (14/05/2026) ===
RESERVA                   TELÉFONO             ESTADO       RESPUESTA                 REVIEW
-----------------------------------------------------------------------------------------------
9/5_14:30_maf             34665976040          ENVIADO      recordatorio FALLIDO (chat_input_not_found) -
9/5_19:00_maf/csi         34%C2%A0628%C2%A061%C2%A027%C2%A078%E2%80%AC ENVIADO      recordatorio FALLIDO (chat_input_not_found) -
9/5_20:30_4e              34747414084          ENVIADO      recordatorio FALLIDO (chat_input_not_found) -
9/5_19:00_4e              34675651585          ENVIADO      recordatorio FALLIDO (chat_input_not_found) -
10/5_17:30_maf            34722714718          ENVIADO      recordatorio FALLIDO (chat_input_not_found) -
10/5_17:30_4e             34653197010          ENVIADO      recordatorio FALLIDO (chat_input_not_found) -

[2026-05-14 20:30:05] POSITIVO | Fotos nuevas: 0 | Envios OK: 0 | Envios FAIL: 0 | Reviews negativas: 0 | Fotos borradas: 0

=== SESIÓN 20:31-20:31 (14/05/2026) ===
RESERVA                   TELÉFONO             ESTADO       RESPUESTA                 REVIEW
-----------------------------------------------------------------------------------------------
9/5_14:30_maf             34665976040          ENVIADO      recordatorio FALLIDO (chat_input_not_found) -
9/5_19:00_maf/csi         34%C2%A0628%C2%A061%C2%A027%C2%A078%E2%80%AC ENVIADO      recordatorio FALLIDO (chat_input_not_found) -
9/5_20:30_4e              34747414084          ENVIADO      recordatorio FALLIDO (chat_input_not_found) -
9/5_19:00_4e              34675651585          ENVIADO      recordatorio FALLIDO (chat_input_not_found) -
10/5_17:30_maf            34722714718          ENVIADO      recordatorio FALLIDO (chat_input_not_found) -
10/5_17:30_4e             34653197010          ENVIADO      recordatorio FALLIDO (chat_input_not_found) -

[2026-05-14 20:31:24] POSITIVO | Fotos nuevas: 0 | Envios OK: 0 | Envios FAIL: 0 | Reviews negativas: 0 | Fotos borradas: 0

=== SESIÓN 20:32-20:32 (14/05/2026) ===
RESERVA                   TELÉFONO             ESTADO       RESPUESTA                 REVIEW
-----------------------------------------------------------------------------------------------
9/5_14:30_maf             34665976040          ENVIADO      recordatorio FALLIDO (chat_input_not_found) -
9/5_19:00_maf/csi         34%C2%A0628%C2%A061%C2%A027%C2%A078%E2%80%AC ENVIADO      recordatorio FALLIDO (chat_input_not_found) -
9/5_20:30_4e              34747414084          ENVIADO      recordatorio FALLIDO (chat_input_not_found) -
9/5_19:00_4e              34675651585          ENVIADO      recordatorio FALLIDO (chat_input_not_found) -
10/5_17:30_maf            34722714718          ENVIADO      recordatorio FALLIDO (chat_input_not_found) -
10/5_17:30_4e             34653197010          ENVIADO      recordatorio FALLIDO (chat_input_not_found) -

[2026-05-14 20:32:40] POSITIVO | Fotos nuevas: 0 | Envios OK: 0 | Envios FAIL: 0 | Reviews negativas: 0 | Fotos borradas: 0

=== SESIÓN 20:33-20:33 (14/05/2026) ===
RESERVA                   TELÉFONO             ESTADO       RESPUESTA                 REVIEW
-----------------------------------------------------------------------------------------------
9/5_14:30_maf             34665976040          ENVIADO      recordatorio FALLIDO (chat_input_not_found) -
9/5_19:00_maf/csi         34%C2%A0628%C2%A061%C2%A027%C2%A078%E2%80%AC ENVIADO      recordatorio FALLIDO (chat_input_not_found) -
9/5_20:30_4e              34747414084          ENVIADO      recordatorio FALLIDO (chat_input_not_found) -
9/5_19:00_4e              34675651585          ENVIADO      recordatorio FALLIDO (chat_input_not_found) -
10/5_17:30_maf            34722714718          ENVIADO      recordatorio FALLIDO (chat_input_not_found) -
10/5_17:30_4e             34653197010          ENVIADO      recordatorio FALLIDO (chat_input_not_found) -

[2026-05-14 20:33:58] POSITIVO | Fotos nuevas: 0 | Envios OK: 0 | Envios FAIL: 0 | Reviews negativas: 0 | Fotos borradas: 0

=== SESIÓN 20:32-20:34 (14/05/2026) ===
RESERVA                   TELÉFONO             ESTADO       RESPUESTA                 REVIEW
-----------------------------------------------------------------------------------------------
9/5_14:30_maf             34665976040          ENVIADO      recordatorio FALLIDO (exception: HTTPConnectionPool(host='localhost', port=50393): Max retries exceeded with url: /session/6b92459bf3f168dcee90c1ac1a84f31d/source (Caused by NewConnectionError("HTTPConnection(host='localhost', port=50393): Failed to establish a new connection: [WinError 10061] No connection could be made because the target machine actively refused it"))) -
9/5_19:00_maf/csi         34%C2%A0628%C2%A061%C2%A027%C2%A078%E2%80%AC ENVIADO      recordatorio FALLIDO (exception: HTTPConnectionPool(host='localhost', port=50393): Max retries exceeded with url: /session/6b92459bf3f168dcee90c1ac1a84f31d/source (Caused by NewConnectionError("HTTPConnection(host='localhost', port=50393): Failed to establish a new connection: [WinError 10061] No connection could be made because the target machine actively refused it"))) -
9/5_20:30_4e              34747414084          ENVIADO      recordatorio FALLIDO (exception: HTTPConnectionPool(host='localhost', port=50393): Max retries exceeded with url: /session/6b92459bf3f168dcee90c1ac1a84f31d/source (Caused by NewConnectionError("HTTPConnection(host='localhost', port=50393): Failed to establish a new connection: [WinError 10061] No connection could be made because the target machine actively refused it"))) -
9/5_19:00_4e              34675651585          ENVIADO      recordatorio FALLIDO (exception: HTTPConnectionPool(host='localhost', port=50393): Max retries exceeded with url: /session/6b92459bf3f168dcee90c1ac1a84f31d/source (Caused by NewConnectionError("HTTPConnection(host='localhost', port=50393): Failed to establish a new connection: [WinError 10061] No connection could be made because the target machine actively refused it"))) -
10/5_17:30_maf            34722714718          ENVIADO      recordatorio FALLIDO (exception: HTTPConnectionPool(host='localhost', port=50393): Max retries exceeded with url: /session/6b92459bf3f168dcee90c1ac1a84f31d/source (Caused by NewConnectionError("HTTPConnection(host='localhost', port=50393): Failed to establish a new connection: [WinError 10061] No connection could be made because the target machine actively refused it"))) -
10/5_17:30_4e             34653197010          ENVIADO      recordatorio FALLIDO (exception: HTTPConnectionPool(host='localhost', port=50393): Max retries exceeded with url: /session/6b92459bf3f168dcee90c1ac1a84f31d/source (Caused by NewConnectionError("HTTPConnection(host='localhost', port=50393): Failed to establish a new connection: [WinError 10061] No connection could be made because the target machine actively refused it"))) -

[2026-05-14 20:34:54] POSITIVO | Fotos nuevas: 0 | Envios OK: 0 | Envios FAIL: 0 | Reviews negativas: 0 | Fotos borradas: 0

=== SESIÓN 20:36-20:36 (14/05/2026) ===
RESERVA                   TELÉFONO             ESTADO       RESPUESTA                 REVIEW
-----------------------------------------------------------------------------------------------
9/5_14:30_maf             34665976040          ENVIADO      recordatorio FALLIDO (chat_input_not_found) -
9/5_19:00_maf/csi         34%C2%A0628%C2%A061%C2%A027%C2%A078%E2%80%AC ENVIADO      recordatorio FALLIDO (chat_input_not_found) -
9/5_20:30_4e              34747414084          ENVIADO      recordatorio FALLIDO (chat_input_not_found) -
9/5_19:00_4e              34675651585          ENVIADO      recordatorio FALLIDO (chat_input_not_found) -
10/5_17:30_maf            34722714718          ENVIADO      recordatorio FALLIDO (chat_input_not_found) -
10/5_17:30_4e             34653197010          ENVIADO      recordatorio FALLIDO (chat_input_not_found) -

[2026-05-14 20:36:23] POSITIVO | Fotos nuevas: 0 | Envios OK: 0 | Envios FAIL: 0 | Reviews negativas: 0 | Fotos borradas: 0
[2026-05-14 20:38:12] NEGATIVO | WhatsApp no conectado (QR visible) — ciclo abortado

=== SESIÓN 20:36-20:39 (14/05/2026) ===
RESERVA                   TELÉFONO             ESTADO       RESPUESTA                 REVIEW
-----------------------------------------------------------------------------------------------
9/5_14:30_maf             34665976040          ENVIADO      recordatorio FALLIDO (exception: HTTPConnectionPool(host='localhost', port=51089): Max retries exceeded with url: /session/a5306c2c8a18b3542f117ed037c89931/source (Caused by NewConnectionError("HTTPConnection(host='localhost', port=51089): Failed to establish a new connection: [WinError 10061] No connection could be made because the target machine actively refused it"))) -
9/5_19:00_maf/csi         34%C2%A0628%C2%A061%C2%A027%C2%A078%E2%80%AC ENVIADO      recordatorio FALLIDO (exception: HTTPConnectionPool(host='localhost', port=51089): Max retries exceeded with url: /session/a5306c2c8a18b3542f117ed037c89931/source (Caused by NewConnectionError("HTTPConnection(host='localhost', port=51089): Failed to establish a new connection: [WinError 10061] No connection could be made because the target machine actively refused it"))) -
9/5_20:30_4e              34747414084          ENVIADO      recordatorio FALLIDO (exception: HTTPConnectionPool(host='localhost', port=51089): Max retries exceeded with url: /session/a5306c2c8a18b3542f117ed037c89931/source (Caused by NewConnectionError("HTTPConnection(host='localhost', port=51089): Failed to establish a new connection: [WinError 10061] No connection could be made because the target machine actively refused it"))) -
9/5_19:00_4e              34675651585          ENVIADO      recordatorio FALLIDO (exception: HTTPConnectionPool(host='localhost', port=51089): Max retries exceeded with url: /session/a5306c2c8a18b3542f117ed037c89931/source (Caused by NewConnectionError("HTTPConnection(host='localhost', port=51089): Failed to establish a new connection: [WinError 10061] No connection could be made because the target machine actively refused it"))) -
10/5_17:30_maf            34722714718          ENVIADO      recordatorio FALLIDO (exception: HTTPConnectionPool(host='localhost', port=51089): Max retries exceeded with url: /session/a5306c2c8a18b3542f117ed037c89931/source (Caused by NewConnectionError("HTTPConnection(host='localhost', port=51089): Failed to establish a new connection: [WinError 10061] No connection could be made because the target machine actively refused it"))) -
10/5_17:30_4e             34653197010          ENVIADO      recordatorio FALLIDO (exception: HTTPConnectionPool(host='localhost', port=51089): Max retries exceeded with url: /session/a5306c2c8a18b3542f117ed037c89931/source (Caused by NewConnectionError("HTTPConnection(host='localhost', port=51089): Failed to establish a new connection: [WinError 10061] No connection could be made because the target machine actively refused it"))) -

[2026-05-14 20:39:04] POSITIVO | Fotos nuevas: 0 | Envios OK: 0 | Envios FAIL: 0 | Reviews negativas: 0 | Fotos borradas: 0
[2026-05-14 20:40:04] NEGATIVO | WhatsApp no conectado (QR visible) — ciclo abortado

=== SESIÓN 20:41-20:41 (14/05/2026) ===
RESERVA                   TELÉFONO             ESTADO       RESPUESTA                 REVIEW
-----------------------------------------------------------------------------------------------
9/5_14:30_maf             34665976040          ENVIADO      recordatorio FALLIDO (chat_input_not_found) -
9/5_19:00_maf/csi         34%C2%A0628%C2%A061%C2%A027%C2%A078%E2%80%AC ENVIADO      recordatorio FALLIDO (chat_input_not_found) -
9/5_20:30_4e              34747414084          ENVIADO      recordatorio FALLIDO (chat_input_not_found) -
9/5_19:00_4e              34675651585          ENVIADO      recordatorio FALLIDO (chat_input_not_found) -
10/5_17:30_maf            34722714718          ENVIADO      recordatorio FALLIDO (chat_input_not_found) -
10/5_17:30_4e             34653197010          ENVIADO      recordatorio FALLIDO (chat_input_not_found) -

[2026-05-14 20:41:28] POSITIVO | Fotos nuevas: 0 | Envios OK: 0 | Envios FAIL: 0 | Reviews negativas: 0 | Fotos borradas: 0

=== SESIÓN 20:42-20:42 (14/05/2026) ===
RESERVA                   TELÉFONO             ESTADO       RESPUESTA                 REVIEW
-----------------------------------------------------------------------------------------------
9/5_14:30_maf             34665976040          ENVIADO      recordatorio FALLIDO (chat_input_not_found) -
9/5_19:00_maf/csi         34%C2%A0628%C2%A061%C2%A027%C2%A078%E2%80%AC ENVIADO      recordatorio FALLIDO (chat_input_not_found) -
9/5_20:30_4e              34747414084          ENVIADO      recordatorio FALLIDO (chat_input_not_found) -
9/5_19:00_4e              34675651585          ENVIADO      recordatorio FALLIDO (chat_input_not_found) -
10/5_17:30_maf            34722714718          ENVIADO      recordatorio FALLIDO (chat_input_not_found) -
10/5_17:30_4e             34653197010          ENVIADO      recordatorio FALLIDO (chat_input_not_found) -

[2026-05-14 20:42:45] POSITIVO | Fotos nuevas: 0 | Envios OK: 0 | Envios FAIL: 0 | Reviews negativas: 0 | Fotos borradas: 0

=== SESIÓN 20:43-20:44 (14/05/2026) ===
RESERVA                   TELÉFONO             ESTADO       RESPUESTA                 REVIEW
-----------------------------------------------------------------------------------------------
9/5_14:30_maf             34665976040          ENVIADO      recordatorio FALLIDO (chat_input_not_found) -
9/5_19:00_maf/csi         34%C2%A0628%C2%A061%C2%A027%C2%A078%E2%80%AC ENVIADO      recordatorio FALLIDO (chat_input_not_found) -
9/5_20:30_4e              34747414084          ENVIADO      recordatorio FALLIDO (chat_input_not_found) -
9/5_19:00_4e              34675651585          ENVIADO      recordatorio FALLIDO (chat_input_not_found) -
10/5_17:30_maf            34722714718          ENVIADO      recordatorio FALLIDO (chat_input_not_found) -
10/5_17:30_4e             34653197010          ENVIADO      recordatorio FALLIDO (chat_input_not_found) -

[2026-05-14 20:44:02] POSITIVO | Fotos nuevas: 0 | Envios OK: 0 | Envios FAIL: 0 | Reviews negativas: 0 | Fotos borradas: 0

=== SESIÓN 20:42-20:44 (14/05/2026) ===
RESERVA                   TELÉFONO             ESTADO       RESPUESTA                 REVIEW
-----------------------------------------------------------------------------------------------
9/5_14:30_maf             34665976040          ENVIADO      recordatorio FALLIDO (exception: HTTPConnectionPool(host='localhost', port=51496): Max retries exceeded with url: /session/535b13edd04f0f61e9b482900398ee59/source (Caused by NewConnectionError("HTTPConnection(host='localhost', port=51496): Failed to establish a new connection: [WinError 10061] No connection could be made because the target machine actively refused it"))) -
9/5_19:00_maf/csi         34%C2%A0628%C2%A061%C2%A027%C2%A078%E2%80%AC ENVIADO      recordatorio FALLIDO (exception: HTTPConnectionPool(host='localhost', port=51496): Max retries exceeded with url: /session/535b13edd04f0f61e9b482900398ee59/source (Caused by NewConnectionError("HTTPConnection(host='localhost', port=51496): Failed to establish a new connection: [WinError 10061] No connection could be made because the target machine actively refused it"))) -
9/5_20:30_4e              34747414084          ENVIADO      recordatorio FALLIDO (exception: HTTPConnectionPool(host='localhost', port=51496): Max retries exceeded with url: /session/535b13edd04f0f61e9b482900398ee59/source (Caused by NewConnectionError("HTTPConnection(host='localhost', port=51496): Failed to establish a new connection: [WinError 10061] No connection could be made because the target machine actively refused it"))) -
9/5_19:00_4e              34675651585          ENVIADO      recordatorio FALLIDO (exception: HTTPConnectionPool(host='localhost', port=51496): Max retries exceeded with url: /session/535b13edd04f0f61e9b482900398ee59/source (Caused by NewConnectionError("HTTPConnection(host='localhost', port=51496): Failed to establish a new connection: [WinError 10061] No connection could be made because the target machine actively refused it"))) -
10/5_17:30_maf            34722714718          ENVIADO      recordatorio FALLIDO (exception: HTTPConnectionPool(host='localhost', port=51496): Max retries exceeded with url: /session/535b13edd04f0f61e9b482900398ee59/source (Caused by NewConnectionError("HTTPConnection(host='localhost', port=51496): Failed to establish a new connection: [WinError 10061] No connection could be made because the target machine actively refused it"))) -
10/5_17:30_4e             34653197010          ENVIADO      recordatorio FALLIDO (exception: HTTPConnectionPool(host='localhost', port=51496): Max retries exceeded with url: /session/535b13edd04f0f61e9b482900398ee59/source (Caused by NewConnectionError("HTTPConnection(host='localhost', port=51496): Failed to establish a new connection: [WinError 10061] No connection could be made because the target machine actively refused it"))) -

[2026-05-14 20:44:57] POSITIVO | Fotos nuevas: 0 | Envios OK: 0 | Envios FAIL: 0 | Reviews negativas: 0 | Fotos borradas: 0

=== SESIÓN 20:46-20:46 (14/05/2026) ===
RESERVA                   TELÉFONO             ESTADO       RESPUESTA                 REVIEW
-----------------------------------------------------------------------------------------------
9/5_14:30_maf             34665976040          ENVIADO      recordatorio FALLIDO (chat_input_not_found) -
9/5_19:00_maf/csi         34%C2%A0628%C2%A061%C2%A027%C2%A078%E2%80%AC ENVIADO      recordatorio FALLIDO (chat_input_not_found) -
9/5_20:30_4e              34747414084          ENVIADO      recordatorio FALLIDO (chat_input_not_found) -
9/5_19:00_4e              34675651585          ENVIADO      recordatorio FALLIDO (chat_input_not_found) -
10/5_17:30_maf            34722714718          ENVIADO      recordatorio FALLIDO (chat_input_not_found) -
10/5_17:30_4e             34653197010          ENVIADO      recordatorio FALLIDO (chat_input_not_found) -

[2026-05-14 20:46:21] POSITIVO | Fotos nuevas: 0 | Envios OK: 0 | Envios FAIL: 0 | Reviews negativas: 0 | Fotos borradas: 0

=== SESIÓN 20:47-20:47 (14/05/2026) ===
RESERVA                   TELÉFONO             ESTADO       RESPUESTA                 REVIEW
-----------------------------------------------------------------------------------------------
9/5_14:30_maf             34665976040          ENVIADO      recordatorio FALLIDO (chat_input_not_found) -
9/5_19:00_maf/csi         34%C2%A0628%C2%A061%C2%A027%C2%A078%E2%80%AC ENVIADO      recordatorio FALLIDO (chat_input_not_found) -
9/5_20:30_4e              34747414084          ENVIADO      recordatorio FALLIDO (chat_input_not_found) -
9/5_19:00_4e              34675651585          ENVIADO      recordatorio FALLIDO (chat_input_not_found) -
10/5_17:30_maf            34722714718          ENVIADO      recordatorio FALLIDO (chat_input_not_found) -
10/5_17:30_4e             34653197010          ENVIADO      recordatorio FALLIDO (chat_input_not_found) -

[2026-05-14 20:47:42] POSITIVO | Fotos nuevas: 0 | Envios OK: 0 | Envios FAIL: 0 | Reviews negativas: 0 | Fotos borradas: 0

=== SESIÓN 20:48-20:49 (14/05/2026) ===
RESERVA                   TELÉFONO             ESTADO       RESPUESTA                 REVIEW
-----------------------------------------------------------------------------------------------
9/5_14:30_maf             34665976040          ENVIADO      recordatorio FALLIDO (chat_input_not_found) -
9/5_19:00_maf/csi         34%C2%A0628%C2%A061%C2%A027%C2%A078%E2%80%AC ENVIADO      recordatorio FALLIDO (chat_input_not_found) -
9/5_20:30_4e              34747414084          ENVIADO      recordatorio FALLIDO (chat_input_not_found) -
9/5_19:00_4e              34675651585          ENVIADO      recordatorio FALLIDO (chat_input_not_found) -
10/5_17:30_maf            34722714718          ENVIADO      recordatorio FALLIDO (chat_input_not_found) -
10/5_17:30_4e             34653197010          ENVIADO      recordatorio FALLIDO (chat_input_not_found) -

[2026-05-14 20:49:01] POSITIVO | Fotos nuevas: 0 | Envios OK: 0 | Envios FAIL: 0 | Reviews negativas: 0 | Fotos borradas: 0

=== SESIÓN 20:46-20:49 (14/05/2026) ===
RESERVA                   TELÉFONO             ESTADO       RESPUESTA                 REVIEW
-----------------------------------------------------------------------------------------------
9/5_14:30_maf             34665976040          ENVIADO      recordatorio FALLIDO (exception: HTTPConnectionPool(host='localhost', port=52074): Max retries exceeded with url: /session/401d1fc468ad93af5770ce5ce8ca6e99/source (Caused by NewConnectionError("HTTPConnection(host='localhost', port=52074): Failed to establish a new connection: [WinError 10061] No connection could be made because the target machine actively refused it"))) -
9/5_19:00_maf/csi         34%C2%A0628%C2%A061%C2%A027%C2%A078%E2%80%AC ENVIADO      recordatorio FALLIDO (exception: HTTPConnectionPool(host='localhost', port=52074): Max retries exceeded with url: /session/401d1fc468ad93af5770ce5ce8ca6e99/source (Caused by NewConnectionError("HTTPConnection(host='localhost', port=52074): Failed to establish a new connection: [WinError 10061] No connection could be made because the target machine actively refused it"))) -
9/5_20:30_4e              34747414084          ENVIADO      recordatorio FALLIDO (exception: HTTPConnectionPool(host='localhost', port=52074): Max retries exceeded with url: /session/401d1fc468ad93af5770ce5ce8ca6e99/source (Caused by NewConnectionError("HTTPConnection(host='localhost', port=52074): Failed to establish a new connection: [WinError 10061] No connection could be made because the target machine actively refused it"))) -
9/5_19:00_4e              34675651585          ENVIADO      recordatorio FALLIDO (exception: HTTPConnectionPool(host='localhost', port=52074): Max retries exceeded with url: /session/401d1fc468ad93af5770ce5ce8ca6e99/source (Caused by NewConnectionError("HTTPConnection(host='localhost', port=52074): Failed to establish a new connection: [WinError 10061] No connection could be made because the target machine actively refused it"))) -
10/5_17:30_maf            34722714718          ENVIADO      recordatorio FALLIDO (exception: HTTPConnectionPool(host='localhost', port=52074): Max retries exceeded with url: /session/401d1fc468ad93af5770ce5ce8ca6e99/source (Caused by NewConnectionError("HTTPConnection(host='localhost', port=52074): Failed to establish a new connection: [WinError 10061] No connection could be made because the target machine actively refused it"))) -
10/5_17:30_4e             34653197010          ENVIADO      recordatorio FALLIDO (exception: HTTPConnectionPool(host='localhost', port=52074): Max retries exceeded with url: /session/401d1fc468ad93af5770ce5ce8ca6e99/source (Caused by NewConnectionError("HTTPConnection(host='localhost', port=52074): Failed to establish a new connection: [WinError 10061] No connection could be made because the target machine actively refused it"))) -

[2026-05-14 20:49:23] POSITIVO | Fotos nuevas: 0 | Envios OK: 0 | Envios FAIL: 0 | Reviews negativas: 0 | Fotos borradas: 0

=== SESIÓN 20:50-20:50 (14/05/2026) ===
RESERVA                   TELÉFONO             ESTADO       RESPUESTA                 REVIEW
-----------------------------------------------------------------------------------------------
9/5_14:30_maf             34665976040          ENVIADO      recordatorio FALLIDO (exception: Message: invalid session id; For documentation on this error, please visit: https://www.selenium.dev/documentation/webdriver/troubleshooting/errors#invalidsessionidexception
Stacktrace:
	chromedriver!GetHandleVerifier [0x4eb373+10553]
	chromedriver!GetHandleVerifier [0x4eb4a4+10684]
	chromedriver!(No symbol) [0x2f1c4e]
	chromedriver!(No symbol) [0x32f2c5]
	chromedriver!(No symbol) [0x35d726]
	chromedriver!(No symbol) [0x358c62]
	chromedriver!(No symbol) [0x358281]
	chromedriver!(No symbol) [0x2c501e]
	chromedriver!(No symbol) [0x2c55be]
	chromedriver!(No symbol) [0x2c5a9d]
	chromedriver!GetHandleVerifier [0x76ddb4+292f94]
	chromedriver!GetHandleVerifier [0x76937d+28e55d]
	chromedriver!GetHandleVerifier [0x788215+2ad3f5]
	chromedriver!GetHandleVerifier [0x504c18+29df8]
	chromedriver!GetHandleVerifier [0x50c6fd+318dd]
	chromedriver!(No symbol) [0x2c4b99]
	chromedriver!(No symbol) [0x2c41e0]
	chromedriver!GetHandleVerifier [0x8d2bef+3f7dcf]
	KERNEL32!BaseThreadInitThunk [0x765562c4+24]
	ntdll!RtlSubscribeWnfStateChangeNotification [0x770a0aa9+439]
	ntdll!RtlSubscribeWnfStateChangeNotification [0x770a0a74+404]
) -
9/5_19:00_maf/csi         34%C2%A0628%C2%A061%C2%A027%C2%A078%E2%80%AC ENVIADO      recordatorio FALLIDO (exception: Message: invalid session id; For documentation on this error, please visit: https://www.selenium.dev/documentation/webdriver/troubleshooting/errors#invalidsessionidexception
Stacktrace:
	chromedriver!GetHandleVerifier [0x4eb373+10553]
	chromedriver!GetHandleVerifier [0x4eb4a4+10684]
	chromedriver!(No symbol) [0x2f1c4e]
	chromedriver!(No symbol) [0x32f2c5]
	chromedriver!(No symbol) [0x35d726]
	chromedriver!(No symbol) [0x358c62]
	chromedriver!(No symbol) [0x358281]
	chromedriver!(No symbol) [0x2c501e]
	chromedriver!(No symbol) [0x2c55be]
	chromedriver!(No symbol) [0x2c5a9d]
	chromedriver!GetHandleVerifier [0x76ddb4+292f94]
	chromedriver!GetHandleVerifier [0x76937d+28e55d]
	chromedriver!GetHandleVerifier [0x788215+2ad3f5]
	chromedriver!GetHandleVerifier [0x504c18+29df8]
	chromedriver!GetHandleVerifier [0x50c6fd+318dd]
	chromedriver!(No symbol) [0x2c4b99]
	chromedriver!(No symbol) [0x2c41e0]
	chromedriver!GetHandleVerifier [0x8d2bef+3f7dcf]
	KERNEL32!BaseThreadInitThunk [0x765562c4+24]
	ntdll!RtlSubscribeWnfStateChangeNotification [0x770a0aa9+439]
	ntdll!RtlSubscribeWnfStateChangeNotification [0x770a0a74+404]
) -
9/5_20:30_4e              34747414084          ENVIADO      recordatorio FALLIDO (exception: Message: invalid session id; For documentation on this error, please visit: https://www.selenium.dev/documentation/webdriver/troubleshooting/errors#invalidsessionidexception
Stacktrace:
	chromedriver!GetHandleVerifier [0x4eb373+10553]
	chromedriver!GetHandleVerifier [0x4eb4a4+10684]
	chromedriver!(No symbol) [0x2f1c4e]
	chromedriver!(No symbol) [0x32f2c5]
	chromedriver!(No symbol) [0x35d726]
	chromedriver!(No symbol) [0x358c62]
	chromedriver!(No symbol) [0x358281]
	chromedriver!(No symbol) [0x2c501e]
	chromedriver!(No symbol) [0x2c55be]
	chromedriver!(No symbol) [0x2c5a9d]
	chromedriver!GetHandleVerifier [0x76ddb4+292f94]
	chromedriver!GetHandleVerifier [0x76937d+28e55d]
	chromedriver!GetHandleVerifier [0x788215+2ad3f5]
	chromedriver!GetHandleVerifier [0x504c18+29df8]
	chromedriver!GetHandleVerifier [0x50c6fd+318dd]
	chromedriver!(No symbol) [0x2c4b99]
	chromedriver!(No symbol) [0x2c41e0]
	chromedriver!GetHandleVerifier [0x8d2bef+3f7dcf]
	KERNEL32!BaseThreadInitThunk [0x765562c4+24]
	ntdll!RtlSubscribeWnfStateChangeNotification [0x770a0aa9+439]
	ntdll!RtlSubscribeWnfStateChangeNotification [0x770a0a74+404]
) -
9/5_19:00_4e              34675651585          ENVIADO      recordatorio FALLIDO (exception: Message: invalid session id; For documentation on this error, please visit: https://www.selenium.dev/documentation/webdriver/troubleshooting/errors#invalidsessionidexception
Stacktrace:
	chromedriver!GetHandleVerifier [0x4eb373+10553]
	chromedriver!GetHandleVerifier [0x4eb4a4+10684]
	chromedriver!(No symbol) [0x2f1c4e]
	chromedriver!(No symbol) [0x32f2c5]
	chromedriver!(No symbol) [0x35d726]
	chromedriver!(No symbol) [0x358c62]
	chromedriver!(No symbol) [0x358281]
	chromedriver!(No symbol) [0x2c501e]
	chromedriver!(No symbol) [0x2c55be]
	chromedriver!(No symbol) [0x2c5a9d]
	chromedriver!GetHandleVerifier [0x76ddb4+292f94]
	chromedriver!GetHandleVerifier [0x76937d+28e55d]
	chromedriver!GetHandleVerifier [0x788215+2ad3f5]
	chromedriver!GetHandleVerifier [0x504c18+29df8]
	chromedriver!GetHandleVerifier [0x50c6fd+318dd]
	chromedriver!(No symbol) [0x2c4b99]
	chromedriver!(No symbol) [0x2c41e0]
	chromedriver!GetHandleVerifier [0x8d2bef+3f7dcf]
	KERNEL32!BaseThreadInitThunk [0x765562c4+24]
	ntdll!RtlSubscribeWnfStateChangeNotification [0x770a0aa9+439]
	ntdll!RtlSubscribeWnfStateChangeNotification [0x770a0a74+404]
) -
10/5_17:30_maf            34722714718          ENVIADO      recordatorio FALLIDO (exception: Message: invalid session id; For documentation on this error, please visit: https://www.selenium.dev/documentation/webdriver/troubleshooting/errors#invalidsessionidexception
Stacktrace:
	chromedriver!GetHandleVerifier [0x4eb373+10553]
	chromedriver!GetHandleVerifier [0x4eb4a4+10684]
	chromedriver!(No symbol) [0x2f1c4e]
	chromedriver!(No symbol) [0x32f2c5]
	chromedriver!(No symbol) [0x35d726]
	chromedriver!(No symbol) [0x358c62]
	chromedriver!(No symbol) [0x358281]
	chromedriver!(No symbol) [0x2c501e]
	chromedriver!(No symbol) [0x2c55be]
	chromedriver!(No symbol) [0x2c5a9d]
	chromedriver!GetHandleVerifier [0x76ddb4+292f94]
	chromedriver!GetHandleVerifier [0x76937d+28e55d]
	chromedriver!GetHandleVerifier [0x788215+2ad3f5]
	chromedriver!GetHandleVerifier [0x504c18+29df8]
	chromedriver!GetHandleVerifier [0x50c6fd+318dd]
	chromedriver!(No symbol) [0x2c4b99]
	chromedriver!(No symbol) [0x2c41e0]
	chromedriver!GetHandleVerifier [0x8d2bef+3f7dcf]
	KERNEL32!BaseThreadInitThunk [0x765562c4+24]
	ntdll!RtlSubscribeWnfStateChangeNotification [0x770a0aa9+439]
	ntdll!RtlSubscribeWnfStateChangeNotification [0x770a0a74+404]
) -
10/5_17:30_4e             34653197010          ENVIADO      recordatorio FALLIDO (exception: HTTPConnectionPool(host='localhost', port=52686): Max retries exceeded with url: /session/605b9387ad6a5c43a10577223f86a5f6/source (Caused by NewConnectionError("HTTPConnection(host='localhost', port=52686): Failed to establish a new connection: [WinError 10061] No connection could be made because the target machine actively refused it"))) -

[2026-05-14 20:50:16] POSITIVO | Fotos nuevas: 0 | Envios OK: 0 | Envios FAIL: 0 | Reviews negativas: 0 | Fotos borradas: 0

=== SESIÓN 20:52-20:52 (14/05/2026) ===
RESERVA                   TELÉFONO             ESTADO       RESPUESTA                 REVIEW
-----------------------------------------------------------------------------------------------
9/5_14:30_maf             34665976040          ENVIADO      recordatorio FALLIDO (chat_input_not_found) -
9/5_19:00_maf/csi         34%C2%A0628%C2%A061%C2%A027%C2%A078%E2%80%AC ENVIADO      recordatorio FALLIDO (chat_input_not_found) -
9/5_20:30_4e              34747414084          ENVIADO      recordatorio FALLIDO (chat_input_not_found) -
9/5_19:00_4e              34675651585          ENVIADO      recordatorio FALLIDO (chat_input_not_found) -
10/5_17:30_maf            34722714718          ENVIADO      recordatorio FALLIDO (chat_input_not_found) -
10/5_17:30_4e             34653197010          ENVIADO      recordatorio FALLIDO (chat_input_not_found) -

[2026-05-14 20:52:21] POSITIVO | Fotos nuevas: 0 | Envios OK: 0 | Envios FAIL: 0 | Reviews negativas: 0 | Fotos borradas: 0

=== SESIÓN 20:53-20:53 (14/05/2026) ===
RESERVA                   TELÉFONO             ESTADO       RESPUESTA                 REVIEW
-----------------------------------------------------------------------------------------------
9/5_14:30_maf             34665976040          ENVIADO      recordatorio FALLIDO (chat_input_not_found) -
9/5_19:00_maf/csi         34%C2%A0628%C2%A061%C2%A027%C2%A078%E2%80%AC ENVIADO      recordatorio FALLIDO (chat_input_not_found) -
9/5_20:30_4e              34747414084          ENVIADO      recordatorio FALLIDO (chat_input_not_found) -
9/5_19:00_4e              34675651585          ENVIADO      recordatorio FALLIDO (chat_input_not_found) -
10/5_17:30_maf            34722714718          ENVIADO      recordatorio FALLIDO (chat_input_not_found) -
10/5_17:30_4e             34653197010          ENVIADO      recordatorio FALLIDO (chat_input_not_found) -

[2026-05-14 20:53:39] POSITIVO | Fotos nuevas: 0 | Envios OK: 0 | Envios FAIL: 0 | Reviews negativas: 0 | Fotos borradas: 0

=== SESIÓN 20:54-20:54 (14/05/2026) ===
RESERVA                   TELÉFONO             ESTADO       RESPUESTA                 REVIEW
-----------------------------------------------------------------------------------------------
9/5_14:30_maf             34665976040          ENVIADO      recordatorio FALLIDO (chat_input_not_found) -
9/5_19:00_maf/csi         34%C2%A0628%C2%A061%C2%A027%C2%A078%E2%80%AC ENVIADO      recordatorio FALLIDO (chat_input_not_found) -
9/5_20:30_4e              34747414084          ENVIADO      recordatorio FALLIDO (chat_input_not_found) -
9/5_19:00_4e              34675651585          ENVIADO      recordatorio FALLIDO (chat_input_not_found) -
10/5_17:30_maf            34722714718          ENVIADO      recordatorio FALLIDO (chat_input_not_found) -
10/5_17:30_4e             34653197010          ENVIADO      recordatorio FALLIDO (chat_input_not_found) -

[2026-05-14 20:54:59] POSITIVO | Fotos nuevas: 0 | Envios OK: 0 | Envios FAIL: 0 | Reviews negativas: 0 | Fotos borradas: 0

=== SESIÓN 20:56-20:56 (14/05/2026) ===
RESERVA                   TELÉFONO             ESTADO       RESPUESTA                 REVIEW
-----------------------------------------------------------------------------------------------
9/5_14:30_maf             34665976040          ENVIADO      recordatorio FALLIDO (chat_input_not_found) -
9/5_19:00_maf/csi         34%C2%A0628%C2%A061%C2%A027%C2%A078%E2%80%AC ENVIADO      recordatorio FALLIDO (chat_input_not_found) -
9/5_20:30_4e              34747414084          ENVIADO      recordatorio FALLIDO (chat_input_not_found) -
9/5_19:00_4e              34675651585          ENVIADO      recordatorio FALLIDO (chat_input_not_found) -
10/5_17:30_maf            34722714718          ENVIADO      recordatorio FALLIDO (chat_input_not_found) -
10/5_17:30_4e             34653197010          ENVIADO      recordatorio FALLIDO (chat_input_not_found) -

[2026-05-14 20:56:17] POSITIVO | Fotos nuevas: 0 | Envios OK: 0 | Envios FAIL: 0 | Reviews negativas: 0 | Fotos borradas: 0

=== SESIÓN 20:57-20:57 (14/05/2026) ===
RESERVA                   TELÉFONO             ESTADO       RESPUESTA                 REVIEW
-----------------------------------------------------------------------------------------------
9/5_14:30_maf             34665976040          ENVIADO      recordatorio FALLIDO (chat_input_not_found) -
9/5_19:00_maf/csi         34%C2%A0628%C2%A061%C2%A027%C2%A078%E2%80%AC ENVIADO      recordatorio FALLIDO (chat_input_not_found) -
9/5_20:30_4e              34747414084          ENVIADO      recordatorio FALLIDO (chat_input_not_found) -
9/5_19:00_4e              34675651585          ENVIADO      recordatorio FALLIDO (chat_input_not_found) -
10/5_17:30_maf            34722714718          ENVIADO      recordatorio FALLIDO (chat_input_not_found) -
10/5_17:30_4e             34653197010          ENVIADO      recordatorio FALLIDO (chat_input_not_found) -

[2026-05-14 20:57:33] POSITIVO | Fotos nuevas: 0 | Envios OK: 0 | Envios FAIL: 0 | Reviews negativas: 0 | Fotos borradas: 0

=== SESIÓN 20:58-20:58 (14/05/2026) ===
RESERVA                   TELÉFONO             ESTADO       RESPUESTA                 REVIEW
-----------------------------------------------------------------------------------------------
9/5_14:30_maf             34665976040          ENVIADO      recordatorio FALLIDO (chat_input_not_found) -
9/5_19:00_maf/csi         34%C2%A0628%C2%A061%C2%A027%C2%A078%E2%80%AC ENVIADO      recordatorio FALLIDO (chat_input_not_found) -
9/5_20:30_4e              34747414084          ENVIADO      recordatorio FALLIDO (chat_input_not_found) -
9/5_19:00_4e              34675651585          ENVIADO      recordatorio FALLIDO (chat_input_not_found) -
10/5_17:30_maf            34722714718          ENVIADO      recordatorio FALLIDO (chat_input_not_found) -
10/5_17:30_4e             34653197010          ENVIADO      recordatorio FALLIDO (chat_input_not_found) -

[2026-05-14 20:58:48] POSITIVO | Fotos nuevas: 0 | Envios OK: 0 | Envios FAIL: 0 | Reviews negativas: 0 | Fotos borradas: 0

=== SESIÓN 20:56-20:59 (14/05/2026) ===
RESERVA                   TELÉFONO             ESTADO       RESPUESTA                 REVIEW
-----------------------------------------------------------------------------------------------
9/5_14:30_maf             34665976040          ENVIADO      recordatorio FALLIDO (exception: HTTPConnectionPool(host='localhost', port=52736): Max retries exceeded with url: /session/7d7fb1d48afde9cc0d8fe4010a6863ae/source (Caused by NewConnectionError("HTTPConnection(host='localhost', port=52736): Failed to establish a new connection: [WinError 10061] No connection could be made because the target machine actively refused it"))) -
9/5_19:00_maf/csi         34%C2%A0628%C2%A061%C2%A027%C2%A078%E2%80%AC ENVIADO      recordatorio FALLIDO (exception: HTTPConnectionPool(host='localhost', port=52736): Max retries exceeded with url: /session/7d7fb1d48afde9cc0d8fe4010a6863ae/source (Caused by NewConnectionError("HTTPConnection(host='localhost', port=52736): Failed to establish a new connection: [WinError 10061] No connection could be made because the target machine actively refused it"))) -
9/5_20:30_4e              34747414084          ENVIADO      recordatorio FALLIDO (exception: HTTPConnectionPool(host='localhost', port=52736): Max retries exceeded with url: /session/7d7fb1d48afde9cc0d8fe4010a6863ae/source (Caused by NewConnectionError("HTTPConnection(host='localhost', port=52736): Failed to establish a new connection: [WinError 10061] No connection could be made because the target machine actively refused it"))) -
9/5_19:00_4e              34675651585          ENVIADO      recordatorio FALLIDO (exception: HTTPConnectionPool(host='localhost', port=52736): Max retries exceeded with url: /session/7d7fb1d48afde9cc0d8fe4010a6863ae/source (Caused by NewConnectionError("HTTPConnection(host='localhost', port=52736): Failed to establish a new connection: [WinError 10061] No connection could be made because the target machine actively refused it"))) -
10/5_17:30_maf            34722714718          ENVIADO      recordatorio FALLIDO (exception: HTTPConnectionPool(host='localhost', port=52736): Max retries exceeded with url: /session/7d7fb1d48afde9cc0d8fe4010a6863ae/source (Caused by NewConnectionError("HTTPConnection(host='localhost', port=52736): Failed to establish a new connection: [WinError 10061] No connection could be made because the target machine actively refused it"))) -
10/5_17:30_4e             34653197010          ENVIADO      recordatorio FALLIDO (exception: HTTPConnectionPool(host='localhost', port=52736): Max retries exceeded with url: /session/7d7fb1d48afde9cc0d8fe4010a6863ae/source (Caused by NewConnectionError("HTTPConnection(host='localhost', port=52736): Failed to establish a new connection: [WinError 10061] No connection could be made because the target machine actively refused it"))) -

[2026-05-14 20:59:12] POSITIVO | Fotos nuevas: 0 | Envios OK: 0 | Envios FAIL: 0 | Reviews negativas: 0 | Fotos borradas: 0

=== SESIÓN 21:00-21:00 (14/05/2026) ===
RESERVA                   TELÉFONO             ESTADO       RESPUESTA                 REVIEW
-----------------------------------------------------------------------------------------------
9/5_14:30_maf             34665976040          ENVIADO      recordatorio FALLIDO (exception: Message: invalid session id: session deleted as the browser has closed the connection
from disconnected: Unable to receive message from renderer
  (Session info: chrome=147.0.7727.101); For documentation on this error, please visit: https://www.selenium.dev/documentation/webdriver/troubleshooting/errors#invalidsessionidexception
Stacktrace:
	chromedriver!GetHandleVerifier [0x4eb373+10553]
	chromedriver!GetHandleVerifier [0x4eb4a4+10684]
	chromedriver!(No symbol) [0x2f1e10]
	chromedriver!(No symbol) [0x2e21b3]
	chromedriver!(No symbol) [0x2e1ee5]
	chromedriver!(No symbol) [0x2dfff8]
	chromedriver!(No symbol) [0x2e0846]
	chromedriver!(No symbol) [0x2ed6bb]
	chromedriver!(No symbol) [0x2ff45e]
	chromedriver!(No symbol) [0x304eb6]
	chromedriver!(No symbol) [0x2e0ecc]
	chromedriver!(No symbol) [0x2fece9]
	chromedriver!(No symbol) [0x37ad52]
	chromedriver!(No symbol) [0x35d606]
	chromedriver!(No symbol) [0x330039]
	chromedriver!(No symbol) [0x330df4]
	chromedriver!GetHandleVerifier [0x76ddb4+292f94]
	chromedriver!GetHandleVerifier [0x76937d+28e55d]
	chromedriver!GetHandleVerifier [0x788215+2ad3f5]
	chromedriver!GetHandleVerifier [0x504c18+29df8]
	chromedriver!GetHandleVerifier [0x50c6fd+318dd]
	chromedriver!GetHandleVerifier [0x4f3c78+18e58]
	chromedriver!GetHandleVerifier [0x4f3e42+19022]
	chromedriver!GetHandleVerifier [0x4dd45f+263f]
	KERNEL32!BaseThreadInitThunk [0x765562c4+24]
	ntdll!RtlSubscribeWnfStateChangeNotification [0x770a0aa9+439]
	ntdll!RtlSubscribeWnfStateChangeNotification [0x770a0a74+404]
) -
9/5_19:00_maf/csi         34%C2%A0628%C2%A061%C2%A027%C2%A078%E2%80%AC ENVIADO      recordatorio FALLIDO (exception: Message: invalid session id; For documentation on this error, please visit: https://www.selenium.dev/documentation/webdriver/troubleshooting/errors#invalidsessionidexception
Stacktrace:
	chromedriver!GetHandleVerifier [0x4eb373+10553]
	chromedriver!GetHandleVerifier [0x4eb4a4+10684]
	chromedriver!(No symbol) [0x2f1c4e]
	chromedriver!(No symbol) [0x32f2c5]
	chromedriver!(No symbol) [0x35d726]
	chromedriver!(No symbol) [0x358c62]
	chromedriver!(No symbol) [0x358281]
	chromedriver!(No symbol) [0x2c501e]
	chromedriver!(No symbol) [0x2c55be]
	chromedriver!(No symbol) [0x2c5a9d]
	chromedriver!GetHandleVerifier [0x76ddb4+292f94]
	chromedriver!GetHandleVerifier [0x76937d+28e55d]
	chromedriver!GetHandleVerifier [0x788215+2ad3f5]
	chromedriver!GetHandleVerifier [0x504c18+29df8]
	chromedriver!GetHandleVerifier [0x50c6fd+318dd]
	chromedriver!(No symbol) [0x2c4b99]
	chromedriver!(No symbol) [0x2c41e0]
	chromedriver!GetHandleVerifier [0x8d2bef+3f7dcf]
	KERNEL32!BaseThreadInitThunk [0x765562c4+24]
	ntdll!RtlSubscribeWnfStateChangeNotification [0x770a0aa9+439]
	ntdll!RtlSubscribeWnfStateChangeNotification [0x770a0a74+404]
) -
9/5_20:30_4e              34747414084          ENVIADO      recordatorio FALLIDO (exception: Message: invalid session id; For documentation on this error, please visit: https://www.selenium.dev/documentation/webdriver/troubleshooting/errors#invalidsessionidexception
Stacktrace:
	chromedriver!GetHandleVerifier [0x4eb373+10553]
	chromedriver!GetHandleVerifier [0x4eb4a4+10684]
	chromedriver!(No symbol) [0x2f1c4e]
	chromedriver!(No symbol) [0x32f2c5]
	chromedriver!(No symbol) [0x35d726]
	chromedriver!(No symbol) [0x358c62]
	chromedriver!(No symbol) [0x358281]
	chromedriver!(No symbol) [0x2c501e]
	chromedriver!(No symbol) [0x2c55be]
	chromedriver!(No symbol) [0x2c5a9d]
	chromedriver!GetHandleVerifier [0x76ddb4+292f94]
	chromedriver!GetHandleVerifier [0x76937d+28e55d]
	chromedriver!GetHandleVerifier [0x788215+2ad3f5]
	chromedriver!GetHandleVerifier [0x504c18+29df8]
	chromedriver!GetHandleVerifier [0x50c6fd+318dd]
	chromedriver!(No symbol) [0x2c4b99]
	chromedriver!(No symbol) [0x2c41e0]
	chromedriver!GetHandleVerifier [0x8d2bef+3f7dcf]
	KERNEL32!BaseThreadInitThunk [0x765562c4+24]
	ntdll!RtlSubscribeWnfStateChangeNotification [0x770a0aa9+439]
	ntdll!RtlSubscribeWnfStateChangeNotification [0x770a0a74+404]
) -
9/5_19:00_4e              34675651585          ENVIADO      recordatorio FALLIDO (exception: Message: invalid session id; For documentation on this error, please visit: https://www.selenium.dev/documentation/webdriver/troubleshooting/errors#invalidsessionidexception
Stacktrace:
	chromedriver!GetHandleVerifier [0x4eb373+10553]
	chromedriver!GetHandleVerifier [0x4eb4a4+10684]
	chromedriver!(No symbol) [0x2f1c4e]
	chromedriver!(No symbol) [0x32f2c5]
	chromedriver!(No symbol) [0x35d726]
	chromedriver!(No symbol) [0x358c62]
	chromedriver!(No symbol) [0x358281]
	chromedriver!(No symbol) [0x2c501e]
	chromedriver!(No symbol) [0x2c55be]
	chromedriver!(No symbol) [0x2c5a9d]
	chromedriver!GetHandleVerifier [0x76ddb4+292f94]
	chromedriver!GetHandleVerifier [0x76937d+28e55d]
	chromedriver!GetHandleVerifier [0x788215+2ad3f5]
	chromedriver!GetHandleVerifier [0x504c18+29df8]
	chromedriver!GetHandleVerifier [0x50c6fd+318dd]
	chromedriver!(No symbol) [0x2c4b99]
	chromedriver!(No symbol) [0x2c41e0]
	chromedriver!GetHandleVerifier [0x8d2bef+3f7dcf]
	KERNEL32!BaseThreadInitThunk [0x765562c4+24]
	ntdll!RtlSubscribeWnfStateChangeNotification [0x770a0aa9+439]
	ntdll!RtlSubscribeWnfStateChangeNotification [0x770a0a74+404]
) -
10/5_17:30_maf            34722714718          ENVIADO      recordatorio FALLIDO (exception: HTTPConnectionPool(host='localhost', port=53420): Max retries exceeded with url: /session/647d0867b7bd9dbc7d34b1a3c1ca1ea4/source (Caused by NewConnectionError("HTTPConnection(host='localhost', port=53420): Failed to establish a new connection: [WinError 10061] No connection could be made because the target machine actively refused it"))) -
10/5_17:30_4e             34653197010          ENVIADO      recordatorio FALLIDO (exception: HTTPConnectionPool(host='localhost', port=53420): Max retries exceeded with url: /session/647d0867b7bd9dbc7d34b1a3c1ca1ea4/source (Caused by NewConnectionError("HTTPConnection(host='localhost', port=53420): Failed to establish a new connection: [WinError 10061] No connection could be made because the target machine actively refused it"))) -

[2026-05-14 21:00:55] POSITIVO | Fotos nuevas: 0 | Envios OK: 0 | Envios FAIL: 0 | Reviews negativas: 0 | Fotos borradas: 0

=== SESIÓN 21:02-21:02 (14/05/2026) ===
RESERVA                   TELÉFONO             ESTADO       RESPUESTA                 REVIEW
-----------------------------------------------------------------------------------------------
9/5_14:30_maf             34665976040          ENVIADO      recordatorio FALLIDO (chat_input_not_found) -
9/5_19:00_maf/csi         34%C2%A0628%C2%A061%C2%A027%C2%A078%E2%80%AC ENVIADO      recordatorio FALLIDO (chat_input_not_found) -
9/5_20:30_4e              34747414084          ENVIADO      recordatorio FALLIDO (chat_input_not_found) -
9/5_19:00_4e              34675651585          ENVIADO      recordatorio FALLIDO (chat_input_not_found) -
10/5_17:30_maf            34722714718          ENVIADO      recordatorio FALLIDO (chat_input_not_found) -
10/5_17:30_4e             34653197010          ENVIADO      recordatorio FALLIDO (chat_input_not_found) -

[2026-05-14 21:02:19] POSITIVO | Fotos nuevas: 0 | Envios OK: 0 | Envios FAIL: 0 | Reviews negativas: 0 | Fotos borradas: 0

=== SESIÓN 21:03-21:03 (14/05/2026) ===
RESERVA                   TELÉFONO             ESTADO       RESPUESTA                 REVIEW
-----------------------------------------------------------------------------------------------
9/5_14:30_maf             34665976040          ENVIADO      recordatorio FALLIDO (chat_input_not_found) -
9/5_19:00_maf/csi         34%C2%A0628%C2%A061%C2%A027%C2%A078%E2%80%AC ENVIADO      recordatorio FALLIDO (chat_input_not_found) -
9/5_20:30_4e              34747414084          ENVIADO      recordatorio FALLIDO (chat_input_not_found) -
9/5_19:00_4e              34675651585          ENVIADO      recordatorio FALLIDO (chat_input_not_found) -
10/5_17:30_maf            34722714718          ENVIADO      recordatorio FALLIDO (chat_input_not_found) -
10/5_17:30_4e             34653197010          ENVIADO      recordatorio FALLIDO (chat_input_not_found) -

[2026-05-14 21:03:35] POSITIVO | Fotos nuevas: 0 | Envios OK: 0 | Envios FAIL: 0 | Reviews negativas: 0 | Fotos borradas: 0

=== SESIÓN 21:04-21:04 (14/05/2026) ===
RESERVA                   TELÉFONO             ESTADO       RESPUESTA                 REVIEW
-----------------------------------------------------------------------------------------------
9/5_14:30_maf             34665976040          ENVIADO      recordatorio FALLIDO (chat_input_not_found) -
9/5_19:00_maf/csi         34%C2%A0628%C2%A061%C2%A027%C2%A078%E2%80%AC ENVIADO      recordatorio FALLIDO (chat_input_not_found) -
9/5_20:30_4e              34747414084          ENVIADO      recordatorio FALLIDO (chat_input_not_found) -
9/5_19:00_4e              34675651585          ENVIADO      recordatorio FALLIDO (chat_input_not_found) -
10/5_17:30_maf            34722714718          ENVIADO      recordatorio FALLIDO (chat_input_not_found) -
10/5_17:30_4e             34653197010          ENVIADO      recordatorio FALLIDO (chat_input_not_found) -

[2026-05-14 21:04:55] POSITIVO | Fotos nuevas: 0 | Envios OK: 0 | Envios FAIL: 0 | Reviews negativas: 0 | Fotos borradas: 0

=== SESIÓN 21:02-21:04 (14/05/2026) ===
RESERVA                   TELÉFONO             ESTADO       RESPUESTA                 REVIEW
-----------------------------------------------------------------------------------------------
9/5_14:30_maf             34665976040          ENVIADO      recordatorio FALLIDO (exception: HTTPConnectionPool(host='localhost', port=53489): Max retries exceeded with url: /session/3f8290b37a43e34628ac2858f4238c2e/source (Caused by NewConnectionError("HTTPConnection(host='localhost', port=53489): Failed to establish a new connection: [WinError 10061] No connection could be made because the target machine actively refused it"))) -
9/5_19:00_maf/csi         34%C2%A0628%C2%A061%C2%A027%C2%A078%E2%80%AC ENVIADO      recordatorio FALLIDO (exception: HTTPConnectionPool(host='localhost', port=53489): Max retries exceeded with url: /session/3f8290b37a43e34628ac2858f4238c2e/source (Caused by NewConnectionError("HTTPConnection(host='localhost', port=53489): Failed to establish a new connection: [WinError 10061] No connection could be made because the target machine actively refused it"))) -
9/5_20:30_4e              34747414084          ENVIADO      recordatorio FALLIDO (exception: HTTPConnectionPool(host='localhost', port=53489): Max retries exceeded with url: /session/3f8290b37a43e34628ac2858f4238c2e/source (Caused by NewConnectionError("HTTPConnection(host='localhost', port=53489): Failed to establish a new connection: [WinError 10061] No connection could be made because the target machine actively refused it"))) -
9/5_19:00_4e              34675651585          ENVIADO      recordatorio FALLIDO (exception: HTTPConnectionPool(host='localhost', port=53489): Max retries exceeded with url: /session/3f8290b37a43e34628ac2858f4238c2e/source (Caused by NewConnectionError("HTTPConnection(host='localhost', port=53489): Failed to establish a new connection: [WinError 10061] No connection could be made because the target machine actively refused it"))) -
10/5_17:30_maf            34722714718          ENVIADO      recordatorio FALLIDO (exception: HTTPConnectionPool(host='localhost', port=53489): Max retries exceeded with url: /session/3f8290b37a43e34628ac2858f4238c2e/source (Caused by NewConnectionError("HTTPConnection(host='localhost', port=53489): Failed to establish a new connection: [WinError 10061] No connection could be made because the target machine actively refused it"))) -
10/5_17:30_4e             34653197010          ENVIADO      recordatorio FALLIDO (exception: HTTPConnectionPool(host='localhost', port=53489): Max retries exceeded with url: /session/3f8290b37a43e34628ac2858f4238c2e/source (Caused by NewConnectionError("HTTPConnection(host='localhost', port=53489): Failed to establish a new connection: [WinError 10061] No connection could be made because the target machine actively refused it"))) -

[2026-05-14 21:04:55] POSITIVO | Fotos nuevas: 0 | Envios OK: 0 | Envios FAIL: 0 | Reviews negativas: 0 | Fotos borradas: 0

=== SESIÓN 21:06-21:06 (14/05/2026) ===
RESERVA                   TELÉFONO             ESTADO       RESPUESTA                 REVIEW
-----------------------------------------------------------------------------------------------
9/5_14:30_maf             34665976040          ENVIADO      recordatorio FALLIDO (chat_input_not_found) -
9/5_19:00_maf/csi         34%C2%A0628%C2%A061%C2%A027%C2%A078%E2%80%AC ENVIADO      recordatorio FALLIDO (chat_input_not_found) -
9/5_20:30_4e              34747414084          ENVIADO      recordatorio FALLIDO (chat_input_not_found) -
9/5_19:00_4e              34675651585          ENVIADO      recordatorio FALLIDO (chat_input_not_found) -
10/5_17:30_maf            34722714718          ENVIADO      recordatorio FALLIDO (chat_input_not_found) -
10/5_17:30_4e             34653197010          ENVIADO      recordatorio FALLIDO (chat_input_not_found) -

[2026-05-14 21:06:49] POSITIVO | Fotos nuevas: 0 | Envios OK: 0 | Envios FAIL: 0 | Reviews negativas: 0 | Fotos borradas: 0

=== SESIÓN 21:07-21:08 (14/05/2026) ===
RESERVA                   TELÉFONO             ESTADO       RESPUESTA                 REVIEW
-----------------------------------------------------------------------------------------------
9/5_14:30_maf             34665976040          ENVIADO      recordatorio FALLIDO (chat_input_not_found) -
9/5_19:00_maf/csi         34%C2%A0628%C2%A061%C2%A027%C2%A078%E2%80%AC ENVIADO      recordatorio FALLIDO (chat_input_not_found) -
9/5_20:30_4e              34747414084          ENVIADO      recordatorio FALLIDO (chat_input_not_found) -
9/5_19:00_4e              34675651585          ENVIADO      recordatorio FALLIDO (chat_input_not_found) -
10/5_17:30_maf            34722714718          ENVIADO      recordatorio FALLIDO (chat_input_not_found) -
10/5_17:30_4e             34653197010          ENVIADO      recordatorio FALLIDO (chat_input_not_found) -

[2026-05-14 21:08:12] POSITIVO | Fotos nuevas: 0 | Envios OK: 0 | Envios FAIL: 0 | Reviews negativas: 0 | Fotos borradas: 0

=== SESIÓN 21:09-21:09 (14/05/2026) ===
RESERVA                   TELÉFONO             ESTADO       RESPUESTA                 REVIEW
-----------------------------------------------------------------------------------------------
9/5_14:30_maf             34665976040          ENVIADO      recordatorio FALLIDO (chat_input_not_found) -
9/5_19:00_maf/csi         34%C2%A0628%C2%A061%C2%A027%C2%A078%E2%80%AC ENVIADO      recordatorio FALLIDO (chat_input_not_found) -
9/5_20:30_4e              34747414084          ENVIADO      recordatorio FALLIDO (chat_input_not_found) -
9/5_19:00_4e              34675651585          ENVIADO      recordatorio FALLIDO (chat_input_not_found) -
10/5_17:30_maf            34722714718          ENVIADO      recordatorio FALLIDO (chat_input_not_found) -
10/5_17:30_4e             34653197010          ENVIADO      recordatorio FALLIDO (chat_input_not_found) -

[2026-05-14 21:09:29] POSITIVO | Fotos nuevas: 0 | Envios OK: 0 | Envios FAIL: 0 | Reviews negativas: 0 | Fotos borradas: 0

=== SESIÓN 21:10-21:10 (14/05/2026) ===
RESERVA                   TELÉFONO             ESTADO       RESPUESTA                 REVIEW
-----------------------------------------------------------------------------------------------
9/5_14:30_maf             34665976040          ENVIADO      recordatorio FALLIDO (chat_input_not_found) -
9/5_19:00_maf/csi         34%C2%A0628%C2%A061%C2%A027%C2%A078%E2%80%AC ENVIADO      recordatorio FALLIDO (chat_input_not_found) -
9/5_20:30_4e              34747414084          ENVIADO      recordatorio FALLIDO (chat_input_not_found) -
9/5_19:00_4e              34675651585          ENVIADO      recordatorio FALLIDO (chat_input_not_found) -
10/5_17:30_maf            34722714718          ENVIADO      recordatorio FALLIDO (chat_input_not_found) -
10/5_17:30_4e             34653197010          ENVIADO      recordatorio FALLIDO (chat_input_not_found) -

[2026-05-14 21:10:44] POSITIVO | Fotos nuevas: 0 | Envios OK: 0 | Envios FAIL: 0 | Reviews negativas: 0 | Fotos borradas: 0

=== SESIÓN 21:11-21:12 (14/05/2026) ===
RESERVA                   TELÉFONO             ESTADO       RESPUESTA                 REVIEW
-----------------------------------------------------------------------------------------------
9/5_14:30_maf             34665976040          ENVIADO      recordatorio FALLIDO (chat_input_not_found) -
9/5_19:00_maf/csi         34%C2%A0628%C2%A061%C2%A027%C2%A078%E2%80%AC ENVIADO      recordatorio FALLIDO (chat_input_not_found) -
9/5_20:30_4e              34747414084          ENVIADO      recordatorio FALLIDO (chat_input_not_found) -
9/5_19:00_4e              34675651585          ENVIADO      recordatorio FALLIDO (chat_input_not_found) -
10/5_17:30_maf            34722714718          ENVIADO      recordatorio FALLIDO (chat_input_not_found) -
10/5_17:30_4e             34653197010          ENVIADO      recordatorio FALLIDO (chat_input_not_found) -

[2026-05-14 21:12:00] POSITIVO | Fotos nuevas: 0 | Envios OK: 0 | Envios FAIL: 0 | Reviews negativas: 0 | Fotos borradas: 0

=== SESIÓN 21:13-21:13 (14/05/2026) ===
RESERVA                   TELÉFONO             ESTADO       RESPUESTA                 REVIEW
-----------------------------------------------------------------------------------------------
9/5_14:30_maf             34665976040          ENVIADO      recordatorio FALLIDO (chat_input_not_found) -
9/5_19:00_maf/csi         34%C2%A0628%C2%A061%C2%A027%C2%A078%E2%80%AC ENVIADO      recordatorio FALLIDO (chat_input_not_found) -
9/5_20:30_4e              34747414084          ENVIADO      recordatorio FALLIDO (chat_input_not_found) -
9/5_19:00_4e              34675651585          ENVIADO      recordatorio FALLIDO (chat_input_not_found) -
10/5_17:30_maf            34722714718          ENVIADO      recordatorio FALLIDO (chat_input_not_found) -
10/5_17:30_4e             34653197010          ENVIADO      recordatorio FALLIDO (chat_input_not_found) -

[2026-05-14 21:13:15] POSITIVO | Fotos nuevas: 0 | Envios OK: 0 | Envios FAIL: 0 | Reviews negativas: 0 | Fotos borradas: 0

=== SESIÓN 21:14-21:14 (14/05/2026) ===
RESERVA                   TELÉFONO             ESTADO       RESPUESTA                 REVIEW
-----------------------------------------------------------------------------------------------
9/5_14:30_maf             34665976040          ENVIADO      recordatorio FALLIDO (chat_input_not_found) -
9/5_19:00_maf/csi         34%C2%A0628%C2%A061%C2%A027%C2%A078%E2%80%AC ENVIADO      recordatorio FALLIDO (chat_input_not_found) -
9/5_20:30_4e              34747414084          ENVIADO      recordatorio FALLIDO (chat_input_not_found) -
9/5_19:00_4e              34675651585          ENVIADO      recordatorio FALLIDO (chat_input_not_found) -
10/5_17:30_maf            34722714718          ENVIADO      recordatorio FALLIDO (chat_input_not_found) -
10/5_17:30_4e             34653197010          ENVIADO      recordatorio FALLIDO (chat_input_not_found) -

[2026-05-14 21:14:32] POSITIVO | Fotos nuevas: 0 | Envios OK: 0 | Envios FAIL: 0 | Reviews negativas: 0 | Fotos borradas: 0

=== SESIÓN 21:15-21:15 (14/05/2026) ===
RESERVA                   TELÉFONO             ESTADO       RESPUESTA                 REVIEW
-----------------------------------------------------------------------------------------------
9/5_14:30_maf             34665976040          ENVIADO      recordatorio FALLIDO (chat_input_not_found) -
9/5_19:00_maf/csi         34%C2%A0628%C2%A061%C2%A027%C2%A078%E2%80%AC ENVIADO      recordatorio FALLIDO (chat_input_not_found) -
9/5_20:30_4e              34747414084          ENVIADO      recordatorio FALLIDO (chat_input_not_found) -
9/5_19:00_4e              34675651585          ENVIADO      recordatorio FALLIDO (chat_input_not_found) -
10/5_17:30_maf            34722714718          ENVIADO      recordatorio FALLIDO (chat_input_not_found) -
10/5_17:30_4e             34653197010          ENVIADO      recordatorio FALLIDO (chat_input_not_found) -

[2026-05-14 21:15:48] POSITIVO | Fotos nuevas: 0 | Envios OK: 0 | Envios FAIL: 0 | Reviews negativas: 0 | Fotos borradas: 0

=== SESIÓN 21:14-21:16 (14/05/2026) ===
RESERVA                   TELÉFONO             ESTADO       RESPUESTA                 REVIEW
-----------------------------------------------------------------------------------------------
9/5_14:30_maf             34665976040          ENVIADO      recordatorio FALLIDO (exception: HTTPConnectionPool(host='localhost', port=53894): Max retries exceeded with url: /session/732b651936568103a697a33b8fb999c0/source (Caused by NewConnectionError("HTTPConnection(host='localhost', port=53894): Failed to establish a new connection: [WinError 10061] No connection could be made because the target machine actively refused it"))) -
9/5_19:00_maf/csi         34%C2%A0628%C2%A061%C2%A027%C2%A078%E2%80%AC ENVIADO      recordatorio FALLIDO (exception: HTTPConnectionPool(host='localhost', port=53894): Max retries exceeded with url: /session/732b651936568103a697a33b8fb999c0/source (Caused by NewConnectionError("HTTPConnection(host='localhost', port=53894): Failed to establish a new connection: [WinError 10061] No connection could be made because the target machine actively refused it"))) -
9/5_20:30_4e              34747414084          ENVIADO      recordatorio FALLIDO (exception: HTTPConnectionPool(host='localhost', port=53894): Max retries exceeded with url: /session/732b651936568103a697a33b8fb999c0/source (Caused by NewConnectionError("HTTPConnection(host='localhost', port=53894): Failed to establish a new connection: [WinError 10061] No connection could be made because the target machine actively refused it"))) -
9/5_19:00_4e              34675651585          ENVIADO      recordatorio FALLIDO (exception: HTTPConnectionPool(host='localhost', port=53894): Max retries exceeded with url: /session/732b651936568103a697a33b8fb999c0/source (Caused by NewConnectionError("HTTPConnection(host='localhost', port=53894): Failed to establish a new connection: [WinError 10061] No connection could be made because the target machine actively refused it"))) -
10/5_17:30_maf            34722714718          ENVIADO      recordatorio FALLIDO (exception: HTTPConnectionPool(host='localhost', port=53894): Max retries exceeded with url: /session/732b651936568103a697a33b8fb999c0/source (Caused by NewConnectionError("HTTPConnection(host='localhost', port=53894): Failed to establish a new connection: [WinError 10061] No connection could be made because the target machine actively refused it"))) -
10/5_17:30_4e             34653197010          ENVIADO      recordatorio FALLIDO (exception: HTTPConnectionPool(host='localhost', port=53894): Max retries exceeded with url: /session/732b651936568103a697a33b8fb999c0/source (Caused by NewConnectionError("HTTPConnection(host='localhost', port=53894): Failed to establish a new connection: [WinError 10061] No connection could be made because the target machine actively refused it"))) -

[2026-05-14 21:16:57] POSITIVO | Fotos nuevas: 0 | Envios OK: 0 | Envios FAIL: 0 | Reviews negativas: 0 | Fotos borradas: 0

=== SESIÓN 21:16-21:17 (14/05/2026) ===
RESERVA                   TELÉFONO             ESTADO       RESPUESTA                 REVIEW
-----------------------------------------------------------------------------------------------
9/5_14:30_maf             34665976040          ENVIADO      recordatorio FALLIDO (chat_input_not_found) -
9/5_19:00_maf/csi         34%C2%A0628%C2%A061%C2%A027%C2%A078%E2%80%AC ENVIADO      recordatorio FALLIDO (chat_input_not_found) -
9/5_20:30_4e              34747414084          ENVIADO      recordatorio FALLIDO (chat_input_not_found) -
9/5_19:00_4e              34675651585          ENVIADO      recordatorio FALLIDO (chat_input_not_found) -
10/5_17:30_maf            34722714718          ENVIADO      recordatorio FALLIDO (chat_input_not_found) -
10/5_17:30_4e             34653197010          ENVIADO      recordatorio FALLIDO (chat_input_not_found) -

[2026-05-14 21:17:02] POSITIVO | Fotos nuevas: 0 | Envios OK: 0 | Envios FAIL: 0 | Reviews negativas: 0 | Fotos borradas: 0

=== SESIÓN 21:18-21:18 (14/05/2026) ===
RESERVA                   TELÉFONO             ESTADO       RESPUESTA                 REVIEW
-----------------------------------------------------------------------------------------------
9/5_14:30_maf             34665976040          ENVIADO      recordatorio FALLIDO (chat_input_not_found) -
9/5_19:00_maf/csi         34%C2%A0628%C2%A061%C2%A027%C2%A078%E2%80%AC ENVIADO      recordatorio FALLIDO (chat_input_not_found) -
9/5_20:30_4e              34747414084          ENVIADO      recordatorio FALLIDO (chat_input_not_found) -
9/5_19:00_4e              34675651585          ENVIADO      recordatorio FALLIDO (chat_input_not_found) -
10/5_17:30_maf            34722714718          ENVIADO      recordatorio FALLIDO (chat_input_not_found) -
10/5_17:30_4e             34653197010          ENVIADO      recordatorio FALLIDO (chat_input_not_found) -

[2026-05-14 21:18:22] POSITIVO | Fotos nuevas: 0 | Envios OK: 0 | Envios FAIL: 0 | Reviews negativas: 0 | Fotos borradas: 0

=== SESIÓN 21:18-21:18 (14/05/2026) ===
RESERVA                   TELÉFONO             ESTADO       RESPUESTA                 REVIEW
-----------------------------------------------------------------------------------------------
9/5_14:30_maf             34665976040          ENVIADO      recordatorio FALLIDO (chat_input_not_found) -
9/5_19:00_maf/csi         34%C2%A0628%C2%A061%C2%A027%C2%A078%E2%80%AC ENVIADO      recordatorio FALLIDO (chat_input_not_found) -
9/5_20:30_4e              34747414084          ENVIADO      recordatorio FALLIDO (chat_input_not_found) -
9/5_19:00_4e              34675651585          ENVIADO      recordatorio FALLIDO (chat_input_not_found) -
10/5_17:30_maf            34722714718          ENVIADO      recordatorio FALLIDO (chat_input_not_found) -
10/5_17:30_4e             34653197010          ENVIADO      recordatorio FALLIDO (exception: argument of type 'NoneType' is not iterable) -

[2026-05-14 21:18:22] POSITIVO | Fotos nuevas: 0 | Envios OK: 0 | Envios FAIL: 0 | Reviews negativas: 0 | Fotos borradas: 0

=== SESIÓN 21:20-21:20 (14/05/2026) ===
RESERVA                   TELÉFONO             ESTADO       RESPUESTA                 REVIEW
-----------------------------------------------------------------------------------------------
9/5_14:30_maf             34665976040          ENVIADO      recordatorio FALLIDO (chat_input_not_found) -
9/5_19:00_maf/csi         34%C2%A0628%C2%A061%C2%A027%C2%A078%E2%80%AC ENVIADO      recordatorio FALLIDO (chat_input_not_found) -
9/5_20:30_4e              34747414084          ENVIADO      recordatorio FALLIDO (chat_input_not_found) -
9/5_19:00_4e              34675651585          ENVIADO      recordatorio FALLIDO (chat_input_not_found) -
10/5_17:30_maf            34722714718          ENVIADO      recordatorio FALLIDO (chat_input_not_found) -
10/5_17:30_4e             34653197010          ENVIADO      recordatorio FALLIDO (chat_input_not_found) -

[2026-05-14 21:20:17] POSITIVO | Fotos nuevas: 0 | Envios OK: 0 | Envios FAIL: 0 | Reviews negativas: 0 | Fotos borradas: 0
[2026-05-14 21:20:40] NEGATIVO | WhatsApp no conectado (QR visible) — ciclo abortado

=== SESIÓN 21:21-21:21 (14/05/2026) ===
RESERVA                   TELÉFONO             ESTADO       RESPUESTA                 REVIEW
-----------------------------------------------------------------------------------------------
9/5_14:30_maf             34665976040          ENVIADO      recordatorio FALLIDO (chat_input_not_found) -
9/5_19:00_maf/csi         34%C2%A0628%C2%A061%C2%A027%C2%A078%E2%80%AC ENVIADO      recordatorio FALLIDO (chat_input_not_found) -
9/5_20:30_4e              34747414084          ENVIADO      recordatorio FALLIDO (exception: Message: invalid session id: session deleted as the browser has closed the connection
from disconnected: Unable to receive message from renderer
  (Session info: chrome=147.0.7727.101); For documentation on this error, please visit: https://www.selenium.dev/documentation/webdriver/troubleshooting/errors#invalidsessionidexception
Stacktrace:
	chromedriver!GetHandleVerifier [0x4eb373+10553]
	chromedriver!GetHandleVerifier [0x4eb4a4+10684]
	chromedriver!(No symbol) [0x2f1e10]
	chromedriver!(No symbol) [0x2e21b3]
	chromedriver!(No symbol) [0x2e1ee5]
	chromedriver!(No symbol) [0x2dfff8]
	chromedriver!(No symbol) [0x2e0846]
	chromedriver!(No symbol) [0x2ed6bb]
	chromedriver!(No symbol) [0x2ff45e]
	chromedriver!(No symbol) [0x304eb6]
	chromedriver!(No symbol) [0x2e0ecc]
	chromedriver!(No symbol) [0x2fece9]
	chromedriver!(No symbol) [0x37ad52]
	chromedriver!(No symbol) [0x35d606]
	chromedriver!(No symbol) [0x330039]
	chromedriver!(No symbol) [0x330df4]
	chromedriver!GetHandleVerifier [0x76ddb4+292f94]
	chromedriver!GetHandleVerifier [0x76937d+28e55d]
	chromedriver!GetHandleVerifier [0x788215+2ad3f5]
	chromedriver!GetHandleVerifier [0x504c18+29df8]
	chromedriver!GetHandleVerifier [0x50c6fd+318dd]
	chromedriver!GetHandleVerifier [0x4f3c78+18e58]
	chromedriver!GetHandleVerifier [0x4f3e42+19022]
	chromedriver!GetHandleVerifier [0x4dd45f+263f]
	KERNEL32!BaseThreadInitThunk [0x765562c4+24]
	ntdll!RtlSubscribeWnfStateChangeNotification [0x770a0aa9+439]
	ntdll!RtlSubscribeWnfStateChangeNotification [0x770a0a74+404]
) -
9/5_19:00_4e              34675651585          ENVIADO      recordatorio FALLIDO (exception: Message: invalid session id; For documentation on this error, please visit: https://www.selenium.dev/documentation/webdriver/troubleshooting/errors#invalidsessionidexception
Stacktrace:
	chromedriver!GetHandleVerifier [0x4eb373+10553]
	chromedriver!GetHandleVerifier [0x4eb4a4+10684]
	chromedriver!(No symbol) [0x2f1c4e]
	chromedriver!(No symbol) [0x32f2c5]
	chromedriver!(No symbol) [0x35d726]
	chromedriver!(No symbol) [0x358c62]
	chromedriver!(No symbol) [0x358281]
	chromedriver!(No symbol) [0x2c501e]
	chromedriver!(No symbol) [0x2c55be]
	chromedriver!(No symbol) [0x2c5a9d]
	chromedriver!GetHandleVerifier [0x76ddb4+292f94]
	chromedriver!GetHandleVerifier [0x76937d+28e55d]
	chromedriver!GetHandleVerifier [0x788215+2ad3f5]
	chromedriver!GetHandleVerifier [0x504c18+29df8]
	chromedriver!GetHandleVerifier [0x50c6fd+318dd]
	chromedriver!(No symbol) [0x2c4b99]
	chromedriver!(No symbol) [0x2c41e0]
	chromedriver!GetHandleVerifier [0x8d2bef+3f7dcf]
	KERNEL32!BaseThreadInitThunk [0x765562c4+24]
	ntdll!RtlSubscribeWnfStateChangeNotification [0x770a0aa9+439]
	ntdll!RtlSubscribeWnfStateChangeNotification [0x770a0a74+404]
) -
10/5_17:30_maf            34722714718          ENVIADO      recordatorio FALLIDO (exception: Message: invalid session id; For documentation on this error, please visit: https://www.selenium.dev/documentation/webdriver/troubleshooting/errors#invalidsessionidexception
Stacktrace:
	chromedriver!GetHandleVerifier [0x4eb373+10553]
	chromedriver!GetHandleVerifier [0x4eb4a4+10684]
	chromedriver!(No symbol) [0x2f1c4e]
	chromedriver!(No symbol) [0x32f2c5]
	chromedriver!(No symbol) [0x35d726]
	chromedriver!(No symbol) [0x358c62]
	chromedriver!(No symbol) [0x358281]
	chromedriver!(No symbol) [0x2c501e]
	chromedriver!(No symbol) [0x2c55be]
	chromedriver!(No symbol) [0x2c5a9d]
	chromedriver!GetHandleVerifier [0x76ddb4+292f94]
	chromedriver!GetHandleVerifier [0x76937d+28e55d]
	chromedriver!GetHandleVerifier [0x788215+2ad3f5]
	chromedriver!GetHandleVerifier [0x504c18+29df8]
	chromedriver!GetHandleVerifier [0x50c6fd+318dd]
	chromedriver!(No symbol) [0x2c4b99]
	chromedriver!(No symbol) [0x2c41e0]
	chromedriver!GetHandleVerifier [0x8d2bef+3f7dcf]
	KERNEL32!BaseThreadInitThunk [0x765562c4+24]
	ntdll!RtlSubscribeWnfStateChangeNotification [0x770a0aa9+439]
	ntdll!RtlSubscribeWnfStateChangeNotification [0x770a0a74+404]
) -
10/5_17:30_4e             34653197010          ENVIADO      recordatorio FALLIDO (exception: Message: invalid session id; For documentation on this error, please visit: https://www.selenium.dev/documentation/webdriver/troubleshooting/errors#invalidsessionidexception
Stacktrace:
	chromedriver!GetHandleVerifier [0x4eb373+10553]
	chromedriver!GetHandleVerifier [0x4eb4a4+10684]
	chromedriver!(No symbol) [0x2f1c4e]
	chromedriver!(No symbol) [0x32f2c5]
	chromedriver!(No symbol) [0x35d726]
	chromedriver!(No symbol) [0x358c62]
	chromedriver!(No symbol) [0x358281]
	chromedriver!(No symbol) [0x2c501e]
	chromedriver!(No symbol) [0x2c55be]
	chromedriver!(No symbol) [0x2c5a9d]
	chromedriver!GetHandleVerifier [0x76ddb4+292f94]
	chromedriver!GetHandleVerifier [0x76937d+28e55d]
	chromedriver!GetHandleVerifier [0x788215+2ad3f5]
	chromedriver!GetHandleVerifier [0x504c18+29df8]
	chromedriver!GetHandleVerifier [0x50c6fd+318dd]
	chromedriver!(No symbol) [0x2c4b99]
	chromedriver!(No symbol) [0x2c41e0]
	chromedriver!GetHandleVerifier [0x8d2bef+3f7dcf]
	KERNEL32!BaseThreadInitThunk [0x765562c4+24]
	ntdll!RtlSubscribeWnfStateChangeNotification [0x770a0aa9+439]
	ntdll!RtlSubscribeWnfStateChangeNotification [0x770a0a74+404]
) -

[2026-05-14 21:21:27] POSITIVO | Fotos nuevas: 0 | Envios OK: 0 | Envios FAIL: 0 | Reviews negativas: 0 | Fotos borradas: 0

=== SESIÓN 21:23-21:23 (14/05/2026) ===
RESERVA                   TELÉFONO             ESTADO       RESPUESTA                 REVIEW
-----------------------------------------------------------------------------------------------
9/5_14:30_maf             34665976040          ENVIADO      recordatorio FALLIDO (chat_input_not_found) -
9/5_19:00_maf/csi         34%C2%A0628%C2%A061%C2%A027%C2%A078%E2%80%AC ENVIADO      recordatorio FALLIDO (chat_input_not_found) -
9/5_20:30_4e              34747414084          ENVIADO      recordatorio FALLIDO (chat_input_not_found) -
9/5_19:00_4e              34675651585          ENVIADO      recordatorio FALLIDO (chat_input_not_found) -
10/5_17:30_maf            34722714718          ENVIADO      recordatorio FALLIDO (chat_input_not_found) -
10/5_17:30_4e             34653197010          ENVIADO      recordatorio FALLIDO (chat_input_not_found) -

[2026-05-14 21:23:25] POSITIVO | Fotos nuevas: 0 | Envios OK: 0 | Envios FAIL: 0 | Reviews negativas: 0 | Fotos borradas: 0
[2026-05-14 21:23:46] NEGATIVO | WhatsApp no conectado (QR visible) — ciclo abortado

=== SESIÓN 21:24-21:24 (14/05/2026) ===
RESERVA                   TELÉFONO             ESTADO       RESPUESTA                 REVIEW
-----------------------------------------------------------------------------------------------
9/5_14:30_maf             34665976040          ENVIADO      recordatorio FALLIDO (exception: Message: invalid session id; For documentation on this error, please visit: https://www.selenium.dev/documentation/webdriver/troubleshooting/errors#invalidsessionidexception
Stacktrace:
	chromedriver!GetHandleVerifier [0x4eb373+10553]
	chromedriver!GetHandleVerifier [0x4eb4a4+10684]
	chromedriver!(No symbol) [0x2f1c4e]
	chromedriver!(No symbol) [0x32f2c5]
	chromedriver!(No symbol) [0x35d726]
	chromedriver!(No symbol) [0x358c62]
	chromedriver!(No symbol) [0x358281]
	chromedriver!(No symbol) [0x2c501e]
	chromedriver!(No symbol) [0x2c55be]
	chromedriver!(No symbol) [0x2c5a9d]
	chromedriver!GetHandleVerifier [0x76ddb4+292f94]
	chromedriver!GetHandleVerifier [0x76937d+28e55d]
	chromedriver!GetHandleVerifier [0x788215+2ad3f5]
	chromedriver!GetHandleVerifier [0x504c18+29df8]
	chromedriver!GetHandleVerifier [0x50c6fd+318dd]
	chromedriver!(No symbol) [0x2c4b99]
	chromedriver!(No symbol) [0x2c41e0]
	chromedriver!GetHandleVerifier [0x8d2bef+3f7dcf]
	KERNEL32!BaseThreadInitThunk [0x765562c4+24]
	ntdll!RtlSubscribeWnfStateChangeNotification [0x770a0aa9+439]
	ntdll!RtlSubscribeWnfStateChangeNotification [0x770a0a74+404]
) -
9/5_19:00_maf/csi         34%C2%A0628%C2%A061%C2%A027%C2%A078%E2%80%AC ENVIADO      recordatorio FALLIDO (exception: Message: invalid session id; For documentation on this error, please visit: https://www.selenium.dev/documentation/webdriver/troubleshooting/errors#invalidsessionidexception
Stacktrace:
	chromedriver!GetHandleVerifier [0x4eb373+10553]
	chromedriver!GetHandleVerifier [0x4eb4a4+10684]
	chromedriver!(No symbol) [0x2f1c4e]
	chromedriver!(No symbol) [0x32f2c5]
	chromedriver!(No symbol) [0x35d726]
	chromedriver!(No symbol) [0x358c62]
	chromedriver!(No symbol) [0x358281]
	chromedriver!(No symbol) [0x2c501e]
	chromedriver!(No symbol) [0x2c55be]
	chromedriver!(No symbol) [0x2c5a9d]
	chromedriver!GetHandleVerifier [0x76ddb4+292f94]
	chromedriver!GetHandleVerifier [0x76937d+28e55d]
	chromedriver!GetHandleVerifier [0x788215+2ad3f5]
	chromedriver!GetHandleVerifier [0x504c18+29df8]
	chromedriver!GetHandleVerifier [0x50c6fd+318dd]
	chromedriver!(No symbol) [0x2c4b99]
	chromedriver!(No symbol) [0x2c41e0]
	chromedriver!GetHandleVerifier [0x8d2bef+3f7dcf]
	KERNEL32!BaseThreadInitThunk [0x765562c4+24]
	ntdll!RtlSubscribeWnfStateChangeNotification [0x770a0aa9+439]
	ntdll!RtlSubscribeWnfStateChangeNotification [0x770a0a74+404]
) -
9/5_20:30_4e              34747414084          ENVIADO      recordatorio FALLIDO (exception: Message: invalid session id; For documentation on this error, please visit: https://www.selenium.dev/documentation/webdriver/troubleshooting/errors#invalidsessionidexception
Stacktrace:
	chromedriver!GetHandleVerifier [0x4eb373+10553]
	chromedriver!GetHandleVerifier [0x4eb4a4+10684]
	chromedriver!(No symbol) [0x2f1c4e]
	chromedriver!(No symbol) [0x32f2c5]
	chromedriver!(No symbol) [0x35d726]
	chromedriver!(No symbol) [0x358c62]
	chromedriver!(No symbol) [0x358281]
	chromedriver!(No symbol) [0x2c501e]
	chromedriver!(No symbol) [0x2c55be]
	chromedriver!(No symbol) [0x2c5a9d]
	chromedriver!GetHandleVerifier [0x76ddb4+292f94]
	chromedriver!GetHandleVerifier [0x76937d+28e55d]
	chromedriver!GetHandleVerifier [0x788215+2ad3f5]
	chromedriver!GetHandleVerifier [0x504c18+29df8]
	chromedriver!GetHandleVerifier [0x50c6fd+318dd]
	chromedriver!(No symbol) [0x2c4b99]
	chromedriver!(No symbol) [0x2c41e0]
	chromedriver!GetHandleVerifier [0x8d2bef+3f7dcf]
	KERNEL32!BaseThreadInitThunk [0x765562c4+24]
	ntdll!RtlSubscribeWnfStateChangeNotification [0x770a0aa9+439]
	ntdll!RtlSubscribeWnfStateChangeNotification [0x770a0a74+404]
) -
9/5_19:00_4e              34675651585          ENVIADO      recordatorio FALLIDO (exception: Message: invalid session id; For documentation on this error, please visit: https://www.selenium.dev/documentation/webdriver/troubleshooting/errors#invalidsessionidexception
Stacktrace:
	chromedriver!GetHandleVerifier [0x4eb373+10553]
	chromedriver!GetHandleVerifier [0x4eb4a4+10684]
	chromedriver!(No symbol) [0x2f1c4e]
	chromedriver!(No symbol) [0x32f2c5]
	chromedriver!(No symbol) [0x35d726]
	chromedriver!(No symbol) [0x358c62]
	chromedriver!(No symbol) [0x358281]
	chromedriver!(No symbol) [0x2c501e]
	chromedriver!(No symbol) [0x2c55be]
	chromedriver!(No symbol) [0x2c5a9d]
	chromedriver!GetHandleVerifier [0x76ddb4+292f94]
	chromedriver!GetHandleVerifier [0x76937d+28e55d]
	chromedriver!GetHandleVerifier [0x788215+2ad3f5]
	chromedriver!GetHandleVerifier [0x504c18+29df8]
	chromedriver!GetHandleVerifier [0x50c6fd+318dd]
	chromedriver!(No symbol) [0x2c4b99]
	chromedriver!(No symbol) [0x2c41e0]
	chromedriver!GetHandleVerifier [0x8d2bef+3f7dcf]
	KERNEL32!BaseThreadInitThunk [0x765562c4+24]
	ntdll!RtlSubscribeWnfStateChangeNotification [0x770a0aa9+439]
	ntdll!RtlSubscribeWnfStateChangeNotification [0x770a0a74+404]
) -
10/5_17:30_maf            34722714718          ENVIADO      recordatorio FALLIDO (exception: Message: invalid session id; For documentation on this error, please visit: https://www.selenium.dev/documentation/webdriver/troubleshooting/errors#invalidsessionidexception
Stacktrace:
	chromedriver!GetHandleVerifier [0x4eb373+10553]
	chromedriver!GetHandleVerifier [0x4eb4a4+10684]
	chromedriver!(No symbol) [0x2f1c4e]
	chromedriver!(No symbol) [0x32f2c5]
	chromedriver!(No symbol) [0x35d726]
	chromedriver!(No symbol) [0x358c62]
	chromedriver!(No symbol) [0x358281]
	chromedriver!(No symbol) [0x2c501e]
	chromedriver!(No symbol) [0x2c55be]
	chromedriver!(No symbol) [0x2c5a9d]
	chromedriver!GetHandleVerifier [0x76ddb4+292f94]
	chromedriver!GetHandleVerifier [0x76937d+28e55d]
	chromedriver!GetHandleVerifier [0x788215+2ad3f5]
	chromedriver!GetHandleVerifier [0x504c18+29df8]
	chromedriver!GetHandleVerifier [0x50c6fd+318dd]
	chromedriver!(No symbol) [0x2c4b99]
	chromedriver!(No symbol) [0x2c41e0]
	chromedriver!GetHandleVerifier [0x8d2bef+3f7dcf]
	KERNEL32!BaseThreadInitThunk [0x765562c4+24]
	ntdll!RtlSubscribeWnfStateChangeNotification [0x770a0aa9+439]
	ntdll!RtlSubscribeWnfStateChangeNotification [0x770a0a74+404]
) -
10/5_17:30_4e             34653197010          ENVIADO      recordatorio FALLIDO (exception: HTTPConnectionPool(host='localhost', port=55566): Max retries exceeded with url: /session/50966311e255d5ec368835c1c174a932/source (Caused by NewConnectionError("HTTPConnection(host='localhost', port=55566): Failed to establish a new connection: [WinError 10061] No connection could be made because the target machine actively refused it"))) -

[2026-05-14 21:24:39] POSITIVO | Fotos nuevas: 0 | Envios OK: 0 | Envios FAIL: 0 | Reviews negativas: 0 | Fotos borradas: 0

=== SESIÓN 21:26-21:26 (14/05/2026) ===
RESERVA                   TELÉFONO             ESTADO       RESPUESTA                 REVIEW
-----------------------------------------------------------------------------------------------
9/5_14:30_maf             34665976040          ENVIADO      recordatorio FALLIDO (chat_input_not_found) -
9/5_19:00_maf/csi         34%C2%A0628%C2%A061%C2%A027%C2%A078%E2%80%AC ENVIADO      recordatorio FALLIDO (chat_input_not_found) -
9/5_20:30_4e              34747414084          ENVIADO      recordatorio FALLIDO (chat_input_not_found) -
9/5_19:00_4e              34675651585          ENVIADO      recordatorio FALLIDO (chat_input_not_found) -
10/5_17:30_maf            34722714718          ENVIADO      recordatorio FALLIDO (chat_input_not_found) -
10/5_17:30_4e             34653197010          ENVIADO      recordatorio FALLIDO (chat_input_not_found) -

[2026-05-14 21:26:44] POSITIVO | Fotos nuevas: 0 | Envios OK: 0 | Envios FAIL: 0 | Reviews negativas: 0 | Fotos borradas: 0

=== SESIÓN 21:27-21:28 (14/05/2026) ===
RESERVA                   TELÉFONO             ESTADO       RESPUESTA                 REVIEW
-----------------------------------------------------------------------------------------------
9/5_14:30_maf             34665976040          ENVIADO      recordatorio FALLIDO (chat_input_not_found) -
9/5_19:00_maf/csi         34%C2%A0628%C2%A061%C2%A027%C2%A078%E2%80%AC ENVIADO      recordatorio FALLIDO (chat_input_not_found) -
9/5_20:30_4e              34747414084          ENVIADO      recordatorio FALLIDO (chat_input_not_found) -
9/5_19:00_4e              34675651585          ENVIADO      recordatorio FALLIDO (chat_input_not_found) -
10/5_17:30_maf            34722714718          ENVIADO      recordatorio FALLIDO (chat_input_not_found) -
10/5_17:30_4e             34653197010          ENVIADO      recordatorio FALLIDO (chat_input_not_found) -

[2026-05-14 21:28:05] POSITIVO | Fotos nuevas: 0 | Envios OK: 0 | Envios FAIL: 0 | Reviews negativas: 0 | Fotos borradas: 0

=== SESIÓN 21:29-21:29 (14/05/2026) ===
RESERVA                   TELÉFONO             ESTADO       RESPUESTA                 REVIEW
-----------------------------------------------------------------------------------------------
9/5_14:30_maf             34665976040          ENVIADO      recordatorio FALLIDO (chat_input_not_found) -
9/5_19:00_maf/csi         34%C2%A0628%C2%A061%C2%A027%C2%A078%E2%80%AC ENVIADO      recordatorio FALLIDO (chat_input_not_found) -
9/5_20:30_4e              34747414084          ENVIADO      recordatorio FALLIDO (chat_input_not_found) -
9/5_19:00_4e              34675651585          ENVIADO      recordatorio FALLIDO (chat_input_not_found) -
10/5_17:30_maf            34722714718          ENVIADO      recordatorio FALLIDO (chat_input_not_found) -
10/5_17:30_4e             34653197010          ENVIADO      recordatorio FALLIDO (chat_input_not_found) -

[2026-05-14 21:29:21] POSITIVO | Fotos nuevas: 0 | Envios OK: 0 | Envios FAIL: 0 | Reviews negativas: 0 | Fotos borradas: 0

=== SESIÓN 21:30-21:30 (14/05/2026) ===
RESERVA                   TELÉFONO             ESTADO       RESPUESTA                 REVIEW
-----------------------------------------------------------------------------------------------
9/5_14:30_maf             34665976040          ENVIADO      recordatorio FALLIDO (chat_input_not_found) -
9/5_19:00_maf/csi         34%C2%A0628%C2%A061%C2%A027%C2%A078%E2%80%AC ENVIADO      recordatorio FALLIDO (chat_input_not_found) -
9/5_20:30_4e              34747414084          ENVIADO      recordatorio FALLIDO (chat_input_not_found) -
9/5_19:00_4e              34675651585          ENVIADO      recordatorio FALLIDO (chat_input_not_found) -
10/5_17:30_maf            34722714718          ENVIADO      recordatorio FALLIDO (chat_input_not_found) -
10/5_17:30_4e             34653197010          ENVIADO      recordatorio FALLIDO (chat_input_not_found) -

[2026-05-14 21:30:36] POSITIVO | Fotos nuevas: 0 | Envios OK: 0 | Envios FAIL: 0 | Reviews negativas: 0 | Fotos borradas: 0

=== SESIÓN 21:31-21:31 (14/05/2026) ===
RESERVA                   TELÉFONO             ESTADO       RESPUESTA                 REVIEW
-----------------------------------------------------------------------------------------------
9/5_14:30_maf             34665976040          ENVIADO      recordatorio FALLIDO (chat_input_not_found) -
9/5_19:00_maf/csi         34%C2%A0628%C2%A061%C2%A027%C2%A078%E2%80%AC ENVIADO      recordatorio FALLIDO (chat_input_not_found) -
9/5_20:30_4e              34747414084          ENVIADO      recordatorio FALLIDO (chat_input_not_found) -
9/5_19:00_4e              34675651585          ENVIADO      recordatorio FALLIDO (chat_input_not_found) -
10/5_17:30_maf            34722714718          ENVIADO      recordatorio FALLIDO (chat_input_not_found) -
10/5_17:30_4e             34653197010          ENVIADO      recordatorio FALLIDO (chat_input_not_found) -

[2026-05-14 21:31:56] POSITIVO | Fotos nuevas: 0 | Envios OK: 0 | Envios FAIL: 0 | Reviews negativas: 0 | Fotos borradas: 0

=== SESIÓN 21:33-21:33 (14/05/2026) ===
RESERVA                   TELÉFONO             ESTADO       RESPUESTA                 REVIEW
-----------------------------------------------------------------------------------------------
9/5_14:30_maf             34665976040          ENVIADO      recordatorio FALLIDO (chat_input_not_found) -
9/5_19:00_maf/csi         34%C2%A0628%C2%A061%C2%A027%C2%A078%E2%80%AC ENVIADO      recordatorio FALLIDO (chat_input_not_found) -
9/5_20:30_4e              34747414084          ENVIADO      recordatorio FALLIDO (chat_input_not_found) -
9/5_19:00_4e              34675651585          ENVIADO      recordatorio FALLIDO (chat_input_not_found) -
10/5_17:30_maf            34722714718          ENVIADO      recordatorio FALLIDO (chat_input_not_found) -
10/5_17:30_4e             34653197010          ENVIADO      recordatorio FALLIDO (chat_input_not_found) -

[2026-05-14 21:33:16] POSITIVO | Fotos nuevas: 0 | Envios OK: 0 | Envios FAIL: 0 | Reviews negativas: 0 | Fotos borradas: 0

=== SESIÓN 21:30-21:33 (14/05/2026) ===
RESERVA                   TELÉFONO             ESTADO       RESPUESTA                 REVIEW
-----------------------------------------------------------------------------------------------
9/5_14:30_maf             34665976040          ENVIADO      recordatorio FALLIDO (exception: HTTPConnectionPool(host='localhost', port=55611): Max retries exceeded with url: /session/3212cf31b23bffffe038c2055e1ac5e8/source (Caused by NewConnectionError("HTTPConnection(host='localhost', port=55611): Failed to establish a new connection: [WinError 10061] No connection could be made because the target machine actively refused it"))) -
9/5_19:00_maf/csi         34%C2%A0628%C2%A061%C2%A027%C2%A078%E2%80%AC ENVIADO      recordatorio FALLIDO (exception: HTTPConnectionPool(host='localhost', port=55611): Max retries exceeded with url: /session/3212cf31b23bffffe038c2055e1ac5e8/source (Caused by NewConnectionError("HTTPConnection(host='localhost', port=55611): Failed to establish a new connection: [WinError 10061] No connection could be made because the target machine actively refused it"))) -
9/5_20:30_4e              34747414084          ENVIADO      recordatorio FALLIDO (exception: HTTPConnectionPool(host='localhost', port=55611): Max retries exceeded with url: /session/3212cf31b23bffffe038c2055e1ac5e8/source (Caused by NewConnectionError("HTTPConnection(host='localhost', port=55611): Failed to establish a new connection: [WinError 10061] No connection could be made because the target machine actively refused it"))) -
9/5_19:00_4e              34675651585          ENVIADO      recordatorio FALLIDO (exception: HTTPConnectionPool(host='localhost', port=55611): Max retries exceeded with url: /session/3212cf31b23bffffe038c2055e1ac5e8/source (Caused by NewConnectionError("HTTPConnection(host='localhost', port=55611): Failed to establish a new connection: [WinError 10061] No connection could be made because the target machine actively refused it"))) -
10/5_17:30_maf            34722714718          ENVIADO      recordatorio FALLIDO (exception: HTTPConnectionPool(host='localhost', port=55611): Max retries exceeded with url: /session/3212cf31b23bffffe038c2055e1ac5e8/source (Caused by NewConnectionError("HTTPConnection(host='localhost', port=55611): Failed to establish a new connection: [WinError 10061] No connection could be made because the target machine actively refused it"))) -
10/5_17:30_4e             34653197010          ENVIADO      recordatorio FALLIDO (exception: HTTPConnectionPool(host='localhost', port=55611): Max retries exceeded with url: /session/3212cf31b23bffffe038c2055e1ac5e8/source (Caused by NewConnectionError("HTTPConnection(host='localhost', port=55611): Failed to establish a new connection: [WinError 10061] No connection could be made because the target machine actively refused it"))) -

[2026-05-14 21:33:17] POSITIVO | Fotos nuevas: 0 | Envios OK: 0 | Envios FAIL: 0 | Reviews negativas: 0 | Fotos borradas: 0

=== SESIÓN 21:35-21:35 (14/05/2026) ===
RESERVA                   TELÉFONO             ESTADO       RESPUESTA                 REVIEW
-----------------------------------------------------------------------------------------------
9/5_14:30_maf             34665976040          ENVIADO      recordatorio FALLIDO (chat_input_not_found) -
9/5_19:00_maf/csi         34%C2%A0628%C2%A061%C2%A027%C2%A078%E2%80%AC ENVIADO      recordatorio FALLIDO (chat_input_not_found) -
9/5_20:30_4e              34747414084          ENVIADO      recordatorio FALLIDO (chat_input_not_found) -
9/5_19:00_4e              34675651585          ENVIADO      recordatorio FALLIDO (chat_input_not_found) -
10/5_17:30_maf            34722714718          ENVIADO      recordatorio FALLIDO (chat_input_not_found) -
10/5_17:30_4e             34653197010          ENVIADO      recordatorio FALLIDO (chat_input_not_found) -

[2026-05-14 21:35:21] POSITIVO | Fotos nuevas: 0 | Envios OK: 0 | Envios FAIL: 0 | Reviews negativas: 0 | Fotos borradas: 0

=== SESIÓN 21:36-21:36 (14/05/2026) ===
RESERVA                   TELÉFONO             ESTADO       RESPUESTA                 REVIEW
-----------------------------------------------------------------------------------------------
9/5_14:30_maf             34665976040          ENVIADO      recordatorio FALLIDO (chat_input_not_found) -
9/5_19:00_maf/csi         34%C2%A0628%C2%A061%C2%A027%C2%A078%E2%80%AC ENVIADO      recordatorio FALLIDO (chat_input_not_found) -
9/5_20:30_4e              34747414084          ENVIADO      recordatorio FALLIDO (chat_input_not_found) -
9/5_19:00_4e              34675651585          ENVIADO      recordatorio FALLIDO (chat_input_not_found) -
10/5_17:30_maf            34722714718          ENVIADO      recordatorio FALLIDO (chat_input_not_found) -
10/5_17:30_4e             34653197010          ENVIADO      recordatorio FALLIDO (chat_input_not_found) -

[2026-05-14 21:36:40] POSITIVO | Fotos nuevas: 0 | Envios OK: 0 | Envios FAIL: 0 | Reviews negativas: 0 | Fotos borradas: 0

=== SESIÓN 21:37-21:37 (14/05/2026) ===
RESERVA                   TELÉFONO             ESTADO       RESPUESTA                 REVIEW
-----------------------------------------------------------------------------------------------
9/5_14:30_maf             34665976040          ENVIADO      recordatorio FALLIDO (chat_input_not_found) -
9/5_19:00_maf/csi         34%C2%A0628%C2%A061%C2%A027%C2%A078%E2%80%AC ENVIADO      recordatorio FALLIDO (chat_input_not_found) -
9/5_20:30_4e              34747414084          ENVIADO      recordatorio FALLIDO (chat_input_not_found) -
9/5_19:00_4e              34675651585          ENVIADO      recordatorio FALLIDO (chat_input_not_found) -
10/5_17:30_maf            34722714718          ENVIADO      recordatorio FALLIDO (chat_input_not_found) -
10/5_17:30_4e             34653197010          ENVIADO      recordatorio FALLIDO (chat_input_not_found) -

[2026-05-14 21:37:59] POSITIVO | Fotos nuevas: 0 | Envios OK: 0 | Envios FAIL: 0 | Reviews negativas: 0 | Fotos borradas: 0

=== SESIÓN 21:39-21:39 (14/05/2026) ===
RESERVA                   TELÉFONO             ESTADO       RESPUESTA                 REVIEW
-----------------------------------------------------------------------------------------------
9/5_14:30_maf             34665976040          ENVIADO      recordatorio FALLIDO (chat_input_not_found) -
9/5_19:00_maf/csi         34%C2%A0628%C2%A061%C2%A027%C2%A078%E2%80%AC ENVIADO      recordatorio FALLIDO (chat_input_not_found) -
9/5_20:30_4e              34747414084          ENVIADO      recordatorio FALLIDO (chat_input_not_found) -
9/5_19:00_4e              34675651585          ENVIADO      recordatorio FALLIDO (chat_input_not_found) -
10/5_17:30_maf            34722714718          ENVIADO      recordatorio FALLIDO (chat_input_not_found) -
10/5_17:30_4e             34653197010          ENVIADO      recordatorio FALLIDO (chat_input_not_found) -

[2026-05-14 21:39:16] POSITIVO | Fotos nuevas: 0 | Envios OK: 0 | Envios FAIL: 0 | Reviews negativas: 0 | Fotos borradas: 0

=== SESIÓN 21:40-21:40 (14/05/2026) ===
RESERVA                   TELÉFONO             ESTADO       RESPUESTA                 REVIEW
-----------------------------------------------------------------------------------------------
9/5_14:30_maf             34665976040          ENVIADO      recordatorio FALLIDO (chat_input_not_found) -
9/5_19:00_maf/csi         34%C2%A0628%C2%A061%C2%A027%C2%A078%E2%80%AC ENVIADO      recordatorio FALLIDO (chat_input_not_found) -
9/5_20:30_4e              34747414084          ENVIADO      recordatorio FALLIDO (chat_input_not_found) -
9/5_19:00_4e              34675651585          ENVIADO      recordatorio FALLIDO (chat_input_not_found) -
10/5_17:30_maf            34722714718          ENVIADO      recordatorio FALLIDO (chat_input_not_found) -
10/5_17:30_4e             34653197010          ENVIADO      recordatorio FALLIDO (chat_input_not_found) -

[2026-05-14 21:40:34] POSITIVO | Fotos nuevas: 0 | Envios OK: 0 | Envios FAIL: 0 | Reviews negativas: 0 | Fotos borradas: 0

=== SESIÓN 21:41-21:41 (14/05/2026) ===
RESERVA                   TELÉFONO             ESTADO       RESPUESTA                 REVIEW
-----------------------------------------------------------------------------------------------
9/5_14:30_maf             34665976040          ENVIADO      recordatorio FALLIDO (chat_input_not_found) -
9/5_19:00_maf/csi         34%C2%A0628%C2%A061%C2%A027%C2%A078%E2%80%AC ENVIADO      recordatorio FALLIDO (chat_input_not_found) -
9/5_20:30_4e              34747414084          ENVIADO      recordatorio FALLIDO (chat_input_not_found) -
9/5_19:00_4e              34675651585          ENVIADO      recordatorio FALLIDO (chat_input_not_found) -
10/5_17:30_maf            34722714718          ENVIADO      recordatorio FALLIDO (chat_input_not_found) -
10/5_17:30_4e             34653197010          ENVIADO      recordatorio FALLIDO (chat_input_not_found) -

[2026-05-14 21:41:52] POSITIVO | Fotos nuevas: 0 | Envios OK: 0 | Envios FAIL: 0 | Reviews negativas: 0 | Fotos borradas: 0

=== SESIÓN 21:43-21:43 (14/05/2026) ===
RESERVA                   TELÉFONO             ESTADO       RESPUESTA                 REVIEW
-----------------------------------------------------------------------------------------------
9/5_14:30_maf             34665976040          ENVIADO      recordatorio FALLIDO (chat_input_not_found) -
9/5_19:00_maf/csi         34%C2%A0628%C2%A061%C2%A027%C2%A078%E2%80%AC ENVIADO      recordatorio FALLIDO (chat_input_not_found) -
9/5_20:30_4e              34747414084          ENVIADO      recordatorio FALLIDO (chat_input_not_found) -
9/5_19:00_4e              34675651585          ENVIADO      recordatorio FALLIDO (chat_input_not_found) -
10/5_17:30_maf            34722714718          ENVIADO      recordatorio FALLIDO (chat_input_not_found) -
10/5_17:30_4e             34653197010          ENVIADO      recordatorio FALLIDO (chat_input_not_found) -

[2026-05-14 21:43:09] POSITIVO | Fotos nuevas: 0 | Envios OK: 0 | Envios FAIL: 0 | Reviews negativas: 0 | Fotos borradas: 0

=== SESIÓN 21:44-21:44 (14/05/2026) ===
RESERVA                   TELÉFONO             ESTADO       RESPUESTA                 REVIEW
-----------------------------------------------------------------------------------------------
9/5_14:30_maf             34665976040          ENVIADO      recordatorio FALLIDO (chat_input_not_found) -
9/5_19:00_maf/csi         34%C2%A0628%C2%A061%C2%A027%C2%A078%E2%80%AC ENVIADO      recordatorio FALLIDO (chat_input_not_found) -
9/5_20:30_4e              34747414084          ENVIADO      recordatorio FALLIDO (chat_input_not_found) -
9/5_19:00_4e              34675651585          ENVIADO      recordatorio FALLIDO (chat_input_not_found) -
10/5_17:30_maf            34722714718          ENVIADO      recordatorio FALLIDO (chat_input_not_found) -
10/5_17:30_4e             34653197010          ENVIADO      recordatorio FALLIDO (chat_input_not_found) -

[2026-05-14 21:44:25] POSITIVO | Fotos nuevas: 0 | Envios OK: 0 | Envios FAIL: 0 | Reviews negativas: 0 | Fotos borradas: 0

=== SESIÓN 21:45-21:45 (14/05/2026) ===
RESERVA                   TELÉFONO             ESTADO       RESPUESTA                 REVIEW
-----------------------------------------------------------------------------------------------
9/5_14:30_maf             34665976040          ENVIADO      recordatorio FALLIDO (chat_input_not_found) -
9/5_19:00_maf/csi         34%C2%A0628%C2%A061%C2%A027%C2%A078%E2%80%AC ENVIADO      recordatorio FALLIDO (chat_input_not_found) -
9/5_20:30_4e              34747414084          ENVIADO      recordatorio FALLIDO (chat_input_not_found) -
9/5_19:00_4e              34675651585          ENVIADO      recordatorio FALLIDO (chat_input_not_found) -
10/5_17:30_maf            34722714718          ENVIADO      recordatorio FALLIDO (chat_input_not_found) -
10/5_17:30_4e             34653197010          ENVIADO      recordatorio FALLIDO (chat_input_not_found) -

[2026-05-14 21:45:41] POSITIVO | Fotos nuevas: 0 | Envios OK: 0 | Envios FAIL: 0 | Reviews negativas: 0 | Fotos borradas: 0

=== SESIÓN 21:43-21:46 (14/05/2026) ===
RESERVA                   TELÉFONO             ESTADO       RESPUESTA                 REVIEW
-----------------------------------------------------------------------------------------------
9/5_14:30_maf             34665976040          ENVIADO      recordatorio FALLIDO (exception: HTTPConnectionPool(host='localhost', port=56698): Max retries exceeded with url: /session/eb72ba8ea691cb4d064ed22e698eb326/source (Caused by NewConnectionError("HTTPConnection(host='localhost', port=56698): Failed to establish a new connection: [WinError 10061] No connection could be made because the target machine actively refused it"))) -
9/5_19:00_maf/csi         34%C2%A0628%C2%A061%C2%A027%C2%A078%E2%80%AC ENVIADO      recordatorio FALLIDO (exception: HTTPConnectionPool(host='localhost', port=56698): Max retries exceeded with url: /session/eb72ba8ea691cb4d064ed22e698eb326/source (Caused by NewConnectionError("HTTPConnection(host='localhost', port=56698): Failed to establish a new connection: [WinError 10061] No connection could be made because the target machine actively refused it"))) -
9/5_20:30_4e              34747414084          ENVIADO      recordatorio FALLIDO (exception: HTTPConnectionPool(host='localhost', port=56698): Max retries exceeded with url: /session/eb72ba8ea691cb4d064ed22e698eb326/source (Caused by NewConnectionError("HTTPConnection(host='localhost', port=56698): Failed to establish a new connection: [WinError 10061] No connection could be made because the target machine actively refused it"))) -
9/5_19:00_4e              34675651585          ENVIADO      recordatorio FALLIDO (exception: HTTPConnectionPool(host='localhost', port=56698): Max retries exceeded with url: /session/eb72ba8ea691cb4d064ed22e698eb326/source (Caused by NewConnectionError("HTTPConnection(host='localhost', port=56698): Failed to establish a new connection: [WinError 10061] No connection could be made because the target machine actively refused it"))) -
10/5_17:30_maf            34722714718          ENVIADO      recordatorio FALLIDO (exception: HTTPConnectionPool(host='localhost', port=56698): Max retries exceeded with url: /session/eb72ba8ea691cb4d064ed22e698eb326/source (Caused by NewConnectionError("HTTPConnection(host='localhost', port=56698): Failed to establish a new connection: [WinError 10061] No connection could be made because the target machine actively refused it"))) -
10/5_17:30_4e             34653197010          ENVIADO      recordatorio FALLIDO (exception: HTTPConnectionPool(host='localhost', port=56698): Max retries exceeded with url: /session/eb72ba8ea691cb4d064ed22e698eb326/source (Caused by NewConnectionError("HTTPConnection(host='localhost', port=56698): Failed to establish a new connection: [WinError 10061] No connection could be made because the target machine actively refused it"))) -

[2026-05-14 21:46:10] POSITIVO | Fotos nuevas: 0 | Envios OK: 0 | Envios FAIL: 0 | Reviews negativas: 0 | Fotos borradas: 0

=== SESIÓN 21:48-21:48 (14/05/2026) ===
RESERVA                   TELÉFONO             ESTADO       RESPUESTA                 REVIEW
-----------------------------------------------------------------------------------------------
9/5_14:30_maf             34665976040          ENVIADO      recordatorio FALLIDO (chat_input_not_found) -
9/5_19:00_maf/csi         34%C2%A0628%C2%A061%C2%A027%C2%A078%E2%80%AC ENVIADO      recordatorio FALLIDO (chat_input_not_found) -
9/5_20:30_4e              34747414084          ENVIADO      recordatorio FALLIDO (chat_input_not_found) -
9/5_19:00_4e              34675651585          ENVIADO      recordatorio FALLIDO (chat_input_not_found) -
10/5_17:30_maf            34722714718          ENVIADO      recordatorio FALLIDO (chat_input_not_found) -
10/5_17:30_4e             34653197010          ENVIADO      recordatorio FALLIDO (chat_input_not_found) -

[2026-05-14 21:48:22] POSITIVO | Fotos nuevas: 0 | Envios OK: 0 | Envios FAIL: 0 | Reviews negativas: 0 | Fotos borradas: 0
[2026-05-14 21:48:37] NEGATIVO | WhatsApp no conectado (QR visible) — ciclo abortado

=== SESIÓN 21:50-21:50 (14/05/2026) ===
RESERVA                   TELÉFONO             ESTADO       RESPUESTA                 REVIEW
-----------------------------------------------------------------------------------------------
9/5_14:30_maf             34665976040          ENVIADO      recordatorio FALLIDO (chat_input_not_found) -
9/5_19:00_maf/csi         34%C2%A0628%C2%A061%C2%A027%C2%A078%E2%80%AC ENVIADO      recordatorio FALLIDO (chat_input_not_found) -
9/5_20:30_4e              34747414084          ENVIADO      recordatorio FALLIDO (chat_input_not_found) -
9/5_19:00_4e              34675651585          ENVIADO      recordatorio FALLIDO (chat_input_not_found) -
10/5_17:30_maf            34722714718          ENVIADO      recordatorio FALLIDO (chat_input_not_found) -
10/5_17:30_4e             34653197010          ENVIADO      recordatorio FALLIDO (chat_input_not_found) -

[2026-05-14 21:50:37] POSITIVO | Fotos nuevas: 0 | Envios OK: 0 | Envios FAIL: 0 | Reviews negativas: 0 | Fotos borradas: 0

=== SESIÓN 21:51-21:51 (14/05/2026) ===
RESERVA                   TELÉFONO             ESTADO       RESPUESTA                 REVIEW
-----------------------------------------------------------------------------------------------
9/5_14:30_maf             34665976040          ENVIADO      recordatorio FALLIDO (chat_input_not_found) -
9/5_19:00_maf/csi         34%C2%A0628%C2%A061%C2%A027%C2%A078%E2%80%AC ENVIADO      recordatorio FALLIDO (chat_input_not_found) -
9/5_20:30_4e              34747414084          ENVIADO      recordatorio FALLIDO (chat_input_not_found) -
9/5_19:00_4e              34675651585          ENVIADO      recordatorio FALLIDO (chat_input_not_found) -
10/5_17:30_maf            34722714718          ENVIADO      recordatorio FALLIDO (chat_input_not_found) -
10/5_17:30_4e             34653197010          ENVIADO      recordatorio FALLIDO (chat_input_not_found) -

[2026-05-14 21:52:00] POSITIVO | Fotos nuevas: 0 | Envios OK: 0 | Envios FAIL: 0 | Reviews negativas: 0 | Fotos borradas: 0

=== SESIÓN 21:53-21:53 (14/05/2026) ===
RESERVA                   TELÉFONO             ESTADO       RESPUESTA                 REVIEW
-----------------------------------------------------------------------------------------------
9/5_14:30_maf             34665976040          ENVIADO      recordatorio FALLIDO (chat_input_not_found) -
9/5_19:00_maf/csi         34%C2%A0628%C2%A061%C2%A027%C2%A078%E2%80%AC ENVIADO      recordatorio FALLIDO (chat_input_not_found) -
9/5_20:30_4e              34747414084          ENVIADO      recordatorio FALLIDO (chat_input_not_found) -
9/5_19:00_4e              34675651585          ENVIADO      recordatorio FALLIDO (chat_input_not_found) -
10/5_17:30_maf            34722714718          ENVIADO      recordatorio FALLIDO (chat_input_not_found) -
10/5_17:30_4e             34653197010          ENVIADO      recordatorio FALLIDO (chat_input_not_found) -

[2026-05-14 21:53:19] POSITIVO | Fotos nuevas: 0 | Envios OK: 0 | Envios FAIL: 0 | Reviews negativas: 0 | Fotos borradas: 0

=== SESIÓN 21:51-21:54 (14/05/2026) ===
RESERVA                   TELÉFONO             ESTADO       RESPUESTA                 REVIEW
-----------------------------------------------------------------------------------------------
9/5_14:30_maf             34665976040          ENVIADO      recordatorio FALLIDO (exception: HTTPConnectionPool(host='localhost', port=57881): Max retries exceeded with url: /session/988b5887be591e6e4bc20b7b5e350829/source (Caused by NewConnectionError("HTTPConnection(host='localhost', port=57881): Failed to establish a new connection: [WinError 10061] No connection could be made because the target machine actively refused it"))) -
9/5_19:00_maf/csi         34%C2%A0628%C2%A061%C2%A027%C2%A078%E2%80%AC ENVIADO      recordatorio FALLIDO (exception: HTTPConnectionPool(host='localhost', port=57881): Max retries exceeded with url: /session/988b5887be591e6e4bc20b7b5e350829/source (Caused by NewConnectionError("HTTPConnection(host='localhost', port=57881): Failed to establish a new connection: [WinError 10061] No connection could be made because the target machine actively refused it"))) -
9/5_20:30_4e              34747414084          ENVIADO      recordatorio FALLIDO (exception: HTTPConnectionPool(host='localhost', port=57881): Max retries exceeded with url: /session/988b5887be591e6e4bc20b7b5e350829/source (Caused by NewConnectionError("HTTPConnection(host='localhost', port=57881): Failed to establish a new connection: [WinError 10061] No connection could be made because the target machine actively refused it"))) -
9/5_19:00_4e              34675651585          ENVIADO      recordatorio FALLIDO (exception: HTTPConnectionPool(host='localhost', port=57881): Max retries exceeded with url: /session/988b5887be591e6e4bc20b7b5e350829/source (Caused by NewConnectionError("HTTPConnection(host='localhost', port=57881): Failed to establish a new connection: [WinError 10061] No connection could be made because the target machine actively refused it"))) -
10/5_17:30_maf            34722714718          ENVIADO      recordatorio FALLIDO (exception: HTTPConnectionPool(host='localhost', port=57881): Max retries exceeded with url: /session/988b5887be591e6e4bc20b7b5e350829/source (Caused by NewConnectionError("HTTPConnection(host='localhost', port=57881): Failed to establish a new connection: [WinError 10061] No connection could be made because the target machine actively refused it"))) -
10/5_17:30_4e             34653197010          ENVIADO      recordatorio FALLIDO (exception: HTTPConnectionPool(host='localhost', port=57881): Max retries exceeded with url: /session/988b5887be591e6e4bc20b7b5e350829/source (Caused by NewConnectionError("HTTPConnection(host='localhost', port=57881): Failed to establish a new connection: [WinError 10061] No connection could be made because the target machine actively refused it"))) -

[2026-05-14 21:54:26] POSITIVO | Fotos nuevas: 0 | Envios OK: 0 | Envios FAIL: 0 | Reviews negativas: 0 | Fotos borradas: 0

=== SESIÓN 21:54-21:55 (14/05/2026) ===
RESERVA                   TELÉFONO             ESTADO       RESPUESTA                 REVIEW
-----------------------------------------------------------------------------------------------
9/5_14:30_maf             34665976040          ENVIADO      recordatorio FALLIDO (chat_input_not_found) -
9/5_19:00_maf/csi         34%C2%A0628%C2%A061%C2%A027%C2%A078%E2%80%AC ENVIADO      recordatorio FALLIDO (chat_input_not_found) -
9/5_20:30_4e              34747414084          ENVIADO      recordatorio FALLIDO (chat_input_not_found) -
9/5_19:00_4e              34675651585          ENVIADO      recordatorio FALLIDO (chat_input_not_found) -
10/5_17:30_maf            34722714718          ENVIADO      recordatorio FALLIDO (exception: HTTPConnectionPool(host='localhost', port=58439): Max retries exceeded with url: /session/12b849435f0e7a01e02a766577d9c723/source (Caused by NewConnectionError("HTTPConnection(host='localhost', port=58439): Failed to establish a new connection: [WinError 10061] No connection could be made because the target machine actively refused it"))) -
10/5_17:30_4e             34653197010          ENVIADO      recordatorio FALLIDO (exception: HTTPConnectionPool(host='localhost', port=58439): Max retries exceeded with url: /session/12b849435f0e7a01e02a766577d9c723/source (Caused by NewConnectionError("HTTPConnection(host='localhost', port=58439): Failed to establish a new connection: [WinError 10061] No connection could be made because the target machine actively refused it"))) -

[2026-05-14 21:55:30] POSITIVO | Fotos nuevas: 0 | Envios OK: 0 | Envios FAIL: 0 | Reviews negativas: 0 | Fotos borradas: 0

=== SESIÓN 21:56-21:56 (14/05/2026) ===
RESERVA                   TELÉFONO             ESTADO       RESPUESTA                 REVIEW
-----------------------------------------------------------------------------------------------
9/5_14:30_maf             34665976040          ENVIADO      recordatorio FALLIDO (chat_input_not_found) -
9/5_19:00_maf/csi         34%C2%A0628%C2%A061%C2%A027%C2%A078%E2%80%AC ENVIADO      recordatorio FALLIDO (chat_input_not_found) -
9/5_20:30_4e              34747414084          ENVIADO      recordatorio FALLIDO (chat_input_not_found) -
9/5_19:00_4e              34675651585          ENVIADO      recordatorio FALLIDO (chat_input_not_found) -
10/5_17:30_maf            34722714718          ENVIADO      recordatorio FALLIDO (chat_input_not_found) -
10/5_17:30_4e             34653197010          ENVIADO      recordatorio FALLIDO (chat_input_not_found) -

[2026-05-14 21:56:54] POSITIVO | Fotos nuevas: 0 | Envios OK: 0 | Envios FAIL: 0 | Reviews negativas: 0 | Fotos borradas: 0

=== SESIÓN 21:58-21:58 (14/05/2026) ===
RESERVA                   TELÉFONO             ESTADO       RESPUESTA                 REVIEW
-----------------------------------------------------------------------------------------------
9/5_14:30_maf             34665976040          ENVIADO      recordatorio FALLIDO (chat_input_not_found) -
9/5_19:00_maf/csi         34%C2%A0628%C2%A061%C2%A027%C2%A078%E2%80%AC ENVIADO      recordatorio FALLIDO (chat_input_not_found) -
9/5_20:30_4e              34747414084          ENVIADO      recordatorio FALLIDO (chat_input_not_found) -
9/5_19:00_4e              34675651585          ENVIADO      recordatorio FALLIDO (chat_input_not_found) -
10/5_17:30_maf            34722714718          ENVIADO      recordatorio FALLIDO (chat_input_not_found) -
10/5_17:30_4e             34653197010          ENVIADO      recordatorio FALLIDO (chat_input_not_found) -

[2026-05-14 21:58:10] POSITIVO | Fotos nuevas: 0 | Envios OK: 0 | Envios FAIL: 0 | Reviews negativas: 0 | Fotos borradas: 0

=== SESIÓN 21:59-21:59 (14/05/2026) ===
RESERVA                   TELÉFONO             ESTADO       RESPUESTA                 REVIEW
-----------------------------------------------------------------------------------------------
9/5_14:30_maf             34665976040          ENVIADO      recordatorio FALLIDO (chat_input_not_found) -
9/5_19:00_maf/csi         34%C2%A0628%C2%A061%C2%A027%C2%A078%E2%80%AC ENVIADO      recordatorio FALLIDO (chat_input_not_found) -
9/5_20:30_4e              34747414084          ENVIADO      recordatorio FALLIDO (chat_input_not_found) -
9/5_19:00_4e              34675651585          ENVIADO      recordatorio FALLIDO (chat_input_not_found) -
10/5_17:30_maf            34722714718          ENVIADO      recordatorio FALLIDO (chat_input_not_found) -
10/5_17:30_4e             34653197010          ENVIADO      recordatorio FALLIDO (chat_input_not_found) -

[2026-05-14 21:59:30] POSITIVO | Fotos nuevas: 0 | Envios OK: 0 | Envios FAIL: 0 | Reviews negativas: 0 | Fotos borradas: 0

=== SESIÓN 21:56-21:59 (14/05/2026) ===
RESERVA                   TELÉFONO             ESTADO       RESPUESTA                 REVIEW
-----------------------------------------------------------------------------------------------
9/5_14:30_maf             34665976040          ENVIADO      recordatorio FALLIDO (exception: HTTPConnectionPool(host='localhost', port=58603): Max retries exceeded with url: /session/420bf6c074088cfad038ea0f45919820/source (Caused by NewConnectionError("HTTPConnection(host='localhost', port=58603): Failed to establish a new connection: [WinError 10061] No connection could be made because the target machine actively refused it"))) -
9/5_19:00_maf/csi         34%C2%A0628%C2%A061%C2%A027%C2%A078%E2%80%AC ENVIADO      recordatorio FALLIDO (exception: HTTPConnectionPool(host='localhost', port=58603): Max retries exceeded with url: /session/420bf6c074088cfad038ea0f45919820/source (Caused by NewConnectionError("HTTPConnection(host='localhost', port=58603): Failed to establish a new connection: [WinError 10061] No connection could be made because the target machine actively refused it"))) -
9/5_20:30_4e              34747414084          ENVIADO      recordatorio FALLIDO (exception: HTTPConnectionPool(host='localhost', port=58603): Max retries exceeded with url: /session/420bf6c074088cfad038ea0f45919820/source (Caused by NewConnectionError("HTTPConnection(host='localhost', port=58603): Failed to establish a new connection: [WinError 10061] No connection could be made because the target machine actively refused it"))) -
9/5_19:00_4e              34675651585          ENVIADO      recordatorio FALLIDO (exception: HTTPConnectionPool(host='localhost', port=58603): Max retries exceeded with url: /session/420bf6c074088cfad038ea0f45919820/source (Caused by NewConnectionError("HTTPConnection(host='localhost', port=58603): Failed to establish a new connection: [WinError 10061] No connection could be made because the target machine actively refused it"))) -
10/5_17:30_maf            34722714718          ENVIADO      recordatorio FALLIDO (exception: HTTPConnectionPool(host='localhost', port=58603): Max retries exceeded with url: /session/420bf6c074088cfad038ea0f45919820/source (Caused by NewConnectionError("HTTPConnection(host='localhost', port=58603): Failed to establish a new connection: [WinError 10061] No connection could be made because the target machine actively refused it"))) -
10/5_17:30_4e             34653197010          ENVIADO      recordatorio FALLIDO (exception: HTTPConnectionPool(host='localhost', port=58603): Max retries exceeded with url: /session/420bf6c074088cfad038ea0f45919820/source (Caused by NewConnectionError("HTTPConnection(host='localhost', port=58603): Failed to establish a new connection: [WinError 10061] No connection could be made because the target machine actively refused it"))) -

[2026-05-14 21:59:39] POSITIVO | Fotos nuevas: 0 | Envios OK: 0 | Envios FAIL: 0 | Reviews negativas: 0 | Fotos borradas: 0

=== SESIÓN 22:01-22:01 (14/05/2026) ===
RESERVA                   TELÉFONO             ESTADO       RESPUESTA                 REVIEW
-----------------------------------------------------------------------------------------------
9/5_14:30_maf             34665976040          ENVIADO      recordatorio FALLIDO (chat_input_not_found) -
9/5_19:00_maf/csi         34%C2%A0628%C2%A061%C2%A027%C2%A078%E2%80%AC ENVIADO      recordatorio FALLIDO (chat_input_not_found) -
9/5_20:30_4e              34747414084          ENVIADO      recordatorio FALLIDO (chat_input_not_found) -
9/5_19:00_4e              34675651585          ENVIADO      recordatorio FALLIDO (chat_input_not_found) -
10/5_17:30_maf            34722714718          ENVIADO      recordatorio FALLIDO (chat_input_not_found) -
10/5_17:30_4e             34653197010          ENVIADO      recordatorio FALLIDO (chat_input_not_found) -

[2026-05-14 22:01:44] POSITIVO | Fotos nuevas: 0 | Envios OK: 0 | Envios FAIL: 0 | Reviews negativas: 0 | Fotos borradas: 0

=== SESIÓN 22:02-22:02 (14/05/2026) ===
RESERVA                   TELÉFONO             ESTADO       RESPUESTA                 REVIEW
-----------------------------------------------------------------------------------------------
9/5_14:30_maf             34665976040          ENVIADO      recordatorio FALLIDO (chat_input_not_found) -
9/5_19:00_maf/csi         34%C2%A0628%C2%A061%C2%A027%C2%A078%E2%80%AC ENVIADO      recordatorio FALLIDO (chat_input_not_found) -
9/5_20:30_4e              34747414084          ENVIADO      recordatorio FALLIDO (chat_input_not_found) -
9/5_19:00_4e              34675651585          ENVIADO      recordatorio FALLIDO (chat_input_not_found) -
10/5_17:30_maf            34722714718          ENVIADO      recordatorio FALLIDO (chat_input_not_found) -
10/5_17:30_4e             34653197010          ENVIADO      recordatorio FALLIDO (chat_input_not_found) -

[2026-05-14 22:02:58] POSITIVO | Fotos nuevas: 0 | Envios OK: 0 | Envios FAIL: 0 | Reviews negativas: 0 | Fotos borradas: 0

=== SESIÓN 22:04-22:04 (14/05/2026) ===
RESERVA                   TELÉFONO             ESTADO       RESPUESTA                 REVIEW
-----------------------------------------------------------------------------------------------
9/5_14:30_maf             34665976040          ENVIADO      recordatorio FALLIDO (chat_input_not_found) -
9/5_19:00_maf/csi         34%C2%A0628%C2%A061%C2%A027%C2%A078%E2%80%AC ENVIADO      recordatorio FALLIDO (chat_input_not_found) -
9/5_20:30_4e              34747414084          ENVIADO      recordatorio FALLIDO (chat_input_not_found) -
9/5_19:00_4e              34675651585          ENVIADO      recordatorio FALLIDO (chat_input_not_found) -
10/5_17:30_maf            34722714718          ENVIADO      recordatorio FALLIDO (chat_input_not_found) -
10/5_17:30_4e             34653197010          ENVIADO      recordatorio FALLIDO (chat_input_not_found) -

[2026-05-14 22:04:17] POSITIVO | Fotos nuevas: 0 | Envios OK: 0 | Envios FAIL: 0 | Reviews negativas: 0 | Fotos borradas: 0

=== SESIÓN 22:05-22:05 (14/05/2026) ===
RESERVA                   TELÉFONO             ESTADO       RESPUESTA                 REVIEW
-----------------------------------------------------------------------------------------------
9/5_14:30_maf             34665976040          ENVIADO      recordatorio FALLIDO (chat_input_not_found) -
9/5_19:00_maf/csi         34%C2%A0628%C2%A061%C2%A027%C2%A078%E2%80%AC ENVIADO      recordatorio FALLIDO (chat_input_not_found) -
9/5_20:30_4e              34747414084          ENVIADO      recordatorio FALLIDO (chat_input_not_found) -
9/5_19:00_4e              34675651585          ENVIADO      recordatorio FALLIDO (chat_input_not_found) -
10/5_17:30_maf            34722714718          ENVIADO      recordatorio FALLIDO (chat_input_not_found) -
10/5_17:30_4e             34653197010          ENVIADO      recordatorio FALLIDO (chat_input_not_found) -

[2026-05-14 22:05:33] POSITIVO | Fotos nuevas: 0 | Envios OK: 0 | Envios FAIL: 0 | Reviews negativas: 0 | Fotos borradas: 0

=== SESIÓN 22:06-22:06 (14/05/2026) ===
RESERVA                   TELÉFONO             ESTADO       RESPUESTA                 REVIEW
-----------------------------------------------------------------------------------------------
9/5_14:30_maf             34665976040          ENVIADO      recordatorio FALLIDO (chat_input_not_found) -
9/5_19:00_maf/csi         34%C2%A0628%C2%A061%C2%A027%C2%A078%E2%80%AC ENVIADO      recordatorio FALLIDO (chat_input_not_found) -
9/5_20:30_4e              34747414084          ENVIADO      recordatorio FALLIDO (chat_input_not_found) -
9/5_19:00_4e              34675651585          ENVIADO      recordatorio FALLIDO (chat_input_not_found) -
10/5_17:30_maf            34722714718          ENVIADO      recordatorio FALLIDO (chat_input_not_found) -
10/5_17:30_4e             34653197010          ENVIADO      recordatorio FALLIDO (chat_input_not_found) -

[2026-05-14 22:06:49] POSITIVO | Fotos nuevas: 0 | Envios OK: 0 | Envios FAIL: 0 | Reviews negativas: 0 | Fotos borradas: 0

=== SESIÓN 22:05-22:08 (14/05/2026) ===
RESERVA                   TELÉFONO             ESTADO       RESPUESTA                 REVIEW
-----------------------------------------------------------------------------------------------
9/5_14:30_maf             34665976040          ENVIADO      recordatorio FALLIDO (exception: HTTPConnectionPool(host='localhost', port=59158): Max retries exceeded with url: /session/18f4e9b9854ef8bd67ff4d36cae04821/source (Caused by NewConnectionError("HTTPConnection(host='localhost', port=59158): Failed to establish a new connection: [WinError 10061] No connection could be made because the target machine actively refused it"))) -
9/5_19:00_maf/csi         34%C2%A0628%C2%A061%C2%A027%C2%A078%E2%80%AC ENVIADO      recordatorio FALLIDO (exception: HTTPConnectionPool(host='localhost', port=59158): Max retries exceeded with url: /session/18f4e9b9854ef8bd67ff4d36cae04821/source (Caused by NewConnectionError("HTTPConnection(host='localhost', port=59158): Failed to establish a new connection: [WinError 10061] No connection could be made because the target machine actively refused it"))) -
9/5_20:30_4e              34747414084          ENVIADO      recordatorio FALLIDO (exception: HTTPConnectionPool(host='localhost', port=59158): Max retries exceeded with url: /session/18f4e9b9854ef8bd67ff4d36cae04821/source (Caused by NewConnectionError("HTTPConnection(host='localhost', port=59158): Failed to establish a new connection: [WinError 10061] No connection could be made because the target machine actively refused it"))) -
9/5_19:00_4e              34675651585          ENVIADO      recordatorio FALLIDO (exception: HTTPConnectionPool(host='localhost', port=59158): Max retries exceeded with url: /session/18f4e9b9854ef8bd67ff4d36cae04821/source (Caused by NewConnectionError("HTTPConnection(host='localhost', port=59158): Failed to establish a new connection: [WinError 10061] No connection could be made because the target machine actively refused it"))) -
10/5_17:30_maf            34722714718          ENVIADO      recordatorio FALLIDO (exception: HTTPConnectionPool(host='localhost', port=59158): Max retries exceeded with url: /session/18f4e9b9854ef8bd67ff4d36cae04821/source (Caused by NewConnectionError("HTTPConnection(host='localhost', port=59158): Failed to establish a new connection: [WinError 10061] No connection could be made because the target machine actively refused it"))) -
10/5_17:30_4e             34653197010          ENVIADO      recordatorio FALLIDO (exception: HTTPConnectionPool(host='localhost', port=59158): Max retries exceeded with url: /session/18f4e9b9854ef8bd67ff4d36cae04821/source (Caused by NewConnectionError("HTTPConnection(host='localhost', port=59158): Failed to establish a new connection: [WinError 10061] No connection could be made because the target machine actively refused it"))) -

[2026-05-14 22:08:01] POSITIVO | Fotos nuevas: 0 | Envios OK: 0 | Envios FAIL: 0 | Reviews negativas: 0 | Fotos borradas: 0

=== SESIÓN 22:07-22:08 (14/05/2026) ===
RESERVA                   TELÉFONO             ESTADO       RESPUESTA                 REVIEW
-----------------------------------------------------------------------------------------------
9/5_14:30_maf             34665976040          ENVIADO      recordatorio FALLIDO (chat_input_not_found) -
9/5_19:00_maf/csi         34%C2%A0628%C2%A061%C2%A027%C2%A078%E2%80%AC ENVIADO      recordatorio FALLIDO (chat_input_not_found) -
9/5_20:30_4e              34747414084          ENVIADO      recordatorio FALLIDO (chat_input_not_found) -
9/5_19:00_4e              34675651585          ENVIADO      recordatorio FALLIDO (chat_input_not_found) -
10/5_17:30_maf            34722714718          ENVIADO      recordatorio FALLIDO (chat_input_not_found) -
10/5_17:30_4e             34653197010          ENVIADO      recordatorio FALLIDO (chat_input_not_found) -

[2026-05-14 22:08:07] POSITIVO | Fotos nuevas: 0 | Envios OK: 0 | Envios FAIL: 0 | Reviews negativas: 0 | Fotos borradas: 0

=== SESIÓN 22:09-22:10 (14/05/2026) ===
RESERVA                   TELÉFONO             ESTADO       RESPUESTA                 REVIEW
-----------------------------------------------------------------------------------------------
9/5_14:30_maf             34665976040          ENVIADO      recordatorio FALLIDO (chat_input_not_found) -
9/5_19:00_maf/csi         34%C2%A0628%C2%A061%C2%A027%C2%A078%E2%80%AC ENVIADO      recordatorio FALLIDO (chat_input_not_found) -
9/5_20:30_4e              34747414084          ENVIADO      recordatorio FALLIDO (chat_input_not_found) -
9/5_19:00_4e              34675651585          ENVIADO      recordatorio FALLIDO (chat_input_not_found) -
10/5_17:30_maf            34722714718          ENVIADO      recordatorio FALLIDO (chat_input_not_found) -
10/5_17:30_4e             34653197010          ENVIADO      recordatorio FALLIDO (chat_input_not_found) -

[2026-05-14 22:10:04] POSITIVO | Fotos nuevas: 0 | Envios OK: 0 | Envios FAIL: 0 | Reviews negativas: 0 | Fotos borradas: 0
[2026-05-14 22:10:25] NEGATIVO | WhatsApp no conectado (QR visible) — ciclo abortado

=== SESIÓN 22:12-22:12 (14/05/2026) ===
RESERVA                   TELÉFONO             ESTADO       RESPUESTA                 REVIEW
-----------------------------------------------------------------------------------------------
9/5_14:30_maf             34665976040          ENVIADO      recordatorio FALLIDO (chat_input_not_found) -
9/5_19:00_maf/csi         34%C2%A0628%C2%A061%C2%A027%C2%A078%E2%80%AC ENVIADO      recordatorio FALLIDO (chat_input_not_found) -
9/5_20:30_4e              34747414084          ENVIADO      recordatorio FALLIDO (chat_input_not_found) -
9/5_19:00_4e              34675651585          ENVIADO      recordatorio FALLIDO (chat_input_not_found) -
10/5_17:30_maf            34722714718          ENVIADO      recordatorio FALLIDO (chat_input_not_found) -
10/5_17:30_4e             34653197010          ENVIADO      recordatorio FALLIDO (chat_input_not_found) -

[2026-05-14 22:12:24] POSITIVO | Fotos nuevas: 0 | Envios OK: 0 | Envios FAIL: 0 | Reviews negativas: 0 | Fotos borradas: 0

=== SESIÓN 22:13-22:13 (14/05/2026) ===
RESERVA                   TELÉFONO             ESTADO       RESPUESTA                 REVIEW
-----------------------------------------------------------------------------------------------
9/5_14:30_maf             34665976040          ENVIADO      recordatorio FALLIDO (chat_input_not_found) -
9/5_19:00_maf/csi         34%C2%A0628%C2%A061%C2%A027%C2%A078%E2%80%AC ENVIADO      recordatorio FALLIDO (chat_input_not_found) -
9/5_20:30_4e              34747414084          ENVIADO      recordatorio FALLIDO (chat_input_not_found) -
9/5_19:00_4e              34675651585          ENVIADO      recordatorio FALLIDO (chat_input_not_found) -
10/5_17:30_maf            34722714718          ENVIADO      recordatorio FALLIDO (chat_input_not_found) -
10/5_17:30_4e             34653197010          ENVIADO      recordatorio FALLIDO (chat_input_not_found) -

[2026-05-14 22:13:40] POSITIVO | Fotos nuevas: 0 | Envios OK: 0 | Envios FAIL: 0 | Reviews negativas: 0 | Fotos borradas: 0

=== SESIÓN 22:12-22:15 (14/05/2026) ===
RESERVA                   TELÉFONO             ESTADO       RESPUESTA                 REVIEW
-----------------------------------------------------------------------------------------------
9/5_14:30_maf             34665976040          ENVIADO      recordatorio FALLIDO (exception: HTTPConnectionPool(host='localhost', port=59947): Max retries exceeded with url: /session/b4564835934ebdd05c99c692eee5a43b/source (Caused by NewConnectionError("HTTPConnection(host='localhost', port=59947): Failed to establish a new connection: [WinError 10061] No connection could be made because the target machine actively refused it"))) -
9/5_19:00_maf/csi         34%C2%A0628%C2%A061%C2%A027%C2%A078%E2%80%AC ENVIADO      recordatorio FALLIDO (exception: HTTPConnectionPool(host='localhost', port=59947): Max retries exceeded with url: /session/b4564835934ebdd05c99c692eee5a43b/source (Caused by NewConnectionError("HTTPConnection(host='localhost', port=59947): Failed to establish a new connection: [WinError 10061] No connection could be made because the target machine actively refused it"))) -
9/5_20:30_4e              34747414084          ENVIADO      recordatorio FALLIDO (exception: HTTPConnectionPool(host='localhost', port=59947): Max retries exceeded with url: /session/b4564835934ebdd05c99c692eee5a43b/source (Caused by NewConnectionError("HTTPConnection(host='localhost', port=59947): Failed to establish a new connection: [WinError 10061] No connection could be made because the target machine actively refused it"))) -
9/5_19:00_4e              34675651585          ENVIADO      recordatorio FALLIDO (exception: HTTPConnectionPool(host='localhost', port=59947): Max retries exceeded with url: /session/b4564835934ebdd05c99c692eee5a43b/source (Caused by NewConnectionError("HTTPConnection(host='localhost', port=59947): Failed to establish a new connection: [WinError 10061] No connection could be made because the target machine actively refused it"))) -
10/5_17:30_maf            34722714718          ENVIADO      recordatorio FALLIDO (exception: HTTPConnectionPool(host='localhost', port=59947): Max retries exceeded with url: /session/b4564835934ebdd05c99c692eee5a43b/source (Caused by NewConnectionError("HTTPConnection(host='localhost', port=59947): Failed to establish a new connection: [WinError 10061] No connection could be made because the target machine actively refused it"))) -
10/5_17:30_4e             34653197010          ENVIADO      recordatorio FALLIDO (exception: HTTPConnectionPool(host='localhost', port=59947): Max retries exceeded with url: /session/b4564835934ebdd05c99c692eee5a43b/source (Caused by NewConnectionError("HTTPConnection(host='localhost', port=59947): Failed to establish a new connection: [WinError 10061] No connection could be made because the target machine actively refused it"))) -

[2026-05-14 22:15:00] POSITIVO | Fotos nuevas: 0 | Envios OK: 0 | Envios FAIL: 0 | Reviews negativas: 0 | Fotos borradas: 0

=== SESIÓN 22:14-22:15 (14/05/2026) ===
RESERVA                   TELÉFONO             ESTADO       RESPUESTA                 REVIEW
-----------------------------------------------------------------------------------------------
9/5_14:30_maf             34665976040          ENVIADO      recordatorio FALLIDO (chat_input_not_found) -
9/5_19:00_maf/csi         34%C2%A0628%C2%A061%C2%A027%C2%A078%E2%80%AC ENVIADO      recordatorio FALLIDO (chat_input_not_found) -
9/5_20:30_4e              34747414084          ENVIADO      recordatorio FALLIDO (chat_input_not_found) -
9/5_19:00_4e              34675651585          ENVIADO      recordatorio FALLIDO (chat_input_not_found) -
10/5_17:30_maf            34722714718          ENVIADO      recordatorio FALLIDO (chat_input_not_found) -
10/5_17:30_4e             34653197010          ENVIADO      recordatorio FALLIDO (chat_input_not_found) -

[2026-05-14 22:15:02] POSITIVO | Fotos nuevas: 0 | Envios OK: 0 | Envios FAIL: 0 | Reviews negativas: 0 | Fotos borradas: 0

=== SESIÓN 22:16-22:16 (14/05/2026) ===
RESERVA                   TELÉFONO             ESTADO       RESPUESTA                 REVIEW
-----------------------------------------------------------------------------------------------
9/5_20:30_4e              34747414084          ENVIADO      recordatorio FALLIDO (chat_input_not_found) -
9/5_19:00_4e              34675651585          ENVIADO      recordatorio FALLIDO (chat_input_not_found) -
10/5_17:30_maf            34722714718          ENVIADO      recordatorio FALLIDO (chat_input_not_found) -
10/5_17:30_4e             34653197010          ENVIADO      recordatorio FALLIDO (chat_input_not_found) -

[2026-05-14 22:16:56] POSITIVO | Fotos nuevas: 0 | Envios OK: 0 | Envios FAIL: 0 | Reviews negativas: 0 | Fotos borradas: 0

=== SESIÓN 22:18-22:18 (14/05/2026) ===
RESERVA                   TELÉFONO             ESTADO       RESPUESTA                 REVIEW
-----------------------------------------------------------------------------------------------
9/5_19:00_4e              34675651585          ENVIADO      recordatorio FALLIDO (chat_input_not_found) -
10/5_17:30_maf            34722714718          ENVIADO      recordatorio FALLIDO (chat_input_not_found) -
10/5_17:30_4e             34653197010          ENVIADO      recordatorio FALLIDO (chat_input_not_found) -

[2026-05-14 22:18:10] POSITIVO | Fotos nuevas: 0 | Envios OK: 0 | Envios FAIL: 0 | Reviews negativas: 0 | Fotos borradas: 0

=== SESIÓN 22:19-22:19 (14/05/2026) ===
RESERVA                   TELÉFONO             ESTADO       RESPUESTA                 REVIEW
-----------------------------------------------------------------------------------------------
10/5_17:30_4e             34653197010          ENVIADO      recordatorio FALLIDO (chat_input_not_found) -

[2026-05-14 22:19:21] POSITIVO | Fotos nuevas: 0 | Envios OK: 0 | Envios FAIL: 0 | Reviews negativas: 0 | Fotos borradas: 0
[2026-05-14 22:20:30] POSITIVO | Fotos nuevas: 0 | Envios OK: 0 | Envios FAIL: 0 | Reviews negativas: 0 | Fotos borradas: 0
[2026-05-14 22:21:38] POSITIVO | Fotos nuevas: 0 | Envios OK: 0 | Envios FAIL: 0 | Reviews negativas: 0 | Fotos borradas: 0
[2026-05-14 22:22:47] POSITIVO | Fotos nuevas: 0 | Envios OK: 0 | Envios FAIL: 0 | Reviews negativas: 0 | Fotos borradas: 0
[2026-05-14 22:23:46] POSITIVO | Fotos nuevas: 0 | Envios OK: 0 | Envios FAIL: 0 | Reviews negativas: 0 | Fotos borradas: 0
[2026-05-14 22:23:54] POSITIVO | Fotos nuevas: 0 | Envios OK: 0 | Envios FAIL: 0 | Reviews negativas: 0 | Fotos borradas: 0
[2026-05-14 22:25:40] POSITIVO | Fotos nuevas: 0 | Envios OK: 0 | Envios FAIL: 0 | Reviews negativas: 0 | Fotos borradas: 0
[2026-05-14 22:26:11] NEGATIVO | WhatsApp no conectado (QR visible) — ciclo abortado
[2026-05-14 22:27:24] POSITIVO | Fotos nuevas: 0 | Envios OK: 0 | Envios FAIL: 0 | Reviews negativas: 0 | Fotos borradas: 0
[2026-05-14 22:27:24] POSITIVO | Fotos nuevas: 0 | Envios OK: 0 | Envios FAIL: 0 | Reviews negativas: 0 | Fotos borradas: 0
[2026-05-14 22:29:08] POSITIVO | Fotos nuevas: 0 | Envios OK: 0 | Envios FAIL: 0 | Reviews negativas: 0 | Fotos borradas: 0
[2026-05-14 22:29:42] NEGATIVO | WhatsApp no conectado (QR visible) — ciclo abortado
[2026-05-14 22:30:55] POSITIVO | Fotos nuevas: 0 | Envios OK: 0 | Envios FAIL: 0 | Reviews negativas: 0 | Fotos borradas: 0
[2026-05-14 22:31:28] NEGATIVO | WhatsApp no conectado (QR visible) — ciclo abortado
[2026-05-14 22:32:41] POSITIVO | Fotos nuevas: 0 | Envios OK: 0 | Envios FAIL: 0 | Reviews negativas: 0 | Fotos borradas: 0
[2026-05-14 22:33:14] NEGATIVO | WhatsApp no conectado (QR visible) — ciclo abortado
[2026-05-14 22:34:27] POSITIVO | Fotos nuevas: 0 | Envios OK: 0 | Envios FAIL: 0 | Reviews negativas: 0 | Fotos borradas: 0
[2026-05-14 22:34:59] NEGATIVO | WhatsApp no conectado (QR visible) — ciclo abortado
[2026-05-14 22:36:14] POSITIVO | Fotos nuevas: 0 | Envios OK: 0 | Envios FAIL: 0 | Reviews negativas: 0 | Fotos borradas: 0
[2026-05-14 22:36:45] NEGATIVO | WhatsApp no conectado (QR visible) — ciclo abortado
[2026-05-14 22:37:59] POSITIVO | Fotos nuevas: 0 | Envios OK: 0 | Envios FAIL: 0 | Reviews negativas: 0 | Fotos borradas: 0
[2026-05-14 22:38:31] NEGATIVO | WhatsApp no conectado (QR visible) — ciclo abortado
[2026-05-14 22:39:45] POSITIVO | Fotos nuevas: 0 | Envios OK: 0 | Envios FAIL: 0 | Reviews negativas: 0 | Fotos borradas: 0
[2026-05-14 22:40:17] NEGATIVO | WhatsApp no conectado (QR visible) — ciclo abortado
[2026-05-14 22:41:26] POSITIVO | Fotos nuevas: 0 | Envios OK: 0 | Envios FAIL: 0 | Reviews negativas: 0 | Fotos borradas: 0
[2026-05-14 22:42:03] NEGATIVO | WhatsApp no conectado (QR visible) — ciclo abortado
[2026-05-14 22:43:18] POSITIVO | Fotos nuevas: 0 | Envios OK: 0 | Envios FAIL: 0 | Reviews negativas: 0 | Fotos borradas: 0
[2026-05-14 22:44:26] POSITIVO | Fotos nuevas: 0 | Envios OK: 0 | Envios FAIL: 0 | Reviews negativas: 0 | Fotos borradas: 0
[2026-05-14 22:45:34] POSITIVO | Fotos nuevas: 0 | Envios OK: 0 | Envios FAIL: 0 | Reviews negativas: 0 | Fotos borradas: 0
[2026-05-14 22:46:42] POSITIVO | Fotos nuevas: 0 | Envios OK: 0 | Envios FAIL: 0 | Reviews negativas: 0 | Fotos borradas: 0
[2026-05-14 22:47:48] POSITIVO | Fotos nuevas: 0 | Envios OK: 0 | Envios FAIL: 0 | Reviews negativas: 0 | Fotos borradas: 0
[2026-05-14 22:48:55] POSITIVO | Fotos nuevas: 0 | Envios OK: 0 | Envios FAIL: 0 | Reviews negativas: 0 | Fotos borradas: 0
[2026-05-14 22:49:52] POSITIVO | Fotos nuevas: 0 | Envios OK: 0 | Envios FAIL: 0 | Reviews negativas: 0 | Fotos borradas: 0
[2026-05-14 22:50:35] POSITIVO | Fotos nuevas: 0 | Envios OK: 0 | Envios FAIL: 0 | Reviews negativas: 0 | Fotos borradas: 0
[2026-05-14 22:51:48] POSITIVO | Fotos nuevas: 0 | Envios OK: 0 | Envios FAIL: 0 | Reviews negativas: 0 | Fotos borradas: 0
[2026-05-14 22:52:02] NEGATIVO | WhatsApp no conectado (QR visible) — ciclo abortado
[2026-05-14 22:53:52] POSITIVO | Fotos nuevas: 0 | Envios OK: 0 | Envios FAIL: 0 | Reviews negativas: 0 | Fotos borradas: 0
[2026-05-14 22:54:49] POSITIVO | Fotos nuevas: 0 | Envios OK: 0 | Envios FAIL: 0 | Reviews negativas: 0 | Fotos borradas: 0
[2026-05-14 22:55:32] POSITIVO | Fotos nuevas: 0 | Envios OK: 0 | Envios FAIL: 0 | Reviews negativas: 0 | Fotos borradas: 0
[2026-05-14 22:56:45] POSITIVO | Fotos nuevas: 0 | Envios OK: 0 | Envios FAIL: 0 | Reviews negativas: 0 | Fotos borradas: 0
[2026-05-14 22:57:18] NEGATIVO | WhatsApp no conectado (QR visible) — ciclo abortado
[2026-05-14 22:58:31] POSITIVO | Fotos nuevas: 0 | Envios OK: 0 | Envios FAIL: 0 | Reviews negativas: 0 | Fotos borradas: 0
[2026-05-14 22:59:04] NEGATIVO | WhatsApp no conectado (QR visible) — ciclo abortado
[2026-05-14 23:00:16] POSITIVO | Fotos nuevas: 0 | Envios OK: 0 | Envios FAIL: 0 | Reviews negativas: 0 | Fotos borradas: 0
[2026-05-14 23:00:49] NEGATIVO | WhatsApp no conectado (QR visible) — ciclo abortado
