
=== SESIÓN 13:53-19:19 (06/06/2026) ===
RESERVA                   TELÉFONO             ESTADO       RESPUESTA                 REVIEW
-----------------------------------------------------------------------------------------------
30/5_19:00_4e             34625490565          ENVIADO      sin respuesta             -
30/5_20:30_4e             34665943110          ENVIADO      sin respuesta             -
23/5_17:30_maf            34603458949          ENVIADO      recordatorio enviado (reacción en foto) -
23/5_19:00_maf            34649814146          ENVIADO      POSITIVA                  review enviada
24/5_19:00_4e             34649515037          ENVIADO      recordatorio enviado (48h) -
24/5_16:10_csi            34635280014          ENVIADO      recordatorio enviado (48h) -
29/5_17:30_4e             34610648642          ENVIADO      recordatorio FALLIDO (send_not_confirmed) -
29/5_17:40_csi            34651560074          ENVIADO      POSITIVA                  review enviada
30/5_11:30_4e             34647357305          ENVIADO      recordatorio enviado (48h) -
30/5_14:40_csi            31657059941          ENVIADO      POSITIVA                  review enviada
30/5_20:30_4e             34665943110          ENVIADO      POSITIVA                  review enviada
23/5_16:00_4e             34635122835          ENVIADO      recordatorio FALLIDO (send_not_confirmed) -
24/5_16:10_csi            34635280014          ENVIADO      POSITIVA                  review enviada
29/5_17:30_4e             34610648642          ENVIADO      recordatorio FALLIDO (send_not_confirmed) -
30/5_19:00_4e             34625490565          ENVIADO      POSITIVA                  review enviada
23/5_16:00_4e             34635122835          ENVIADO      POSITIVA (reacción emoji en texto) review enviada
29/5_17:30_4e             34610648642          ENVIADO      recordatorio FALLIDO (send_not_confirmed) -
29/5_17:30_4e             34610648642          ENVIADO      recordatorio FALLIDO (send_not_confirmed) -
29/5_17:30_4e             34610648642          ENVIADO      recordatorio FALLIDO (send_not_confirmed) -
29/5_17:30_4e             34610648642          ENVIADO      recordatorio FALLIDO (send_not_confirmed) -
29/5_17:30_4e             34610648642          ENVIADO      recordatorio enviado (48h) -
24/5_19:00_4e             34649515037          ENVIADO      POSITIVA                  review enviada
5/6_17:30_4e/csi          34%C2%A0661%C2%A017%C2%A038%C2%A050%E2%80%AC FALLIDO (intento 1) -                         -

[2026-06-06 10:06:01] POSITIVO | Fotos nuevas: 0 | Envios OK: 0 | Envios FAIL: 0 | Reviews negativas: 0 | Fotos borradas: 0

=== SESIÓN 13:53-19:19 (06/06/2026) ===
RESERVA                   TELÉFONO             ESTADO       RESPUESTA                 REVIEW
-----------------------------------------------------------------------------------------------
30/5_19:00_4e             34625490565          ENVIADO      sin respuesta             -
30/5_20:30_4e             34665943110          ENVIADO      sin respuesta             -
23/5_17:30_maf            34603458949          ENVIADO      recordatorio enviado (reacción en foto) -
23/5_19:00_maf            34649814146          ENVIADO      POSITIVA                  review enviada
24/5_19:00_4e             34649515037          ENVIADO      recordatorio enviado (48h) -
24/5_16:10_csi            34635280014          ENVIADO      recordatorio enviado (48h) -
29/5_17:30_4e             34610648642          ENVIADO      recordatorio FALLIDO (send_not_confirmed) -
29/5_17:40_csi            34651560074          ENVIADO      POSITIVA                  review enviada
30/5_11:30_4e             34647357305          ENVIADO      recordatorio enviado (48h) -
30/5_14:40_csi            31657059941          ENVIADO      POSITIVA                  review enviada
30/5_20:30_4e             34665943110          ENVIADO      POSITIVA                  review enviada
23/5_16:00_4e             34635122835          ENVIADO      recordatorio FALLIDO (send_not_confirmed) -
24/5_16:10_csi            34635280014          ENVIADO      POSITIVA                  review enviada
29/5_17:30_4e             34610648642          ENVIADO      recordatorio FALLIDO (send_not_confirmed) -
30/5_19:00_4e             34625490565          ENVIADO      POSITIVA                  review enviada
23/5_16:00_4e             34635122835          ENVIADO      POSITIVA (reacción emoji en texto) review enviada
29/5_17:30_4e             34610648642          ENVIADO      recordatorio FALLIDO (send_not_confirmed) -
29/5_17:30_4e             34610648642          ENVIADO      recordatorio FALLIDO (send_not_confirmed) -
29/5_17:30_4e             34610648642          ENVIADO      recordatorio FALLIDO (send_not_confirmed) -
29/5_17:30_4e             34610648642          ENVIADO      recordatorio FALLIDO (send_not_confirmed) -
29/5_17:30_4e             34610648642          ENVIADO      recordatorio enviado (48h) -
24/5_19:00_4e             34649515037          ENVIADO      POSITIVA                  review enviada
5/6_17:30_4e/csi          34%C2%A0661%C2%A017%C2%A038%C2%A050%E2%80%AC FALLIDO (intento 1) -                         -

[2026-06-06 10:22:13] POSITIVO | Fotos nuevas: 0 | Envios OK: 0 | Envios FAIL: 0 | Reviews negativas: 0 | Fotos borradas: 0

=== SESIÓN 13:53-19:19 (06/06/2026) ===
RESERVA                   TELÉFONO             ESTADO       RESPUESTA                 REVIEW
-----------------------------------------------------------------------------------------------
30/5_19:00_4e             34625490565          ENVIADO      sin respuesta             -
30/5_20:30_4e             34665943110          ENVIADO      sin respuesta             -
23/5_17:30_maf            34603458949          ENVIADO      recordatorio enviado (reacción en foto) -
23/5_19:00_maf            34649814146          ENVIADO      POSITIVA                  review enviada
24/5_19:00_4e             34649515037          ENVIADO      recordatorio enviado (48h) -
24/5_16:10_csi            34635280014          ENVIADO      recordatorio enviado (48h) -
29/5_17:30_4e             34610648642          ENVIADO      recordatorio FALLIDO (send_not_confirmed) -
29/5_17:40_csi            34651560074          ENVIADO      POSITIVA                  review enviada
30/5_11:30_4e             34647357305          ENVIADO      recordatorio enviado (48h) -
30/5_14:40_csi            31657059941          ENVIADO      POSITIVA                  review enviada
30/5_20:30_4e             34665943110          ENVIADO      POSITIVA                  review enviada
23/5_16:00_4e             34635122835          ENVIADO      recordatorio FALLIDO (send_not_confirmed) -
24/5_16:10_csi            34635280014          ENVIADO      POSITIVA                  review enviada
29/5_17:30_4e             34610648642          ENVIADO      recordatorio FALLIDO (send_not_confirmed) -
30/5_19:00_4e             34625490565          ENVIADO      POSITIVA                  review enviada
23/5_16:00_4e             34635122835          ENVIADO      POSITIVA (reacción emoji en texto) review enviada
29/5_17:30_4e             34610648642          ENVIADO      recordatorio FALLIDO (send_not_confirmed) -
29/5_17:30_4e             34610648642          ENVIADO      recordatorio FALLIDO (send_not_confirmed) -
29/5_17:30_4e             34610648642          ENVIADO      recordatorio FALLIDO (send_not_confirmed) -
29/5_17:30_4e             34610648642          ENVIADO      recordatorio FALLIDO (send_not_confirmed) -
29/5_17:30_4e             34610648642          ENVIADO      recordatorio enviado (48h) -
24/5_19:00_4e             34649515037          ENVIADO      POSITIVA                  review enviada
5/6_17:30_4e/csi          34%C2%A0661%C2%A017%C2%A038%C2%A050%E2%80%AC FALLIDO (intento 1) -                         -

[2026-06-06 10:38:24] POSITIVO | Fotos nuevas: 0 | Envios OK: 0 | Envios FAIL: 0 | Reviews negativas: 0 | Fotos borradas: 0

=== SESIÓN 13:53-19:19 (06/06/2026) ===
RESERVA                   TELÉFONO             ESTADO       RESPUESTA                 REVIEW
-----------------------------------------------------------------------------------------------
30/5_19:00_4e             34625490565          ENVIADO      sin respuesta             -
30/5_20:30_4e             34665943110          ENVIADO      sin respuesta             -
23/5_17:30_maf            34603458949          ENVIADO      recordatorio enviado (reacción en foto) -
23/5_19:00_maf            34649814146          ENVIADO      POSITIVA                  review enviada
24/5_19:00_4e             34649515037          ENVIADO      recordatorio enviado (48h) -
24/5_16:10_csi            34635280014          ENVIADO      recordatorio enviado (48h) -
29/5_17:30_4e             34610648642          ENVIADO      recordatorio FALLIDO (send_not_confirmed) -
29/5_17:40_csi            34651560074          ENVIADO      POSITIVA                  review enviada
30/5_11:30_4e             34647357305          ENVIADO      recordatorio enviado (48h) -
30/5_14:40_csi            31657059941          ENVIADO      POSITIVA                  review enviada
30/5_20:30_4e             34665943110          ENVIADO      POSITIVA                  review enviada
23/5_16:00_4e             34635122835          ENVIADO      recordatorio FALLIDO (send_not_confirmed) -
24/5_16:10_csi            34635280014          ENVIADO      POSITIVA                  review enviada
29/5_17:30_4e             34610648642          ENVIADO      recordatorio FALLIDO (send_not_confirmed) -
30/5_19:00_4e             34625490565          ENVIADO      POSITIVA                  review enviada
23/5_16:00_4e             34635122835          ENVIADO      POSITIVA (reacción emoji en texto) review enviada
29/5_17:30_4e             34610648642          ENVIADO      recordatorio FALLIDO (send_not_confirmed) -
29/5_17:30_4e             34610648642          ENVIADO      recordatorio FALLIDO (send_not_confirmed) -
29/5_17:30_4e             34610648642          ENVIADO      recordatorio FALLIDO (send_not_confirmed) -
29/5_17:30_4e             34610648642          ENVIADO      recordatorio FALLIDO (send_not_confirmed) -
29/5_17:30_4e             34610648642          ENVIADO      recordatorio enviado (48h) -
24/5_19:00_4e             34649515037          ENVIADO      POSITIVA                  review enviada
5/6_17:30_4e/csi          34%C2%A0661%C2%A017%C2%A038%C2%A050%E2%80%AC FALLIDO (intento 1) -                         -

[2026-06-06 10:54:34] POSITIVO | Fotos nuevas: 0 | Envios OK: 0 | Envios FAIL: 0 | Reviews negativas: 0 | Fotos borradas: 0

=== SESIÓN 13:53-19:19 (06/06/2026) ===
RESERVA                   TELÉFONO             ESTADO       RESPUESTA                 REVIEW
-----------------------------------------------------------------------------------------------
30/5_19:00_4e             34625490565          ENVIADO      sin respuesta             -
30/5_20:30_4e             34665943110          ENVIADO      sin respuesta             -
23/5_17:30_maf            34603458949          ENVIADO      recordatorio enviado (reacción en foto) -
23/5_19:00_maf            34649814146          ENVIADO      POSITIVA                  review enviada
24/5_19:00_4e             34649515037          ENVIADO      recordatorio enviado (48h) -
24/5_16:10_csi            34635280014          ENVIADO      recordatorio enviado (48h) -
29/5_17:30_4e             34610648642          ENVIADO      recordatorio FALLIDO (send_not_confirmed) -
29/5_17:40_csi            34651560074          ENVIADO      POSITIVA                  review enviada
30/5_11:30_4e             34647357305          ENVIADO      recordatorio enviado (48h) -
30/5_14:40_csi            31657059941          ENVIADO      POSITIVA                  review enviada
30/5_20:30_4e             34665943110          ENVIADO      POSITIVA                  review enviada
23/5_16:00_4e             34635122835          ENVIADO      recordatorio FALLIDO (send_not_confirmed) -
24/5_16:10_csi            34635280014          ENVIADO      POSITIVA                  review enviada
29/5_17:30_4e             34610648642          ENVIADO      recordatorio FALLIDO (send_not_confirmed) -
30/5_19:00_4e             34625490565          ENVIADO      POSITIVA                  review enviada
23/5_16:00_4e             34635122835          ENVIADO      POSITIVA (reacción emoji en texto) review enviada
29/5_17:30_4e             34610648642          ENVIADO      recordatorio FALLIDO (send_not_confirmed) -
29/5_17:30_4e             34610648642          ENVIADO      recordatorio FALLIDO (send_not_confirmed) -
29/5_17:30_4e             34610648642          ENVIADO      recordatorio FALLIDO (send_not_confirmed) -
29/5_17:30_4e             34610648642          ENVIADO      recordatorio FALLIDO (send_not_confirmed) -
29/5_17:30_4e             34610648642          ENVIADO      recordatorio enviado (48h) -
24/5_19:00_4e             34649515037          ENVIADO      POSITIVA                  review enviada
5/6_17:30_4e/csi          34%C2%A0661%C2%A017%C2%A038%C2%A050%E2%80%AC FALLIDO (intento 1) -                         -

[2026-06-06 11:10:43] POSITIVO | Fotos nuevas: 0 | Envios OK: 0 | Envios FAIL: 0 | Reviews negativas: 0 | Fotos borradas: 0

=== SESIÓN 13:53-19:19 (06/06/2026) ===
RESERVA                   TELÉFONO             ESTADO       RESPUESTA                 REVIEW
-----------------------------------------------------------------------------------------------
30/5_19:00_4e             34625490565          ENVIADO      sin respuesta             -
30/5_20:30_4e             34665943110          ENVIADO      sin respuesta             -
23/5_17:30_maf            34603458949          ENVIADO      recordatorio enviado (reacción en foto) -
23/5_19:00_maf            34649814146          ENVIADO      POSITIVA                  review enviada
24/5_19:00_4e             34649515037          ENVIADO      recordatorio enviado (48h) -
24/5_16:10_csi            34635280014          ENVIADO      recordatorio enviado (48h) -
29/5_17:30_4e             34610648642          ENVIADO      recordatorio FALLIDO (send_not_confirmed) -
29/5_17:40_csi            34651560074          ENVIADO      POSITIVA                  review enviada
30/5_11:30_4e             34647357305          ENVIADO      recordatorio enviado (48h) -
30/5_14:40_csi            31657059941          ENVIADO      POSITIVA                  review enviada
30/5_20:30_4e             34665943110          ENVIADO      POSITIVA                  review enviada
23/5_16:00_4e             34635122835          ENVIADO      recordatorio FALLIDO (send_not_confirmed) -
24/5_16:10_csi            34635280014          ENVIADO      POSITIVA                  review enviada
29/5_17:30_4e             34610648642          ENVIADO      recordatorio FALLIDO (send_not_confirmed) -
30/5_19:00_4e             34625490565          ENVIADO      POSITIVA                  review enviada
23/5_16:00_4e             34635122835          ENVIADO      POSITIVA (reacción emoji en texto) review enviada
29/5_17:30_4e             34610648642          ENVIADO      recordatorio FALLIDO (send_not_confirmed) -
29/5_17:30_4e             34610648642          ENVIADO      recordatorio FALLIDO (send_not_confirmed) -
29/5_17:30_4e             34610648642          ENVIADO      recordatorio FALLIDO (send_not_confirmed) -
29/5_17:30_4e             34610648642          ENVIADO      recordatorio FALLIDO (send_not_confirmed) -
29/5_17:30_4e             34610648642          ENVIADO      recordatorio enviado (48h) -
24/5_19:00_4e             34649515037          ENVIADO      POSITIVA                  review enviada
5/6_17:30_4e/csi          34%C2%A0661%C2%A017%C2%A038%C2%A050%E2%80%AC FALLIDO (intento 1) -                         -

[2026-06-06 11:27:04] POSITIVO | Fotos nuevas: 0 | Envios OK: 0 | Envios FAIL: 0 | Reviews negativas: 0 | Fotos borradas: 0

=== SESIÓN 13:53-19:19 (06/06/2026) ===
RESERVA                   TELÉFONO             ESTADO       RESPUESTA                 REVIEW
-----------------------------------------------------------------------------------------------
30/5_19:00_4e             34625490565          ENVIADO      sin respuesta             -
30/5_20:30_4e             34665943110          ENVIADO      sin respuesta             -
23/5_17:30_maf            34603458949          ENVIADO      recordatorio enviado (reacción en foto) -
23/5_19:00_maf            34649814146          ENVIADO      POSITIVA                  review enviada
24/5_19:00_4e             34649515037          ENVIADO      recordatorio enviado (48h) -
24/5_16:10_csi            34635280014          ENVIADO      recordatorio enviado (48h) -
29/5_17:30_4e             34610648642          ENVIADO      recordatorio FALLIDO (send_not_confirmed) -
29/5_17:40_csi            34651560074          ENVIADO      POSITIVA                  review enviada
30/5_11:30_4e             34647357305          ENVIADO      recordatorio enviado (48h) -
30/5_14:40_csi            31657059941          ENVIADO      POSITIVA                  review enviada
30/5_20:30_4e             34665943110          ENVIADO      POSITIVA                  review enviada
23/5_16:00_4e             34635122835          ENVIADO      recordatorio FALLIDO (send_not_confirmed) -
24/5_16:10_csi            34635280014          ENVIADO      POSITIVA                  review enviada
29/5_17:30_4e             34610648642          ENVIADO      recordatorio FALLIDO (send_not_confirmed) -
30/5_19:00_4e             34625490565          ENVIADO      POSITIVA                  review enviada
23/5_16:00_4e             34635122835          ENVIADO      POSITIVA (reacción emoji en texto) review enviada
29/5_17:30_4e             34610648642          ENVIADO      recordatorio FALLIDO (send_not_confirmed) -
29/5_17:30_4e             34610648642          ENVIADO      recordatorio FALLIDO (send_not_confirmed) -
29/5_17:30_4e             34610648642          ENVIADO      recordatorio FALLIDO (send_not_confirmed) -
29/5_17:30_4e             34610648642          ENVIADO      recordatorio FALLIDO (send_not_confirmed) -
29/5_17:30_4e             34610648642          ENVIADO      recordatorio enviado (48h) -
24/5_19:00_4e             34649515037          ENVIADO      POSITIVA                  review enviada
5/6_17:30_4e/csi          34%C2%A0661%C2%A017%C2%A038%C2%A050%E2%80%AC FALLIDO (intento 1) -                         -

[2026-06-06 11:43:14] POSITIVO | Fotos nuevas: 0 | Envios OK: 0 | Envios FAIL: 0 | Reviews negativas: 0 | Fotos borradas: 0

=== SESIÓN 13:53-19:19 (06/06/2026) ===
RESERVA                   TELÉFONO             ESTADO       RESPUESTA                 REVIEW
-----------------------------------------------------------------------------------------------
30/5_19:00_4e             34625490565          ENVIADO      sin respuesta             -
30/5_20:30_4e             34665943110          ENVIADO      sin respuesta             -
23/5_17:30_maf            34603458949          ENVIADO      recordatorio enviado (reacción en foto) -
23/5_19:00_maf            34649814146          ENVIADO      POSITIVA                  review enviada
24/5_19:00_4e             34649515037          ENVIADO      recordatorio enviado (48h) -
24/5_16:10_csi            34635280014          ENVIADO      recordatorio enviado (48h) -
29/5_17:30_4e             34610648642          ENVIADO      recordatorio FALLIDO (send_not_confirmed) -
29/5_17:40_csi            34651560074          ENVIADO      POSITIVA                  review enviada
30/5_11:30_4e             34647357305          ENVIADO      recordatorio enviado (48h) -
30/5_14:40_csi            31657059941          ENVIADO      POSITIVA                  review enviada
30/5_20:30_4e             34665943110          ENVIADO      POSITIVA                  review enviada
23/5_16:00_4e             34635122835          ENVIADO      recordatorio FALLIDO (send_not_confirmed) -
24/5_16:10_csi            34635280014          ENVIADO      POSITIVA                  review enviada
29/5_17:30_4e             34610648642          ENVIADO      recordatorio FALLIDO (send_not_confirmed) -
30/5_19:00_4e             34625490565          ENVIADO      POSITIVA                  review enviada
23/5_16:00_4e             34635122835          ENVIADO      POSITIVA (reacción emoji en texto) review enviada
29/5_17:30_4e             34610648642          ENVIADO      recordatorio FALLIDO (send_not_confirmed) -
29/5_17:30_4e             34610648642          ENVIADO      recordatorio FALLIDO (send_not_confirmed) -
29/5_17:30_4e             34610648642          ENVIADO      recordatorio FALLIDO (send_not_confirmed) -
29/5_17:30_4e             34610648642          ENVIADO      recordatorio FALLIDO (send_not_confirmed) -
29/5_17:30_4e             34610648642          ENVIADO      recordatorio enviado (48h) -
24/5_19:00_4e             34649515037          ENVIADO      POSITIVA                  review enviada
5/6_17:30_4e/csi          34%C2%A0661%C2%A017%C2%A038%C2%A050%E2%80%AC FALLIDO (intento 1) -                         -

[2026-06-06 11:59:24] POSITIVO | Fotos nuevas: 0 | Envios OK: 0 | Envios FAIL: 0 | Reviews negativas: 0 | Fotos borradas: 0

=== SESIÓN 13:53-19:19 (06/06/2026) ===
RESERVA                   TELÉFONO             ESTADO       RESPUESTA                 REVIEW
-----------------------------------------------------------------------------------------------
30/5_19:00_4e             34625490565          ENVIADO      sin respuesta             -
30/5_20:30_4e             34665943110          ENVIADO      sin respuesta             -
23/5_17:30_maf            34603458949          ENVIADO      recordatorio enviado (reacción en foto) -
23/5_19:00_maf            34649814146          ENVIADO      POSITIVA                  review enviada
24/5_19:00_4e             34649515037          ENVIADO      recordatorio enviado (48h) -
24/5_16:10_csi            34635280014          ENVIADO      recordatorio enviado (48h) -
29/5_17:30_4e             34610648642          ENVIADO      recordatorio FALLIDO (send_not_confirmed) -
29/5_17:40_csi            34651560074          ENVIADO      POSITIVA                  review enviada
30/5_11:30_4e             34647357305          ENVIADO      recordatorio enviado (48h) -
30/5_14:40_csi            31657059941          ENVIADO      POSITIVA                  review enviada
30/5_20:30_4e             34665943110          ENVIADO      POSITIVA                  review enviada
23/5_16:00_4e             34635122835          ENVIADO      recordatorio FALLIDO (send_not_confirmed) -
24/5_16:10_csi            34635280014          ENVIADO      POSITIVA                  review enviada
29/5_17:30_4e             34610648642          ENVIADO      recordatorio FALLIDO (send_not_confirmed) -
30/5_19:00_4e             34625490565          ENVIADO      POSITIVA                  review enviada
23/5_16:00_4e             34635122835          ENVIADO      POSITIVA (reacción emoji en texto) review enviada
29/5_17:30_4e             34610648642          ENVIADO      recordatorio FALLIDO (send_not_confirmed) -
29/5_17:30_4e             34610648642          ENVIADO      recordatorio FALLIDO (send_not_confirmed) -
29/5_17:30_4e             34610648642          ENVIADO      recordatorio FALLIDO (send_not_confirmed) -
29/5_17:30_4e             34610648642          ENVIADO      recordatorio FALLIDO (send_not_confirmed) -
29/5_17:30_4e             34610648642          ENVIADO      recordatorio enviado (48h) -
24/5_19:00_4e             34649515037          ENVIADO      POSITIVA                  review enviada
5/6_17:30_4e/csi          34%C2%A0661%C2%A017%C2%A038%C2%A050%E2%80%AC FALLIDO (intento 1) -                         -

[2026-06-06 12:15:35] POSITIVO | Fotos nuevas: 0 | Envios OK: 0 | Envios FAIL: 0 | Reviews negativas: 0 | Fotos borradas: 0

=== SESIÓN 13:53-19:19 (06/06/2026) ===
RESERVA                   TELÉFONO             ESTADO       RESPUESTA                 REVIEW
-----------------------------------------------------------------------------------------------
30/5_19:00_4e             34625490565          ENVIADO      sin respuesta             -
30/5_20:30_4e             34665943110          ENVIADO      sin respuesta             -
23/5_17:30_maf            34603458949          ENVIADO      recordatorio enviado (reacción en foto) -
23/5_19:00_maf            34649814146          ENVIADO      POSITIVA                  review enviada
24/5_19:00_4e             34649515037          ENVIADO      recordatorio enviado (48h) -
24/5_16:10_csi            34635280014          ENVIADO      recordatorio enviado (48h) -
29/5_17:30_4e             34610648642          ENVIADO      recordatorio FALLIDO (send_not_confirmed) -
29/5_17:40_csi            34651560074          ENVIADO      POSITIVA                  review enviada
30/5_11:30_4e             34647357305          ENVIADO      recordatorio enviado (48h) -
30/5_14:40_csi            31657059941          ENVIADO      POSITIVA                  review enviada
30/5_20:30_4e             34665943110          ENVIADO      POSITIVA                  review enviada
23/5_16:00_4e             34635122835          ENVIADO      recordatorio FALLIDO (send_not_confirmed) -
24/5_16:10_csi            34635280014          ENVIADO      POSITIVA                  review enviada
29/5_17:30_4e             34610648642          ENVIADO      recordatorio FALLIDO (send_not_confirmed) -
30/5_19:00_4e             34625490565          ENVIADO      POSITIVA                  review enviada
23/5_16:00_4e             34635122835          ENVIADO      POSITIVA (reacción emoji en texto) review enviada
29/5_17:30_4e             34610648642          ENVIADO      recordatorio FALLIDO (send_not_confirmed) -
29/5_17:30_4e             34610648642          ENVIADO      recordatorio FALLIDO (send_not_confirmed) -
29/5_17:30_4e             34610648642          ENVIADO      recordatorio FALLIDO (send_not_confirmed) -
29/5_17:30_4e             34610648642          ENVIADO      recordatorio FALLIDO (send_not_confirmed) -
29/5_17:30_4e             34610648642          ENVIADO      recordatorio enviado (48h) -
24/5_19:00_4e             34649515037          ENVIADO      POSITIVA                  review enviada
5/6_17:30_4e/csi          34%C2%A0661%C2%A017%C2%A038%C2%A050%E2%80%AC FALLIDO (intento 1) -                         -

[2026-06-06 12:31:45] POSITIVO | Fotos nuevas: 0 | Envios OK: 0 | Envios FAIL: 0 | Reviews negativas: 0 | Fotos borradas: 0

=== SESIÓN 13:53-19:19 (06/06/2026) ===
RESERVA                   TELÉFONO             ESTADO       RESPUESTA                 REVIEW
-----------------------------------------------------------------------------------------------
30/5_19:00_4e             34625490565          ENVIADO      sin respuesta             -
30/5_20:30_4e             34665943110          ENVIADO      sin respuesta             -
23/5_17:30_maf            34603458949          ENVIADO      recordatorio enviado (reacción en foto) -
23/5_19:00_maf            34649814146          ENVIADO      POSITIVA                  review enviada
24/5_19:00_4e             34649515037          ENVIADO      recordatorio enviado (48h) -
24/5_16:10_csi            34635280014          ENVIADO      recordatorio enviado (48h) -
29/5_17:30_4e             34610648642          ENVIADO      recordatorio FALLIDO (send_not_confirmed) -
29/5_17:40_csi            34651560074          ENVIADO      POSITIVA                  review enviada
30/5_11:30_4e             34647357305          ENVIADO      recordatorio enviado (48h) -
30/5_14:40_csi            31657059941          ENVIADO      POSITIVA                  review enviada
30/5_20:30_4e             34665943110          ENVIADO      POSITIVA                  review enviada
23/5_16:00_4e             34635122835          ENVIADO      recordatorio FALLIDO (send_not_confirmed) -
24/5_16:10_csi            34635280014          ENVIADO      POSITIVA                  review enviada
29/5_17:30_4e             34610648642          ENVIADO      recordatorio FALLIDO (send_not_confirmed) -
30/5_19:00_4e             34625490565          ENVIADO      POSITIVA                  review enviada
23/5_16:00_4e             34635122835          ENVIADO      POSITIVA (reacción emoji en texto) review enviada
29/5_17:30_4e             34610648642          ENVIADO      recordatorio FALLIDO (send_not_confirmed) -
29/5_17:30_4e             34610648642          ENVIADO      recordatorio FALLIDO (send_not_confirmed) -
29/5_17:30_4e             34610648642          ENVIADO      recordatorio FALLIDO (send_not_confirmed) -
29/5_17:30_4e             34610648642          ENVIADO      recordatorio FALLIDO (send_not_confirmed) -
29/5_17:30_4e             34610648642          ENVIADO      recordatorio enviado (48h) -
24/5_19:00_4e             34649515037          ENVIADO      POSITIVA                  review enviada
5/6_17:30_4e/csi          34%C2%A0661%C2%A017%C2%A038%C2%A050%E2%80%AC FALLIDO (intento 1) -                         -

[2026-06-06 12:47:55] POSITIVO | Fotos nuevas: 0 | Envios OK: 0 | Envios FAIL: 0 | Reviews negativas: 0 | Fotos borradas: 0

=== SESIÓN 13:53-19:19 (06/06/2026) ===
RESERVA                   TELÉFONO             ESTADO       RESPUESTA                 REVIEW
-----------------------------------------------------------------------------------------------
30/5_19:00_4e             34625490565          ENVIADO      sin respuesta             -
30/5_20:30_4e             34665943110          ENVIADO      sin respuesta             -
23/5_17:30_maf            34603458949          ENVIADO      recordatorio enviado (reacción en foto) -
23/5_19:00_maf            34649814146          ENVIADO      POSITIVA                  review enviada
24/5_19:00_4e             34649515037          ENVIADO      recordatorio enviado (48h) -
24/5_16:10_csi            34635280014          ENVIADO      recordatorio enviado (48h) -
29/5_17:30_4e             34610648642          ENVIADO      recordatorio FALLIDO (send_not_confirmed) -
29/5_17:40_csi            34651560074          ENVIADO      POSITIVA                  review enviada
30/5_11:30_4e             34647357305          ENVIADO      recordatorio enviado (48h) -
30/5_14:40_csi            31657059941          ENVIADO      POSITIVA                  review enviada
30/5_20:30_4e             34665943110          ENVIADO      POSITIVA                  review enviada
23/5_16:00_4e             34635122835          ENVIADO      recordatorio FALLIDO (send_not_confirmed) -
24/5_16:10_csi            34635280014          ENVIADO      POSITIVA                  review enviada
29/5_17:30_4e             34610648642          ENVIADO      recordatorio FALLIDO (send_not_confirmed) -
30/5_19:00_4e             34625490565          ENVIADO      POSITIVA                  review enviada
23/5_16:00_4e             34635122835          ENVIADO      POSITIVA (reacción emoji en texto) review enviada
29/5_17:30_4e             34610648642          ENVIADO      recordatorio FALLIDO (send_not_confirmed) -
29/5_17:30_4e             34610648642          ENVIADO      recordatorio FALLIDO (send_not_confirmed) -
29/5_17:30_4e             34610648642          ENVIADO      recordatorio FALLIDO (send_not_confirmed) -
29/5_17:30_4e             34610648642          ENVIADO      recordatorio FALLIDO (send_not_confirmed) -
29/5_17:30_4e             34610648642          ENVIADO      recordatorio enviado (48h) -
24/5_19:00_4e             34649515037          ENVIADO      POSITIVA                  review enviada
5/6_17:30_4e/csi          34%C2%A0661%C2%A017%C2%A038%C2%A050%E2%80%AC FALLIDO (intento 1) -                         -

[2026-06-06 13:04:06] POSITIVO | Fotos nuevas: 0 | Envios OK: 0 | Envios FAIL: 0 | Reviews negativas: 0 | Fotos borradas: 0

=== SESIÓN 13:53-19:19 (06/06/2026) ===
RESERVA                   TELÉFONO             ESTADO       RESPUESTA                 REVIEW
-----------------------------------------------------------------------------------------------
30/5_19:00_4e             34625490565          ENVIADO      sin respuesta             -
30/5_20:30_4e             34665943110          ENVIADO      sin respuesta             -
23/5_17:30_maf            34603458949          ENVIADO      recordatorio enviado (reacción en foto) -
23/5_19:00_maf            34649814146          ENVIADO      POSITIVA                  review enviada
24/5_19:00_4e             34649515037          ENVIADO      recordatorio enviado (48h) -
24/5_16:10_csi            34635280014          ENVIADO      recordatorio enviado (48h) -
29/5_17:30_4e             34610648642          ENVIADO      recordatorio FALLIDO (send_not_confirmed) -
29/5_17:40_csi            34651560074          ENVIADO      POSITIVA                  review enviada
30/5_11:30_4e             34647357305          ENVIADO      recordatorio enviado (48h) -
30/5_14:40_csi            31657059941          ENVIADO      POSITIVA                  review enviada
30/5_20:30_4e             34665943110          ENVIADO      POSITIVA                  review enviada
23/5_16:00_4e             34635122835          ENVIADO      recordatorio FALLIDO (send_not_confirmed) -
24/5_16:10_csi            34635280014          ENVIADO      POSITIVA                  review enviada
29/5_17:30_4e             34610648642          ENVIADO      recordatorio FALLIDO (send_not_confirmed) -
30/5_19:00_4e             34625490565          ENVIADO      POSITIVA                  review enviada
23/5_16:00_4e             34635122835          ENVIADO      POSITIVA (reacción emoji en texto) review enviada
29/5_17:30_4e             34610648642          ENVIADO      recordatorio FALLIDO (send_not_confirmed) -
29/5_17:30_4e             34610648642          ENVIADO      recordatorio FALLIDO (send_not_confirmed) -
29/5_17:30_4e             34610648642          ENVIADO      recordatorio FALLIDO (send_not_confirmed) -
29/5_17:30_4e             34610648642          ENVIADO      recordatorio FALLIDO (send_not_confirmed) -
29/5_17:30_4e             34610648642          ENVIADO      recordatorio enviado (48h) -
24/5_19:00_4e             34649515037          ENVIADO      POSITIVA                  review enviada
5/6_17:30_4e/csi          34%C2%A0661%C2%A017%C2%A038%C2%A050%E2%80%AC FALLIDO (intento 1) -                         -

[2026-06-06 13:20:16] POSITIVO | Fotos nuevas: 0 | Envios OK: 0 | Envios FAIL: 0 | Reviews negativas: 0 | Fotos borradas: 0

=== SESIÓN 13:53-19:19 (06/06/2026) ===
RESERVA                   TELÉFONO             ESTADO       RESPUESTA                 REVIEW
-----------------------------------------------------------------------------------------------
30/5_19:00_4e             34625490565          ENVIADO      sin respuesta             -
30/5_20:30_4e             34665943110          ENVIADO      sin respuesta             -
23/5_17:30_maf            34603458949          ENVIADO      recordatorio enviado (reacción en foto) -
23/5_19:00_maf            34649814146          ENVIADO      POSITIVA                  review enviada
24/5_19:00_4e             34649515037          ENVIADO      recordatorio enviado (48h) -
24/5_16:10_csi            34635280014          ENVIADO      recordatorio enviado (48h) -
29/5_17:30_4e             34610648642          ENVIADO      recordatorio FALLIDO (send_not_confirmed) -
29/5_17:40_csi            34651560074          ENVIADO      POSITIVA                  review enviada
30/5_11:30_4e             34647357305          ENVIADO      recordatorio enviado (48h) -
30/5_14:40_csi            31657059941          ENVIADO      POSITIVA                  review enviada
30/5_20:30_4e             34665943110          ENVIADO      POSITIVA                  review enviada
23/5_16:00_4e             34635122835          ENVIADO      recordatorio FALLIDO (send_not_confirmed) -
24/5_16:10_csi            34635280014          ENVIADO      POSITIVA                  review enviada
29/5_17:30_4e             34610648642          ENVIADO      recordatorio FALLIDO (send_not_confirmed) -
30/5_19:00_4e             34625490565          ENVIADO      POSITIVA                  review enviada
23/5_16:00_4e             34635122835          ENVIADO      POSITIVA (reacción emoji en texto) review enviada
29/5_17:30_4e             34610648642          ENVIADO      recordatorio FALLIDO (send_not_confirmed) -
29/5_17:30_4e             34610648642          ENVIADO      recordatorio FALLIDO (send_not_confirmed) -
29/5_17:30_4e             34610648642          ENVIADO      recordatorio FALLIDO (send_not_confirmed) -
29/5_17:30_4e             34610648642          ENVIADO      recordatorio FALLIDO (send_not_confirmed) -
29/5_17:30_4e             34610648642          ENVIADO      recordatorio enviado (48h) -
24/5_19:00_4e             34649515037          ENVIADO      POSITIVA                  review enviada
5/6_17:30_4e/csi          34%C2%A0661%C2%A017%C2%A038%C2%A050%E2%80%AC FALLIDO (intento 1) -                         -

[2026-06-06 13:36:27] POSITIVO | Fotos nuevas: 0 | Envios OK: 0 | Envios FAIL: 0 | Reviews negativas: 0 | Fotos borradas: 0

=== SESIÓN 13:53-19:19 (06/06/2026) ===
RESERVA                   TELÉFONO             ESTADO       RESPUESTA                 REVIEW
-----------------------------------------------------------------------------------------------
30/5_19:00_4e             34625490565          ENVIADO      sin respuesta             -
30/5_20:30_4e             34665943110          ENVIADO      sin respuesta             -
23/5_17:30_maf            34603458949          ENVIADO      recordatorio enviado (reacción en foto) -
23/5_19:00_maf            34649814146          ENVIADO      POSITIVA                  review enviada
24/5_19:00_4e             34649515037          ENVIADO      recordatorio enviado (48h) -
24/5_16:10_csi            34635280014          ENVIADO      recordatorio enviado (48h) -
29/5_17:30_4e             34610648642          ENVIADO      recordatorio FALLIDO (send_not_confirmed) -
29/5_17:40_csi            34651560074          ENVIADO      POSITIVA                  review enviada
30/5_11:30_4e             34647357305          ENVIADO      recordatorio enviado (48h) -
30/5_14:40_csi            31657059941          ENVIADO      POSITIVA                  review enviada
30/5_20:30_4e             34665943110          ENVIADO      POSITIVA                  review enviada
23/5_16:00_4e             34635122835          ENVIADO      recordatorio FALLIDO (send_not_confirmed) -
24/5_16:10_csi            34635280014          ENVIADO      POSITIVA                  review enviada
29/5_17:30_4e             34610648642          ENVIADO      recordatorio FALLIDO (send_not_confirmed) -
30/5_19:00_4e             34625490565          ENVIADO      POSITIVA                  review enviada
23/5_16:00_4e             34635122835          ENVIADO      POSITIVA (reacción emoji en texto) review enviada
29/5_17:30_4e             34610648642          ENVIADO      recordatorio FALLIDO (send_not_confirmed) -
29/5_17:30_4e             34610648642          ENVIADO      recordatorio FALLIDO (send_not_confirmed) -
29/5_17:30_4e             34610648642          ENVIADO      recordatorio FALLIDO (send_not_confirmed) -
29/5_17:30_4e             34610648642          ENVIADO      recordatorio FALLIDO (send_not_confirmed) -
29/5_17:30_4e             34610648642          ENVIADO      recordatorio enviado (48h) -
24/5_19:00_4e             34649515037          ENVIADO      POSITIVA                  review enviada
5/6_17:30_4e/csi          34%C2%A0661%C2%A017%C2%A038%C2%A050%E2%80%AC FALLIDO (intento 1) -                         -

[2026-06-06 13:52:38] POSITIVO | Fotos nuevas: 0 | Envios OK: 0 | Envios FAIL: 0 | Reviews negativas: 0 | Fotos borradas: 0

=== SESIÓN 13:53-19:19 (06/06/2026) ===
RESERVA                   TELÉFONO             ESTADO       RESPUESTA                 REVIEW
-----------------------------------------------------------------------------------------------
30/5_19:00_4e             34625490565          ENVIADO      sin respuesta             -
30/5_20:30_4e             34665943110          ENVIADO      sin respuesta             -
23/5_17:30_maf            34603458949          ENVIADO      recordatorio enviado (reacción en foto) -
23/5_19:00_maf            34649814146          ENVIADO      POSITIVA                  review enviada
24/5_19:00_4e             34649515037          ENVIADO      recordatorio enviado (48h) -
24/5_16:10_csi            34635280014          ENVIADO      recordatorio enviado (48h) -
29/5_17:30_4e             34610648642          ENVIADO      recordatorio FALLIDO (send_not_confirmed) -
29/5_17:40_csi            34651560074          ENVIADO      POSITIVA                  review enviada
30/5_11:30_4e             34647357305          ENVIADO      recordatorio enviado (48h) -
30/5_14:40_csi            31657059941          ENVIADO      POSITIVA                  review enviada
30/5_20:30_4e             34665943110          ENVIADO      POSITIVA                  review enviada
23/5_16:00_4e             34635122835          ENVIADO      recordatorio FALLIDO (send_not_confirmed) -
24/5_16:10_csi            34635280014          ENVIADO      POSITIVA                  review enviada
29/5_17:30_4e             34610648642          ENVIADO      recordatorio FALLIDO (send_not_confirmed) -
30/5_19:00_4e             34625490565          ENVIADO      POSITIVA                  review enviada
23/5_16:00_4e             34635122835          ENVIADO      POSITIVA (reacción emoji en texto) review enviada
29/5_17:30_4e             34610648642          ENVIADO      recordatorio FALLIDO (send_not_confirmed) -
29/5_17:30_4e             34610648642          ENVIADO      recordatorio FALLIDO (send_not_confirmed) -
29/5_17:30_4e             34610648642          ENVIADO      recordatorio FALLIDO (send_not_confirmed) -
29/5_17:30_4e             34610648642          ENVIADO      recordatorio FALLIDO (send_not_confirmed) -
29/5_17:30_4e             34610648642          ENVIADO      recordatorio enviado (48h) -
24/5_19:00_4e             34649515037          ENVIADO      POSITIVA                  review enviada
5/6_17:30_4e/csi          34%C2%A0661%C2%A017%C2%A038%C2%A050%E2%80%AC FALLIDO (intento 1) -                         -

[2026-06-06 14:08:50] POSITIVO | Fotos nuevas: 0 | Envios OK: 0 | Envios FAIL: 0 | Reviews negativas: 0 | Fotos borradas: 0

=== SESIÓN 13:53-19:19 (06/06/2026) ===
RESERVA                   TELÉFONO             ESTADO       RESPUESTA                 REVIEW
-----------------------------------------------------------------------------------------------
30/5_19:00_4e             34625490565          ENVIADO      sin respuesta             -
30/5_20:30_4e             34665943110          ENVIADO      sin respuesta             -
23/5_17:30_maf            34603458949          ENVIADO      recordatorio enviado (reacción en foto) -
23/5_19:00_maf            34649814146          ENVIADO      POSITIVA                  review enviada
24/5_19:00_4e             34649515037          ENVIADO      recordatorio enviado (48h) -
24/5_16:10_csi            34635280014          ENVIADO      recordatorio enviado (48h) -
29/5_17:30_4e             34610648642          ENVIADO      recordatorio FALLIDO (send_not_confirmed) -
29/5_17:40_csi            34651560074          ENVIADO      POSITIVA                  review enviada
30/5_11:30_4e             34647357305          ENVIADO      recordatorio enviado (48h) -
30/5_14:40_csi            31657059941          ENVIADO      POSITIVA                  review enviada
30/5_20:30_4e             34665943110          ENVIADO      POSITIVA                  review enviada
23/5_16:00_4e             34635122835          ENVIADO      recordatorio FALLIDO (send_not_confirmed) -
24/5_16:10_csi            34635280014          ENVIADO      POSITIVA                  review enviada
29/5_17:30_4e             34610648642          ENVIADO      recordatorio FALLIDO (send_not_confirmed) -
30/5_19:00_4e             34625490565          ENVIADO      POSITIVA                  review enviada
23/5_16:00_4e             34635122835          ENVIADO      POSITIVA (reacción emoji en texto) review enviada
29/5_17:30_4e             34610648642          ENVIADO      recordatorio FALLIDO (send_not_confirmed) -
29/5_17:30_4e             34610648642          ENVIADO      recordatorio FALLIDO (send_not_confirmed) -
29/5_17:30_4e             34610648642          ENVIADO      recordatorio FALLIDO (send_not_confirmed) -
29/5_17:30_4e             34610648642          ENVIADO      recordatorio FALLIDO (send_not_confirmed) -
29/5_17:30_4e             34610648642          ENVIADO      recordatorio enviado (48h) -
24/5_19:00_4e             34649515037          ENVIADO      POSITIVA                  review enviada
5/6_17:30_4e/csi          34%C2%A0661%C2%A017%C2%A038%C2%A050%E2%80%AC FALLIDO (intento 1) -                         -

[2026-06-06 14:25:02] POSITIVO | Fotos nuevas: 0 | Envios OK: 0 | Envios FAIL: 0 | Reviews negativas: 0 | Fotos borradas: 0

=== SESIÓN 13:53-19:19 (06/06/2026) ===
RESERVA                   TELÉFONO             ESTADO       RESPUESTA                 REVIEW
-----------------------------------------------------------------------------------------------
30/5_19:00_4e             34625490565          ENVIADO      sin respuesta             -
30/5_20:30_4e             34665943110          ENVIADO      sin respuesta             -
23/5_17:30_maf            34603458949          ENVIADO      recordatorio enviado (reacción en foto) -
23/5_19:00_maf            34649814146          ENVIADO      POSITIVA                  review enviada
24/5_19:00_4e             34649515037          ENVIADO      recordatorio enviado (48h) -
24/5_16:10_csi            34635280014          ENVIADO      recordatorio enviado (48h) -
29/5_17:30_4e             34610648642          ENVIADO      recordatorio FALLIDO (send_not_confirmed) -
29/5_17:40_csi            34651560074          ENVIADO      POSITIVA                  review enviada
30/5_11:30_4e             34647357305          ENVIADO      recordatorio enviado (48h) -
30/5_14:40_csi            31657059941          ENVIADO      POSITIVA                  review enviada
30/5_20:30_4e             34665943110          ENVIADO      POSITIVA                  review enviada
23/5_16:00_4e             34635122835          ENVIADO      recordatorio FALLIDO (send_not_confirmed) -
24/5_16:10_csi            34635280014          ENVIADO      POSITIVA                  review enviada
29/5_17:30_4e             34610648642          ENVIADO      recordatorio FALLIDO (send_not_confirmed) -
30/5_19:00_4e             34625490565          ENVIADO      POSITIVA                  review enviada
23/5_16:00_4e             34635122835          ENVIADO      POSITIVA (reacción emoji en texto) review enviada
29/5_17:30_4e             34610648642          ENVIADO      recordatorio FALLIDO (send_not_confirmed) -
29/5_17:30_4e             34610648642          ENVIADO      recordatorio FALLIDO (send_not_confirmed) -
29/5_17:30_4e             34610648642          ENVIADO      recordatorio FALLIDO (send_not_confirmed) -
29/5_17:30_4e             34610648642          ENVIADO      recordatorio FALLIDO (send_not_confirmed) -
29/5_17:30_4e             34610648642          ENVIADO      recordatorio enviado (48h) -
24/5_19:00_4e             34649515037          ENVIADO      POSITIVA                  review enviada
5/6_17:30_4e/csi          34%C2%A0661%C2%A017%C2%A038%C2%A050%E2%80%AC FALLIDO (intento 1) -                         -

[2026-06-06 14:41:13] POSITIVO | Fotos nuevas: 0 | Envios OK: 0 | Envios FAIL: 0 | Reviews negativas: 0 | Fotos borradas: 0

=== SESIÓN 13:53-19:19 (06/06/2026) ===
RESERVA                   TELÉFONO             ESTADO       RESPUESTA                 REVIEW
-----------------------------------------------------------------------------------------------
30/5_19:00_4e             34625490565          ENVIADO      sin respuesta             -
30/5_20:30_4e             34665943110          ENVIADO      sin respuesta             -
23/5_17:30_maf            34603458949          ENVIADO      recordatorio enviado (reacción en foto) -
23/5_19:00_maf            34649814146          ENVIADO      POSITIVA                  review enviada
24/5_19:00_4e             34649515037          ENVIADO      recordatorio enviado (48h) -
24/5_16:10_csi            34635280014          ENVIADO      recordatorio enviado (48h) -
29/5_17:30_4e             34610648642          ENVIADO      recordatorio FALLIDO (send_not_confirmed) -
29/5_17:40_csi            34651560074          ENVIADO      POSITIVA                  review enviada
30/5_11:30_4e             34647357305          ENVIADO      recordatorio enviado (48h) -
30/5_14:40_csi            31657059941          ENVIADO      POSITIVA                  review enviada
30/5_20:30_4e             34665943110          ENVIADO      POSITIVA                  review enviada
23/5_16:00_4e             34635122835          ENVIADO      recordatorio FALLIDO (send_not_confirmed) -
24/5_16:10_csi            34635280014          ENVIADO      POSITIVA                  review enviada
29/5_17:30_4e             34610648642          ENVIADO      recordatorio FALLIDO (send_not_confirmed) -
30/5_19:00_4e             34625490565          ENVIADO      POSITIVA                  review enviada
23/5_16:00_4e             34635122835          ENVIADO      POSITIVA (reacción emoji en texto) review enviada
29/5_17:30_4e             34610648642          ENVIADO      recordatorio FALLIDO (send_not_confirmed) -
29/5_17:30_4e             34610648642          ENVIADO      recordatorio FALLIDO (send_not_confirmed) -
29/5_17:30_4e             34610648642          ENVIADO      recordatorio FALLIDO (send_not_confirmed) -
29/5_17:30_4e             34610648642          ENVIADO      recordatorio FALLIDO (send_not_confirmed) -
29/5_17:30_4e             34610648642          ENVIADO      recordatorio enviado (48h) -
24/5_19:00_4e             34649515037          ENVIADO      POSITIVA                  review enviada
5/6_17:30_4e/csi          34%C2%A0661%C2%A017%C2%A038%C2%A050%E2%80%AC FALLIDO (intento 1) -                         -

[2026-06-06 14:57:21] POSITIVO | Fotos nuevas: 0 | Envios OK: 0 | Envios FAIL: 0 | Reviews negativas: 0 | Fotos borradas: 0

=== SESIÓN 13:53-19:19 (06/06/2026) ===
RESERVA                   TELÉFONO             ESTADO       RESPUESTA                 REVIEW
-----------------------------------------------------------------------------------------------
30/5_19:00_4e             34625490565          ENVIADO      sin respuesta             -
30/5_20:30_4e             34665943110          ENVIADO      sin respuesta             -
23/5_17:30_maf            34603458949          ENVIADO      recordatorio enviado (reacción en foto) -
23/5_19:00_maf            34649814146          ENVIADO      POSITIVA                  review enviada
24/5_19:00_4e             34649515037          ENVIADO      recordatorio enviado (48h) -
24/5_16:10_csi            34635280014          ENVIADO      recordatorio enviado (48h) -
29/5_17:30_4e             34610648642          ENVIADO      recordatorio FALLIDO (send_not_confirmed) -
29/5_17:40_csi            34651560074          ENVIADO      POSITIVA                  review enviada
30/5_11:30_4e             34647357305          ENVIADO      recordatorio enviado (48h) -
30/5_14:40_csi            31657059941          ENVIADO      POSITIVA                  review enviada
30/5_20:30_4e             34665943110          ENVIADO      POSITIVA                  review enviada
23/5_16:00_4e             34635122835          ENVIADO      recordatorio FALLIDO (send_not_confirmed) -
24/5_16:10_csi            34635280014          ENVIADO      POSITIVA                  review enviada
29/5_17:30_4e             34610648642          ENVIADO      recordatorio FALLIDO (send_not_confirmed) -
30/5_19:00_4e             34625490565          ENVIADO      POSITIVA                  review enviada
23/5_16:00_4e             34635122835          ENVIADO      POSITIVA (reacción emoji en texto) review enviada
29/5_17:30_4e             34610648642          ENVIADO      recordatorio FALLIDO (send_not_confirmed) -
29/5_17:30_4e             34610648642          ENVIADO      recordatorio FALLIDO (send_not_confirmed) -
29/5_17:30_4e             34610648642          ENVIADO      recordatorio FALLIDO (send_not_confirmed) -
29/5_17:30_4e             34610648642          ENVIADO      recordatorio FALLIDO (send_not_confirmed) -
29/5_17:30_4e             34610648642          ENVIADO      recordatorio enviado (48h) -
24/5_19:00_4e             34649515037          ENVIADO      POSITIVA                  review enviada
5/6_17:30_4e/csi          34%C2%A0661%C2%A017%C2%A038%C2%A050%E2%80%AC FALLIDO (intento 1) -                         -

[2026-06-06 15:13:30] POSITIVO | Fotos nuevas: 0 | Envios OK: 0 | Envios FAIL: 0 | Reviews negativas: 0 | Fotos borradas: 0

=== SESIÓN 13:53-19:19 (06/06/2026) ===
RESERVA                   TELÉFONO             ESTADO       RESPUESTA                 REVIEW
-----------------------------------------------------------------------------------------------
30/5_19:00_4e             34625490565          ENVIADO      sin respuesta             -
30/5_20:30_4e             34665943110          ENVIADO      sin respuesta             -
23/5_17:30_maf            34603458949          ENVIADO      recordatorio enviado (reacción en foto) -
23/5_19:00_maf            34649814146          ENVIADO      POSITIVA                  review enviada
24/5_19:00_4e             34649515037          ENVIADO      recordatorio enviado (48h) -
24/5_16:10_csi            34635280014          ENVIADO      recordatorio enviado (48h) -
29/5_17:30_4e             34610648642          ENVIADO      recordatorio FALLIDO (send_not_confirmed) -
29/5_17:40_csi            34651560074          ENVIADO      POSITIVA                  review enviada
30/5_11:30_4e             34647357305          ENVIADO      recordatorio enviado (48h) -
30/5_14:40_csi            31657059941          ENVIADO      POSITIVA                  review enviada
30/5_20:30_4e             34665943110          ENVIADO      POSITIVA                  review enviada
23/5_16:00_4e             34635122835          ENVIADO      recordatorio FALLIDO (send_not_confirmed) -
24/5_16:10_csi            34635280014          ENVIADO      POSITIVA                  review enviada
29/5_17:30_4e             34610648642          ENVIADO      recordatorio FALLIDO (send_not_confirmed) -
30/5_19:00_4e             34625490565          ENVIADO      POSITIVA                  review enviada
23/5_16:00_4e             34635122835          ENVIADO      POSITIVA (reacción emoji en texto) review enviada
29/5_17:30_4e             34610648642          ENVIADO      recordatorio FALLIDO (send_not_confirmed) -
29/5_17:30_4e             34610648642          ENVIADO      recordatorio FALLIDO (send_not_confirmed) -
29/5_17:30_4e             34610648642          ENVIADO      recordatorio FALLIDO (send_not_confirmed) -
29/5_17:30_4e             34610648642          ENVIADO      recordatorio FALLIDO (send_not_confirmed) -
29/5_17:30_4e             34610648642          ENVIADO      recordatorio enviado (48h) -
24/5_19:00_4e             34649515037          ENVIADO      POSITIVA                  review enviada
5/6_17:30_4e/csi          34%C2%A0661%C2%A017%C2%A038%C2%A050%E2%80%AC FALLIDO (intento 1) -                         -

[2026-06-06 15:29:42] POSITIVO | Fotos nuevas: 0 | Envios OK: 0 | Envios FAIL: 0 | Reviews negativas: 0 | Fotos borradas: 0

=== SESIÓN 13:53-19:19 (06/06/2026) ===
RESERVA                   TELÉFONO             ESTADO       RESPUESTA                 REVIEW
-----------------------------------------------------------------------------------------------
30/5_19:00_4e             34625490565          ENVIADO      sin respuesta             -
30/5_20:30_4e             34665943110          ENVIADO      sin respuesta             -
23/5_17:30_maf            34603458949          ENVIADO      recordatorio enviado (reacción en foto) -
23/5_19:00_maf            34649814146          ENVIADO      POSITIVA                  review enviada
24/5_19:00_4e             34649515037          ENVIADO      recordatorio enviado (48h) -
24/5_16:10_csi            34635280014          ENVIADO      recordatorio enviado (48h) -
29/5_17:30_4e             34610648642          ENVIADO      recordatorio FALLIDO (send_not_confirmed) -
29/5_17:40_csi            34651560074          ENVIADO      POSITIVA                  review enviada
30/5_11:30_4e             34647357305          ENVIADO      recordatorio enviado (48h) -
30/5_14:40_csi            31657059941          ENVIADO      POSITIVA                  review enviada
30/5_20:30_4e             34665943110          ENVIADO      POSITIVA                  review enviada
23/5_16:00_4e             34635122835          ENVIADO      recordatorio FALLIDO (send_not_confirmed) -
24/5_16:10_csi            34635280014          ENVIADO      POSITIVA                  review enviada
29/5_17:30_4e             34610648642          ENVIADO      recordatorio FALLIDO (send_not_confirmed) -
30/5_19:00_4e             34625490565          ENVIADO      POSITIVA                  review enviada
23/5_16:00_4e             34635122835          ENVIADO      POSITIVA (reacción emoji en texto) review enviada
29/5_17:30_4e             34610648642          ENVIADO      recordatorio FALLIDO (send_not_confirmed) -
29/5_17:30_4e             34610648642          ENVIADO      recordatorio FALLIDO (send_not_confirmed) -
29/5_17:30_4e             34610648642          ENVIADO      recordatorio FALLIDO (send_not_confirmed) -
29/5_17:30_4e             34610648642          ENVIADO      recordatorio FALLIDO (send_not_confirmed) -
29/5_17:30_4e             34610648642          ENVIADO      recordatorio enviado (48h) -
24/5_19:00_4e             34649515037          ENVIADO      POSITIVA                  review enviada
5/6_17:30_4e/csi          34%C2%A0661%C2%A017%C2%A038%C2%A050%E2%80%AC FALLIDO (intento 1) -                         -

[2026-06-06 15:45:53] POSITIVO | Fotos nuevas: 0 | Envios OK: 0 | Envios FAIL: 0 | Reviews negativas: 0 | Fotos borradas: 0

=== SESIÓN 13:53-19:19 (06/06/2026) ===
RESERVA                   TELÉFONO             ESTADO       RESPUESTA                 REVIEW
-----------------------------------------------------------------------------------------------
30/5_19:00_4e             34625490565          ENVIADO      sin respuesta             -
30/5_20:30_4e             34665943110          ENVIADO      sin respuesta             -
23/5_17:30_maf            34603458949          ENVIADO      recordatorio enviado (reacción en foto) -
23/5_19:00_maf            34649814146          ENVIADO      POSITIVA                  review enviada
24/5_19:00_4e             34649515037          ENVIADO      recordatorio enviado (48h) -
24/5_16:10_csi            34635280014          ENVIADO      recordatorio enviado (48h) -
29/5_17:30_4e             34610648642          ENVIADO      recordatorio FALLIDO (send_not_confirmed) -
29/5_17:40_csi            34651560074          ENVIADO      POSITIVA                  review enviada
30/5_11:30_4e             34647357305          ENVIADO      recordatorio enviado (48h) -
30/5_14:40_csi            31657059941          ENVIADO      POSITIVA                  review enviada
30/5_20:30_4e             34665943110          ENVIADO      POSITIVA                  review enviada
23/5_16:00_4e             34635122835          ENVIADO      recordatorio FALLIDO (send_not_confirmed) -
24/5_16:10_csi            34635280014          ENVIADO      POSITIVA                  review enviada
29/5_17:30_4e             34610648642          ENVIADO      recordatorio FALLIDO (send_not_confirmed) -
30/5_19:00_4e             34625490565          ENVIADO      POSITIVA                  review enviada
23/5_16:00_4e             34635122835          ENVIADO      POSITIVA (reacción emoji en texto) review enviada
29/5_17:30_4e             34610648642          ENVIADO      recordatorio FALLIDO (send_not_confirmed) -
29/5_17:30_4e             34610648642          ENVIADO      recordatorio FALLIDO (send_not_confirmed) -
29/5_17:30_4e             34610648642          ENVIADO      recordatorio FALLIDO (send_not_confirmed) -
29/5_17:30_4e             34610648642          ENVIADO      recordatorio FALLIDO (send_not_confirmed) -
29/5_17:30_4e             34610648642          ENVIADO      recordatorio enviado (48h) -
24/5_19:00_4e             34649515037          ENVIADO      POSITIVA                  review enviada
5/6_17:30_4e/csi          34%C2%A0661%C2%A017%C2%A038%C2%A050%E2%80%AC FALLIDO (intento 1) -                         -

[2026-06-06 16:02:04] POSITIVO | Fotos nuevas: 0 | Envios OK: 0 | Envios FAIL: 0 | Reviews negativas: 0 | Fotos borradas: 0

=== SESIÓN 13:53-19:19 (06/06/2026) ===
RESERVA                   TELÉFONO             ESTADO       RESPUESTA                 REVIEW
-----------------------------------------------------------------------------------------------
30/5_19:00_4e             34625490565          ENVIADO      sin respuesta             -
30/5_20:30_4e             34665943110          ENVIADO      sin respuesta             -
23/5_17:30_maf            34603458949          ENVIADO      recordatorio enviado (reacción en foto) -
23/5_19:00_maf            34649814146          ENVIADO      POSITIVA                  review enviada
24/5_19:00_4e             34649515037          ENVIADO      recordatorio enviado (48h) -
24/5_16:10_csi            34635280014          ENVIADO      recordatorio enviado (48h) -
29/5_17:30_4e             34610648642          ENVIADO      recordatorio FALLIDO (send_not_confirmed) -
29/5_17:40_csi            34651560074          ENVIADO      POSITIVA                  review enviada
30/5_11:30_4e             34647357305          ENVIADO      recordatorio enviado (48h) -
30/5_14:40_csi            31657059941          ENVIADO      POSITIVA                  review enviada
30/5_20:30_4e             34665943110          ENVIADO      POSITIVA                  review enviada
23/5_16:00_4e             34635122835          ENVIADO      recordatorio FALLIDO (send_not_confirmed) -
24/5_16:10_csi            34635280014          ENVIADO      POSITIVA                  review enviada
29/5_17:30_4e             34610648642          ENVIADO      recordatorio FALLIDO (send_not_confirmed) -
30/5_19:00_4e             34625490565          ENVIADO      POSITIVA                  review enviada
23/5_16:00_4e             34635122835          ENVIADO      POSITIVA (reacción emoji en texto) review enviada
29/5_17:30_4e             34610648642          ENVIADO      recordatorio FALLIDO (send_not_confirmed) -
29/5_17:30_4e             34610648642          ENVIADO      recordatorio FALLIDO (send_not_confirmed) -
29/5_17:30_4e             34610648642          ENVIADO      recordatorio FALLIDO (send_not_confirmed) -
29/5_17:30_4e             34610648642          ENVIADO      recordatorio FALLIDO (send_not_confirmed) -
29/5_17:30_4e             34610648642          ENVIADO      recordatorio enviado (48h) -
24/5_19:00_4e             34649515037          ENVIADO      POSITIVA                  review enviada
5/6_17:30_4e/csi          34%C2%A0661%C2%A017%C2%A038%C2%A050%E2%80%AC FALLIDO (intento 1) -                         -

[2026-06-06 16:18:14] POSITIVO | Fotos nuevas: 0 | Envios OK: 0 | Envios FAIL: 0 | Reviews negativas: 0 | Fotos borradas: 0

=== SESIÓN 13:53-19:19 (06/06/2026) ===
RESERVA                   TELÉFONO             ESTADO       RESPUESTA                 REVIEW
-----------------------------------------------------------------------------------------------
30/5_19:00_4e             34625490565          ENVIADO      sin respuesta             -
30/5_20:30_4e             34665943110          ENVIADO      sin respuesta             -
23/5_17:30_maf            34603458949          ENVIADO      recordatorio enviado (reacción en foto) -
23/5_19:00_maf            34649814146          ENVIADO      POSITIVA                  review enviada
24/5_19:00_4e             34649515037          ENVIADO      recordatorio enviado (48h) -
24/5_16:10_csi            34635280014          ENVIADO      recordatorio enviado (48h) -
29/5_17:30_4e             34610648642          ENVIADO      recordatorio FALLIDO (send_not_confirmed) -
29/5_17:40_csi            34651560074          ENVIADO      POSITIVA                  review enviada
30/5_11:30_4e             34647357305          ENVIADO      recordatorio enviado (48h) -
30/5_14:40_csi            31657059941          ENVIADO      POSITIVA                  review enviada
30/5_20:30_4e             34665943110          ENVIADO      POSITIVA                  review enviada
23/5_16:00_4e             34635122835          ENVIADO      recordatorio FALLIDO (send_not_confirmed) -
24/5_16:10_csi            34635280014          ENVIADO      POSITIVA                  review enviada
29/5_17:30_4e             34610648642          ENVIADO      recordatorio FALLIDO (send_not_confirmed) -
30/5_19:00_4e             34625490565          ENVIADO      POSITIVA                  review enviada
23/5_16:00_4e             34635122835          ENVIADO      POSITIVA (reacción emoji en texto) review enviada
29/5_17:30_4e             34610648642          ENVIADO      recordatorio FALLIDO (send_not_confirmed) -
29/5_17:30_4e             34610648642          ENVIADO      recordatorio FALLIDO (send_not_confirmed) -
29/5_17:30_4e             34610648642          ENVIADO      recordatorio FALLIDO (send_not_confirmed) -
29/5_17:30_4e             34610648642          ENVIADO      recordatorio FALLIDO (send_not_confirmed) -
29/5_17:30_4e             34610648642          ENVIADO      recordatorio enviado (48h) -
24/5_19:00_4e             34649515037          ENVIADO      POSITIVA                  review enviada
5/6_17:30_4e/csi          34%C2%A0661%C2%A017%C2%A038%C2%A050%E2%80%AC FALLIDO (intento 1) -                         -

[2026-06-06 16:34:23] POSITIVO | Fotos nuevas: 0 | Envios OK: 0 | Envios FAIL: 0 | Reviews negativas: 0 | Fotos borradas: 0

=== SESIÓN 13:53-19:19 (06/06/2026) ===
RESERVA                   TELÉFONO             ESTADO       RESPUESTA                 REVIEW
-----------------------------------------------------------------------------------------------
30/5_19:00_4e             34625490565          ENVIADO      sin respuesta             -
30/5_20:30_4e             34665943110          ENVIADO      sin respuesta             -
23/5_17:30_maf            34603458949          ENVIADO      recordatorio enviado (reacción en foto) -
23/5_19:00_maf            34649814146          ENVIADO      POSITIVA                  review enviada
24/5_19:00_4e             34649515037          ENVIADO      recordatorio enviado (48h) -
24/5_16:10_csi            34635280014          ENVIADO      recordatorio enviado (48h) -
29/5_17:30_4e             34610648642          ENVIADO      recordatorio FALLIDO (send_not_confirmed) -
29/5_17:40_csi            34651560074          ENVIADO      POSITIVA                  review enviada
30/5_11:30_4e             34647357305          ENVIADO      recordatorio enviado (48h) -
30/5_14:40_csi            31657059941          ENVIADO      POSITIVA                  review enviada
30/5_20:30_4e             34665943110          ENVIADO      POSITIVA                  review enviada
23/5_16:00_4e             34635122835          ENVIADO      recordatorio FALLIDO (send_not_confirmed) -
24/5_16:10_csi            34635280014          ENVIADO      POSITIVA                  review enviada
29/5_17:30_4e             34610648642          ENVIADO      recordatorio FALLIDO (send_not_confirmed) -
30/5_19:00_4e             34625490565          ENVIADO      POSITIVA                  review enviada
23/5_16:00_4e             34635122835          ENVIADO      POSITIVA (reacción emoji en texto) review enviada
29/5_17:30_4e             34610648642          ENVIADO      recordatorio FALLIDO (send_not_confirmed) -
29/5_17:30_4e             34610648642          ENVIADO      recordatorio FALLIDO (send_not_confirmed) -
29/5_17:30_4e             34610648642          ENVIADO      recordatorio FALLIDO (send_not_confirmed) -
29/5_17:30_4e             34610648642          ENVIADO      recordatorio FALLIDO (send_not_confirmed) -
29/5_17:30_4e             34610648642          ENVIADO      recordatorio enviado (48h) -
24/5_19:00_4e             34649515037          ENVIADO      POSITIVA                  review enviada
5/6_17:30_4e/csi          34%C2%A0661%C2%A017%C2%A038%C2%A050%E2%80%AC FALLIDO (intento 1) -                         -

[2026-06-06 16:50:32] POSITIVO | Fotos nuevas: 0 | Envios OK: 0 | Envios FAIL: 0 | Reviews negativas: 0 | Fotos borradas: 0

=== SESIÓN 13:53-19:19 (06/06/2026) ===
RESERVA                   TELÉFONO             ESTADO       RESPUESTA                 REVIEW
-----------------------------------------------------------------------------------------------
30/5_19:00_4e             34625490565          ENVIADO      sin respuesta             -
30/5_20:30_4e             34665943110          ENVIADO      sin respuesta             -
23/5_17:30_maf            34603458949          ENVIADO      recordatorio enviado (reacción en foto) -
23/5_19:00_maf            34649814146          ENVIADO      POSITIVA                  review enviada
24/5_19:00_4e             34649515037          ENVIADO      recordatorio enviado (48h) -
24/5_16:10_csi            34635280014          ENVIADO      recordatorio enviado (48h) -
29/5_17:30_4e             34610648642          ENVIADO      recordatorio FALLIDO (send_not_confirmed) -
29/5_17:40_csi            34651560074          ENVIADO      POSITIVA                  review enviada
30/5_11:30_4e             34647357305          ENVIADO      recordatorio enviado (48h) -
30/5_14:40_csi            31657059941          ENVIADO      POSITIVA                  review enviada
30/5_20:30_4e             34665943110          ENVIADO      POSITIVA                  review enviada
23/5_16:00_4e             34635122835          ENVIADO      recordatorio FALLIDO (send_not_confirmed) -
24/5_16:10_csi            34635280014          ENVIADO      POSITIVA                  review enviada
29/5_17:30_4e             34610648642          ENVIADO      recordatorio FALLIDO (send_not_confirmed) -
30/5_19:00_4e             34625490565          ENVIADO      POSITIVA                  review enviada
23/5_16:00_4e             34635122835          ENVIADO      POSITIVA (reacción emoji en texto) review enviada
29/5_17:30_4e             34610648642          ENVIADO      recordatorio FALLIDO (send_not_confirmed) -
29/5_17:30_4e             34610648642          ENVIADO      recordatorio FALLIDO (send_not_confirmed) -
29/5_17:30_4e             34610648642          ENVIADO      recordatorio FALLIDO (send_not_confirmed) -
29/5_17:30_4e             34610648642          ENVIADO      recordatorio FALLIDO (send_not_confirmed) -
29/5_17:30_4e             34610648642          ENVIADO      recordatorio enviado (48h) -
24/5_19:00_4e             34649515037          ENVIADO      POSITIVA                  review enviada
5/6_17:30_4e/csi          34%C2%A0661%C2%A017%C2%A038%C2%A050%E2%80%AC FALLIDO (intento 1) -                         -

[2026-06-06 17:06:43] POSITIVO | Fotos nuevas: 0 | Envios OK: 0 | Envios FAIL: 0 | Reviews negativas: 0 | Fotos borradas: 0

=== SESIÓN 13:53-19:19 (06/06/2026) ===
RESERVA                   TELÉFONO             ESTADO       RESPUESTA                 REVIEW
-----------------------------------------------------------------------------------------------
30/5_19:00_4e             34625490565          ENVIADO      sin respuesta             -
30/5_20:30_4e             34665943110          ENVIADO      sin respuesta             -
23/5_17:30_maf            34603458949          ENVIADO      recordatorio enviado (reacción en foto) -
23/5_19:00_maf            34649814146          ENVIADO      POSITIVA                  review enviada
24/5_19:00_4e             34649515037          ENVIADO      recordatorio enviado (48h) -
24/5_16:10_csi            34635280014          ENVIADO      recordatorio enviado (48h) -
29/5_17:30_4e             34610648642          ENVIADO      recordatorio FALLIDO (send_not_confirmed) -
29/5_17:40_csi            34651560074          ENVIADO      POSITIVA                  review enviada
30/5_11:30_4e             34647357305          ENVIADO      recordatorio enviado (48h) -
30/5_14:40_csi            31657059941          ENVIADO      POSITIVA                  review enviada
30/5_20:30_4e             34665943110          ENVIADO      POSITIVA                  review enviada
23/5_16:00_4e             34635122835          ENVIADO      recordatorio FALLIDO (send_not_confirmed) -
24/5_16:10_csi            34635280014          ENVIADO      POSITIVA                  review enviada
29/5_17:30_4e             34610648642          ENVIADO      recordatorio FALLIDO (send_not_confirmed) -
30/5_19:00_4e             34625490565          ENVIADO      POSITIVA                  review enviada
23/5_16:00_4e             34635122835          ENVIADO      POSITIVA (reacción emoji en texto) review enviada
29/5_17:30_4e             34610648642          ENVIADO      recordatorio FALLIDO (send_not_confirmed) -
29/5_17:30_4e             34610648642          ENVIADO      recordatorio FALLIDO (send_not_confirmed) -
29/5_17:30_4e             34610648642          ENVIADO      recordatorio FALLIDO (send_not_confirmed) -
29/5_17:30_4e             34610648642          ENVIADO      recordatorio FALLIDO (send_not_confirmed) -
29/5_17:30_4e             34610648642          ENVIADO      recordatorio enviado (48h) -
24/5_19:00_4e             34649515037          ENVIADO      POSITIVA                  review enviada
5/6_17:30_4e/csi          34%C2%A0661%C2%A017%C2%A038%C2%A050%E2%80%AC FALLIDO (intento 1) -                         -

[2026-06-06 17:22:57] POSITIVO | Fotos nuevas: 0 | Envios OK: 0 | Envios FAIL: 0 | Reviews negativas: 0 | Fotos borradas: 0

=== SESIÓN 13:53-19:19 (06/06/2026) ===
RESERVA                   TELÉFONO             ESTADO       RESPUESTA                 REVIEW
-----------------------------------------------------------------------------------------------
30/5_19:00_4e             34625490565          ENVIADO      sin respuesta             -
30/5_20:30_4e             34665943110          ENVIADO      sin respuesta             -
23/5_17:30_maf            34603458949          ENVIADO      recordatorio enviado (reacción en foto) -
23/5_19:00_maf            34649814146          ENVIADO      POSITIVA                  review enviada
24/5_19:00_4e             34649515037          ENVIADO      recordatorio enviado (48h) -
24/5_16:10_csi            34635280014          ENVIADO      recordatorio enviado (48h) -
29/5_17:30_4e             34610648642          ENVIADO      recordatorio FALLIDO (send_not_confirmed) -
29/5_17:40_csi            34651560074          ENVIADO      POSITIVA                  review enviada
30/5_11:30_4e             34647357305          ENVIADO      recordatorio enviado (48h) -
30/5_14:40_csi            31657059941          ENVIADO      POSITIVA                  review enviada
30/5_20:30_4e             34665943110          ENVIADO      POSITIVA                  review enviada
23/5_16:00_4e             34635122835          ENVIADO      recordatorio FALLIDO (send_not_confirmed) -
24/5_16:10_csi            34635280014          ENVIADO      POSITIVA                  review enviada
29/5_17:30_4e             34610648642          ENVIADO      recordatorio FALLIDO (send_not_confirmed) -
30/5_19:00_4e             34625490565          ENVIADO      POSITIVA                  review enviada
23/5_16:00_4e             34635122835          ENVIADO      POSITIVA (reacción emoji en texto) review enviada
29/5_17:30_4e             34610648642          ENVIADO      recordatorio FALLIDO (send_not_confirmed) -
29/5_17:30_4e             34610648642          ENVIADO      recordatorio FALLIDO (send_not_confirmed) -
29/5_17:30_4e             34610648642          ENVIADO      recordatorio FALLIDO (send_not_confirmed) -
29/5_17:30_4e             34610648642          ENVIADO      recordatorio FALLIDO (send_not_confirmed) -
29/5_17:30_4e             34610648642          ENVIADO      recordatorio enviado (48h) -
24/5_19:00_4e             34649515037          ENVIADO      POSITIVA                  review enviada
5/6_17:30_4e/csi          34%C2%A0661%C2%A017%C2%A038%C2%A050%E2%80%AC FALLIDO (intento 1) -                         -

[2026-06-06 17:39:05] POSITIVO | Fotos nuevas: 0 | Envios OK: 0 | Envios FAIL: 0 | Reviews negativas: 0 | Fotos borradas: 0

=== SESIÓN 13:53-19:19 (06/06/2026) ===
RESERVA                   TELÉFONO             ESTADO       RESPUESTA                 REVIEW
-----------------------------------------------------------------------------------------------
30/5_19:00_4e             34625490565          ENVIADO      sin respuesta             -
30/5_20:30_4e             34665943110          ENVIADO      sin respuesta             -
23/5_17:30_maf            34603458949          ENVIADO      recordatorio enviado (reacción en foto) -
23/5_19:00_maf            34649814146          ENVIADO      POSITIVA                  review enviada
24/5_19:00_4e             34649515037          ENVIADO      recordatorio enviado (48h) -
24/5_16:10_csi            34635280014          ENVIADO      recordatorio enviado (48h) -
29/5_17:30_4e             34610648642          ENVIADO      recordatorio FALLIDO (send_not_confirmed) -
29/5_17:40_csi            34651560074          ENVIADO      POSITIVA                  review enviada
30/5_11:30_4e             34647357305          ENVIADO      recordatorio enviado (48h) -
30/5_14:40_csi            31657059941          ENVIADO      POSITIVA                  review enviada
30/5_20:30_4e             34665943110          ENVIADO      POSITIVA                  review enviada
23/5_16:00_4e             34635122835          ENVIADO      recordatorio FALLIDO (send_not_confirmed) -
24/5_16:10_csi            34635280014          ENVIADO      POSITIVA                  review enviada
29/5_17:30_4e             34610648642          ENVIADO      recordatorio FALLIDO (send_not_confirmed) -
30/5_19:00_4e             34625490565          ENVIADO      POSITIVA                  review enviada
23/5_16:00_4e             34635122835          ENVIADO      POSITIVA (reacción emoji en texto) review enviada
29/5_17:30_4e             34610648642          ENVIADO      recordatorio FALLIDO (send_not_confirmed) -
29/5_17:30_4e             34610648642          ENVIADO      recordatorio FALLIDO (send_not_confirmed) -
29/5_17:30_4e             34610648642          ENVIADO      recordatorio FALLIDO (send_not_confirmed) -
29/5_17:30_4e             34610648642          ENVIADO      recordatorio FALLIDO (send_not_confirmed) -
29/5_17:30_4e             34610648642          ENVIADO      recordatorio enviado (48h) -
24/5_19:00_4e             34649515037          ENVIADO      POSITIVA                  review enviada
5/6_17:30_4e/csi          34%C2%A0661%C2%A017%C2%A038%C2%A050%E2%80%AC FALLIDO (intento 1) -                         -

[2026-06-06 17:55:14] POSITIVO | Fotos nuevas: 0 | Envios OK: 0 | Envios FAIL: 0 | Reviews negativas: 0 | Fotos borradas: 0

=== SESIÓN 13:53-19:19 (06/06/2026) ===
RESERVA                   TELÉFONO             ESTADO       RESPUESTA                 REVIEW
-----------------------------------------------------------------------------------------------
30/5_19:00_4e             34625490565          ENVIADO      sin respuesta             -
30/5_20:30_4e             34665943110          ENVIADO      sin respuesta             -
23/5_17:30_maf            34603458949          ENVIADO      recordatorio enviado (reacción en foto) -
23/5_19:00_maf            34649814146          ENVIADO      POSITIVA                  review enviada
24/5_19:00_4e             34649515037          ENVIADO      recordatorio enviado (48h) -
24/5_16:10_csi            34635280014          ENVIADO      recordatorio enviado (48h) -
29/5_17:30_4e             34610648642          ENVIADO      recordatorio FALLIDO (send_not_confirmed) -
29/5_17:40_csi            34651560074          ENVIADO      POSITIVA                  review enviada
30/5_11:30_4e             34647357305          ENVIADO      recordatorio enviado (48h) -
30/5_14:40_csi            31657059941          ENVIADO      POSITIVA                  review enviada
30/5_20:30_4e             34665943110          ENVIADO      POSITIVA                  review enviada
23/5_16:00_4e             34635122835          ENVIADO      recordatorio FALLIDO (send_not_confirmed) -
24/5_16:10_csi            34635280014          ENVIADO      POSITIVA                  review enviada
29/5_17:30_4e             34610648642          ENVIADO      recordatorio FALLIDO (send_not_confirmed) -
30/5_19:00_4e             34625490565          ENVIADO      POSITIVA                  review enviada
23/5_16:00_4e             34635122835          ENVIADO      POSITIVA (reacción emoji en texto) review enviada
29/5_17:30_4e             34610648642          ENVIADO      recordatorio FALLIDO (send_not_confirmed) -
29/5_17:30_4e             34610648642          ENVIADO      recordatorio FALLIDO (send_not_confirmed) -
29/5_17:30_4e             34610648642          ENVIADO      recordatorio FALLIDO (send_not_confirmed) -
29/5_17:30_4e             34610648642          ENVIADO      recordatorio FALLIDO (send_not_confirmed) -
29/5_17:30_4e             34610648642          ENVIADO      recordatorio enviado (48h) -
24/5_19:00_4e             34649515037          ENVIADO      POSITIVA                  review enviada
5/6_17:30_4e/csi          34%C2%A0661%C2%A017%C2%A038%C2%A050%E2%80%AC FALLIDO (intento 1) -                         -

[2026-06-06 18:11:23] POSITIVO | Fotos nuevas: 0 | Envios OK: 0 | Envios FAIL: 0 | Reviews negativas: 0 | Fotos borradas: 0

=== SESIÓN 13:53-18:29 (06/06/2026) ===
RESERVA                   TELÉFONO             ESTADO       RESPUESTA                 REVIEW
-----------------------------------------------------------------------------------------------
30/5_19:00_4e             34625490565          ENVIADO      sin respuesta             -
30/5_20:30_4e             34665943110          ENVIADO      sin respuesta             -
23/5_17:30_maf            34603458949          ENVIADO      recordatorio enviado (reacción en foto) -
23/5_19:00_maf            34649814146          ENVIADO      POSITIVA                  review enviada
24/5_19:00_4e             34649515037          ENVIADO      recordatorio enviado (48h) -
24/5_16:10_csi            34635280014          ENVIADO      recordatorio enviado (48h) -
29/5_17:30_4e             34610648642          ENVIADO      recordatorio FALLIDO (send_not_confirmed) -
29/5_17:40_csi            34651560074          ENVIADO      POSITIVA                  review enviada
30/5_11:30_4e             34647357305          ENVIADO      recordatorio enviado (48h) -
30/5_14:40_csi            31657059941          ENVIADO      POSITIVA                  review enviada
30/5_20:30_4e             34665943110          ENVIADO      POSITIVA                  review enviada
23/5_16:00_4e             34635122835          ENVIADO      recordatorio FALLIDO (send_not_confirmed) -
24/5_16:10_csi            34635280014          ENVIADO      POSITIVA                  review enviada
29/5_17:30_4e             34610648642          ENVIADO      recordatorio FALLIDO (send_not_confirmed) -
30/5_19:00_4e             34625490565          ENVIADO      POSITIVA                  review enviada
23/5_16:00_4e             34635122835          ENVIADO      POSITIVA (reacción emoji en texto) review enviada
29/5_17:30_4e             34610648642          ENVIADO      recordatorio FALLIDO (send_not_confirmed) -
29/5_17:30_4e             34610648642          ENVIADO      recordatorio FALLIDO (send_not_confirmed) -
29/5_17:30_4e             34610648642          ENVIADO      recordatorio FALLIDO (send_not_confirmed) -
29/5_17:30_4e             34610648642          ENVIADO      recordatorio FALLIDO (send_not_confirmed) -
29/5_17:30_4e             34610648642          ENVIADO      recordatorio enviado (48h) -
24/5_19:00_4e             34649515037          ENVIADO      POSITIVA                  review enviada
5/6_17:30_4e/csi          34%C2%A0661%C2%A017%C2%A038%C2%A050%E2%80%AC FALLIDO (intento 1) -                         -
6/6_11:30_4e              34609544005          FALLIDO (intento 1) -                         -

[2026-06-06 18:29:51] NEGATIVO | Fotos nuevas: 1 | Envios OK: 0 | Envios FAIL: 1 | Reviews negativas: 0 | Fotos borradas: 0

=== SESIÓN 13:53-18:29 (06/06/2026) ===
RESERVA                   TELÉFONO             ESTADO       RESPUESTA                 REVIEW
-----------------------------------------------------------------------------------------------
30/5_19:00_4e             34625490565          ENVIADO      sin respuesta             -
30/5_20:30_4e             34665943110          ENVIADO      sin respuesta             -
23/5_17:30_maf            34603458949          ENVIADO      recordatorio enviado (reacción en foto) -
23/5_19:00_maf            34649814146          ENVIADO      POSITIVA                  review enviada
24/5_19:00_4e             34649515037          ENVIADO      recordatorio enviado (48h) -
24/5_16:10_csi            34635280014          ENVIADO      recordatorio enviado (48h) -
29/5_17:30_4e             34610648642          ENVIADO      recordatorio FALLIDO (send_not_confirmed) -
29/5_17:40_csi            34651560074          ENVIADO      POSITIVA                  review enviada
30/5_11:30_4e             34647357305          ENVIADO      recordatorio enviado (48h) -
30/5_14:40_csi            31657059941          ENVIADO      POSITIVA                  review enviada
30/5_20:30_4e             34665943110          ENVIADO      POSITIVA                  review enviada
23/5_16:00_4e             34635122835          ENVIADO      recordatorio FALLIDO (send_not_confirmed) -
24/5_16:10_csi            34635280014          ENVIADO      POSITIVA                  review enviada
29/5_17:30_4e             34610648642          ENVIADO      recordatorio FALLIDO (send_not_confirmed) -
30/5_19:00_4e             34625490565          ENVIADO      POSITIVA                  review enviada
23/5_16:00_4e             34635122835          ENVIADO      POSITIVA (reacción emoji en texto) review enviada
29/5_17:30_4e             34610648642          ENVIADO      recordatorio FALLIDO (send_not_confirmed) -
29/5_17:30_4e             34610648642          ENVIADO      recordatorio FALLIDO (send_not_confirmed) -
29/5_17:30_4e             34610648642          ENVIADO      recordatorio FALLIDO (send_not_confirmed) -
29/5_17:30_4e             34610648642          ENVIADO      recordatorio FALLIDO (send_not_confirmed) -
29/5_17:30_4e             34610648642          ENVIADO      recordatorio enviado (48h) -
24/5_19:00_4e             34649515037          ENVIADO      POSITIVA                  review enviada
5/6_17:30_4e/csi          34%C2%A0661%C2%A017%C2%A038%C2%A050%E2%80%AC FALLIDO (intento 1) -                         -
6/6_11:30_4e              34609544005          FALLIDO (intento 1) -                         -

[2026-06-06 18:46:02] NEGATIVO | Fotos nuevas: 0 | Envios OK: 0 | Envios FAIL: 1 | Reviews negativas: 0 | Fotos borradas: 0

=== SESIÓN 13:53-19:04 (06/06/2026) ===
RESERVA                   TELÉFONO             ESTADO       RESPUESTA                 REVIEW
-----------------------------------------------------------------------------------------------
30/5_19:00_4e             34625490565          ENVIADO      sin respuesta             -
30/5_20:30_4e             34665943110          ENVIADO      sin respuesta             -
23/5_17:30_maf            34603458949          ENVIADO      recordatorio enviado (reacción en foto) -
23/5_19:00_maf            34649814146          ENVIADO      POSITIVA                  review enviada
24/5_19:00_4e             34649515037          ENVIADO      recordatorio enviado (48h) -
24/5_16:10_csi            34635280014          ENVIADO      recordatorio enviado (48h) -
29/5_17:30_4e             34610648642          ENVIADO      recordatorio FALLIDO (send_not_confirmed) -
29/5_17:40_csi            34651560074          ENVIADO      POSITIVA                  review enviada
30/5_11:30_4e             34647357305          ENVIADO      recordatorio enviado (48h) -
30/5_14:40_csi            31657059941          ENVIADO      POSITIVA                  review enviada
30/5_20:30_4e             34665943110          ENVIADO      POSITIVA                  review enviada
23/5_16:00_4e             34635122835          ENVIADO      recordatorio FALLIDO (send_not_confirmed) -
24/5_16:10_csi            34635280014          ENVIADO      POSITIVA                  review enviada
29/5_17:30_4e             34610648642          ENVIADO      recordatorio FALLIDO (send_not_confirmed) -
30/5_19:00_4e             34625490565          ENVIADO      POSITIVA                  review enviada
23/5_16:00_4e             34635122835          ENVIADO      POSITIVA (reacción emoji en texto) review enviada
29/5_17:30_4e             34610648642          ENVIADO      recordatorio FALLIDO (send_not_confirmed) -
29/5_17:30_4e             34610648642          ENVIADO      recordatorio FALLIDO (send_not_confirmed) -
29/5_17:30_4e             34610648642          ENVIADO      recordatorio FALLIDO (send_not_confirmed) -
29/5_17:30_4e             34610648642          ENVIADO      recordatorio FALLIDO (send_not_confirmed) -
29/5_17:30_4e             34610648642          ENVIADO      recordatorio enviado (48h) -
24/5_19:00_4e             34649515037          ENVIADO      POSITIVA                  review enviada
5/6_17:30_4e/csi          34%C2%A0661%C2%A017%C2%A038%C2%A050%E2%80%AC FALLIDO (intento 1) -                         -
6/6_11:30_4e              34609544005          FALLIDO (intento 1) -                         -
6/6_17:40_csi             34%C2%A0644%C2%A040%C2%A004%C2%A086%E2%80%AC FALLIDO (intento 1) -                         -

[2026-06-06 19:04:31] NEGATIVO | Fotos nuevas: 1 | Envios OK: 0 | Envios FAIL: 2 | Reviews negativas: 0 | Fotos borradas: 0

=== SESIÓN 13:53-19:04 (06/06/2026) ===
RESERVA                   TELÉFONO             ESTADO       RESPUESTA                 REVIEW
-----------------------------------------------------------------------------------------------
30/5_19:00_4e             34625490565          ENVIADO      sin respuesta             -
30/5_20:30_4e             34665943110          ENVIADO      sin respuesta             -
23/5_17:30_maf            34603458949          ENVIADO      recordatorio enviado (reacción en foto) -
23/5_19:00_maf            34649814146          ENVIADO      POSITIVA                  review enviada
24/5_19:00_4e             34649515037          ENVIADO      recordatorio enviado (48h) -
24/5_16:10_csi            34635280014          ENVIADO      recordatorio enviado (48h) -
29/5_17:30_4e             34610648642          ENVIADO      recordatorio FALLIDO (send_not_confirmed) -
29/5_17:40_csi            34651560074          ENVIADO      POSITIVA                  review enviada
30/5_11:30_4e             34647357305          ENVIADO      recordatorio enviado (48h) -
30/5_14:40_csi            31657059941          ENVIADO      POSITIVA                  review enviada
30/5_20:30_4e             34665943110          ENVIADO      POSITIVA                  review enviada
23/5_16:00_4e             34635122835          ENVIADO      recordatorio FALLIDO (send_not_confirmed) -
24/5_16:10_csi            34635280014          ENVIADO      POSITIVA                  review enviada
29/5_17:30_4e             34610648642          ENVIADO      recordatorio FALLIDO (send_not_confirmed) -
30/5_19:00_4e             34625490565          ENVIADO      POSITIVA                  review enviada
23/5_16:00_4e             34635122835          ENVIADO      POSITIVA (reacción emoji en texto) review enviada
29/5_17:30_4e             34610648642          ENVIADO      recordatorio FALLIDO (send_not_confirmed) -
29/5_17:30_4e             34610648642          ENVIADO      recordatorio FALLIDO (send_not_confirmed) -
29/5_17:30_4e             34610648642          ENVIADO      recordatorio FALLIDO (send_not_confirmed) -
29/5_17:30_4e             34610648642          ENVIADO      recordatorio FALLIDO (send_not_confirmed) -
29/5_17:30_4e             34610648642          ENVIADO      recordatorio enviado (48h) -
24/5_19:00_4e             34649515037          ENVIADO      POSITIVA                  review enviada
5/6_17:30_4e/csi          34%C2%A0661%C2%A017%C2%A038%C2%A050%E2%80%AC FALLIDO (intento 1) -                         -
6/6_11:30_4e              34609544005          FALLIDO (intento 1) -                         -
6/6_17:40_csi             34%C2%A0644%C2%A040%C2%A004%C2%A086%E2%80%AC FALLIDO (intento 1) -                         -

[2026-06-06 19:20:41] NEGATIVO | Fotos nuevas: 0 | Envios OK: 0 | Envios FAIL: 2 | Reviews negativas: 0 | Fotos borradas: 0

=== SESIÓN 13:53-19:04 (06/06/2026) ===
RESERVA                   TELÉFONO             ESTADO       RESPUESTA                 REVIEW
-----------------------------------------------------------------------------------------------
30/5_19:00_4e             34625490565          ENVIADO      sin respuesta             -
30/5_20:30_4e             34665943110          ENVIADO      sin respuesta             -
23/5_17:30_maf            34603458949          ENVIADO      recordatorio enviado (reacción en foto) -
23/5_19:00_maf            34649814146          ENVIADO      POSITIVA                  review enviada
24/5_19:00_4e             34649515037          ENVIADO      recordatorio enviado (48h) -
24/5_16:10_csi            34635280014          ENVIADO      recordatorio enviado (48h) -
29/5_17:30_4e             34610648642          ENVIADO      recordatorio FALLIDO (send_not_confirmed) -
29/5_17:40_csi            34651560074          ENVIADO      POSITIVA                  review enviada
30/5_11:30_4e             34647357305          ENVIADO      recordatorio enviado (48h) -
30/5_14:40_csi            31657059941          ENVIADO      POSITIVA                  review enviada
30/5_20:30_4e             34665943110          ENVIADO      POSITIVA                  review enviada
23/5_16:00_4e             34635122835          ENVIADO      recordatorio FALLIDO (send_not_confirmed) -
24/5_16:10_csi            34635280014          ENVIADO      POSITIVA                  review enviada
29/5_17:30_4e             34610648642          ENVIADO      recordatorio FALLIDO (send_not_confirmed) -
30/5_19:00_4e             34625490565          ENVIADO      POSITIVA                  review enviada
23/5_16:00_4e             34635122835          ENVIADO      POSITIVA (reacción emoji en texto) review enviada
29/5_17:30_4e             34610648642          ENVIADO      recordatorio FALLIDO (send_not_confirmed) -
29/5_17:30_4e             34610648642          ENVIADO      recordatorio FALLIDO (send_not_confirmed) -
29/5_17:30_4e             34610648642          ENVIADO      recordatorio FALLIDO (send_not_confirmed) -
29/5_17:30_4e             34610648642          ENVIADO      recordatorio FALLIDO (send_not_confirmed) -
29/5_17:30_4e             34610648642          ENVIADO      recordatorio enviado (48h) -
24/5_19:00_4e             34649515037          ENVIADO      POSITIVA                  review enviada
5/6_17:30_4e/csi          34%C2%A0661%C2%A017%C2%A038%C2%A050%E2%80%AC FALLIDO (intento 1) -                         -
6/6_11:30_4e              34609544005          FALLIDO (intento 1) -                         -
6/6_17:40_csi             34%C2%A0644%C2%A040%C2%A004%C2%A086%E2%80%AC FALLIDO (intento 1) -                         -

[2026-06-06 19:36:51] NEGATIVO | Fotos nuevas: 0 | Envios OK: 0 | Envios FAIL: 2 | Reviews negativas: 0 | Fotos borradas: 0

=== SESIÓN 13:53-19:04 (06/06/2026) ===
RESERVA                   TELÉFONO             ESTADO       RESPUESTA                 REVIEW
-----------------------------------------------------------------------------------------------
30/5_19:00_4e             34625490565          ENVIADO      sin respuesta             -
30/5_20:30_4e             34665943110          ENVIADO      sin respuesta             -
23/5_17:30_maf            34603458949          ENVIADO      recordatorio enviado (reacción en foto) -
23/5_19:00_maf            34649814146          ENVIADO      POSITIVA                  review enviada
24/5_19:00_4e             34649515037          ENVIADO      recordatorio enviado (48h) -
24/5_16:10_csi            34635280014          ENVIADO      recordatorio enviado (48h) -
29/5_17:30_4e             34610648642          ENVIADO      recordatorio FALLIDO (send_not_confirmed) -
29/5_17:40_csi            34651560074          ENVIADO      POSITIVA                  review enviada
30/5_11:30_4e             34647357305          ENVIADO      recordatorio enviado (48h) -
30/5_14:40_csi            31657059941          ENVIADO      POSITIVA                  review enviada
30/5_20:30_4e             34665943110          ENVIADO      POSITIVA                  review enviada
23/5_16:00_4e             34635122835          ENVIADO      recordatorio FALLIDO (send_not_confirmed) -
24/5_16:10_csi            34635280014          ENVIADO      POSITIVA                  review enviada
29/5_17:30_4e             34610648642          ENVIADO      recordatorio FALLIDO (send_not_confirmed) -
30/5_19:00_4e             34625490565          ENVIADO      POSITIVA                  review enviada
23/5_16:00_4e             34635122835          ENVIADO      POSITIVA (reacción emoji en texto) review enviada
29/5_17:30_4e             34610648642          ENVIADO      recordatorio FALLIDO (send_not_confirmed) -
29/5_17:30_4e             34610648642          ENVIADO      recordatorio FALLIDO (send_not_confirmed) -
29/5_17:30_4e             34610648642          ENVIADO      recordatorio FALLIDO (send_not_confirmed) -
29/5_17:30_4e             34610648642          ENVIADO      recordatorio FALLIDO (send_not_confirmed) -
29/5_17:30_4e             34610648642          ENVIADO      recordatorio enviado (48h) -
24/5_19:00_4e             34649515037          ENVIADO      POSITIVA                  review enviada
5/6_17:30_4e/csi          34%C2%A0661%C2%A017%C2%A038%C2%A050%E2%80%AC FALLIDO (intento 1) -                         -
6/6_11:30_4e              34609544005          FALLIDO (intento 1) -                         -
6/6_17:40_csi             34%C2%A0644%C2%A040%C2%A004%C2%A086%E2%80%AC FALLIDO (intento 1) -                         -

[2026-06-06 19:53:02] NEGATIVO | Fotos nuevas: 0 | Envios OK: 0 | Envios FAIL: 2 | Reviews negativas: 0 | Fotos borradas: 0

=== SESIÓN 13:53-19:04 (06/06/2026) ===
RESERVA                   TELÉFONO             ESTADO       RESPUESTA                 REVIEW
-----------------------------------------------------------------------------------------------
30/5_19:00_4e             34625490565          ENVIADO      sin respuesta             -
30/5_20:30_4e             34665943110          ENVIADO      sin respuesta             -
23/5_17:30_maf            34603458949          ENVIADO      recordatorio enviado (reacción en foto) -
23/5_19:00_maf            34649814146          ENVIADO      POSITIVA                  review enviada
24/5_19:00_4e             34649515037          ENVIADO      recordatorio enviado (48h) -
24/5_16:10_csi            34635280014          ENVIADO      recordatorio enviado (48h) -
29/5_17:30_4e             34610648642          ENVIADO      recordatorio FALLIDO (send_not_confirmed) -
29/5_17:40_csi            34651560074          ENVIADO      POSITIVA                  review enviada
30/5_11:30_4e             34647357305          ENVIADO      recordatorio enviado (48h) -
30/5_14:40_csi            31657059941          ENVIADO      POSITIVA                  review enviada
30/5_20:30_4e             34665943110          ENVIADO      POSITIVA                  review enviada
23/5_16:00_4e             34635122835          ENVIADO      recordatorio FALLIDO (send_not_confirmed) -
24/5_16:10_csi            34635280014          ENVIADO      POSITIVA                  review enviada
29/5_17:30_4e             34610648642          ENVIADO      recordatorio FALLIDO (send_not_confirmed) -
30/5_19:00_4e             34625490565          ENVIADO      POSITIVA                  review enviada
23/5_16:00_4e             34635122835          ENVIADO      POSITIVA (reacción emoji en texto) review enviada
29/5_17:30_4e             34610648642          ENVIADO      recordatorio FALLIDO (send_not_confirmed) -
29/5_17:30_4e             34610648642          ENVIADO      recordatorio FALLIDO (send_not_confirmed) -
29/5_17:30_4e             34610648642          ENVIADO      recordatorio FALLIDO (send_not_confirmed) -
29/5_17:30_4e             34610648642          ENVIADO      recordatorio FALLIDO (send_not_confirmed) -
29/5_17:30_4e             34610648642          ENVIADO      recordatorio enviado (48h) -
24/5_19:00_4e             34649515037          ENVIADO      POSITIVA                  review enviada
5/6_17:30_4e/csi          34%C2%A0661%C2%A017%C2%A038%C2%A050%E2%80%AC FALLIDO (intento 1) -                         -
6/6_11:30_4e              34609544005          FALLIDO (intento 1) -                         -
6/6_17:40_csi             34%C2%A0644%C2%A040%C2%A004%C2%A086%E2%80%AC FALLIDO (intento 1) -                         -

[2026-06-06 20:09:20] NEGATIVO | Fotos nuevas: 0 | Envios OK: 0 | Envios FAIL: 2 | Reviews negativas: 0 | Fotos borradas: 0

=== SESIÓN 13:53-19:04 (06/06/2026) ===
RESERVA                   TELÉFONO             ESTADO       RESPUESTA                 REVIEW
-----------------------------------------------------------------------------------------------
30/5_19:00_4e             34625490565          ENVIADO      sin respuesta             -
30/5_20:30_4e             34665943110          ENVIADO      sin respuesta             -
23/5_17:30_maf            34603458949          ENVIADO      recordatorio enviado (reacción en foto) -
23/5_19:00_maf            34649814146          ENVIADO      POSITIVA                  review enviada
24/5_19:00_4e             34649515037          ENVIADO      recordatorio enviado (48h) -
24/5_16:10_csi            34635280014          ENVIADO      recordatorio enviado (48h) -
29/5_17:30_4e             34610648642          ENVIADO      recordatorio FALLIDO (send_not_confirmed) -
29/5_17:40_csi            34651560074          ENVIADO      POSITIVA                  review enviada
30/5_11:30_4e             34647357305          ENVIADO      recordatorio enviado (48h) -
30/5_14:40_csi            31657059941          ENVIADO      POSITIVA                  review enviada
30/5_20:30_4e             34665943110          ENVIADO      POSITIVA                  review enviada
23/5_16:00_4e             34635122835          ENVIADO      recordatorio FALLIDO (send_not_confirmed) -
24/5_16:10_csi            34635280014          ENVIADO      POSITIVA                  review enviada
29/5_17:30_4e             34610648642          ENVIADO      recordatorio FALLIDO (send_not_confirmed) -
30/5_19:00_4e             34625490565          ENVIADO      POSITIVA                  review enviada
23/5_16:00_4e             34635122835          ENVIADO      POSITIVA (reacción emoji en texto) review enviada
29/5_17:30_4e             34610648642          ENVIADO      recordatorio FALLIDO (send_not_confirmed) -
29/5_17:30_4e             34610648642          ENVIADO      recordatorio FALLIDO (send_not_confirmed) -
29/5_17:30_4e             34610648642          ENVIADO      recordatorio FALLIDO (send_not_confirmed) -
29/5_17:30_4e             34610648642          ENVIADO      recordatorio FALLIDO (send_not_confirmed) -
29/5_17:30_4e             34610648642          ENVIADO      recordatorio enviado (48h) -
24/5_19:00_4e             34649515037          ENVIADO      POSITIVA                  review enviada
5/6_17:30_4e/csi          34%C2%A0661%C2%A017%C2%A038%C2%A050%E2%80%AC FALLIDO (intento 1) -                         -
6/6_11:30_4e              34609544005          FALLIDO (intento 1) -                         -
6/6_17:40_csi             34%C2%A0644%C2%A040%C2%A004%C2%A086%E2%80%AC FALLIDO (intento 1) -                         -

[2026-06-06 20:25:29] NEGATIVO | Fotos nuevas: 0 | Envios OK: 0 | Envios FAIL: 2 | Reviews negativas: 0 | Fotos borradas: 0
