
=== SESIÓN 10:02-10:03 (13/05/2026) ===
RESERVA                   TELÉFONO             ESTADO       RESPUESTA                 REVIEW
-----------------------------------------------------------------------------------------------
9/5_14:30_maf             34665976040          ENVIADO      recordatorio FALLIDO (chat_input_not_found) -
9/5_19:00_maf/csi         34%C2%A0628%C2%A061%C2%A027%C2%A078%E2%80%AC ENVIADO      recordatorio FALLIDO (chat_input_not_found) -
9/5_20:30_4e              34747414084          ENVIADO      recordatorio FALLIDO (chat_input_not_found) -
9/5_19:00_4e              34675651585          ENVIADO      recordatorio FALLIDO (chat_input_not_found) -
10/5_17:30_maf            34722714718          ENVIADO      recordatorio FALLIDO (chat_input_not_found) -
10/5_17:30_4e             34653197010          ENVIADO      recordatorio FALLIDO (chat_input_not_found) -

[2026-05-13 10:03:05] POSITIVO | Fotos nuevas: 0 | Envios OK: 0 | Envios FAIL: 0 | Reviews negativas: 0 | Fotos borradas: 0

=== SESIÓN 10:02-10:03 (13/05/2026) ===
RESERVA                   TELÉFONO             ESTADO       RESPUESTA                 REVIEW
-----------------------------------------------------------------------------------------------
9/5_14:30_maf             34665976040          ENVIADO      recordatorio FALLIDO (chat_input_not_found) -
9/5_19:00_maf/csi         34%C2%A0628%C2%A061%C2%A027%C2%A078%E2%80%AC ENVIADO      recordatorio FALLIDO (chat_input_not_found) -
9/5_20:30_4e              34747414084          ENVIADO      recordatorio FALLIDO (chat_input_not_found) -
9/5_19:00_4e              34675651585          ENVIADO      recordatorio FALLIDO (chat_input_not_found) -
10/5_17:30_maf            34722714718          ENVIADO      recordatorio FALLIDO (chat_input_not_found) -
10/5_17:30_4e             34653197010          ENVIADO      recordatorio FALLIDO (exception: Message: no such window: target window already closed
from unknown error: web view not found
  (Session info: chrome=147.0.7727.101)
Stacktrace:
	chromedriver!GetHandleVerifier [0xb4b373+10553]
	chromedriver!GetHandleVerifier [0xb4b4a4+10684]
	chromedriver!(No symbol) [0x951e10]
	chromedriver!(No symbol) [0x930923]
	chromedriver!(No symbol) [0x9c3bcb]
	chromedriver!(No symbol) [0x9da3a9]
	chromedriver!(No symbol) [0x9bd606]
	chromedriver!(No symbol) [0x990039]
	chromedriver!(No symbol) [0x990df4]
	chromedriver!GetHandleVerifier [0xdcddb4+292f94]
	chromedriver!GetHandleVerifier [0xdc937d+28e55d]
	chromedriver!GetHandleVerifier [0xde8215+2ad3f5]
	chromedriver!GetHandleVerifier [0xb64c18+29df8]
	chromedriver!GetHandleVerifier [0xb6c6fd+318dd]
	chromedriver!GetHandleVerifier [0xb53c78+18e58]
	chromedriver!GetHandleVerifier [0xb53e42+19022]
	chromedriver!GetHandleVerifier [0xb3d45f+263f]
	KERNEL32!BaseThreadInitThunk [0x765562c4+24]
	ntdll!RtlSubscribeWnfStateChangeNotification [0x770a0aa9+439]
	ntdll!RtlSubscribeWnfStateChangeNotification [0x770a0a74+404]
) -

[2026-05-13 10:03:05] POSITIVO | Fotos nuevas: 0 | Envios OK: 0 | Envios FAIL: 0 | Reviews negativas: 0 | Fotos borradas: 0

=== SESIÓN 10:04-10:04 (13/05/2026) ===
RESERVA                   TELÉFONO             ESTADO       RESPUESTA                 REVIEW
-----------------------------------------------------------------------------------------------
9/5_14:30_maf             34665976040          ENVIADO      recordatorio FALLIDO (chat_input_not_found) -
9/5_19:00_maf/csi         34%C2%A0628%C2%A061%C2%A027%C2%A078%E2%80%AC ENVIADO      recordatorio FALLIDO (chat_input_not_found) -
9/5_20:30_4e              34747414084          ENVIADO      recordatorio FALLIDO (chat_input_not_found) -
9/5_19:00_4e              34675651585          ENVIADO      recordatorio FALLIDO (chat_input_not_found) -
10/5_17:30_maf            34722714718          ENVIADO      recordatorio FALLIDO (chat_input_not_found) -
10/5_17:30_4e             34653197010          ENVIADO      recordatorio FALLIDO (chat_input_not_found) -

[2026-05-13 10:04:25] POSITIVO | Fotos nuevas: 0 | Envios OK: 0 | Envios FAIL: 0 | Reviews negativas: 0 | Fotos borradas: 0

=== SESIÓN 10:04-10:04 (13/05/2026) ===
RESERVA                   TELÉFONO             ESTADO       RESPUESTA                 REVIEW
-----------------------------------------------------------------------------------------------
9/5_14:30_maf             34665976040          ENVIADO      recordatorio FALLIDO (chat_input_not_found) -
9/5_19:00_maf/csi         34%C2%A0628%C2%A061%C2%A027%C2%A078%E2%80%AC ENVIADO      recordatorio FALLIDO (chat_input_not_found) -
9/5_20:30_4e              34747414084          ENVIADO      recordatorio FALLIDO (chat_input_not_found) -
9/5_19:00_4e              34675651585          ENVIADO      recordatorio FALLIDO (chat_input_not_found) -
10/5_17:30_maf            34722714718          ENVIADO      recordatorio FALLIDO (chat_input_not_found) -
10/5_17:30_4e             34653197010          ENVIADO      recordatorio FALLIDO (exception: Message: no such window: target window already closed
from unknown error: web view not found
  (Session info: chrome=147.0.7727.101)
Stacktrace:
	chromedriver!GetHandleVerifier [0xb4b373+10553]
	chromedriver!GetHandleVerifier [0xb4b4a4+10684]
	chromedriver!(No symbol) [0x951e10]
	chromedriver!(No symbol) [0x930923]
	chromedriver!(No symbol) [0x9c3bcb]
	chromedriver!(No symbol) [0x9da3a9]
	chromedriver!(No symbol) [0x9bd606]
	chromedriver!(No symbol) [0x990039]
	chromedriver!(No symbol) [0x990df4]
	chromedriver!GetHandleVerifier [0xdcddb4+292f94]
	chromedriver!GetHandleVerifier [0xdc937d+28e55d]
	chromedriver!GetHandleVerifier [0xde8215+2ad3f5]
	chromedriver!GetHandleVerifier [0xb64c18+29df8]
	chromedriver!GetHandleVerifier [0xb6c6fd+318dd]
	chromedriver!GetHandleVerifier [0xb53c78+18e58]
	chromedriver!GetHandleVerifier [0xb53e42+19022]
	chromedriver!GetHandleVerifier [0xb3d45f+263f]
	KERNEL32!BaseThreadInitThunk [0x765562c4+24]
	ntdll!RtlSubscribeWnfStateChangeNotification [0x770a0aa9+439]
	ntdll!RtlSubscribeWnfStateChangeNotification [0x770a0a74+404]
) -

[2026-05-13 10:04:25] POSITIVO | Fotos nuevas: 0 | Envios OK: 0 | Envios FAIL: 0 | Reviews negativas: 0 | Fotos borradas: 0

=== SESIÓN 10:05-10:05 (13/05/2026) ===
RESERVA                   TELÉFONO             ESTADO       RESPUESTA                 REVIEW
-----------------------------------------------------------------------------------------------
9/5_14:30_maf             34665976040          ENVIADO      recordatorio FALLIDO (chat_input_not_found) -
9/5_19:00_maf/csi         34%C2%A0628%C2%A061%C2%A027%C2%A078%E2%80%AC ENVIADO      recordatorio FALLIDO (chat_input_not_found) -
9/5_20:30_4e              34747414084          ENVIADO      recordatorio FALLIDO (chat_input_not_found) -
9/5_19:00_4e              34675651585          ENVIADO      recordatorio FALLIDO (chat_input_not_found) -
10/5_17:30_maf            34722714718          ENVIADO      recordatorio FALLIDO (chat_input_not_found) -
10/5_17:30_4e             34653197010          ENVIADO      recordatorio FALLIDO (chat_input_not_found) -

[2026-05-13 10:05:47] POSITIVO | Fotos nuevas: 0 | Envios OK: 0 | Envios FAIL: 0 | Reviews negativas: 0 | Fotos borradas: 0

=== SESIÓN 10:05-10:05 (13/05/2026) ===
RESERVA                   TELÉFONO             ESTADO       RESPUESTA                 REVIEW
-----------------------------------------------------------------------------------------------
9/5_14:30_maf             34665976040          ENVIADO      recordatorio FALLIDO (chat_input_not_found) -
9/5_19:00_maf/csi         34%C2%A0628%C2%A061%C2%A027%C2%A078%E2%80%AC ENVIADO      recordatorio FALLIDO (chat_input_not_found) -
9/5_20:30_4e              34747414084          ENVIADO      recordatorio FALLIDO (chat_input_not_found) -
9/5_19:00_4e              34675651585          ENVIADO      recordatorio FALLIDO (chat_input_not_found) -
10/5_17:30_maf            34722714718          ENVIADO      recordatorio FALLIDO (chat_input_not_found) -
10/5_17:30_4e             34653197010          ENVIADO      recordatorio FALLIDO (exception: argument of type 'NoneType' is not iterable) -

[2026-05-13 10:05:47] POSITIVO | Fotos nuevas: 0 | Envios OK: 0 | Envios FAIL: 0 | Reviews negativas: 0 | Fotos borradas: 0

=== SESIÓN 10:07-10:07 (13/05/2026) ===
RESERVA                   TELÉFONO             ESTADO       RESPUESTA                 REVIEW
-----------------------------------------------------------------------------------------------
9/5_14:30_maf             34665976040          ENVIADO      recordatorio FALLIDO (chat_input_not_found) -
9/5_19:00_maf/csi         34%C2%A0628%C2%A061%C2%A027%C2%A078%E2%80%AC ENVIADO      recordatorio FALLIDO (chat_input_not_found) -
9/5_20:30_4e              34747414084          ENVIADO      recordatorio FALLIDO (chat_input_not_found) -
9/5_19:00_4e              34675651585          ENVIADO      recordatorio FALLIDO (chat_input_not_found) -
10/5_17:30_maf            34722714718          ENVIADO      recordatorio FALLIDO (chat_input_not_found) -
10/5_17:30_4e             34653197010          ENVIADO      recordatorio FALLIDO (chat_input_not_found) -

[2026-05-13 10:07:42] POSITIVO | Fotos nuevas: 0 | Envios OK: 0 | Envios FAIL: 0 | Reviews negativas: 0 | Fotos borradas: 0
[2026-05-13 10:08:07] NEGATIVO | WhatsApp no conectado (QR visible) — ciclo abortado

=== SESIÓN 10:08-10:08 (13/05/2026) ===
RESERVA                   TELÉFONO             ESTADO       RESPUESTA                 REVIEW
-----------------------------------------------------------------------------------------------
9/5_14:30_maf             34665976040          ENVIADO      recordatorio FALLIDO (chat_input_not_found) -
9/5_19:00_maf/csi         34%C2%A0628%C2%A061%C2%A027%C2%A078%E2%80%AC ENVIADO      recordatorio FALLIDO (exception: Message: invalid session id: session deleted as the browser has closed the connection
from disconnected: Unable to receive message from renderer
  (Session info: chrome=147.0.7727.101); For documentation on this error, please visit: https://www.selenium.dev/documentation/webdriver/troubleshooting/errors#invalidsessionidexception
Stacktrace:
	chromedriver!GetHandleVerifier [0xb4b373+10553]
	chromedriver!GetHandleVerifier [0xb4b4a4+10684]
	chromedriver!(No symbol) [0x951e10]
	chromedriver!(No symbol) [0x9421b3]
	chromedriver!(No symbol) [0x941ee5]
	chromedriver!(No symbol) [0x93fff8]
	chromedriver!(No symbol) [0x940846]
	chromedriver!(No symbol) [0x96454e]
	chromedriver!(No symbol) [0x95a8fb]
	chromedriver!(No symbol) [0x95a80d]
	chromedriver!(No symbol) [0x9dd0cf]
	chromedriver!(No symbol) [0x9bd86c]
	chromedriver!(No symbol) [0x9daa36]
	chromedriver!(No symbol) [0x9bd606]
	chromedriver!(No symbol) [0x990039]
	chromedriver!(No symbol) [0x990df4]
	chromedriver!GetHandleVerifier [0xdcddb4+292f94]
	chromedriver!GetHandleVerifier [0xdc937d+28e55d]
	chromedriver!GetHandleVerifier [0xde8215+2ad3f5]
	chromedriver!GetHandleVerifier [0xb64c18+29df8]
	chromedriver!GetHandleVerifier [0xb6c6fd+318dd]
	chromedriver!GetHandleVerifier [0xb53c78+18e58]
	chromedriver!GetHandleVerifier [0xb53e42+19022]
	chromedriver!GetHandleVerifier [0xb3d45f+263f]
	KERNEL32!BaseThreadInitThunk [0x765562c4+24]
	ntdll!RtlSubscribeWnfStateChangeNotification [0x770a0aa9+439]
	ntdll!RtlSubscribeWnfStateChangeNotification [0x770a0a74+404]
) -
9/5_20:30_4e              34747414084          ENVIADO      recordatorio FALLIDO (exception: Message: invalid session id; For documentation on this error, please visit: https://www.selenium.dev/documentation/webdriver/troubleshooting/errors#invalidsessionidexception
Stacktrace:
	chromedriver!GetHandleVerifier [0xb4b373+10553]
	chromedriver!GetHandleVerifier [0xb4b4a4+10684]
	chromedriver!(No symbol) [0x951c4e]
	chromedriver!(No symbol) [0x98f2c5]
	chromedriver!(No symbol) [0x9bd726]
	chromedriver!(No symbol) [0x9b8c62]
	chromedriver!(No symbol) [0x9b8281]
	chromedriver!(No symbol) [0x92501e]
	chromedriver!(No symbol) [0x9255be]
	chromedriver!(No symbol) [0x925a9d]
	chromedriver!GetHandleVerifier [0xdcddb4+292f94]
	chromedriver!GetHandleVerifier [0xdc937d+28e55d]
	chromedriver!GetHandleVerifier [0xde8215+2ad3f5]
	chromedriver!GetHandleVerifier [0xb64c18+29df8]
	chromedriver!GetHandleVerifier [0xb6c6fd+318dd]
	chromedriver!(No symbol) [0x924b99]
	chromedriver!(No symbol) [0x9241e0]
	chromedriver!GetHandleVerifier [0xf32bef+3f7dcf]
	KERNEL32!BaseThreadInitThunk [0x765562c4+24]
	ntdll!RtlSubscribeWnfStateChangeNotification [0x770a0aa9+439]
	ntdll!RtlSubscribeWnfStateChangeNotification [0x770a0a74+404]
) -
9/5_19:00_4e              34675651585          ENVIADO      recordatorio FALLIDO (exception: Message: invalid session id; For documentation on this error, please visit: https://www.selenium.dev/documentation/webdriver/troubleshooting/errors#invalidsessionidexception
Stacktrace:
	chromedriver!GetHandleVerifier [0xb4b373+10553]
	chromedriver!GetHandleVerifier [0xb4b4a4+10684]
	chromedriver!(No symbol) [0x951c4e]
	chromedriver!(No symbol) [0x98f2c5]
	chromedriver!(No symbol) [0x9bd726]
	chromedriver!(No symbol) [0x9b8c62]
	chromedriver!(No symbol) [0x9b8281]
	chromedriver!(No symbol) [0x92501e]
	chromedriver!(No symbol) [0x9255be]
	chromedriver!(No symbol) [0x925a9d]
	chromedriver!GetHandleVerifier [0xdcddb4+292f94]
	chromedriver!GetHandleVerifier [0xdc937d+28e55d]
	chromedriver!GetHandleVerifier [0xde8215+2ad3f5]
	chromedriver!GetHandleVerifier [0xb64c18+29df8]
	chromedriver!GetHandleVerifier [0xb6c6fd+318dd]
	chromedriver!(No symbol) [0x924b99]
	chromedriver!(No symbol) [0x9241e0]
	chromedriver!GetHandleVerifier [0xf32bef+3f7dcf]
	KERNEL32!BaseThreadInitThunk [0x765562c4+24]
	ntdll!RtlSubscribeWnfStateChangeNotification [0x770a0aa9+439]
	ntdll!RtlSubscribeWnfStateChangeNotification [0x770a0a74+404]
) -
10/5_17:30_maf            34722714718          ENVIADO      recordatorio FALLIDO (exception: Message: invalid session id; For documentation on this error, please visit: https://www.selenium.dev/documentation/webdriver/troubleshooting/errors#invalidsessionidexception
Stacktrace:
	chromedriver!GetHandleVerifier [0xb4b373+10553]
	chromedriver!GetHandleVerifier [0xb4b4a4+10684]
	chromedriver!(No symbol) [0x951c4e]
	chromedriver!(No symbol) [0x98f2c5]
	chromedriver!(No symbol) [0x9bd726]
	chromedriver!(No symbol) [0x9b8c62]
	chromedriver!(No symbol) [0x9b8281]
	chromedriver!(No symbol) [0x92501e]
	chromedriver!(No symbol) [0x9255be]
	chromedriver!(No symbol) [0x925a9d]
	chromedriver!GetHandleVerifier [0xdcddb4+292f94]
	chromedriver!GetHandleVerifier [0xdc937d+28e55d]
	chromedriver!GetHandleVerifier [0xde8215+2ad3f5]
	chromedriver!GetHandleVerifier [0xb64c18+29df8]
	chromedriver!GetHandleVerifier [0xb6c6fd+318dd]
	chromedriver!(No symbol) [0x924b99]
	chromedriver!(No symbol) [0x9241e0]
	chromedriver!GetHandleVerifier [0xf32bef+3f7dcf]
	KERNEL32!BaseThreadInitThunk [0x765562c4+24]
	ntdll!RtlSubscribeWnfStateChangeNotification [0x770a0aa9+439]
	ntdll!RtlSubscribeWnfStateChangeNotification [0x770a0a74+404]
) -
10/5_17:30_4e             34653197010          ENVIADO      recordatorio FALLIDO (exception: Message: invalid session id; For documentation on this error, please visit: https://www.selenium.dev/documentation/webdriver/troubleshooting/errors#invalidsessionidexception
Stacktrace:
	chromedriver!GetHandleVerifier [0xb4b373+10553]
	chromedriver!GetHandleVerifier [0xb4b4a4+10684]
	chromedriver!(No symbol) [0x951c4e]
	chromedriver!(No symbol) [0x98f2c5]
	chromedriver!(No symbol) [0x9bd726]
	chromedriver!(No symbol) [0x9b8c62]
	chromedriver!(No symbol) [0x9b8281]
	chromedriver!(No symbol) [0x92501e]
	chromedriver!(No symbol) [0x9255be]
	chromedriver!(No symbol) [0x925a9d]
	chromedriver!GetHandleVerifier [0xdcddb4+292f94]
	chromedriver!GetHandleVerifier [0xdc937d+28e55d]
	chromedriver!GetHandleVerifier [0xde8215+2ad3f5]
	chromedriver!GetHandleVerifier [0xb64c18+29df8]
	chromedriver!GetHandleVerifier [0xb6c6fd+318dd]
	chromedriver!(No symbol) [0x924b99]
	chromedriver!(No symbol) [0x9241e0]
	chromedriver!GetHandleVerifier [0xf32bef+3f7dcf]
	KERNEL32!BaseThreadInitThunk [0x765562c4+24]
	ntdll!RtlSubscribeWnfStateChangeNotification [0x770a0aa9+439]
	ntdll!RtlSubscribeWnfStateChangeNotification [0x770a0a74+404]
) -

[2026-05-13 10:08:54] POSITIVO | Fotos nuevas: 0 | Envios OK: 0 | Envios FAIL: 0 | Reviews negativas: 0 | Fotos borradas: 0

=== SESIÓN 10:10-10:10 (13/05/2026) ===
RESERVA                   TELÉFONO             ESTADO       RESPUESTA                 REVIEW
-----------------------------------------------------------------------------------------------
9/5_14:30_maf             34665976040          ENVIADO      recordatorio FALLIDO (chat_input_not_found) -
9/5_19:00_maf/csi         34%C2%A0628%C2%A061%C2%A027%C2%A078%E2%80%AC ENVIADO      recordatorio FALLIDO (chat_input_not_found) -
9/5_20:30_4e              34747414084          ENVIADO      recordatorio FALLIDO (chat_input_not_found) -
9/5_19:00_4e              34675651585          ENVIADO      recordatorio FALLIDO (chat_input_not_found) -
10/5_17:30_maf            34722714718          ENVIADO      recordatorio FALLIDO (chat_input_not_found) -
10/5_17:30_4e             34653197010          ENVIADO      recordatorio FALLIDO (chat_input_not_found) -

[2026-05-13 10:10:54] POSITIVO | Fotos nuevas: 0 | Envios OK: 0 | Envios FAIL: 0 | Reviews negativas: 0 | Fotos borradas: 0
[2026-05-13 10:11:14] NEGATIVO | WhatsApp no conectado (QR visible) — ciclo abortado

=== SESIÓN 10:13-10:13 (13/05/2026) ===
RESERVA                   TELÉFONO             ESTADO       RESPUESTA                 REVIEW
-----------------------------------------------------------------------------------------------
9/5_14:30_maf             34665976040          ENVIADO      recordatorio FALLIDO (chat_input_not_found) -
9/5_19:00_maf/csi         34%C2%A0628%C2%A061%C2%A027%C2%A078%E2%80%AC ENVIADO      recordatorio FALLIDO (chat_input_not_found) -
9/5_20:30_4e              34747414084          ENVIADO      recordatorio FALLIDO (chat_input_not_found) -
9/5_19:00_4e              34675651585          ENVIADO      recordatorio FALLIDO (chat_input_not_found) -
10/5_17:30_maf            34722714718          ENVIADO      recordatorio FALLIDO (chat_input_not_found) -
10/5_17:30_4e             34653197010          ENVIADO      recordatorio FALLIDO (chat_input_not_found) -

[2026-05-13 10:13:19] POSITIVO | Fotos nuevas: 0 | Envios OK: 0 | Envios FAIL: 0 | Reviews negativas: 0 | Fotos borradas: 0

=== SESIÓN 10:14-10:14 (13/05/2026) ===
RESERVA                   TELÉFONO             ESTADO       RESPUESTA                 REVIEW
-----------------------------------------------------------------------------------------------
9/5_14:30_maf             34665976040          ENVIADO      recordatorio FALLIDO (chat_input_not_found) -
9/5_19:00_maf/csi         34%C2%A0628%C2%A061%C2%A027%C2%A078%E2%80%AC ENVIADO      recordatorio FALLIDO (chat_input_not_found) -
9/5_20:30_4e              34747414084          ENVIADO      recordatorio FALLIDO (chat_input_not_found) -
9/5_19:00_4e              34675651585          ENVIADO      recordatorio FALLIDO (chat_input_not_found) -
10/5_17:30_maf            34722714718          ENVIADO      recordatorio FALLIDO (chat_input_not_found) -
10/5_17:30_4e             34653197010          ENVIADO      recordatorio FALLIDO (chat_input_not_found) -

[2026-05-13 10:14:41] POSITIVO | Fotos nuevas: 0 | Envios OK: 0 | Envios FAIL: 0 | Reviews negativas: 0 | Fotos borradas: 0

=== SESIÓN 10:13-10:16 (13/05/2026) ===
RESERVA                   TELÉFONO             ESTADO       RESPUESTA                 REVIEW
-----------------------------------------------------------------------------------------------
9/5_14:30_maf             34665976040          ENVIADO      recordatorio FALLIDO (exception: HTTPConnectionPool(host='localhost', port=59539): Max retries exceeded with url: /session/b40e53ca6a832de43235b3f276a0f9b3/source (Caused by NewConnectionError("HTTPConnection(host='localhost', port=59539): Failed to establish a new connection: [WinError 10061] No connection could be made because the target machine actively refused it"))) -
9/5_19:00_maf/csi         34%C2%A0628%C2%A061%C2%A027%C2%A078%E2%80%AC ENVIADO      recordatorio FALLIDO (exception: HTTPConnectionPool(host='localhost', port=59539): Max retries exceeded with url: /session/b40e53ca6a832de43235b3f276a0f9b3/source (Caused by NewConnectionError("HTTPConnection(host='localhost', port=59539): Failed to establish a new connection: [WinError 10061] No connection could be made because the target machine actively refused it"))) -
9/5_20:30_4e              34747414084          ENVIADO      recordatorio FALLIDO (exception: HTTPConnectionPool(host='localhost', port=59539): Max retries exceeded with url: /session/b40e53ca6a832de43235b3f276a0f9b3/source (Caused by NewConnectionError("HTTPConnection(host='localhost', port=59539): Failed to establish a new connection: [WinError 10061] No connection could be made because the target machine actively refused it"))) -
9/5_19:00_4e              34675651585          ENVIADO      recordatorio FALLIDO (exception: HTTPConnectionPool(host='localhost', port=59539): Max retries exceeded with url: /session/b40e53ca6a832de43235b3f276a0f9b3/source (Caused by NewConnectionError("HTTPConnection(host='localhost', port=59539): Failed to establish a new connection: [WinError 10061] No connection could be made because the target machine actively refused it"))) -
10/5_17:30_maf            34722714718          ENVIADO      recordatorio FALLIDO (exception: HTTPConnectionPool(host='localhost', port=59539): Max retries exceeded with url: /session/b40e53ca6a832de43235b3f276a0f9b3/source (Caused by NewConnectionError("HTTPConnection(host='localhost', port=59539): Failed to establish a new connection: [WinError 10061] No connection could be made because the target machine actively refused it"))) -
10/5_17:30_4e             34653197010          ENVIADO      recordatorio FALLIDO (exception: HTTPConnectionPool(host='localhost', port=59539): Max retries exceeded with url: /session/b40e53ca6a832de43235b3f276a0f9b3/source (Caused by NewConnectionError("HTTPConnection(host='localhost', port=59539): Failed to establish a new connection: [WinError 10061] No connection could be made because the target machine actively refused it"))) -

[2026-05-13 10:16:04] POSITIVO | Fotos nuevas: 0 | Envios OK: 0 | Envios FAIL: 0 | Reviews negativas: 0 | Fotos borradas: 0

=== SESIÓN 10:15-10:16 (13/05/2026) ===
RESERVA                   TELÉFONO             ESTADO       RESPUESTA                 REVIEW
-----------------------------------------------------------------------------------------------
9/5_14:30_maf             34665976040          ENVIADO      recordatorio FALLIDO (chat_input_not_found) -
9/5_19:00_maf/csi         34%C2%A0628%C2%A061%C2%A027%C2%A078%E2%80%AC ENVIADO      recordatorio FALLIDO (chat_input_not_found) -
9/5_20:30_4e              34747414084          ENVIADO      recordatorio FALLIDO (chat_input_not_found) -
9/5_19:00_4e              34675651585          ENVIADO      recordatorio FALLIDO (chat_input_not_found) -
10/5_17:30_maf            34722714718          ENVIADO      recordatorio FALLIDO (chat_input_not_found) -
10/5_17:30_4e             34653197010          ENVIADO      recordatorio FALLIDO (chat_input_not_found) -

[2026-05-13 10:16:05] POSITIVO | Fotos nuevas: 0 | Envios OK: 0 | Envios FAIL: 0 | Reviews negativas: 0 | Fotos borradas: 0

=== SESIÓN 10:18-10:18 (13/05/2026) ===
RESERVA                   TELÉFONO             ESTADO       RESPUESTA                 REVIEW
-----------------------------------------------------------------------------------------------
9/5_14:30_maf             34665976040          ENVIADO      recordatorio FALLIDO (chat_input_not_found) -
9/5_19:00_maf/csi         34%C2%A0628%C2%A061%C2%A027%C2%A078%E2%80%AC ENVIADO      recordatorio FALLIDO (chat_input_not_found) -
9/5_20:30_4e              34747414084          ENVIADO      recordatorio FALLIDO (chat_input_not_found) -
9/5_19:00_4e              34675651585          ENVIADO      recordatorio FALLIDO (chat_input_not_found) -
10/5_17:30_maf            34722714718          ENVIADO      recordatorio FALLIDO (chat_input_not_found) -
10/5_17:30_4e             34653197010          ENVIADO      recordatorio FALLIDO (chat_input_not_found) -

[2026-05-13 10:18:07] POSITIVO | Fotos nuevas: 0 | Envios OK: 0 | Envios FAIL: 0 | Reviews negativas: 0 | Fotos borradas: 0
[2026-05-13 10:18:30] NEGATIVO | WhatsApp no conectado (QR visible) — ciclo abortado

=== SESIÓN 10:19-10:19 (13/05/2026) ===
RESERVA                   TELÉFONO             ESTADO       RESPUESTA                 REVIEW
-----------------------------------------------------------------------------------------------
9/5_14:30_maf             34665976040          ENVIADO      recordatorio FALLIDO (exception: Message: invalid session id; For documentation on this error, please visit: https://www.selenium.dev/documentation/webdriver/troubleshooting/errors#invalidsessionidexception
Stacktrace:
	chromedriver!GetHandleVerifier [0xb4b373+10553]
	chromedriver!GetHandleVerifier [0xb4b4a4+10684]
	chromedriver!(No symbol) [0x951c4e]
	chromedriver!(No symbol) [0x98f2c5]
	chromedriver!(No symbol) [0x9bd726]
	chromedriver!(No symbol) [0x9b8c62]
	chromedriver!(No symbol) [0x9b8281]
	chromedriver!(No symbol) [0x92501e]
	chromedriver!(No symbol) [0x9255be]
	chromedriver!(No symbol) [0x925a9d]
	chromedriver!GetHandleVerifier [0xdcddb4+292f94]
	chromedriver!GetHandleVerifier [0xdc937d+28e55d]
	chromedriver!GetHandleVerifier [0xde8215+2ad3f5]
	chromedriver!GetHandleVerifier [0xb64c18+29df8]
	chromedriver!GetHandleVerifier [0xb6c6fd+318dd]
	chromedriver!(No symbol) [0x924b99]
	chromedriver!(No symbol) [0x9241e0]
	chromedriver!GetHandleVerifier [0xf32bef+3f7dcf]
	KERNEL32!BaseThreadInitThunk [0x765562c4+24]
	ntdll!RtlSubscribeWnfStateChangeNotification [0x770a0aa9+439]
	ntdll!RtlSubscribeWnfStateChangeNotification [0x770a0a74+404]
) -
9/5_19:00_maf/csi         34%C2%A0628%C2%A061%C2%A027%C2%A078%E2%80%AC ENVIADO      recordatorio FALLIDO (exception: Message: invalid session id; For documentation on this error, please visit: https://www.selenium.dev/documentation/webdriver/troubleshooting/errors#invalidsessionidexception
Stacktrace:
	chromedriver!GetHandleVerifier [0xb4b373+10553]
	chromedriver!GetHandleVerifier [0xb4b4a4+10684]
	chromedriver!(No symbol) [0x951c4e]
	chromedriver!(No symbol) [0x98f2c5]
	chromedriver!(No symbol) [0x9bd726]
	chromedriver!(No symbol) [0x9b8c62]
	chromedriver!(No symbol) [0x9b8281]
	chromedriver!(No symbol) [0x92501e]
	chromedriver!(No symbol) [0x9255be]
	chromedriver!(No symbol) [0x925a9d]
	chromedriver!GetHandleVerifier [0xdcddb4+292f94]
	chromedriver!GetHandleVerifier [0xdc937d+28e55d]
	chromedriver!GetHandleVerifier [0xde8215+2ad3f5]
	chromedriver!GetHandleVerifier [0xb64c18+29df8]
	chromedriver!GetHandleVerifier [0xb6c6fd+318dd]
	chromedriver!(No symbol) [0x924b99]
	chromedriver!(No symbol) [0x9241e0]
	chromedriver!GetHandleVerifier [0xf32bef+3f7dcf]
	KERNEL32!BaseThreadInitThunk [0x765562c4+24]
	ntdll!RtlSubscribeWnfStateChangeNotification [0x770a0aa9+439]
	ntdll!RtlSubscribeWnfStateChangeNotification [0x770a0a74+404]
) -
9/5_20:30_4e              34747414084          ENVIADO      recordatorio FALLIDO (exception: Message: invalid session id; For documentation on this error, please visit: https://www.selenium.dev/documentation/webdriver/troubleshooting/errors#invalidsessionidexception
Stacktrace:
	chromedriver!GetHandleVerifier [0xb4b373+10553]
	chromedriver!GetHandleVerifier [0xb4b4a4+10684]
	chromedriver!(No symbol) [0x951c4e]
	chromedriver!(No symbol) [0x98f2c5]
	chromedriver!(No symbol) [0x9bd726]
	chromedriver!(No symbol) [0x9b8c62]
	chromedriver!(No symbol) [0x9b8281]
	chromedriver!(No symbol) [0x92501e]
	chromedriver!(No symbol) [0x9255be]
	chromedriver!(No symbol) [0x925a9d]
	chromedriver!GetHandleVerifier [0xdcddb4+292f94]
	chromedriver!GetHandleVerifier [0xdc937d+28e55d]
	chromedriver!GetHandleVerifier [0xde8215+2ad3f5]
	chromedriver!GetHandleVerifier [0xb64c18+29df8]
	chromedriver!GetHandleVerifier [0xb6c6fd+318dd]
	chromedriver!(No symbol) [0x924b99]
	chromedriver!(No symbol) [0x9241e0]
	chromedriver!GetHandleVerifier [0xf32bef+3f7dcf]
	KERNEL32!BaseThreadInitThunk [0x765562c4+24]
	ntdll!RtlSubscribeWnfStateChangeNotification [0x770a0aa9+439]
	ntdll!RtlSubscribeWnfStateChangeNotification [0x770a0a74+404]
) -
9/5_19:00_4e              34675651585          ENVIADO      recordatorio FALLIDO (exception: Message: invalid session id; For documentation on this error, please visit: https://www.selenium.dev/documentation/webdriver/troubleshooting/errors#invalidsessionidexception
Stacktrace:
	chromedriver!GetHandleVerifier [0xb4b373+10553]
	chromedriver!GetHandleVerifier [0xb4b4a4+10684]
	chromedriver!(No symbol) [0x951c4e]
	chromedriver!(No symbol) [0x98f2c5]
	chromedriver!(No symbol) [0x9bd726]
	chromedriver!(No symbol) [0x9b8c62]
	chromedriver!(No symbol) [0x9b8281]
	chromedriver!(No symbol) [0x92501e]
	chromedriver!(No symbol) [0x9255be]
	chromedriver!(No symbol) [0x925a9d]
	chromedriver!GetHandleVerifier [0xdcddb4+292f94]
	chromedriver!GetHandleVerifier [0xdc937d+28e55d]
	chromedriver!GetHandleVerifier [0xde8215+2ad3f5]
	chromedriver!GetHandleVerifier [0xb64c18+29df8]
	chromedriver!GetHandleVerifier [0xb6c6fd+318dd]
	chromedriver!(No symbol) [0x924b99]
	chromedriver!(No symbol) [0x9241e0]
	chromedriver!GetHandleVerifier [0xf32bef+3f7dcf]
	KERNEL32!BaseThreadInitThunk [0x765562c4+24]
	ntdll!RtlSubscribeWnfStateChangeNotification [0x770a0aa9+439]
	ntdll!RtlSubscribeWnfStateChangeNotification [0x770a0a74+404]
) -
10/5_17:30_maf            34722714718          ENVIADO      recordatorio FALLIDO (exception: Message: invalid session id; For documentation on this error, please visit: https://www.selenium.dev/documentation/webdriver/troubleshooting/errors#invalidsessionidexception
Stacktrace:
	chromedriver!GetHandleVerifier [0xb4b373+10553]
	chromedriver!GetHandleVerifier [0xb4b4a4+10684]
	chromedriver!(No symbol) [0x951c4e]
	chromedriver!(No symbol) [0x98f2c5]
	chromedriver!(No symbol) [0x9bd726]
	chromedriver!(No symbol) [0x9b8c62]
	chromedriver!(No symbol) [0x9b8281]
	chromedriver!(No symbol) [0x92501e]
	chromedriver!(No symbol) [0x9255be]
	chromedriver!(No symbol) [0x925a9d]
	chromedriver!GetHandleVerifier [0xdcddb4+292f94]
	chromedriver!GetHandleVerifier [0xdc937d+28e55d]
	chromedriver!GetHandleVerifier [0xde8215+2ad3f5]
	chromedriver!GetHandleVerifier [0xb64c18+29df8]
	chromedriver!GetHandleVerifier [0xb6c6fd+318dd]
	chromedriver!(No symbol) [0x924b99]
	chromedriver!(No symbol) [0x9241e0]
	chromedriver!GetHandleVerifier [0xf32bef+3f7dcf]
	KERNEL32!BaseThreadInitThunk [0x765562c4+24]
	ntdll!RtlSubscribeWnfStateChangeNotification [0x770a0aa9+439]
	ntdll!RtlSubscribeWnfStateChangeNotification [0x770a0a74+404]
) -
10/5_17:30_4e             34653197010          ENVIADO      recordatorio FALLIDO (exception: Message: invalid session id; For documentation on this error, please visit: https://www.selenium.dev/documentation/webdriver/troubleshooting/errors#invalidsessionidexception
Stacktrace:
	chromedriver!GetHandleVerifier [0xb4b373+10553]
	chromedriver!GetHandleVerifier [0xb4b4a4+10684]
	chromedriver!(No symbol) [0x951c4e]
	chromedriver!(No symbol) [0x98f2c5]
	chromedriver!(No symbol) [0x9bd726]
	chromedriver!(No symbol) [0x9b8c62]
	chromedriver!(No symbol) [0x9b8281]
	chromedriver!(No symbol) [0x92501e]
	chromedriver!(No symbol) [0x9255be]
	chromedriver!(No symbol) [0x925a9d]
	chromedriver!GetHandleVerifier [0xdcddb4+292f94]
	chromedriver!GetHandleVerifier [0xdc937d+28e55d]
	chromedriver!GetHandleVerifier [0xde8215+2ad3f5]
	chromedriver!GetHandleVerifier [0xb64c18+29df8]
	chromedriver!GetHandleVerifier [0xb6c6fd+318dd]
	chromedriver!(No symbol) [0x924b99]
	chromedriver!(No symbol) [0x9241e0]
	chromedriver!GetHandleVerifier [0xf32bef+3f7dcf]
	KERNEL32!BaseThreadInitThunk [0x765562c4+24]
	ntdll!RtlSubscribeWnfStateChangeNotification [0x770a0aa9+439]
	ntdll!RtlSubscribeWnfStateChangeNotification [0x770a0a74+404]
) -

[2026-05-13 10:19:19] POSITIVO | Fotos nuevas: 0 | Envios OK: 0 | Envios FAIL: 0 | Reviews negativas: 0 | Fotos borradas: 0

=== SESIÓN 10:21-10:21 (13/05/2026) ===
RESERVA                   TELÉFONO             ESTADO       RESPUESTA                 REVIEW
-----------------------------------------------------------------------------------------------
9/5_14:30_maf             34665976040          ENVIADO      recordatorio FALLIDO (chat_input_not_found) -
9/5_19:00_maf/csi         34%C2%A0628%C2%A061%C2%A027%C2%A078%E2%80%AC ENVIADO      recordatorio FALLIDO (chat_input_not_found) -
9/5_20:30_4e              34747414084          ENVIADO      recordatorio FALLIDO (chat_input_not_found) -
9/5_19:00_4e              34675651585          ENVIADO      recordatorio FALLIDO (chat_input_not_found) -
10/5_17:30_maf            34722714718          ENVIADO      recordatorio FALLIDO (chat_input_not_found) -
10/5_17:30_4e             34653197010          ENVIADO      recordatorio FALLIDO (chat_input_not_found) -

[2026-05-13 10:21:20] POSITIVO | Fotos nuevas: 0 | Envios OK: 0 | Envios FAIL: 0 | Reviews negativas: 0 | Fotos borradas: 0
[2026-05-13 10:21:38] NEGATIVO | WhatsApp no conectado (QR visible) — ciclo abortado

=== SESIÓN 10:23-10:23 (13/05/2026) ===
RESERVA                   TELÉFONO             ESTADO       RESPUESTA                 REVIEW
-----------------------------------------------------------------------------------------------
9/5_14:30_maf             34665976040          ENVIADO      recordatorio FALLIDO (chat_input_not_found) -
9/5_19:00_maf/csi         34%C2%A0628%C2%A061%C2%A027%C2%A078%E2%80%AC ENVIADO      recordatorio FALLIDO (chat_input_not_found) -
9/5_20:30_4e              34747414084          ENVIADO      recordatorio FALLIDO (chat_input_not_found) -
9/5_19:00_4e              34675651585          ENVIADO      recordatorio FALLIDO (chat_input_not_found) -
10/5_17:30_maf            34722714718          ENVIADO      recordatorio FALLIDO (chat_input_not_found) -
10/5_17:30_4e             34653197010          ENVIADO      recordatorio FALLIDO (chat_input_not_found) -

[2026-05-13 10:23:39] POSITIVO | Fotos nuevas: 0 | Envios OK: 0 | Envios FAIL: 0 | Reviews negativas: 0 | Fotos borradas: 0

=== SESIÓN 10:24-10:25 (13/05/2026) ===
RESERVA                   TELÉFONO             ESTADO       RESPUESTA                 REVIEW
-----------------------------------------------------------------------------------------------
9/5_14:30_maf             34665976040          ENVIADO      recordatorio FALLIDO (chat_input_not_found) -
9/5_19:00_maf/csi         34%C2%A0628%C2%A061%C2%A027%C2%A078%E2%80%AC ENVIADO      recordatorio FALLIDO (chat_input_not_found) -
9/5_20:30_4e              34747414084          ENVIADO      recordatorio FALLIDO (chat_input_not_found) -
9/5_19:00_4e              34675651585          ENVIADO      recordatorio FALLIDO (chat_input_not_found) -
10/5_17:30_maf            34722714718          ENVIADO      recordatorio FALLIDO (chat_input_not_found) -
10/5_17:30_4e             34653197010          ENVIADO      recordatorio FALLIDO (chat_input_not_found) -

[2026-05-13 10:25:02] POSITIVO | Fotos nuevas: 0 | Envios OK: 0 | Envios FAIL: 0 | Reviews negativas: 0 | Fotos borradas: 0

=== SESIÓN 10:26-10:26 (13/05/2026) ===
RESERVA                   TELÉFONO             ESTADO       RESPUESTA                 REVIEW
-----------------------------------------------------------------------------------------------
9/5_14:30_maf             34665976040          ENVIADO      recordatorio FALLIDO (chat_input_not_found) -
9/5_19:00_maf/csi         34%C2%A0628%C2%A061%C2%A027%C2%A078%E2%80%AC ENVIADO      recordatorio FALLIDO (chat_input_not_found) -
9/5_20:30_4e              34747414084          ENVIADO      recordatorio FALLIDO (chat_input_not_found) -
9/5_19:00_4e              34675651585          ENVIADO      recordatorio FALLIDO (chat_input_not_found) -
10/5_17:30_maf            34722714718          ENVIADO      recordatorio FALLIDO (chat_input_not_found) -
10/5_17:30_4e             34653197010          ENVIADO      recordatorio FALLIDO (chat_input_not_found) -

[2026-05-13 10:26:21] POSITIVO | Fotos nuevas: 0 | Envios OK: 0 | Envios FAIL: 0 | Reviews negativas: 0 | Fotos borradas: 0

=== SESIÓN 10:24-10:27 (13/05/2026) ===
RESERVA                   TELÉFONO             ESTADO       RESPUESTA                 REVIEW
-----------------------------------------------------------------------------------------------
9/5_14:30_maf             34665976040          ENVIADO      recordatorio FALLIDO (exception: HTTPConnectionPool(host='localhost', port=60289): Max retries exceeded with url: /session/5ec6c1b8472842919e3a0a79338ddf08/source (Caused by NewConnectionError("HTTPConnection(host='localhost', port=60289): Failed to establish a new connection: [WinError 10061] No connection could be made because the target machine actively refused it"))) -
9/5_19:00_maf/csi         34%C2%A0628%C2%A061%C2%A027%C2%A078%E2%80%AC ENVIADO      recordatorio FALLIDO (exception: HTTPConnectionPool(host='localhost', port=60289): Max retries exceeded with url: /session/5ec6c1b8472842919e3a0a79338ddf08/source (Caused by NewConnectionError("HTTPConnection(host='localhost', port=60289): Failed to establish a new connection: [WinError 10061] No connection could be made because the target machine actively refused it"))) -
9/5_20:30_4e              34747414084          ENVIADO      recordatorio FALLIDO (exception: HTTPConnectionPool(host='localhost', port=60289): Max retries exceeded with url: /session/5ec6c1b8472842919e3a0a79338ddf08/source (Caused by NewConnectionError("HTTPConnection(host='localhost', port=60289): Failed to establish a new connection: [WinError 10061] No connection could be made because the target machine actively refused it"))) -
9/5_19:00_4e              34675651585          ENVIADO      recordatorio FALLIDO (exception: HTTPConnectionPool(host='localhost', port=60289): Max retries exceeded with url: /session/5ec6c1b8472842919e3a0a79338ddf08/source (Caused by NewConnectionError("HTTPConnection(host='localhost', port=60289): Failed to establish a new connection: [WinError 10061] No connection could be made because the target machine actively refused it"))) -
10/5_17:30_maf            34722714718          ENVIADO      recordatorio FALLIDO (exception: HTTPConnectionPool(host='localhost', port=60289): Max retries exceeded with url: /session/5ec6c1b8472842919e3a0a79338ddf08/source (Caused by NewConnectionError("HTTPConnection(host='localhost', port=60289): Failed to establish a new connection: [WinError 10061] No connection could be made because the target machine actively refused it"))) -
10/5_17:30_4e             34653197010          ENVIADO      recordatorio FALLIDO (exception: HTTPConnectionPool(host='localhost', port=60289): Max retries exceeded with url: /session/5ec6c1b8472842919e3a0a79338ddf08/source (Caused by NewConnectionError("HTTPConnection(host='localhost', port=60289): Failed to establish a new connection: [WinError 10061] No connection could be made because the target machine actively refused it"))) -

[2026-05-13 10:27:19] POSITIVO | Fotos nuevas: 0 | Envios OK: 0 | Envios FAIL: 0 | Reviews negativas: 0 | Fotos borradas: 0

=== SESIÓN 10:28-10:28 (13/05/2026) ===
RESERVA                   TELÉFONO             ESTADO       RESPUESTA                 REVIEW
-----------------------------------------------------------------------------------------------
9/5_14:30_maf             34665976040          ENVIADO      recordatorio FALLIDO (chat_input_not_found) -
9/5_19:00_maf/csi         34%C2%A0628%C2%A061%C2%A027%C2%A078%E2%80%AC ENVIADO      recordatorio FALLIDO (chat_input_not_found) -
9/5_20:30_4e              34747414084          ENVIADO      recordatorio FALLIDO (chat_input_not_found) -
9/5_19:00_4e              34675651585          ENVIADO      recordatorio FALLIDO (chat_input_not_found) -
10/5_17:30_maf            34722714718          ENVIADO      recordatorio FALLIDO (chat_input_not_found) -
10/5_17:30_4e             34653197010          ENVIADO      recordatorio FALLIDO (chat_input_not_found) -

[2026-05-13 10:28:43] POSITIVO | Fotos nuevas: 0 | Envios OK: 0 | Envios FAIL: 0 | Reviews negativas: 0 | Fotos borradas: 0

=== SESIÓN 10:29-10:30 (13/05/2026) ===
RESERVA                   TELÉFONO             ESTADO       RESPUESTA                 REVIEW
-----------------------------------------------------------------------------------------------
9/5_14:30_maf             34665976040          ENVIADO      recordatorio FALLIDO (chat_input_not_found) -
9/5_19:00_maf/csi         34%C2%A0628%C2%A061%C2%A027%C2%A078%E2%80%AC ENVIADO      recordatorio FALLIDO (chat_input_not_found) -
9/5_20:30_4e              34747414084          ENVIADO      recordatorio FALLIDO (chat_input_not_found) -
9/5_19:00_4e              34675651585          ENVIADO      recordatorio FALLIDO (chat_input_not_found) -
10/5_17:30_maf            34722714718          ENVIADO      recordatorio FALLIDO (chat_input_not_found) -
10/5_17:30_4e             34653197010          ENVIADO      recordatorio FALLIDO (chat_input_not_found) -

[2026-05-13 10:30:01] POSITIVO | Fotos nuevas: 0 | Envios OK: 0 | Envios FAIL: 0 | Reviews negativas: 0 | Fotos borradas: 0

=== SESIÓN 10:31-10:31 (13/05/2026) ===
RESERVA                   TELÉFONO             ESTADO       RESPUESTA                 REVIEW
-----------------------------------------------------------------------------------------------
9/5_14:30_maf             34665976040          ENVIADO      recordatorio FALLIDO (chat_input_not_found) -
9/5_19:00_maf/csi         34%C2%A0628%C2%A061%C2%A027%C2%A078%E2%80%AC ENVIADO      recordatorio FALLIDO (chat_input_not_found) -
9/5_20:30_4e              34747414084          ENVIADO      recordatorio FALLIDO (chat_input_not_found) -
9/5_19:00_4e              34675651585          ENVIADO      recordatorio FALLIDO (chat_input_not_found) -
10/5_17:30_maf            34722714718          ENVIADO      recordatorio FALLIDO (chat_input_not_found) -
10/5_17:30_4e             34653197010          ENVIADO      recordatorio FALLIDO (chat_input_not_found) -

[2026-05-13 10:31:18] POSITIVO | Fotos nuevas: 0 | Envios OK: 0 | Envios FAIL: 0 | Reviews negativas: 0 | Fotos borradas: 0

=== SESIÓN 10:29-10:31 (13/05/2026) ===
RESERVA                   TELÉFONO             ESTADO       RESPUESTA                 REVIEW
-----------------------------------------------------------------------------------------------
9/5_14:30_maf             34665976040          ENVIADO      recordatorio FALLIDO (exception: HTTPConnectionPool(host='localhost', port=60988): Max retries exceeded with url: /session/060fc5d92fe6d294a716288ad0a52482/source (Caused by NewConnectionError("HTTPConnection(host='localhost', port=60988): Failed to establish a new connection: [WinError 10061] No connection could be made because the target machine actively refused it"))) -
9/5_19:00_maf/csi         34%C2%A0628%C2%A061%C2%A027%C2%A078%E2%80%AC ENVIADO      recordatorio FALLIDO (exception: HTTPConnectionPool(host='localhost', port=60988): Max retries exceeded with url: /session/060fc5d92fe6d294a716288ad0a52482/source (Caused by NewConnectionError("HTTPConnection(host='localhost', port=60988): Failed to establish a new connection: [WinError 10061] No connection could be made because the target machine actively refused it"))) -
9/5_20:30_4e              34747414084          ENVIADO      recordatorio FALLIDO (exception: HTTPConnectionPool(host='localhost', port=60988): Max retries exceeded with url: /session/060fc5d92fe6d294a716288ad0a52482/source (Caused by NewConnectionError("HTTPConnection(host='localhost', port=60988): Failed to establish a new connection: [WinError 10061] No connection could be made because the target machine actively refused it"))) -
9/5_19:00_4e              34675651585          ENVIADO      recordatorio FALLIDO (exception: HTTPConnectionPool(host='localhost', port=60988): Max retries exceeded with url: /session/060fc5d92fe6d294a716288ad0a52482/source (Caused by NewConnectionError("HTTPConnection(host='localhost', port=60988): Failed to establish a new connection: [WinError 10061] No connection could be made because the target machine actively refused it"))) -
10/5_17:30_maf            34722714718          ENVIADO      recordatorio FALLIDO (exception: HTTPConnectionPool(host='localhost', port=60988): Max retries exceeded with url: /session/060fc5d92fe6d294a716288ad0a52482/source (Caused by NewConnectionError("HTTPConnection(host='localhost', port=60988): Failed to establish a new connection: [WinError 10061] No connection could be made because the target machine actively refused it"))) -
10/5_17:30_4e             34653197010          ENVIADO      recordatorio FALLIDO (exception: HTTPConnectionPool(host='localhost', port=60988): Max retries exceeded with url: /session/060fc5d92fe6d294a716288ad0a52482/source (Caused by NewConnectionError("HTTPConnection(host='localhost', port=60988): Failed to establish a new connection: [WinError 10061] No connection could be made because the target machine actively refused it"))) -

[2026-05-13 10:31:47] POSITIVO | Fotos nuevas: 0 | Envios OK: 0 | Envios FAIL: 0 | Reviews negativas: 0 | Fotos borradas: 0

=== SESIÓN 10:32-10:32 (13/05/2026) ===
RESERVA                   TELÉFONO             ESTADO       RESPUESTA                 REVIEW
-----------------------------------------------------------------------------------------------
9/5_14:30_maf             34665976040          ENVIADO      recordatorio FALLIDO (chat_input_not_found) -
9/5_19:00_maf/csi         34%C2%A0628%C2%A061%C2%A027%C2%A078%E2%80%AC ENVIADO      recordatorio FALLIDO (chat_input_not_found) -
9/5_20:30_4e              34747414084          ENVIADO      recordatorio FALLIDO (chat_input_not_found) -
9/5_19:00_4e              34675651585          ENVIADO      recordatorio FALLIDO (exception: Message: invalid session id: session deleted as the browser has closed the connection
from disconnected: Unable to receive message from renderer
  (Session info: chrome=147.0.7727.101); For documentation on this error, please visit: https://www.selenium.dev/documentation/webdriver/troubleshooting/errors#invalidsessionidexception
Stacktrace:
	chromedriver!GetHandleVerifier [0xb4b373+10553]
	chromedriver!GetHandleVerifier [0xb4b4a4+10684]
	chromedriver!(No symbol) [0x951e10]
	chromedriver!(No symbol) [0x9421b3]
	chromedriver!(No symbol) [0x941ee5]
	chromedriver!(No symbol) [0x93fff8]
	chromedriver!(No symbol) [0x940846]
	chromedriver!(No symbol) [0x94d6bb]
	chromedriver!(No symbol) [0x95f45e]
	chromedriver!(No symbol) [0x964eb6]
	chromedriver!(No symbol) [0x940ecc]
	chromedriver!(No symbol) [0x95ece9]
	chromedriver!(No symbol) [0x9da946]
	chromedriver!(No symbol) [0x9bd606]
	chromedriver!(No symbol) [0x990039]
	chromedriver!(No symbol) [0x990df4]
	chromedriver!GetHandleVerifier [0xdcddb4+292f94]
	chromedriver!GetHandleVerifier [0xdc937d+28e55d]
	chromedriver!GetHandleVerifier [0xde8215+2ad3f5]
	chromedriver!GetHandleVerifier [0xb64c18+29df8]
	chromedriver!GetHandleVerifier [0xb6c6fd+318dd]
	chromedriver!GetHandleVerifier [0xb53c78+18e58]
	chromedriver!GetHandleVerifier [0xb53e42+19022]
	chromedriver!GetHandleVerifier [0xb3d45f+263f]
	KERNEL32!BaseThreadInitThunk [0x765562c4+24]
	ntdll!RtlSubscribeWnfStateChangeNotification [0x770a0aa9+439]
	ntdll!RtlSubscribeWnfStateChangeNotification [0x770a0a74+404]
) -
10/5_17:30_maf            34722714718          ENVIADO      recordatorio FALLIDO (exception: Message: invalid session id; For documentation on this error, please visit: https://www.selenium.dev/documentation/webdriver/troubleshooting/errors#invalidsessionidexception
Stacktrace:
	chromedriver!GetHandleVerifier [0xb4b373+10553]
	chromedriver!GetHandleVerifier [0xb4b4a4+10684]
	chromedriver!(No symbol) [0x951c4e]
	chromedriver!(No symbol) [0x98f2c5]
	chromedriver!(No symbol) [0x9bd726]
	chromedriver!(No symbol) [0x9b8c62]
	chromedriver!(No symbol) [0x9b8281]
	chromedriver!(No symbol) [0x92501e]
	chromedriver!(No symbol) [0x9255be]
	chromedriver!(No symbol) [0x925a9d]
	chromedriver!GetHandleVerifier [0xdcddb4+292f94]
	chromedriver!GetHandleVerifier [0xdc937d+28e55d]
	chromedriver!GetHandleVerifier [0xde8215+2ad3f5]
	chromedriver!GetHandleVerifier [0xb64c18+29df8]
	chromedriver!GetHandleVerifier [0xb6c6fd+318dd]
	chromedriver!(No symbol) [0x924b99]
	chromedriver!(No symbol) [0x9241e0]
	chromedriver!GetHandleVerifier [0xf32bef+3f7dcf]
	KERNEL32!BaseThreadInitThunk [0x765562c4+24]
	ntdll!RtlSubscribeWnfStateChangeNotification [0x770a0aa9+439]
	ntdll!RtlSubscribeWnfStateChangeNotification [0x770a0a74+404]
) -
10/5_17:30_4e             34653197010          ENVIADO      recordatorio FALLIDO (exception: Message: invalid session id; For documentation on this error, please visit: https://www.selenium.dev/documentation/webdriver/troubleshooting/errors#invalidsessionidexception
Stacktrace:
	chromedriver!GetHandleVerifier [0xb4b373+10553]
	chromedriver!GetHandleVerifier [0xb4b4a4+10684]
	chromedriver!(No symbol) [0x951c4e]
	chromedriver!(No symbol) [0x98f2c5]
	chromedriver!(No symbol) [0x9bd726]
	chromedriver!(No symbol) [0x9b8c62]
	chromedriver!(No symbol) [0x9b8281]
	chromedriver!(No symbol) [0x92501e]
	chromedriver!(No symbol) [0x9255be]
	chromedriver!(No symbol) [0x925a9d]
	chromedriver!GetHandleVerifier [0xdcddb4+292f94]
	chromedriver!GetHandleVerifier [0xdc937d+28e55d]
	chromedriver!GetHandleVerifier [0xde8215+2ad3f5]
	chromedriver!GetHandleVerifier [0xb64c18+29df8]
	chromedriver!GetHandleVerifier [0xb6c6fd+318dd]
	chromedriver!(No symbol) [0x924b99]
	chromedriver!(No symbol) [0x9241e0]
	chromedriver!GetHandleVerifier [0xf32bef+3f7dcf]
	KERNEL32!BaseThreadInitThunk [0x765562c4+24]
	ntdll!RtlSubscribeWnfStateChangeNotification [0x770a0aa9+439]
	ntdll!RtlSubscribeWnfStateChangeNotification [0x770a0a74+404]
) -

[2026-05-13 10:32:36] POSITIVO | Fotos nuevas: 0 | Envios OK: 0 | Envios FAIL: 0 | Reviews negativas: 0 | Fotos borradas: 0

=== SESIÓN 10:34-10:34 (13/05/2026) ===
RESERVA                   TELÉFONO             ESTADO       RESPUESTA                 REVIEW
-----------------------------------------------------------------------------------------------
9/5_14:30_maf             34665976040          ENVIADO      recordatorio FALLIDO (chat_input_not_found) -
9/5_19:00_maf/csi         34%C2%A0628%C2%A061%C2%A027%C2%A078%E2%80%AC ENVIADO      recordatorio FALLIDO (chat_input_not_found) -
9/5_20:30_4e              34747414084          ENVIADO      recordatorio FALLIDO (chat_input_not_found) -
9/5_19:00_4e              34675651585          ENVIADO      recordatorio FALLIDO (chat_input_not_found) -
10/5_17:30_maf            34722714718          ENVIADO      recordatorio FALLIDO (chat_input_not_found) -
10/5_17:30_4e             34653197010          ENVIADO      recordatorio FALLIDO (chat_input_not_found) -

[2026-05-13 10:34:33] POSITIVO | Fotos nuevas: 0 | Envios OK: 0 | Envios FAIL: 0 | Reviews negativas: 0 | Fotos borradas: 0
[2026-05-13 10:34:55] NEGATIVO | WhatsApp no conectado (QR visible) — ciclo abortado

=== SESIÓN 10:36-10:36 (13/05/2026) ===
RESERVA                   TELÉFONO             ESTADO       RESPUESTA                 REVIEW
-----------------------------------------------------------------------------------------------
9/5_14:30_maf             34665976040          ENVIADO      recordatorio FALLIDO (chat_input_not_found) -
9/5_19:00_maf/csi         34%C2%A0628%C2%A061%C2%A027%C2%A078%E2%80%AC ENVIADO      recordatorio FALLIDO (chat_input_not_found) -
9/5_20:30_4e              34747414084          ENVIADO      recordatorio FALLIDO (chat_input_not_found) -
9/5_19:00_4e              34675651585          ENVIADO      recordatorio FALLIDO (chat_input_not_found) -
10/5_17:30_maf            34722714718          ENVIADO      recordatorio FALLIDO (chat_input_not_found) -
10/5_17:30_4e             34653197010          ENVIADO      recordatorio FALLIDO (chat_input_not_found) -

[2026-05-13 10:36:56] POSITIVO | Fotos nuevas: 0 | Envios OK: 0 | Envios FAIL: 0 | Reviews negativas: 0 | Fotos borradas: 0

=== SESIÓN 10:38-10:38 (13/05/2026) ===
RESERVA                   TELÉFONO             ESTADO       RESPUESTA                 REVIEW
-----------------------------------------------------------------------------------------------
9/5_14:30_maf             34665976040          ENVIADO      recordatorio FALLIDO (chat_input_not_found) -
9/5_19:00_maf/csi         34%C2%A0628%C2%A061%C2%A027%C2%A078%E2%80%AC ENVIADO      recordatorio FALLIDO (chat_input_not_found) -
9/5_20:30_4e              34747414084          ENVIADO      recordatorio FALLIDO (chat_input_not_found) -
9/5_19:00_4e              34675651585          ENVIADO      recordatorio FALLIDO (chat_input_not_found) -
10/5_17:30_maf            34722714718          ENVIADO      recordatorio FALLIDO (chat_input_not_found) -
10/5_17:30_4e             34653197010          ENVIADO      recordatorio FALLIDO (chat_input_not_found) -

[2026-05-13 10:38:14] POSITIVO | Fotos nuevas: 0 | Envios OK: 0 | Envios FAIL: 0 | Reviews negativas: 0 | Fotos borradas: 0

=== SESIÓN 10:36-10:39 (13/05/2026) ===
RESERVA                   TELÉFONO             ESTADO       RESPUESTA                 REVIEW
-----------------------------------------------------------------------------------------------
9/5_14:30_maf             34665976040          ENVIADO      recordatorio FALLIDO (exception: HTTPConnectionPool(host='localhost', port=61575): Max retries exceeded with url: /session/12c92bdce79251e8f7013417697ae821/source (Caused by NewConnectionError("HTTPConnection(host='localhost', port=61575): Failed to establish a new connection: [WinError 10061] No connection could be made because the target machine actively refused it"))) -
9/5_19:00_maf/csi         34%C2%A0628%C2%A061%C2%A027%C2%A078%E2%80%AC ENVIADO      recordatorio FALLIDO (exception: HTTPConnectionPool(host='localhost', port=61575): Max retries exceeded with url: /session/12c92bdce79251e8f7013417697ae821/source (Caused by NewConnectionError("HTTPConnection(host='localhost', port=61575): Failed to establish a new connection: [WinError 10061] No connection could be made because the target machine actively refused it"))) -
9/5_20:30_4e              34747414084          ENVIADO      recordatorio FALLIDO (exception: HTTPConnectionPool(host='localhost', port=61575): Max retries exceeded with url: /session/12c92bdce79251e8f7013417697ae821/source (Caused by NewConnectionError("HTTPConnection(host='localhost', port=61575): Failed to establish a new connection: [WinError 10061] No connection could be made because the target machine actively refused it"))) -
9/5_19:00_4e              34675651585          ENVIADO      recordatorio FALLIDO (exception: HTTPConnectionPool(host='localhost', port=61575): Max retries exceeded with url: /session/12c92bdce79251e8f7013417697ae821/source (Caused by NewConnectionError("HTTPConnection(host='localhost', port=61575): Failed to establish a new connection: [WinError 10061] No connection could be made because the target machine actively refused it"))) -
10/5_17:30_maf            34722714718          ENVIADO      recordatorio FALLIDO (exception: HTTPConnectionPool(host='localhost', port=61575): Max retries exceeded with url: /session/12c92bdce79251e8f7013417697ae821/source (Caused by NewConnectionError("HTTPConnection(host='localhost', port=61575): Failed to establish a new connection: [WinError 10061] No connection could be made because the target machine actively refused it"))) -
10/5_17:30_4e             34653197010          ENVIADO      recordatorio FALLIDO (exception: HTTPConnectionPool(host='localhost', port=61575): Max retries exceeded with url: /session/12c92bdce79251e8f7013417697ae821/source (Caused by NewConnectionError("HTTPConnection(host='localhost', port=61575): Failed to establish a new connection: [WinError 10061] No connection could be made because the target machine actively refused it"))) -

[2026-05-13 10:39:34] POSITIVO | Fotos nuevas: 0 | Envios OK: 0 | Envios FAIL: 0 | Reviews negativas: 0 | Fotos borradas: 0

=== SESIÓN 10:39-10:39 (13/05/2026) ===
RESERVA                   TELÉFONO             ESTADO       RESPUESTA                 REVIEW
-----------------------------------------------------------------------------------------------
9/5_14:30_maf             34665976040          ENVIADO      recordatorio FALLIDO (chat_input_not_found) -
9/5_19:00_maf/csi         34%C2%A0628%C2%A061%C2%A027%C2%A078%E2%80%AC ENVIADO      recordatorio FALLIDO (chat_input_not_found) -
9/5_20:30_4e              34747414084          ENVIADO      recordatorio FALLIDO (chat_input_not_found) -
9/5_19:00_4e              34675651585          ENVIADO      recordatorio FALLIDO (chat_input_not_found) -
10/5_17:30_maf            34722714718          ENVIADO      recordatorio FALLIDO (chat_input_not_found) -
10/5_17:30_4e             34653197010          ENVIADO      recordatorio FALLIDO (chat_input_not_found) -

[2026-05-13 10:39:36] POSITIVO | Fotos nuevas: 0 | Envios OK: 0 | Envios FAIL: 0 | Reviews negativas: 0 | Fotos borradas: 0

=== SESIÓN 10:41-10:41 (13/05/2026) ===
RESERVA                   TELÉFONO             ESTADO       RESPUESTA                 REVIEW
-----------------------------------------------------------------------------------------------
9/5_14:30_maf             34665976040          ENVIADO      recordatorio FALLIDO (chat_input_not_found) -
9/5_19:00_maf/csi         34%C2%A0628%C2%A061%C2%A027%C2%A078%E2%80%AC ENVIADO      recordatorio FALLIDO (chat_input_not_found) -
9/5_20:30_4e              34747414084          ENVIADO      recordatorio FALLIDO (chat_input_not_found) -
9/5_19:00_4e              34675651585          ENVIADO      recordatorio FALLIDO (chat_input_not_found) -
10/5_17:30_maf            34722714718          ENVIADO      recordatorio FALLIDO (chat_input_not_found) -
10/5_17:30_4e             34653197010          ENVIADO      recordatorio FALLIDO (chat_input_not_found) -

[2026-05-13 10:41:37] POSITIVO | Fotos nuevas: 0 | Envios OK: 0 | Envios FAIL: 0 | Reviews negativas: 0 | Fotos borradas: 0
[2026-05-13 10:42:00] NEGATIVO | WhatsApp no conectado (QR visible) — ciclo abortado

=== SESIÓN 10:42-10:42 (13/05/2026) ===
RESERVA                   TELÉFONO             ESTADO       RESPUESTA                 REVIEW
-----------------------------------------------------------------------------------------------
9/5_14:30_maf             34665976040          ENVIADO      recordatorio FALLIDO (chat_input_not_found) -
9/5_19:00_maf/csi         34%C2%A0628%C2%A061%C2%A027%C2%A078%E2%80%AC ENVIADO      recordatorio FALLIDO (exception: Message: invalid session id; For documentation on this error, please visit: https://www.selenium.dev/documentation/webdriver/troubleshooting/errors#invalidsessionidexception
Stacktrace:
	chromedriver!GetHandleVerifier [0xb4b373+10553]
	chromedriver!GetHandleVerifier [0xb4b4a4+10684]
	chromedriver!(No symbol) [0x951c4e]
	chromedriver!(No symbol) [0x98f2c5]
	chromedriver!(No symbol) [0x9bd726]
	chromedriver!(No symbol) [0x9b8c62]
	chromedriver!(No symbol) [0x9b8281]
	chromedriver!(No symbol) [0x92501e]
	chromedriver!(No symbol) [0x9255be]
	chromedriver!(No symbol) [0x925a9d]
	chromedriver!GetHandleVerifier [0xdcddb4+292f94]
	chromedriver!GetHandleVerifier [0xdc937d+28e55d]
	chromedriver!GetHandleVerifier [0xde8215+2ad3f5]
	chromedriver!GetHandleVerifier [0xb64c18+29df8]
	chromedriver!GetHandleVerifier [0xb6c6fd+318dd]
	chromedriver!(No symbol) [0x924b99]
	chromedriver!(No symbol) [0x9241e0]
	chromedriver!GetHandleVerifier [0xf32bef+3f7dcf]
	KERNEL32!BaseThreadInitThunk [0x765562c4+24]
	ntdll!RtlSubscribeWnfStateChangeNotification [0x770a0aa9+439]
	ntdll!RtlSubscribeWnfStateChangeNotification [0x770a0a74+404]
) -
9/5_20:30_4e              34747414084          ENVIADO      recordatorio FALLIDO (exception: Message: invalid session id; For documentation on this error, please visit: https://www.selenium.dev/documentation/webdriver/troubleshooting/errors#invalidsessionidexception
Stacktrace:
	chromedriver!GetHandleVerifier [0xb4b373+10553]
	chromedriver!GetHandleVerifier [0xb4b4a4+10684]
	chromedriver!(No symbol) [0x951c4e]
	chromedriver!(No symbol) [0x98f2c5]
	chromedriver!(No symbol) [0x9bd726]
	chromedriver!(No symbol) [0x9b8c62]
	chromedriver!(No symbol) [0x9b8281]
	chromedriver!(No symbol) [0x92501e]
	chromedriver!(No symbol) [0x9255be]
	chromedriver!(No symbol) [0x925a9d]
	chromedriver!GetHandleVerifier [0xdcddb4+292f94]
	chromedriver!GetHandleVerifier [0xdc937d+28e55d]
	chromedriver!GetHandleVerifier [0xde8215+2ad3f5]
	chromedriver!GetHandleVerifier [0xb64c18+29df8]
	chromedriver!GetHandleVerifier [0xb6c6fd+318dd]
	chromedriver!(No symbol) [0x924b99]
	chromedriver!(No symbol) [0x9241e0]
	chromedriver!GetHandleVerifier [0xf32bef+3f7dcf]
	KERNEL32!BaseThreadInitThunk [0x765562c4+24]
	ntdll!RtlSubscribeWnfStateChangeNotification [0x770a0aa9+439]
	ntdll!RtlSubscribeWnfStateChangeNotification [0x770a0a74+404]
) -
9/5_19:00_4e              34675651585          ENVIADO      recordatorio FALLIDO (exception: Message: invalid session id; For documentation on this error, please visit: https://www.selenium.dev/documentation/webdriver/troubleshooting/errors#invalidsessionidexception
Stacktrace:
	chromedriver!GetHandleVerifier [0xb4b373+10553]
	chromedriver!GetHandleVerifier [0xb4b4a4+10684]
	chromedriver!(No symbol) [0x951c4e]
	chromedriver!(No symbol) [0x98f2c5]
	chromedriver!(No symbol) [0x9bd726]
	chromedriver!(No symbol) [0x9b8c62]
	chromedriver!(No symbol) [0x9b8281]
	chromedriver!(No symbol) [0x92501e]
	chromedriver!(No symbol) [0x9255be]
	chromedriver!(No symbol) [0x925a9d]
	chromedriver!GetHandleVerifier [0xdcddb4+292f94]
	chromedriver!GetHandleVerifier [0xdc937d+28e55d]
	chromedriver!GetHandleVerifier [0xde8215+2ad3f5]
	chromedriver!GetHandleVerifier [0xb64c18+29df8]
	chromedriver!GetHandleVerifier [0xb6c6fd+318dd]
	chromedriver!(No symbol) [0x924b99]
	chromedriver!(No symbol) [0x9241e0]
	chromedriver!GetHandleVerifier [0xf32bef+3f7dcf]
	KERNEL32!BaseThreadInitThunk [0x765562c4+24]
	ntdll!RtlSubscribeWnfStateChangeNotification [0x770a0aa9+439]
	ntdll!RtlSubscribeWnfStateChangeNotification [0x770a0a74+404]
) -
10/5_17:30_maf            34722714718          ENVIADO      recordatorio FALLIDO (exception: Message: invalid session id; For documentation on this error, please visit: https://www.selenium.dev/documentation/webdriver/troubleshooting/errors#invalidsessionidexception
Stacktrace:
	chromedriver!GetHandleVerifier [0xb4b373+10553]
	chromedriver!GetHandleVerifier [0xb4b4a4+10684]
	chromedriver!(No symbol) [0x951c4e]
	chromedriver!(No symbol) [0x98f2c5]
	chromedriver!(No symbol) [0x9bd726]
	chromedriver!(No symbol) [0x9b8c62]
	chromedriver!(No symbol) [0x9b8281]
	chromedriver!(No symbol) [0x92501e]
	chromedriver!(No symbol) [0x9255be]
	chromedriver!(No symbol) [0x925a9d]
	chromedriver!GetHandleVerifier [0xdcddb4+292f94]
	chromedriver!GetHandleVerifier [0xdc937d+28e55d]
	chromedriver!GetHandleVerifier [0xde8215+2ad3f5]
	chromedriver!GetHandleVerifier [0xb64c18+29df8]
	chromedriver!GetHandleVerifier [0xb6c6fd+318dd]
	chromedriver!(No symbol) [0x924b99]
	chromedriver!(No symbol) [0x9241e0]
	chromedriver!GetHandleVerifier [0xf32bef+3f7dcf]
	KERNEL32!BaseThreadInitThunk [0x765562c4+24]
	ntdll!RtlSubscribeWnfStateChangeNotification [0x770a0aa9+439]
	ntdll!RtlSubscribeWnfStateChangeNotification [0x770a0a74+404]
) -
10/5_17:30_4e             34653197010          ENVIADO      recordatorio FALLIDO (exception: Message: invalid session id; For documentation on this error, please visit: https://www.selenium.dev/documentation/webdriver/troubleshooting/errors#invalidsessionidexception
Stacktrace:
	chromedriver!GetHandleVerifier [0xb4b373+10553]
	chromedriver!GetHandleVerifier [0xb4b4a4+10684]
	chromedriver!(No symbol) [0x951c4e]
	chromedriver!(No symbol) [0x98f2c5]
	chromedriver!(No symbol) [0x9bd726]
	chromedriver!(No symbol) [0x9b8c62]
	chromedriver!(No symbol) [0x9b8281]
	chromedriver!(No symbol) [0x92501e]
	chromedriver!(No symbol) [0x9255be]
	chromedriver!(No symbol) [0x925a9d]
	chromedriver!GetHandleVerifier [0xdcddb4+292f94]
	chromedriver!GetHandleVerifier [0xdc937d+28e55d]
	chromedriver!GetHandleVerifier [0xde8215+2ad3f5]
	chromedriver!GetHandleVerifier [0xb64c18+29df8]
	chromedriver!GetHandleVerifier [0xb6c6fd+318dd]
	chromedriver!(No symbol) [0x924b99]
	chromedriver!(No symbol) [0x9241e0]
	chromedriver!GetHandleVerifier [0xf32bef+3f7dcf]
	KERNEL32!BaseThreadInitThunk [0x765562c4+24]
	ntdll!RtlSubscribeWnfStateChangeNotification [0x770a0aa9+439]
	ntdll!RtlSubscribeWnfStateChangeNotification [0x770a0a74+404]
) -

[2026-05-13 10:42:48] POSITIVO | Fotos nuevas: 0 | Envios OK: 0 | Envios FAIL: 0 | Reviews negativas: 0 | Fotos borradas: 0

=== SESIÓN 10:44-10:44 (13/05/2026) ===
RESERVA                   TELÉFONO             ESTADO       RESPUESTA                 REVIEW
-----------------------------------------------------------------------------------------------
9/5_14:30_maf             34665976040          ENVIADO      recordatorio FALLIDO (chat_input_not_found) -
9/5_19:00_maf/csi         34%C2%A0628%C2%A061%C2%A027%C2%A078%E2%80%AC ENVIADO      recordatorio FALLIDO (chat_input_not_found) -
9/5_20:30_4e              34747414084          ENVIADO      recordatorio FALLIDO (chat_input_not_found) -
9/5_19:00_4e              34675651585          ENVIADO      recordatorio FALLIDO (chat_input_not_found) -
10/5_17:30_maf            34722714718          ENVIADO      recordatorio FALLIDO (chat_input_not_found) -
10/5_17:30_4e             34653197010          ENVIADO      recordatorio FALLIDO (chat_input_not_found) -

[2026-05-13 10:44:49] POSITIVO | Fotos nuevas: 0 | Envios OK: 0 | Envios FAIL: 0 | Reviews negativas: 0 | Fotos borradas: 0
[2026-05-13 10:45:08] NEGATIVO | WhatsApp no conectado (QR visible) — ciclo abortado

=== SESIÓN 10:47-10:47 (13/05/2026) ===
RESERVA                   TELÉFONO             ESTADO       RESPUESTA                 REVIEW
-----------------------------------------------------------------------------------------------
9/5_14:30_maf             34665976040          ENVIADO      recordatorio FALLIDO (chat_input_not_found) -
9/5_19:00_maf/csi         34%C2%A0628%C2%A061%C2%A027%C2%A078%E2%80%AC ENVIADO      recordatorio FALLIDO (chat_input_not_found) -
9/5_20:30_4e              34747414084          ENVIADO      recordatorio FALLIDO (chat_input_not_found) -
9/5_19:00_4e              34675651585          ENVIADO      recordatorio FALLIDO (chat_input_not_found) -
10/5_17:30_maf            34722714718          ENVIADO      recordatorio FALLIDO (chat_input_not_found) -
10/5_17:30_4e             34653197010          ENVIADO      recordatorio FALLIDO (chat_input_not_found) -

[2026-05-13 10:47:19] POSITIVO | Fotos nuevas: 0 | Envios OK: 0 | Envios FAIL: 0 | Reviews negativas: 0 | Fotos borradas: 0

=== SESIÓN 10:48-10:48 (13/05/2026) ===
RESERVA                   TELÉFONO             ESTADO       RESPUESTA                 REVIEW
-----------------------------------------------------------------------------------------------
9/5_14:30_maf             34665976040          ENVIADO      recordatorio FALLIDO (chat_input_not_found) -
9/5_19:00_maf/csi         34%C2%A0628%C2%A061%C2%A027%C2%A078%E2%80%AC ENVIADO      recordatorio FALLIDO (chat_input_not_found) -
9/5_20:30_4e              34747414084          ENVIADO      recordatorio FALLIDO (chat_input_not_found) -
9/5_19:00_4e              34675651585          ENVIADO      recordatorio FALLIDO (chat_input_not_found) -
10/5_17:30_maf            34722714718          ENVIADO      recordatorio FALLIDO (chat_input_not_found) -
10/5_17:30_4e             34653197010          ENVIADO      recordatorio FALLIDO (chat_input_not_found) -

[2026-05-13 10:48:39] POSITIVO | Fotos nuevas: 0 | Envios OK: 0 | Envios FAIL: 0 | Reviews negativas: 0 | Fotos borradas: 0

=== SESIÓN 10:49-10:50 (13/05/2026) ===
RESERVA                   TELÉFONO             ESTADO       RESPUESTA                 REVIEW
-----------------------------------------------------------------------------------------------
9/5_14:30_maf             34665976040          ENVIADO      recordatorio FALLIDO (chat_input_not_found) -
9/5_19:00_maf/csi         34%C2%A0628%C2%A061%C2%A027%C2%A078%E2%80%AC ENVIADO      recordatorio FALLIDO (chat_input_not_found) -
9/5_20:30_4e              34747414084          ENVIADO      recordatorio FALLIDO (chat_input_not_found) -
9/5_19:00_4e              34675651585          ENVIADO      recordatorio FALLIDO (chat_input_not_found) -
10/5_17:30_maf            34722714718          ENVIADO      recordatorio FALLIDO (chat_input_not_found) -
10/5_17:30_4e             34653197010          ENVIADO      recordatorio FALLIDO (chat_input_not_found) -

[2026-05-13 10:50:00] POSITIVO | Fotos nuevas: 0 | Envios OK: 0 | Envios FAIL: 0 | Reviews negativas: 0 | Fotos borradas: 0

=== SESIÓN 10:47-10:50 (13/05/2026) ===
RESERVA                   TELÉFONO             ESTADO       RESPUESTA                 REVIEW
-----------------------------------------------------------------------------------------------
9/5_14:30_maf             34665976040          ENVIADO      recordatorio FALLIDO (exception: HTTPConnectionPool(host='localhost', port=62334): Max retries exceeded with url: /session/4c102b54daa016770bf3b1bef0567a2e/source (Caused by NewConnectionError("HTTPConnection(host='localhost', port=62334): Failed to establish a new connection: [WinError 10061] No connection could be made because the target machine actively refused it"))) -
9/5_19:00_maf/csi         34%C2%A0628%C2%A061%C2%A027%C2%A078%E2%80%AC ENVIADO      recordatorio FALLIDO (exception: HTTPConnectionPool(host='localhost', port=62334): Max retries exceeded with url: /session/4c102b54daa016770bf3b1bef0567a2e/source (Caused by NewConnectionError("HTTPConnection(host='localhost', port=62334): Failed to establish a new connection: [WinError 10061] No connection could be made because the target machine actively refused it"))) -
9/5_20:30_4e              34747414084          ENVIADO      recordatorio FALLIDO (exception: HTTPConnectionPool(host='localhost', port=62334): Max retries exceeded with url: /session/4c102b54daa016770bf3b1bef0567a2e/source (Caused by NewConnectionError("HTTPConnection(host='localhost', port=62334): Failed to establish a new connection: [WinError 10061] No connection could be made because the target machine actively refused it"))) -
9/5_19:00_4e              34675651585          ENVIADO      recordatorio FALLIDO (exception: HTTPConnectionPool(host='localhost', port=62334): Max retries exceeded with url: /session/4c102b54daa016770bf3b1bef0567a2e/source (Caused by NewConnectionError("HTTPConnection(host='localhost', port=62334): Failed to establish a new connection: [WinError 10061] No connection could be made because the target machine actively refused it"))) -
10/5_17:30_maf            34722714718          ENVIADO      recordatorio FALLIDO (exception: HTTPConnectionPool(host='localhost', port=62334): Max retries exceeded with url: /session/4c102b54daa016770bf3b1bef0567a2e/source (Caused by NewConnectionError("HTTPConnection(host='localhost', port=62334): Failed to establish a new connection: [WinError 10061] No connection could be made because the target machine actively refused it"))) -
10/5_17:30_4e             34653197010          ENVIADO      recordatorio FALLIDO (exception: HTTPConnectionPool(host='localhost', port=62334): Max retries exceeded with url: /session/4c102b54daa016770bf3b1bef0567a2e/source (Caused by NewConnectionError("HTTPConnection(host='localhost', port=62334): Failed to establish a new connection: [WinError 10061] No connection could be made because the target machine actively refused it"))) -

[2026-05-13 10:50:25] POSITIVO | Fotos nuevas: 0 | Envios OK: 0 | Envios FAIL: 0 | Reviews negativas: 0 | Fotos borradas: 0

=== SESIÓN 10:52-10:52 (13/05/2026) ===
RESERVA                   TELÉFONO             ESTADO       RESPUESTA                 REVIEW
-----------------------------------------------------------------------------------------------
9/5_14:30_maf             34665976040          ENVIADO      recordatorio FALLIDO (chat_input_not_found) -
9/5_19:00_maf/csi         34%C2%A0628%C2%A061%C2%A027%C2%A078%E2%80%AC ENVIADO      recordatorio FALLIDO (chat_input_not_found) -
9/5_20:30_4e              34747414084          ENVIADO      recordatorio FALLIDO (chat_input_not_found) -
9/5_19:00_4e              34675651585          ENVIADO      recordatorio FALLIDO (chat_input_not_found) -
10/5_17:30_maf            34722714718          ENVIADO      recordatorio FALLIDO (chat_input_not_found) -
10/5_17:30_4e             34653197010          ENVIADO      recordatorio FALLIDO (chat_input_not_found) -

[2026-05-13 10:52:33] POSITIVO | Fotos nuevas: 0 | Envios OK: 0 | Envios FAIL: 0 | Reviews negativas: 0 | Fotos borradas: 0

=== SESIÓN 10:51-10:52 (13/05/2026) ===
RESERVA                   TELÉFONO             ESTADO       RESPUESTA                 REVIEW
-----------------------------------------------------------------------------------------------
9/5_14:30_maf             34665976040          ENVIADO      recordatorio FALLIDO (chat_input_not_found) -
9/5_19:00_maf/csi         34%C2%A0628%C2%A061%C2%A027%C2%A078%E2%80%AC ENVIADO      recordatorio FALLIDO (exception: Message: invalid session id: session deleted as the browser has closed the connection
from disconnected: not connected to DevTools
  (Session info: chrome=147.0.7727.101); For documentation on this error, please visit: https://www.selenium.dev/documentation/webdriver/troubleshooting/errors#invalidsessionidexception
Stacktrace:
	chromedriver!GetHandleVerifier [0xb4b373+10553]
	chromedriver!GetHandleVerifier [0xb4b4a4+10684]
	chromedriver!(No symbol) [0x951e10]
	chromedriver!(No symbol) [0x940d8e]
	chromedriver!(No symbol) [0x95f8d9]
	chromedriver!(No symbol) [0x9c3dbc]
	chromedriver!(No symbol) [0x9da3a9]
	chromedriver!(No symbol) [0x9bd606]
	chromedriver!(No symbol) [0x990039]
	chromedriver!(No symbol) [0x990df4]
	chromedriver!GetHandleVerifier [0xdcddb4+292f94]
	chromedriver!GetHandleVerifier [0xdc937d+28e55d]
	chromedriver!GetHandleVerifier [0xde8215+2ad3f5]
	chromedriver!GetHandleVerifier [0xb64c18+29df8]
	chromedriver!GetHandleVerifier [0xb6c6fd+318dd]
	chromedriver!GetHandleVerifier [0xb53c78+18e58]
	chromedriver!GetHandleVerifier [0xb53e42+19022]
	chromedriver!GetHandleVerifier [0xb3d45f+263f]
	KERNEL32!BaseThreadInitThunk [0x765562c4+24]
	ntdll!RtlSubscribeWnfStateChangeNotification [0x770a0aa9+439]
	ntdll!RtlSubscribeWnfStateChangeNotification [0x770a0a74+404]
) -
9/5_20:30_4e              34747414084          ENVIADO      recordatorio FALLIDO (exception: Message: invalid session id; For documentation on this error, please visit: https://www.selenium.dev/documentation/webdriver/troubleshooting/errors#invalidsessionidexception
Stacktrace:
	chromedriver!GetHandleVerifier [0xb4b373+10553]
	chromedriver!GetHandleVerifier [0xb4b4a4+10684]
	chromedriver!(No symbol) [0x951c4e]
	chromedriver!(No symbol) [0x98f2c5]
	chromedriver!(No symbol) [0x9bd726]
	chromedriver!(No symbol) [0x9b8c62]
	chromedriver!(No symbol) [0x9b8281]
	chromedriver!(No symbol) [0x92501e]
	chromedriver!(No symbol) [0x9255be]
	chromedriver!(No symbol) [0x925a9d]
	chromedriver!GetHandleVerifier [0xdcddb4+292f94]
	chromedriver!GetHandleVerifier [0xdc937d+28e55d]
	chromedriver!GetHandleVerifier [0xde8215+2ad3f5]
	chromedriver!GetHandleVerifier [0xb64c18+29df8]
	chromedriver!GetHandleVerifier [0xb6c6fd+318dd]
	chromedriver!(No symbol) [0x924b99]
	chromedriver!(No symbol) [0x9241e0]
	chromedriver!GetHandleVerifier [0xf32bef+3f7dcf]
	KERNEL32!BaseThreadInitThunk [0x765562c4+24]
	ntdll!RtlSubscribeWnfStateChangeNotification [0x770a0aa9+439]
	ntdll!RtlSubscribeWnfStateChangeNotification [0x770a0a74+404]
) -
9/5_19:00_4e              34675651585          ENVIADO      recordatorio FALLIDO (exception: HTTPConnectionPool(host='localhost', port=63007): Max retries exceeded with url: /session/b5e86a86ab5fd12d63a7e8c3460c825c/source (Caused by NewConnectionError("HTTPConnection(host='localhost', port=63007): Failed to establish a new connection: [WinError 10061] No connection could be made because the target machine actively refused it"))) -
10/5_17:30_maf            34722714718          ENVIADO      recordatorio FALLIDO (exception: HTTPConnectionPool(host='localhost', port=63007): Max retries exceeded with url: /session/b5e86a86ab5fd12d63a7e8c3460c825c/source (Caused by NewConnectionError("HTTPConnection(host='localhost', port=63007): Failed to establish a new connection: [WinError 10061] No connection could be made because the target machine actively refused it"))) -
10/5_17:30_4e             34653197010          ENVIADO      recordatorio FALLIDO (exception: HTTPConnectionPool(host='localhost', port=63007): Max retries exceeded with url: /session/b5e86a86ab5fd12d63a7e8c3460c825c/source (Caused by NewConnectionError("HTTPConnection(host='localhost', port=63007): Failed to establish a new connection: [WinError 10061] No connection could be made because the target machine actively refused it"))) -

[2026-05-13 10:52:44] POSITIVO | Fotos nuevas: 0 | Envios OK: 0 | Envios FAIL: 0 | Reviews negativas: 0 | Fotos borradas: 0

=== SESIÓN 10:54-10:54 (13/05/2026) ===
RESERVA                   TELÉFONO             ESTADO       RESPUESTA                 REVIEW
-----------------------------------------------------------------------------------------------
9/5_14:30_maf             34665976040          ENVIADO      recordatorio FALLIDO (chat_input_not_found) -
9/5_19:00_maf/csi         34%C2%A0628%C2%A061%C2%A027%C2%A078%E2%80%AC ENVIADO      recordatorio FALLIDO (chat_input_not_found) -
9/5_20:30_4e              34747414084          ENVIADO      recordatorio FALLIDO (chat_input_not_found) -
9/5_19:00_4e              34675651585          ENVIADO      recordatorio FALLIDO (chat_input_not_found) -
10/5_17:30_maf            34722714718          ENVIADO      recordatorio FALLIDO (chat_input_not_found) -
10/5_17:30_4e             34653197010          ENVIADO      recordatorio FALLIDO (chat_input_not_found) -

[2026-05-13 10:54:49] POSITIVO | Fotos nuevas: 0 | Envios OK: 0 | Envios FAIL: 0 | Reviews negativas: 0 | Fotos borradas: 0

=== SESIÓN 10:56-10:56 (13/05/2026) ===
RESERVA                   TELÉFONO             ESTADO       RESPUESTA                 REVIEW
-----------------------------------------------------------------------------------------------
9/5_14:30_maf             34665976040          ENVIADO      recordatorio FALLIDO (chat_input_not_found) -
9/5_19:00_maf/csi         34%C2%A0628%C2%A061%C2%A027%C2%A078%E2%80%AC ENVIADO      recordatorio FALLIDO (chat_input_not_found) -
9/5_20:30_4e              34747414084          ENVIADO      recordatorio FALLIDO (chat_input_not_found) -
9/5_19:00_4e              34675651585          ENVIADO      recordatorio FALLIDO (chat_input_not_found) -
10/5_17:30_maf            34722714718          ENVIADO      recordatorio FALLIDO (chat_input_not_found) -
10/5_17:30_4e             34653197010          ENVIADO      recordatorio FALLIDO (chat_input_not_found) -

[2026-05-13 10:56:09] POSITIVO | Fotos nuevas: 0 | Envios OK: 0 | Envios FAIL: 0 | Reviews negativas: 0 | Fotos borradas: 0

=== SESIÓN 10:57-10:57 (13/05/2026) ===
RESERVA                   TELÉFONO             ESTADO       RESPUESTA                 REVIEW
-----------------------------------------------------------------------------------------------
9/5_14:30_maf             34665976040          ENVIADO      recordatorio FALLIDO (chat_input_not_found) -
9/5_19:00_maf/csi         34%C2%A0628%C2%A061%C2%A027%C2%A078%E2%80%AC ENVIADO      recordatorio FALLIDO (chat_input_not_found) -
9/5_20:30_4e              34747414084          ENVIADO      recordatorio FALLIDO (chat_input_not_found) -
9/5_19:00_4e              34675651585          ENVIADO      recordatorio FALLIDO (chat_input_not_found) -
10/5_17:30_maf            34722714718          ENVIADO      recordatorio FALLIDO (chat_input_not_found) -
10/5_17:30_4e             34653197010          ENVIADO      recordatorio FALLIDO (chat_input_not_found) -

[2026-05-13 10:57:31] POSITIVO | Fotos nuevas: 0 | Envios OK: 0 | Envios FAIL: 0 | Reviews negativas: 0 | Fotos borradas: 0

=== SESIÓN 10:58-10:58 (13/05/2026) ===
RESERVA                   TELÉFONO             ESTADO       RESPUESTA                 REVIEW
-----------------------------------------------------------------------------------------------
9/5_14:30_maf             34665976040          ENVIADO      recordatorio FALLIDO (chat_input_not_found) -
9/5_19:00_maf/csi         34%C2%A0628%C2%A061%C2%A027%C2%A078%E2%80%AC ENVIADO      recordatorio FALLIDO (chat_input_not_found) -
9/5_20:30_4e              34747414084          ENVIADO      recordatorio FALLIDO (chat_input_not_found) -
9/5_19:00_4e              34675651585          ENVIADO      recordatorio FALLIDO (chat_input_not_found) -
10/5_17:30_maf            34722714718          ENVIADO      recordatorio FALLIDO (chat_input_not_found) -
10/5_17:30_4e             34653197010          ENVIADO      recordatorio FALLIDO (chat_input_not_found) -

[2026-05-13 10:58:49] POSITIVO | Fotos nuevas: 0 | Envios OK: 0 | Envios FAIL: 0 | Reviews negativas: 0 | Fotos borradas: 0

=== SESIÓN 11:00-11:00 (13/05/2026) ===
RESERVA                   TELÉFONO             ESTADO       RESPUESTA                 REVIEW
-----------------------------------------------------------------------------------------------
9/5_14:30_maf             34665976040          ENVIADO      recordatorio FALLIDO (chat_input_not_found) -
9/5_19:00_maf/csi         34%C2%A0628%C2%A061%C2%A027%C2%A078%E2%80%AC ENVIADO      recordatorio FALLIDO (chat_input_not_found) -
9/5_20:30_4e              34747414084          ENVIADO      recordatorio FALLIDO (chat_input_not_found) -
9/5_19:00_4e              34675651585          ENVIADO      recordatorio FALLIDO (chat_input_not_found) -
10/5_17:30_maf            34722714718          ENVIADO      recordatorio FALLIDO (chat_input_not_found) -
10/5_17:30_4e             34653197010          ENVIADO      recordatorio FALLIDO (chat_input_not_found) -

[2026-05-13 11:00:09] POSITIVO | Fotos nuevas: 0 | Envios OK: 0 | Envios FAIL: 0 | Reviews negativas: 0 | Fotos borradas: 0

=== SESIÓN 10:58-11:00 (13/05/2026) ===
RESERVA                   TELÉFONO             ESTADO       RESPUESTA                 REVIEW
-----------------------------------------------------------------------------------------------
9/5_14:30_maf             34665976040          ENVIADO      recordatorio FALLIDO (exception: HTTPConnectionPool(host='localhost', port=63178): Max retries exceeded with url: /session/65c3d3ce312ac6df976866b8b293d803/source (Caused by NewConnectionError("HTTPConnection(host='localhost', port=63178): Failed to establish a new connection: [WinError 10061] No connection could be made because the target machine actively refused it"))) -
9/5_19:00_maf/csi         34%C2%A0628%C2%A061%C2%A027%C2%A078%E2%80%AC ENVIADO      recordatorio FALLIDO (exception: HTTPConnectionPool(host='localhost', port=63178): Max retries exceeded with url: /session/65c3d3ce312ac6df976866b8b293d803/source (Caused by NewConnectionError("HTTPConnection(host='localhost', port=63178): Failed to establish a new connection: [WinError 10061] No connection could be made because the target machine actively refused it"))) -
9/5_20:30_4e              34747414084          ENVIADO      recordatorio FALLIDO (exception: HTTPConnectionPool(host='localhost', port=63178): Max retries exceeded with url: /session/65c3d3ce312ac6df976866b8b293d803/source (Caused by NewConnectionError("HTTPConnection(host='localhost', port=63178): Failed to establish a new connection: [WinError 10061] No connection could be made because the target machine actively refused it"))) -
9/5_19:00_4e              34675651585          ENVIADO      recordatorio FALLIDO (exception: HTTPConnectionPool(host='localhost', port=63178): Max retries exceeded with url: /session/65c3d3ce312ac6df976866b8b293d803/source (Caused by NewConnectionError("HTTPConnection(host='localhost', port=63178): Failed to establish a new connection: [WinError 10061] No connection could be made because the target machine actively refused it"))) -
10/5_17:30_maf            34722714718          ENVIADO      recordatorio FALLIDO (exception: HTTPConnectionPool(host='localhost', port=63178): Max retries exceeded with url: /session/65c3d3ce312ac6df976866b8b293d803/source (Caused by NewConnectionError("HTTPConnection(host='localhost', port=63178): Failed to establish a new connection: [WinError 10061] No connection could be made because the target machine actively refused it"))) -
10/5_17:30_4e             34653197010          ENVIADO      recordatorio FALLIDO (exception: HTTPConnectionPool(host='localhost', port=63178): Max retries exceeded with url: /session/65c3d3ce312ac6df976866b8b293d803/source (Caused by NewConnectionError("HTTPConnection(host='localhost', port=63178): Failed to establish a new connection: [WinError 10061] No connection could be made because the target machine actively refused it"))) -

[2026-05-13 11:00:53] POSITIVO | Fotos nuevas: 0 | Envios OK: 0 | Envios FAIL: 0 | Reviews negativas: 0 | Fotos borradas: 0

=== SESIÓN 11:02-11:02 (13/05/2026) ===
RESERVA                   TELÉFONO             ESTADO       RESPUESTA                 REVIEW
-----------------------------------------------------------------------------------------------
9/5_14:30_maf             34665976040          ENVIADO      recordatorio FALLIDO (chat_input_not_found) -
9/5_19:00_maf/csi         34%C2%A0628%C2%A061%C2%A027%C2%A078%E2%80%AC ENVIADO      recordatorio FALLIDO (chat_input_not_found) -
9/5_20:30_4e              34747414084          ENVIADO      recordatorio FALLIDO (chat_input_not_found) -
9/5_19:00_4e              34675651585          ENVIADO      recordatorio FALLIDO (chat_input_not_found) -
10/5_17:30_maf            34722714718          ENVIADO      recordatorio FALLIDO (chat_input_not_found) -
10/5_17:30_4e             34653197010          ENVIADO      recordatorio FALLIDO (chat_input_not_found) -

[2026-05-13 11:02:20] POSITIVO | Fotos nuevas: 0 | Envios OK: 0 | Envios FAIL: 0 | Reviews negativas: 0 | Fotos borradas: 0

=== SESIÓN 11:03-11:03 (13/05/2026) ===
RESERVA                   TELÉFONO             ESTADO       RESPUESTA                 REVIEW
-----------------------------------------------------------------------------------------------
9/5_14:30_maf             34665976040          ENVIADO      recordatorio FALLIDO (chat_input_not_found) -
9/5_19:00_maf/csi         34%C2%A0628%C2%A061%C2%A027%C2%A078%E2%80%AC ENVIADO      recordatorio FALLIDO (chat_input_not_found) -
9/5_20:30_4e              34747414084          ENVIADO      recordatorio FALLIDO (chat_input_not_found) -
9/5_19:00_4e              34675651585          ENVIADO      recordatorio FALLIDO (chat_input_not_found) -
10/5_17:30_maf            34722714718          ENVIADO      recordatorio FALLIDO (chat_input_not_found) -
10/5_17:30_4e             34653197010          ENVIADO      recordatorio FALLIDO (chat_input_not_found) -

[2026-05-13 11:03:42] POSITIVO | Fotos nuevas: 0 | Envios OK: 0 | Envios FAIL: 0 | Reviews negativas: 0 | Fotos borradas: 0

=== SESIÓN 11:04-11:05 (13/05/2026) ===
RESERVA                   TELÉFONO             ESTADO       RESPUESTA                 REVIEW
-----------------------------------------------------------------------------------------------
9/5_14:30_maf             34665976040          ENVIADO      recordatorio FALLIDO (chat_input_not_found) -
9/5_19:00_maf/csi         34%C2%A0628%C2%A061%C2%A027%C2%A078%E2%80%AC ENVIADO      recordatorio FALLIDO (chat_input_not_found) -
9/5_20:30_4e              34747414084          ENVIADO      recordatorio FALLIDO (chat_input_not_found) -
9/5_19:00_4e              34675651585          ENVIADO      recordatorio FALLIDO (chat_input_not_found) -
10/5_17:30_maf            34722714718          ENVIADO      recordatorio FALLIDO (chat_input_not_found) -
10/5_17:30_4e             34653197010          ENVIADO      recordatorio FALLIDO (chat_input_not_found) -

[2026-05-13 11:05:04] POSITIVO | Fotos nuevas: 0 | Envios OK: 0 | Envios FAIL: 0 | Reviews negativas: 0 | Fotos borradas: 0

=== SESIÓN 11:06-11:06 (13/05/2026) ===
RESERVA                   TELÉFONO             ESTADO       RESPUESTA                 REVIEW
-----------------------------------------------------------------------------------------------
9/5_14:30_maf             34665976040          ENVIADO      recordatorio FALLIDO (chat_input_not_found) -
9/5_19:00_maf/csi         34%C2%A0628%C2%A061%C2%A027%C2%A078%E2%80%AC ENVIADO      recordatorio FALLIDO (chat_input_not_found) -
9/5_20:30_4e              34747414084          ENVIADO      recordatorio FALLIDO (chat_input_not_found) -
9/5_19:00_4e              34675651585          ENVIADO      recordatorio FALLIDO (chat_input_not_found) -
10/5_17:30_maf            34722714718          ENVIADO      recordatorio FALLIDO (chat_input_not_found) -
10/5_17:30_4e             34653197010          ENVIADO      recordatorio FALLIDO (chat_input_not_found) -

[2026-05-13 11:06:27] POSITIVO | Fotos nuevas: 0 | Envios OK: 0 | Envios FAIL: 0 | Reviews negativas: 0 | Fotos borradas: 0

=== SESIÓN 11:07-11:07 (13/05/2026) ===
RESERVA                   TELÉFONO             ESTADO       RESPUESTA                 REVIEW
-----------------------------------------------------------------------------------------------
9/5_14:30_maf             34665976040          ENVIADO      recordatorio FALLIDO (chat_input_not_found) -
9/5_19:00_maf/csi         34%C2%A0628%C2%A061%C2%A027%C2%A078%E2%80%AC ENVIADO      recordatorio FALLIDO (chat_input_not_found) -
9/5_20:30_4e              34747414084          ENVIADO      recordatorio FALLIDO (chat_input_not_found) -
9/5_19:00_4e              34675651585          ENVIADO      recordatorio FALLIDO (chat_input_not_found) -
10/5_17:30_maf            34722714718          ENVIADO      recordatorio FALLIDO (chat_input_not_found) -
10/5_17:30_4e             34653197010          ENVIADO      recordatorio FALLIDO (chat_input_not_found) -

[2026-05-13 11:07:50] POSITIVO | Fotos nuevas: 0 | Envios OK: 0 | Envios FAIL: 0 | Reviews negativas: 0 | Fotos borradas: 0

=== SESIÓN 11:09-11:09 (13/05/2026) ===
RESERVA                   TELÉFONO             ESTADO       RESPUESTA                 REVIEW
-----------------------------------------------------------------------------------------------
9/5_14:30_maf             34665976040          ENVIADO      recordatorio FALLIDO (chat_input_not_found) -
9/5_19:00_maf/csi         34%C2%A0628%C2%A061%C2%A027%C2%A078%E2%80%AC ENVIADO      recordatorio FALLIDO (chat_input_not_found) -
9/5_20:30_4e              34747414084          ENVIADO      recordatorio FALLIDO (chat_input_not_found) -
9/5_19:00_4e              34675651585          ENVIADO      recordatorio FALLIDO (chat_input_not_found) -
10/5_17:30_maf            34722714718          ENVIADO      recordatorio FALLIDO (chat_input_not_found) -
10/5_17:30_4e             34653197010          ENVIADO      recordatorio FALLIDO (chat_input_not_found) -

[2026-05-13 11:09:09] POSITIVO | Fotos nuevas: 0 | Envios OK: 0 | Envios FAIL: 0 | Reviews negativas: 0 | Fotos borradas: 0

=== SESIÓN 11:10-11:10 (13/05/2026) ===
RESERVA                   TELÉFONO             ESTADO       RESPUESTA                 REVIEW
-----------------------------------------------------------------------------------------------
9/5_14:30_maf             34665976040          ENVIADO      recordatorio FALLIDO (chat_input_not_found) -
9/5_19:00_maf/csi         34%C2%A0628%C2%A061%C2%A027%C2%A078%E2%80%AC ENVIADO      recordatorio FALLIDO (chat_input_not_found) -
9/5_20:30_4e              34747414084          ENVIADO      recordatorio FALLIDO (chat_input_not_found) -
9/5_19:00_4e              34675651585          ENVIADO      recordatorio FALLIDO (chat_input_not_found) -
10/5_17:30_maf            34722714718          ENVIADO      recordatorio FALLIDO (chat_input_not_found) -
10/5_17:30_4e             34653197010          ENVIADO      recordatorio FALLIDO (chat_input_not_found) -

[2026-05-13 11:10:28] POSITIVO | Fotos nuevas: 0 | Envios OK: 0 | Envios FAIL: 0 | Reviews negativas: 0 | Fotos borradas: 0

=== SESIÓN 11:11-11:11 (13/05/2026) ===
RESERVA                   TELÉFONO             ESTADO       RESPUESTA                 REVIEW
-----------------------------------------------------------------------------------------------
9/5_14:30_maf             34665976040          ENVIADO      recordatorio FALLIDO (chat_input_not_found) -
9/5_19:00_maf/csi         34%C2%A0628%C2%A061%C2%A027%C2%A078%E2%80%AC ENVIADO      recordatorio FALLIDO (chat_input_not_found) -
9/5_20:30_4e              34747414084          ENVIADO      recordatorio FALLIDO (chat_input_not_found) -
9/5_19:00_4e              34675651585          ENVIADO      recordatorio FALLIDO (chat_input_not_found) -
10/5_17:30_maf            34722714718          ENVIADO      recordatorio FALLIDO (chat_input_not_found) -
10/5_17:30_4e             34653197010          ENVIADO      recordatorio FALLIDO (chat_input_not_found) -

[2026-05-13 11:11:52] POSITIVO | Fotos nuevas: 0 | Envios OK: 0 | Envios FAIL: 0 | Reviews negativas: 0 | Fotos borradas: 0

=== SESIÓN 11:10-11:12 (13/05/2026) ===
RESERVA                   TELÉFONO             ESTADO       RESPUESTA                 REVIEW
-----------------------------------------------------------------------------------------------
9/5_14:30_maf             34665976040          ENVIADO      recordatorio FALLIDO (exception: HTTPConnectionPool(host='localhost', port=63746): Max retries exceeded with url: /session/38207906594714f7e088e3dee6161b2a/source (Caused by NewConnectionError("HTTPConnection(host='localhost', port=63746): Failed to establish a new connection: [WinError 10061] No connection could be made because the target machine actively refused it"))) -
9/5_19:00_maf/csi         34%C2%A0628%C2%A061%C2%A027%C2%A078%E2%80%AC ENVIADO      recordatorio FALLIDO (exception: HTTPConnectionPool(host='localhost', port=63746): Max retries exceeded with url: /session/38207906594714f7e088e3dee6161b2a/source (Caused by NewConnectionError("HTTPConnection(host='localhost', port=63746): Failed to establish a new connection: [WinError 10061] No connection could be made because the target machine actively refused it"))) -
9/5_20:30_4e              34747414084          ENVIADO      recordatorio FALLIDO (exception: HTTPConnectionPool(host='localhost', port=63746): Max retries exceeded with url: /session/38207906594714f7e088e3dee6161b2a/source (Caused by NewConnectionError("HTTPConnection(host='localhost', port=63746): Failed to establish a new connection: [WinError 10061] No connection could be made because the target machine actively refused it"))) -
9/5_19:00_4e              34675651585          ENVIADO      recordatorio FALLIDO (exception: HTTPConnectionPool(host='localhost', port=63746): Max retries exceeded with url: /session/38207906594714f7e088e3dee6161b2a/source (Caused by NewConnectionError("HTTPConnection(host='localhost', port=63746): Failed to establish a new connection: [WinError 10061] No connection could be made because the target machine actively refused it"))) -
10/5_17:30_maf            34722714718          ENVIADO      recordatorio FALLIDO (exception: HTTPConnectionPool(host='localhost', port=63746): Max retries exceeded with url: /session/38207906594714f7e088e3dee6161b2a/source (Caused by NewConnectionError("HTTPConnection(host='localhost', port=63746): Failed to establish a new connection: [WinError 10061] No connection could be made because the target machine actively refused it"))) -
10/5_17:30_4e             34653197010          ENVIADO      recordatorio FALLIDO (exception: HTTPConnectionPool(host='localhost', port=63746): Max retries exceeded with url: /session/38207906594714f7e088e3dee6161b2a/source (Caused by NewConnectionError("HTTPConnection(host='localhost', port=63746): Failed to establish a new connection: [WinError 10061] No connection could be made because the target machine actively refused it"))) -

[2026-05-13 11:12:45] POSITIVO | Fotos nuevas: 0 | Envios OK: 0 | Envios FAIL: 0 | Reviews negativas: 0 | Fotos borradas: 0

=== SESIÓN 11:14-11:14 (13/05/2026) ===
RESERVA                   TELÉFONO             ESTADO       RESPUESTA                 REVIEW
-----------------------------------------------------------------------------------------------
9/5_14:30_maf             34665976040          ENVIADO      recordatorio FALLIDO (chat_input_not_found) -
9/5_19:00_maf/csi         34%C2%A0628%C2%A061%C2%A027%C2%A078%E2%80%AC ENVIADO      recordatorio FALLIDO (chat_input_not_found) -
9/5_20:30_4e              34747414084          ENVIADO      recordatorio FALLIDO (chat_input_not_found) -
9/5_19:00_4e              34675651585          ENVIADO      recordatorio FALLIDO (chat_input_not_found) -
10/5_17:30_maf            34722714718          ENVIADO      recordatorio FALLIDO (chat_input_not_found) -
10/5_17:30_4e             34653197010          ENVIADO      recordatorio FALLIDO (chat_input_not_found) -

[2026-05-13 11:14:12] POSITIVO | Fotos nuevas: 0 | Envios OK: 0 | Envios FAIL: 0 | Reviews negativas: 0 | Fotos borradas: 0

=== SESIÓN 11:15-11:15 (13/05/2026) ===
RESERVA                   TELÉFONO             ESTADO       RESPUESTA                 REVIEW
-----------------------------------------------------------------------------------------------
9/5_14:30_maf             34665976040          ENVIADO      recordatorio FALLIDO (chat_input_not_found) -
9/5_19:00_maf/csi         34%C2%A0628%C2%A061%C2%A027%C2%A078%E2%80%AC ENVIADO      recordatorio FALLIDO (chat_input_not_found) -
9/5_20:30_4e              34747414084          ENVIADO      recordatorio FALLIDO (chat_input_not_found) -
9/5_19:00_4e              34675651585          ENVIADO      recordatorio FALLIDO (chat_input_not_found) -
10/5_17:30_maf            34722714718          ENVIADO      recordatorio FALLIDO (chat_input_not_found) -
10/5_17:30_4e             34653197010          ENVIADO      recordatorio FALLIDO (chat_input_not_found) -

[2026-05-13 11:15:31] POSITIVO | Fotos nuevas: 0 | Envios OK: 0 | Envios FAIL: 0 | Reviews negativas: 0 | Fotos borradas: 0

=== SESIÓN 11:16-11:16 (13/05/2026) ===
RESERVA                   TELÉFONO             ESTADO       RESPUESTA                 REVIEW
-----------------------------------------------------------------------------------------------
9/5_14:30_maf             34665976040          ENVIADO      recordatorio FALLIDO (chat_input_not_found) -
9/5_19:00_maf/csi         34%C2%A0628%C2%A061%C2%A027%C2%A078%E2%80%AC ENVIADO      recordatorio FALLIDO (chat_input_not_found) -
9/5_20:30_4e              34747414084          ENVIADO      recordatorio FALLIDO (chat_input_not_found) -
9/5_19:00_4e              34675651585          ENVIADO      recordatorio FALLIDO (chat_input_not_found) -
10/5_17:30_maf            34722714718          ENVIADO      recordatorio FALLIDO (chat_input_not_found) -
10/5_17:30_4e             34653197010          ENVIADO      recordatorio FALLIDO (chat_input_not_found) -

[2026-05-13 11:16:50] POSITIVO | Fotos nuevas: 0 | Envios OK: 0 | Envios FAIL: 0 | Reviews negativas: 0 | Fotos borradas: 0

=== SESIÓN 11:15-11:17 (13/05/2026) ===
RESERVA                   TELÉFONO             ESTADO       RESPUESTA                 REVIEW
-----------------------------------------------------------------------------------------------
9/5_14:30_maf             34665976040          ENVIADO      recordatorio FALLIDO (exception: HTTPConnectionPool(host='localhost', port=65051): Max retries exceeded with url: /session/99602f36229b036835316d84ca114e08/source (Caused by NewConnectionError("HTTPConnection(host='localhost', port=65051): Failed to establish a new connection: [WinError 10061] No connection could be made because the target machine actively refused it"))) -
9/5_19:00_maf/csi         34%C2%A0628%C2%A061%C2%A027%C2%A078%E2%80%AC ENVIADO      recordatorio FALLIDO (exception: HTTPConnectionPool(host='localhost', port=65051): Max retries exceeded with url: /session/99602f36229b036835316d84ca114e08/source (Caused by NewConnectionError("HTTPConnection(host='localhost', port=65051): Failed to establish a new connection: [WinError 10061] No connection could be made because the target machine actively refused it"))) -
9/5_20:30_4e              34747414084          ENVIADO      recordatorio FALLIDO (exception: HTTPConnectionPool(host='localhost', port=65051): Max retries exceeded with url: /session/99602f36229b036835316d84ca114e08/source (Caused by NewConnectionError("HTTPConnection(host='localhost', port=65051): Failed to establish a new connection: [WinError 10061] No connection could be made because the target machine actively refused it"))) -
9/5_19:00_4e              34675651585          ENVIADO      recordatorio FALLIDO (exception: HTTPConnectionPool(host='localhost', port=65051): Max retries exceeded with url: /session/99602f36229b036835316d84ca114e08/source (Caused by NewConnectionError("HTTPConnection(host='localhost', port=65051): Failed to establish a new connection: [WinError 10061] No connection could be made because the target machine actively refused it"))) -
10/5_17:30_maf            34722714718          ENVIADO      recordatorio FALLIDO (exception: HTTPConnectionPool(host='localhost', port=65051): Max retries exceeded with url: /session/99602f36229b036835316d84ca114e08/source (Caused by NewConnectionError("HTTPConnection(host='localhost', port=65051): Failed to establish a new connection: [WinError 10061] No connection could be made because the target machine actively refused it"))) -
10/5_17:30_4e             34653197010          ENVIADO      recordatorio FALLIDO (exception: HTTPConnectionPool(host='localhost', port=65051): Max retries exceeded with url: /session/99602f36229b036835316d84ca114e08/source (Caused by NewConnectionError("HTTPConnection(host='localhost', port=65051): Failed to establish a new connection: [WinError 10061] No connection could be made because the target machine actively refused it"))) -

[2026-05-13 11:17:57] POSITIVO | Fotos nuevas: 0 | Envios OK: 0 | Envios FAIL: 0 | Reviews negativas: 0 | Fotos borradas: 0

=== SESIÓN 11:19-11:19 (13/05/2026) ===
RESERVA                   TELÉFONO             ESTADO       RESPUESTA                 REVIEW
-----------------------------------------------------------------------------------------------
9/5_14:30_maf             34665976040          ENVIADO      recordatorio FALLIDO (chat_input_not_found) -
9/5_19:00_maf/csi         34%C2%A0628%C2%A061%C2%A027%C2%A078%E2%80%AC ENVIADO      recordatorio FALLIDO (chat_input_not_found) -
9/5_20:30_4e              34747414084          ENVIADO      recordatorio FALLIDO (chat_input_not_found) -
9/5_19:00_4e              34675651585          ENVIADO      recordatorio FALLIDO (chat_input_not_found) -
10/5_17:30_maf            34722714718          ENVIADO      recordatorio FALLIDO (chat_input_not_found) -
10/5_17:30_4e             34653197010          ENVIADO      recordatorio FALLIDO (chat_input_not_found) -

[2026-05-13 11:19:29] POSITIVO | Fotos nuevas: 0 | Envios OK: 0 | Envios FAIL: 0 | Reviews negativas: 0 | Fotos borradas: 0

=== SESIÓN 11:18-11:20 (13/05/2026) ===
RESERVA                   TELÉFONO             ESTADO       RESPUESTA                 REVIEW
-----------------------------------------------------------------------------------------------
9/5_14:30_maf             34665976040          ENVIADO      recordatorio FALLIDO (chat_input_not_found) -
9/5_19:00_maf/csi         34%C2%A0628%C2%A061%C2%A027%C2%A078%E2%80%AC ENVIADO      recordatorio FALLIDO (exception: HTTPConnectionPool(host='localhost', port=65467): Max retries exceeded with url: /session/058ecc2264027b105befcf3a2ef69377/source (Caused by NewConnectionError("HTTPConnection(host='localhost', port=65467): Failed to establish a new connection: [WinError 10061] No connection could be made because the target machine actively refused it"))) -
9/5_20:30_4e              34747414084          ENVIADO      recordatorio FALLIDO (exception: HTTPConnectionPool(host='localhost', port=65467): Max retries exceeded with url: /session/058ecc2264027b105befcf3a2ef69377/source (Caused by NewConnectionError("HTTPConnection(host='localhost', port=65467): Failed to establish a new connection: [WinError 10061] No connection could be made because the target machine actively refused it"))) -
9/5_19:00_4e              34675651585          ENVIADO      recordatorio FALLIDO (exception: HTTPConnectionPool(host='localhost', port=65467): Max retries exceeded with url: /session/058ecc2264027b105befcf3a2ef69377/source (Caused by NewConnectionError("HTTPConnection(host='localhost', port=65467): Failed to establish a new connection: [WinError 10061] No connection could be made because the target machine actively refused it"))) -
10/5_17:30_maf            34722714718          ENVIADO      recordatorio FALLIDO (exception: HTTPConnectionPool(host='localhost', port=65467): Max retries exceeded with url: /session/058ecc2264027b105befcf3a2ef69377/source (Caused by NewConnectionError("HTTPConnection(host='localhost', port=65467): Failed to establish a new connection: [WinError 10061] No connection could be made because the target machine actively refused it"))) -
10/5_17:30_4e             34653197010          ENVIADO      recordatorio FALLIDO (exception: HTTPConnectionPool(host='localhost', port=65467): Max retries exceeded with url: /session/058ecc2264027b105befcf3a2ef69377/source (Caused by NewConnectionError("HTTPConnection(host='localhost', port=65467): Failed to establish a new connection: [WinError 10061] No connection could be made because the target machine actively refused it"))) -

[2026-05-13 11:20:24] POSITIVO | Fotos nuevas: 0 | Envios OK: 0 | Envios FAIL: 0 | Reviews negativas: 0 | Fotos borradas: 0

=== SESIÓN 11:21-11:21 (13/05/2026) ===
RESERVA                   TELÉFONO             ESTADO       RESPUESTA                 REVIEW
-----------------------------------------------------------------------------------------------
9/5_14:30_maf             34665976040          ENVIADO      recordatorio FALLIDO (chat_input_not_found) -
9/5_19:00_maf/csi         34%C2%A0628%C2%A061%C2%A027%C2%A078%E2%80%AC ENVIADO      recordatorio FALLIDO (chat_input_not_found) -
9/5_20:30_4e              34747414084          ENVIADO      recordatorio FALLIDO (chat_input_not_found) -
9/5_19:00_4e              34675651585          ENVIADO      recordatorio FALLIDO (chat_input_not_found) -
10/5_17:30_maf            34722714718          ENVIADO      recordatorio FALLIDO (chat_input_not_found) -
10/5_17:30_4e             34653197010          ENVIADO      recordatorio FALLIDO (chat_input_not_found) -

[2026-05-13 11:21:54] POSITIVO | Fotos nuevas: 0 | Envios OK: 0 | Envios FAIL: 0 | Reviews negativas: 0 | Fotos borradas: 0

=== SESIÓN 11:23-11:23 (13/05/2026) ===
RESERVA                   TELÉFONO             ESTADO       RESPUESTA                 REVIEW
-----------------------------------------------------------------------------------------------
9/5_14:30_maf             34665976040          ENVIADO      recordatorio FALLIDO (chat_input_not_found) -
9/5_19:00_maf/csi         34%C2%A0628%C2%A061%C2%A027%C2%A078%E2%80%AC ENVIADO      recordatorio FALLIDO (chat_input_not_found) -
9/5_20:30_4e              34747414084          ENVIADO      recordatorio FALLIDO (chat_input_not_found) -
9/5_19:00_4e              34675651585          ENVIADO      recordatorio FALLIDO (chat_input_not_found) -
10/5_17:30_maf            34722714718          ENVIADO      recordatorio FALLIDO (chat_input_not_found) -
10/5_17:30_4e             34653197010          ENVIADO      recordatorio FALLIDO (chat_input_not_found) -

[2026-05-13 11:23:14] POSITIVO | Fotos nuevas: 0 | Envios OK: 0 | Envios FAIL: 0 | Reviews negativas: 0 | Fotos borradas: 0

=== SESIÓN 11:24-11:24 (13/05/2026) ===
RESERVA                   TELÉFONO             ESTADO       RESPUESTA                 REVIEW
-----------------------------------------------------------------------------------------------
9/5_14:30_maf             34665976040          ENVIADO      recordatorio FALLIDO (chat_input_not_found) -
9/5_19:00_maf/csi         34%C2%A0628%C2%A061%C2%A027%C2%A078%E2%80%AC ENVIADO      recordatorio FALLIDO (chat_input_not_found) -
9/5_20:30_4e              34747414084          ENVIADO      recordatorio FALLIDO (chat_input_not_found) -
9/5_19:00_4e              34675651585          ENVIADO      recordatorio FALLIDO (chat_input_not_found) -
10/5_17:30_maf            34722714718          ENVIADO      recordatorio FALLIDO (chat_input_not_found) -
10/5_17:30_4e             34653197010          ENVIADO      recordatorio FALLIDO (chat_input_not_found) -

[2026-05-13 11:24:33] POSITIVO | Fotos nuevas: 0 | Envios OK: 0 | Envios FAIL: 0 | Reviews negativas: 0 | Fotos borradas: 0

=== SESIÓN 11:25-11:25 (13/05/2026) ===
RESERVA                   TELÉFONO             ESTADO       RESPUESTA                 REVIEW
-----------------------------------------------------------------------------------------------
9/5_14:30_maf             34665976040          ENVIADO      recordatorio FALLIDO (chat_input_not_found) -
9/5_19:00_maf/csi         34%C2%A0628%C2%A061%C2%A027%C2%A078%E2%80%AC ENVIADO      recordatorio FALLIDO (chat_input_not_found) -
9/5_20:30_4e              34747414084          ENVIADO      recordatorio FALLIDO (chat_input_not_found) -
9/5_19:00_4e              34675651585          ENVIADO      recordatorio FALLIDO (chat_input_not_found) -
10/5_17:30_maf            34722714718          ENVIADO      recordatorio FALLIDO (chat_input_not_found) -
10/5_17:30_4e             34653197010          ENVIADO      recordatorio FALLIDO (chat_input_not_found) -

[2026-05-13 11:25:56] POSITIVO | Fotos nuevas: 0 | Envios OK: 0 | Envios FAIL: 0 | Reviews negativas: 0 | Fotos borradas: 0

=== SESIÓN 11:23-11:26 (13/05/2026) ===
RESERVA                   TELÉFONO             ESTADO       RESPUESTA                 REVIEW
-----------------------------------------------------------------------------------------------
9/5_14:30_maf             34665976040          ENVIADO      recordatorio FALLIDO (exception: HTTPConnectionPool(host='localhost', port=49295): Max retries exceeded with url: /session/3f2b67cc47339f97c368868d927e94ca/source (Caused by NewConnectionError("HTTPConnection(host='localhost', port=49295): Failed to establish a new connection: [WinError 10061] No connection could be made because the target machine actively refused it"))) -
9/5_19:00_maf/csi         34%C2%A0628%C2%A061%C2%A027%C2%A078%E2%80%AC ENVIADO      recordatorio FALLIDO (exception: HTTPConnectionPool(host='localhost', port=49295): Max retries exceeded with url: /session/3f2b67cc47339f97c368868d927e94ca/source (Caused by NewConnectionError("HTTPConnection(host='localhost', port=49295): Failed to establish a new connection: [WinError 10061] No connection could be made because the target machine actively refused it"))) -
9/5_20:30_4e              34747414084          ENVIADO      recordatorio FALLIDO (exception: HTTPConnectionPool(host='localhost', port=49295): Max retries exceeded with url: /session/3f2b67cc47339f97c368868d927e94ca/source (Caused by NewConnectionError("HTTPConnection(host='localhost', port=49295): Failed to establish a new connection: [WinError 10061] No connection could be made because the target machine actively refused it"))) -
9/5_19:00_4e              34675651585          ENVIADO      recordatorio FALLIDO (exception: HTTPConnectionPool(host='localhost', port=49295): Max retries exceeded with url: /session/3f2b67cc47339f97c368868d927e94ca/source (Caused by NewConnectionError("HTTPConnection(host='localhost', port=49295): Failed to establish a new connection: [WinError 10061] No connection could be made because the target machine actively refused it"))) -
10/5_17:30_maf            34722714718          ENVIADO      recordatorio FALLIDO (exception: HTTPConnectionPool(host='localhost', port=49295): Max retries exceeded with url: /session/3f2b67cc47339f97c368868d927e94ca/source (Caused by NewConnectionError("HTTPConnection(host='localhost', port=49295): Failed to establish a new connection: [WinError 10061] No connection could be made because the target machine actively refused it"))) -
10/5_17:30_4e             34653197010          ENVIADO      recordatorio FALLIDO (exception: HTTPConnectionPool(host='localhost', port=49295): Max retries exceeded with url: /session/3f2b67cc47339f97c368868d927e94ca/source (Caused by NewConnectionError("HTTPConnection(host='localhost', port=49295): Failed to establish a new connection: [WinError 10061] No connection could be made because the target machine actively refused it"))) -

[2026-05-13 11:26:29] POSITIVO | Fotos nuevas: 0 | Envios OK: 0 | Envios FAIL: 0 | Reviews negativas: 0 | Fotos borradas: 0

=== SESIÓN 11:28-11:28 (13/05/2026) ===
RESERVA                   TELÉFONO             ESTADO       RESPUESTA                 REVIEW
-----------------------------------------------------------------------------------------------
9/5_14:30_maf             34665976040          ENVIADO      recordatorio FALLIDO (chat_input_not_found) -
9/5_19:00_maf/csi         34%C2%A0628%C2%A061%C2%A027%C2%A078%E2%80%AC ENVIADO      recordatorio FALLIDO (chat_input_not_found) -
9/5_20:30_4e              34747414084          ENVIADO      recordatorio FALLIDO (chat_input_not_found) -
9/5_19:00_4e              34675651585          ENVIADO      recordatorio FALLIDO (chat_input_not_found) -
10/5_17:30_maf            34722714718          ENVIADO      recordatorio FALLIDO (chat_input_not_found) -
10/5_17:30_4e             34653197010          ENVIADO      recordatorio FALLIDO (chat_input_not_found) -

[2026-05-13 11:28:39] POSITIVO | Fotos nuevas: 0 | Envios OK: 0 | Envios FAIL: 0 | Reviews negativas: 0 | Fotos borradas: 0
[2026-05-13 11:28:56] NEGATIVO | WhatsApp no conectado (QR visible) — ciclo abortado

=== SESIÓN 11:30-11:31 (13/05/2026) ===
RESERVA                   TELÉFONO             ESTADO       RESPUESTA                 REVIEW
-----------------------------------------------------------------------------------------------
9/5_14:30_maf             34665976040          ENVIADO      recordatorio FALLIDO (chat_input_not_found) -
9/5_19:00_maf/csi         34%C2%A0628%C2%A061%C2%A027%C2%A078%E2%80%AC ENVIADO      recordatorio FALLIDO (chat_input_not_found) -
9/5_20:30_4e              34747414084          ENVIADO      recordatorio FALLIDO (chat_input_not_found) -
9/5_19:00_4e              34675651585          ENVIADO      recordatorio FALLIDO (chat_input_not_found) -
10/5_17:30_maf            34722714718          ENVIADO      recordatorio FALLIDO (chat_input_not_found) -
10/5_17:30_4e             34653197010          ENVIADO      recordatorio FALLIDO (chat_input_not_found) -

[2026-05-13 11:31:02] POSITIVO | Fotos nuevas: 0 | Envios OK: 0 | Envios FAIL: 0 | Reviews negativas: 0 | Fotos borradas: 0

=== SESIÓN 11:32-11:32 (13/05/2026) ===
RESERVA                   TELÉFONO             ESTADO       RESPUESTA                 REVIEW
-----------------------------------------------------------------------------------------------
9/5_14:30_maf             34665976040          ENVIADO      recordatorio FALLIDO (chat_input_not_found) -
9/5_19:00_maf/csi         34%C2%A0628%C2%A061%C2%A027%C2%A078%E2%80%AC ENVIADO      recordatorio FALLIDO (chat_input_not_found) -
9/5_20:30_4e              34747414084          ENVIADO      recordatorio FALLIDO (chat_input_not_found) -
9/5_19:00_4e              34675651585          ENVIADO      recordatorio FALLIDO (chat_input_not_found) -
10/5_17:30_maf            34722714718          ENVIADO      recordatorio FALLIDO (chat_input_not_found) -
10/5_17:30_4e             34653197010          ENVIADO      recordatorio FALLIDO (chat_input_not_found) -

[2026-05-13 11:32:19] POSITIVO | Fotos nuevas: 0 | Envios OK: 0 | Envios FAIL: 0 | Reviews negativas: 0 | Fotos borradas: 0

=== SESIÓN 11:33-11:33 (13/05/2026) ===
RESERVA                   TELÉFONO             ESTADO       RESPUESTA                 REVIEW
-----------------------------------------------------------------------------------------------
9/5_14:30_maf             34665976040          ENVIADO      recordatorio FALLIDO (chat_input_not_found) -
9/5_19:00_maf/csi         34%C2%A0628%C2%A061%C2%A027%C2%A078%E2%80%AC ENVIADO      recordatorio FALLIDO (chat_input_not_found) -
9/5_20:30_4e              34747414084          ENVIADO      recordatorio FALLIDO (chat_input_not_found) -
9/5_19:00_4e              34675651585          ENVIADO      recordatorio FALLIDO (chat_input_not_found) -
10/5_17:30_maf            34722714718          ENVIADO      recordatorio FALLIDO (chat_input_not_found) -
10/5_17:30_4e             34653197010          ENVIADO      recordatorio FALLIDO (chat_input_not_found) -

[2026-05-13 11:33:42] POSITIVO | Fotos nuevas: 0 | Envios OK: 0 | Envios FAIL: 0 | Reviews negativas: 0 | Fotos borradas: 0

=== SESIÓN 11:31-11:34 (13/05/2026) ===
RESERVA                   TELÉFONO             ESTADO       RESPUESTA                 REVIEW
-----------------------------------------------------------------------------------------------
9/5_14:30_maf             34665976040          ENVIADO      recordatorio FALLIDO (exception: HTTPConnectionPool(host='localhost', port=49968): Max retries exceeded with url: /session/077b06b463544ce40408a430480e22bd/source (Caused by NewConnectionError("HTTPConnection(host='localhost', port=49968): Failed to establish a new connection: [WinError 10061] No connection could be made because the target machine actively refused it"))) -
9/5_19:00_maf/csi         34%C2%A0628%C2%A061%C2%A027%C2%A078%E2%80%AC ENVIADO      recordatorio FALLIDO (exception: HTTPConnectionPool(host='localhost', port=49968): Max retries exceeded with url: /session/077b06b463544ce40408a430480e22bd/source (Caused by NewConnectionError("HTTPConnection(host='localhost', port=49968): Failed to establish a new connection: [WinError 10061] No connection could be made because the target machine actively refused it"))) -
9/5_20:30_4e              34747414084          ENVIADO      recordatorio FALLIDO (exception: HTTPConnectionPool(host='localhost', port=49968): Max retries exceeded with url: /session/077b06b463544ce40408a430480e22bd/source (Caused by NewConnectionError("HTTPConnection(host='localhost', port=49968): Failed to establish a new connection: [WinError 10061] No connection could be made because the target machine actively refused it"))) -
9/5_19:00_4e              34675651585          ENVIADO      recordatorio FALLIDO (exception: HTTPConnectionPool(host='localhost', port=49968): Max retries exceeded with url: /session/077b06b463544ce40408a430480e22bd/source (Caused by NewConnectionError("HTTPConnection(host='localhost', port=49968): Failed to establish a new connection: [WinError 10061] No connection could be made because the target machine actively refused it"))) -
10/5_17:30_maf            34722714718          ENVIADO      recordatorio FALLIDO (exception: HTTPConnectionPool(host='localhost', port=49968): Max retries exceeded with url: /session/077b06b463544ce40408a430480e22bd/source (Caused by NewConnectionError("HTTPConnection(host='localhost', port=49968): Failed to establish a new connection: [WinError 10061] No connection could be made because the target machine actively refused it"))) -
10/5_17:30_4e             34653197010          ENVIADO      recordatorio FALLIDO (exception: HTTPConnectionPool(host='localhost', port=49968): Max retries exceeded with url: /session/077b06b463544ce40408a430480e22bd/source (Caused by NewConnectionError("HTTPConnection(host='localhost', port=49968): Failed to establish a new connection: [WinError 10061] No connection could be made because the target machine actively refused it"))) -

[2026-05-13 11:34:39] POSITIVO | Fotos nuevas: 0 | Envios OK: 0 | Envios FAIL: 0 | Reviews negativas: 0 | Fotos borradas: 0

=== SESIÓN 11:35-11:36 (13/05/2026) ===
RESERVA                   TELÉFONO             ESTADO       RESPUESTA                 REVIEW
-----------------------------------------------------------------------------------------------
9/5_14:30_maf             34665976040          ENVIADO      recordatorio FALLIDO (chat_input_not_found) -
9/5_19:00_maf/csi         34%C2%A0628%C2%A061%C2%A027%C2%A078%E2%80%AC ENVIADO      recordatorio FALLIDO (chat_input_not_found) -
9/5_20:30_4e              34747414084          ENVIADO      recordatorio FALLIDO (chat_input_not_found) -
9/5_19:00_4e              34675651585          ENVIADO      recordatorio FALLIDO (chat_input_not_found) -
10/5_17:30_maf            34722714718          ENVIADO      recordatorio FALLIDO (chat_input_not_found) -
10/5_17:30_4e             34653197010          ENVIADO      recordatorio FALLIDO (chat_input_not_found) -

[2026-05-13 11:36:04] POSITIVO | Fotos nuevas: 0 | Envios OK: 0 | Envios FAIL: 0 | Reviews negativas: 0 | Fotos borradas: 0

=== SESIÓN 11:37-11:37 (13/05/2026) ===
RESERVA                   TELÉFONO             ESTADO       RESPUESTA                 REVIEW
-----------------------------------------------------------------------------------------------
9/5_14:30_maf             34665976040          ENVIADO      recordatorio FALLIDO (chat_input_not_found) -
9/5_19:00_maf/csi         34%C2%A0628%C2%A061%C2%A027%C2%A078%E2%80%AC ENVIADO      recordatorio FALLIDO (chat_input_not_found) -
9/5_20:30_4e              34747414084          ENVIADO      recordatorio FALLIDO (chat_input_not_found) -
9/5_19:00_4e              34675651585          ENVIADO      recordatorio FALLIDO (chat_input_not_found) -
10/5_17:30_maf            34722714718          ENVIADO      recordatorio FALLIDO (chat_input_not_found) -
10/5_17:30_4e             34653197010          ENVIADO      recordatorio FALLIDO (chat_input_not_found) -

[2026-05-13 11:37:22] POSITIVO | Fotos nuevas: 0 | Envios OK: 0 | Envios FAIL: 0 | Reviews negativas: 0 | Fotos borradas: 0

=== SESIÓN 11:38-11:38 (13/05/2026) ===
RESERVA                   TELÉFONO             ESTADO       RESPUESTA                 REVIEW
-----------------------------------------------------------------------------------------------
9/5_14:30_maf             34665976040          ENVIADO      recordatorio FALLIDO (chat_input_not_found) -
9/5_19:00_maf/csi         34%C2%A0628%C2%A061%C2%A027%C2%A078%E2%80%AC ENVIADO      recordatorio FALLIDO (chat_input_not_found) -
9/5_20:30_4e              34747414084          ENVIADO      recordatorio FALLIDO (chat_input_not_found) -
9/5_19:00_4e              34675651585          ENVIADO      recordatorio FALLIDO (chat_input_not_found) -
10/5_17:30_maf            34722714718          ENVIADO      recordatorio FALLIDO (chat_input_not_found) -
10/5_17:30_4e             34653197010          ENVIADO      recordatorio FALLIDO (chat_input_not_found) -

[2026-05-13 11:38:41] POSITIVO | Fotos nuevas: 0 | Envios OK: 0 | Envios FAIL: 0 | Reviews negativas: 0 | Fotos borradas: 0

=== SESIÓN 11:36-11:39 (13/05/2026) ===
RESERVA                   TELÉFONO             ESTADO       RESPUESTA                 REVIEW
-----------------------------------------------------------------------------------------------
9/5_14:30_maf             34665976040          ENVIADO      recordatorio FALLIDO (exception: HTTPConnectionPool(host='localhost', port=50622): Max retries exceeded with url: /session/48903ef781b01eb3735edd818bae289c/source (Caused by NewConnectionError("HTTPConnection(host='localhost', port=50622): Failed to establish a new connection: [WinError 10061] No connection could be made because the target machine actively refused it"))) -
9/5_19:00_maf/csi         34%C2%A0628%C2%A061%C2%A027%C2%A078%E2%80%AC ENVIADO      recordatorio FALLIDO (exception: HTTPConnectionPool(host='localhost', port=50622): Max retries exceeded with url: /session/48903ef781b01eb3735edd818bae289c/source (Caused by NewConnectionError("HTTPConnection(host='localhost', port=50622): Failed to establish a new connection: [WinError 10061] No connection could be made because the target machine actively refused it"))) -
9/5_20:30_4e              34747414084          ENVIADO      recordatorio FALLIDO (exception: HTTPConnectionPool(host='localhost', port=50622): Max retries exceeded with url: /session/48903ef781b01eb3735edd818bae289c/source (Caused by NewConnectionError("HTTPConnection(host='localhost', port=50622): Failed to establish a new connection: [WinError 10061] No connection could be made because the target machine actively refused it"))) -
9/5_19:00_4e              34675651585          ENVIADO      recordatorio FALLIDO (exception: HTTPConnectionPool(host='localhost', port=50622): Max retries exceeded with url: /session/48903ef781b01eb3735edd818bae289c/source (Caused by NewConnectionError("HTTPConnection(host='localhost', port=50622): Failed to establish a new connection: [WinError 10061] No connection could be made because the target machine actively refused it"))) -
10/5_17:30_maf            34722714718          ENVIADO      recordatorio FALLIDO (exception: HTTPConnectionPool(host='localhost', port=50622): Max retries exceeded with url: /session/48903ef781b01eb3735edd818bae289c/source (Caused by NewConnectionError("HTTPConnection(host='localhost', port=50622): Failed to establish a new connection: [WinError 10061] No connection could be made because the target machine actively refused it"))) -
10/5_17:30_4e             34653197010          ENVIADO      recordatorio FALLIDO (exception: HTTPConnectionPool(host='localhost', port=50622): Max retries exceeded with url: /session/48903ef781b01eb3735edd818bae289c/source (Caused by NewConnectionError("HTTPConnection(host='localhost', port=50622): Failed to establish a new connection: [WinError 10061] No connection could be made because the target machine actively refused it"))) -

[2026-05-13 11:39:16] POSITIVO | Fotos nuevas: 0 | Envios OK: 0 | Envios FAIL: 0 | Reviews negativas: 0 | Fotos borradas: 0

=== SESIÓN 11:40-11:40 (13/05/2026) ===
RESERVA                   TELÉFONO             ESTADO       RESPUESTA                 REVIEW
-----------------------------------------------------------------------------------------------
9/5_14:30_maf             34665976040          ENVIADO      recordatorio FALLIDO (chat_input_not_found) -
9/5_19:00_maf/csi         34%C2%A0628%C2%A061%C2%A027%C2%A078%E2%80%AC ENVIADO      recordatorio FALLIDO (chat_input_not_found) -
9/5_20:30_4e              34747414084          ENVIADO      recordatorio FALLIDO (chat_input_not_found) -
9/5_19:00_4e              34675651585          ENVIADO      recordatorio FALLIDO (chat_input_not_found) -
10/5_17:30_maf            34722714718          ENVIADO      recordatorio FALLIDO (chat_input_not_found) -
10/5_17:30_4e             34653197010          ENVIADO      recordatorio FALLIDO (chat_input_not_found) -

[2026-05-13 11:40:45] POSITIVO | Fotos nuevas: 0 | Envios OK: 0 | Envios FAIL: 0 | Reviews negativas: 0 | Fotos borradas: 0
[2026-05-13 11:41:02] NEGATIVO | WhatsApp no conectado (QR visible) — ciclo abortado

=== SESIÓN 11:42-11:43 (13/05/2026) ===
RESERVA                   TELÉFONO             ESTADO       RESPUESTA                 REVIEW
-----------------------------------------------------------------------------------------------
9/5_14:30_maf             34665976040          ENVIADO      recordatorio FALLIDO (chat_input_not_found) -
9/5_19:00_maf/csi         34%C2%A0628%C2%A061%C2%A027%C2%A078%E2%80%AC ENVIADO      recordatorio FALLIDO (chat_input_not_found) -
9/5_20:30_4e              34747414084          ENVIADO      recordatorio FALLIDO (chat_input_not_found) -
9/5_19:00_4e              34675651585          ENVIADO      recordatorio FALLIDO (chat_input_not_found) -
10/5_17:30_maf            34722714718          ENVIADO      recordatorio FALLIDO (chat_input_not_found) -
10/5_17:30_4e             34653197010          ENVIADO      recordatorio FALLIDO (chat_input_not_found) -

[2026-05-13 11:43:05] POSITIVO | Fotos nuevas: 0 | Envios OK: 0 | Envios FAIL: 0 | Reviews negativas: 0 | Fotos borradas: 0

=== SESIÓN 11:44-11:44 (13/05/2026) ===
RESERVA                   TELÉFONO             ESTADO       RESPUESTA                 REVIEW
-----------------------------------------------------------------------------------------------
9/5_14:30_maf             34665976040          ENVIADO      recordatorio FALLIDO (chat_input_not_found) -
9/5_19:00_maf/csi         34%C2%A0628%C2%A061%C2%A027%C2%A078%E2%80%AC ENVIADO      recordatorio FALLIDO (chat_input_not_found) -
9/5_20:30_4e              34747414084          ENVIADO      recordatorio FALLIDO (chat_input_not_found) -
9/5_19:00_4e              34675651585          ENVIADO      recordatorio FALLIDO (chat_input_not_found) -
10/5_17:30_maf            34722714718          ENVIADO      recordatorio FALLIDO (chat_input_not_found) -
10/5_17:30_4e             34653197010          ENVIADO      recordatorio FALLIDO (chat_input_not_found) -

[2026-05-13 11:44:24] POSITIVO | Fotos nuevas: 0 | Envios OK: 0 | Envios FAIL: 0 | Reviews negativas: 0 | Fotos borradas: 0

=== SESIÓN 11:45-11:45 (13/05/2026) ===
RESERVA                   TELÉFONO             ESTADO       RESPUESTA                 REVIEW
-----------------------------------------------------------------------------------------------
9/5_14:30_maf             34665976040          ENVIADO      recordatorio FALLIDO (chat_input_not_found) -
9/5_19:00_maf/csi         34%C2%A0628%C2%A061%C2%A027%C2%A078%E2%80%AC ENVIADO      recordatorio FALLIDO (chat_input_not_found) -
9/5_20:30_4e              34747414084          ENVIADO      recordatorio FALLIDO (chat_input_not_found) -
9/5_19:00_4e              34675651585          ENVIADO      recordatorio FALLIDO (chat_input_not_found) -
10/5_17:30_maf            34722714718          ENVIADO      recordatorio FALLIDO (chat_input_not_found) -
10/5_17:30_4e             34653197010          ENVIADO      recordatorio FALLIDO (chat_input_not_found) -

[2026-05-13 11:45:42] POSITIVO | Fotos nuevas: 0 | Envios OK: 0 | Envios FAIL: 0 | Reviews negativas: 0 | Fotos borradas: 0

=== SESIÓN 11:46-11:47 (13/05/2026) ===
RESERVA                   TELÉFONO             ESTADO       RESPUESTA                 REVIEW
-----------------------------------------------------------------------------------------------
9/5_14:30_maf             34665976040          ENVIADO      recordatorio FALLIDO (chat_input_not_found) -
9/5_19:00_maf/csi         34%C2%A0628%C2%A061%C2%A027%C2%A078%E2%80%AC ENVIADO      recordatorio FALLIDO (chat_input_not_found) -
9/5_20:30_4e              34747414084          ENVIADO      recordatorio FALLIDO (chat_input_not_found) -
9/5_19:00_4e              34675651585          ENVIADO      recordatorio FALLIDO (chat_input_not_found) -
10/5_17:30_maf            34722714718          ENVIADO      recordatorio FALLIDO (chat_input_not_found) -
10/5_17:30_4e             34653197010          ENVIADO      recordatorio FALLIDO (chat_input_not_found) -

[2026-05-13 11:47:03] POSITIVO | Fotos nuevas: 0 | Envios OK: 0 | Envios FAIL: 0 | Reviews negativas: 0 | Fotos borradas: 0

=== SESIÓN 11:44-11:47 (13/05/2026) ===
RESERVA                   TELÉFONO             ESTADO       RESPUESTA                 REVIEW
-----------------------------------------------------------------------------------------------
9/5_14:30_maf             34665976040          ENVIADO      recordatorio FALLIDO (exception: HTTPConnectionPool(host='localhost', port=51253): Max retries exceeded with url: /session/749eadd10b5ab2c931af40e3ff5ad2e8/source (Caused by NewConnectionError("HTTPConnection(host='localhost', port=51253): Failed to establish a new connection: [WinError 10061] No connection could be made because the target machine actively refused it"))) -
9/5_19:00_maf/csi         34%C2%A0628%C2%A061%C2%A027%C2%A078%E2%80%AC ENVIADO      recordatorio FALLIDO (exception: HTTPConnectionPool(host='localhost', port=51253): Max retries exceeded with url: /session/749eadd10b5ab2c931af40e3ff5ad2e8/source (Caused by NewConnectionError("HTTPConnection(host='localhost', port=51253): Failed to establish a new connection: [WinError 10061] No connection could be made because the target machine actively refused it"))) -
9/5_20:30_4e              34747414084          ENVIADO      recordatorio FALLIDO (exception: HTTPConnectionPool(host='localhost', port=51253): Max retries exceeded with url: /session/749eadd10b5ab2c931af40e3ff5ad2e8/source (Caused by NewConnectionError("HTTPConnection(host='localhost', port=51253): Failed to establish a new connection: [WinError 10061] No connection could be made because the target machine actively refused it"))) -
9/5_19:00_4e              34675651585          ENVIADO      recordatorio FALLIDO (exception: HTTPConnectionPool(host='localhost', port=51253): Max retries exceeded with url: /session/749eadd10b5ab2c931af40e3ff5ad2e8/source (Caused by NewConnectionError("HTTPConnection(host='localhost', port=51253): Failed to establish a new connection: [WinError 10061] No connection could be made because the target machine actively refused it"))) -
10/5_17:30_maf            34722714718          ENVIADO      recordatorio FALLIDO (exception: HTTPConnectionPool(host='localhost', port=51253): Max retries exceeded with url: /session/749eadd10b5ab2c931af40e3ff5ad2e8/source (Caused by NewConnectionError("HTTPConnection(host='localhost', port=51253): Failed to establish a new connection: [WinError 10061] No connection could be made because the target machine actively refused it"))) -
10/5_17:30_4e             34653197010          ENVIADO      recordatorio FALLIDO (exception: HTTPConnectionPool(host='localhost', port=51253): Max retries exceeded with url: /session/749eadd10b5ab2c931af40e3ff5ad2e8/source (Caused by NewConnectionError("HTTPConnection(host='localhost', port=51253): Failed to establish a new connection: [WinError 10061] No connection could be made because the target machine actively refused it"))) -

[2026-05-13 11:47:30] POSITIVO | Fotos nuevas: 0 | Envios OK: 0 | Envios FAIL: 0 | Reviews negativas: 0 | Fotos borradas: 0

=== SESIÓN 11:48-11:48 (13/05/2026) ===
RESERVA                   TELÉFONO             ESTADO       RESPUESTA                 REVIEW
-----------------------------------------------------------------------------------------------
9/5_14:30_maf             34665976040          ENVIADO      recordatorio FALLIDO (chat_input_not_found) -
9/5_19:00_maf/csi         34%C2%A0628%C2%A061%C2%A027%C2%A078%E2%80%AC ENVIADO      recordatorio FALLIDO (chat_input_not_found) -
9/5_20:30_4e              34747414084          ENVIADO      recordatorio FALLIDO (exception: Message: invalid session id: session deleted as the browser has closed the connection
from disconnected: Unable to receive message from renderer
  (Session info: chrome=147.0.7727.101); For documentation on this error, please visit: https://www.selenium.dev/documentation/webdriver/troubleshooting/errors#invalidsessionidexception
Stacktrace:
	chromedriver!GetHandleVerifier [0xb4b373+10553]
	chromedriver!GetHandleVerifier [0xb4b4a4+10684]
	chromedriver!(No symbol) [0x951e10]
	chromedriver!(No symbol) [0x9421b3]
	chromedriver!(No symbol) [0x941ee5]
	chromedriver!(No symbol) [0x93fff8]
	chromedriver!(No symbol) [0x940846]
	chromedriver!(No symbol) [0x94d6bb]
	chromedriver!(No symbol) [0x95f45e]
	chromedriver!(No symbol) [0x964eb6]
	chromedriver!(No symbol) [0x940ecc]
	chromedriver!(No symbol) [0x95ece9]
	chromedriver!(No symbol) [0x9dad52]
	chromedriver!(No symbol) [0x9bd606]
	chromedriver!(No symbol) [0x990039]
	chromedriver!(No symbol) [0x990df4]
	chromedriver!GetHandleVerifier [0xdcddb4+292f94]
	chromedriver!GetHandleVerifier [0xdc937d+28e55d]
	chromedriver!GetHandleVerifier [0xde8215+2ad3f5]
	chromedriver!GetHandleVerifier [0xb64c18+29df8]
	chromedriver!GetHandleVerifier [0xb6c6fd+318dd]
	chromedriver!GetHandleVerifier [0xb53c78+18e58]
	chromedriver!GetHandleVerifier [0xb53e42+19022]
	chromedriver!GetHandleVerifier [0xb3d45f+263f]
	KERNEL32!BaseThreadInitThunk [0x765562c4+24]
	ntdll!RtlSubscribeWnfStateChangeNotification [0x770a0aa9+439]
	ntdll!RtlSubscribeWnfStateChangeNotification [0x770a0a74+404]
) -
9/5_19:00_4e              34675651585          ENVIADO      recordatorio FALLIDO (exception: Message: invalid session id; For documentation on this error, please visit: https://www.selenium.dev/documentation/webdriver/troubleshooting/errors#invalidsessionidexception
Stacktrace:
	chromedriver!GetHandleVerifier [0xb4b373+10553]
	chromedriver!GetHandleVerifier [0xb4b4a4+10684]
	chromedriver!(No symbol) [0x951c4e]
	chromedriver!(No symbol) [0x98f2c5]
	chromedriver!(No symbol) [0x9bd726]
	chromedriver!(No symbol) [0x9b8c62]
	chromedriver!(No symbol) [0x9b8281]
	chromedriver!(No symbol) [0x92501e]
	chromedriver!(No symbol) [0x9255be]
	chromedriver!(No symbol) [0x925a9d]
	chromedriver!GetHandleVerifier [0xdcddb4+292f94]
	chromedriver!GetHandleVerifier [0xdc937d+28e55d]
	chromedriver!GetHandleVerifier [0xde8215+2ad3f5]
	chromedriver!GetHandleVerifier [0xb64c18+29df8]
	chromedriver!GetHandleVerifier [0xb6c6fd+318dd]
	chromedriver!(No symbol) [0x924b99]
	chromedriver!(No symbol) [0x9241e0]
	chromedriver!GetHandleVerifier [0xf32bef+3f7dcf]
	KERNEL32!BaseThreadInitThunk [0x765562c4+24]
	ntdll!RtlSubscribeWnfStateChangeNotification [0x770a0aa9+439]
	ntdll!RtlSubscribeWnfStateChangeNotification [0x770a0a74+404]
) -
10/5_17:30_maf            34722714718          ENVIADO      recordatorio FALLIDO (exception: Message: invalid session id; For documentation on this error, please visit: https://www.selenium.dev/documentation/webdriver/troubleshooting/errors#invalidsessionidexception
Stacktrace:
	chromedriver!GetHandleVerifier [0xb4b373+10553]
	chromedriver!GetHandleVerifier [0xb4b4a4+10684]
	chromedriver!(No symbol) [0x951c4e]
	chromedriver!(No symbol) [0x98f2c5]
	chromedriver!(No symbol) [0x9bd726]
	chromedriver!(No symbol) [0x9b8c62]
	chromedriver!(No symbol) [0x9b8281]
	chromedriver!(No symbol) [0x92501e]
	chromedriver!(No symbol) [0x9255be]
	chromedriver!(No symbol) [0x925a9d]
	chromedriver!GetHandleVerifier [0xdcddb4+292f94]
	chromedriver!GetHandleVerifier [0xdc937d+28e55d]
	chromedriver!GetHandleVerifier [0xde8215+2ad3f5]
	chromedriver!GetHandleVerifier [0xb64c18+29df8]
	chromedriver!GetHandleVerifier [0xb6c6fd+318dd]
	chromedriver!(No symbol) [0x924b99]
	chromedriver!(No symbol) [0x9241e0]
	chromedriver!GetHandleVerifier [0xf32bef+3f7dcf]
	KERNEL32!BaseThreadInitThunk [0x765562c4+24]
	ntdll!RtlSubscribeWnfStateChangeNotification [0x770a0aa9+439]
	ntdll!RtlSubscribeWnfStateChangeNotification [0x770a0a74+404]
) -
10/5_17:30_4e             34653197010          ENVIADO      recordatorio FALLIDO (exception: Message: invalid session id; For documentation on this error, please visit: https://www.selenium.dev/documentation/webdriver/troubleshooting/errors#invalidsessionidexception
Stacktrace:
	chromedriver!GetHandleVerifier [0xb4b373+10553]
	chromedriver!GetHandleVerifier [0xb4b4a4+10684]
	chromedriver!(No symbol) [0x951c4e]
	chromedriver!(No symbol) [0x98f2c5]
	chromedriver!(No symbol) [0x9bd726]
	chromedriver!(No symbol) [0x9b8c62]
	chromedriver!(No symbol) [0x9b8281]
	chromedriver!(No symbol) [0x92501e]
	chromedriver!(No symbol) [0x9255be]
	chromedriver!(No symbol) [0x925a9d]
	chromedriver!GetHandleVerifier [0xdcddb4+292f94]
	chromedriver!GetHandleVerifier [0xdc937d+28e55d]
	chromedriver!GetHandleVerifier [0xde8215+2ad3f5]
	chromedriver!GetHandleVerifier [0xb64c18+29df8]
	chromedriver!GetHandleVerifier [0xb6c6fd+318dd]
	chromedriver!(No symbol) [0x924b99]
	chromedriver!(No symbol) [0x9241e0]
	chromedriver!GetHandleVerifier [0xf32bef+3f7dcf]
	KERNEL32!BaseThreadInitThunk [0x765562c4+24]
	ntdll!RtlSubscribeWnfStateChangeNotification [0x770a0aa9+439]
	ntdll!RtlSubscribeWnfStateChangeNotification [0x770a0a74+404]
) -

[2026-05-13 11:48:17] POSITIVO | Fotos nuevas: 0 | Envios OK: 0 | Envios FAIL: 0 | Reviews negativas: 0 | Fotos borradas: 0

=== SESIÓN 11:50-11:50 (13/05/2026) ===
RESERVA                   TELÉFONO             ESTADO       RESPUESTA                 REVIEW
-----------------------------------------------------------------------------------------------
9/5_14:30_maf             34665976040          ENVIADO      recordatorio FALLIDO (chat_input_not_found) -
9/5_19:00_maf/csi         34%C2%A0628%C2%A061%C2%A027%C2%A078%E2%80%AC ENVIADO      recordatorio FALLIDO (chat_input_not_found) -
9/5_20:30_4e              34747414084          ENVIADO      recordatorio FALLIDO (chat_input_not_found) -
9/5_19:00_4e              34675651585          ENVIADO      recordatorio FALLIDO (chat_input_not_found) -
10/5_17:30_maf            34722714718          ENVIADO      recordatorio FALLIDO (chat_input_not_found) -
10/5_17:30_4e             34653197010          ENVIADO      recordatorio FALLIDO (chat_input_not_found) -

[2026-05-13 11:50:21] POSITIVO | Fotos nuevas: 0 | Envios OK: 0 | Envios FAIL: 0 | Reviews negativas: 0 | Fotos borradas: 0

=== SESIÓN 11:51-11:51 (13/05/2026) ===
RESERVA                   TELÉFONO             ESTADO       RESPUESTA                 REVIEW
-----------------------------------------------------------------------------------------------
9/5_14:30_maf             34665976040          ENVIADO      recordatorio FALLIDO (chat_input_not_found) -
9/5_19:00_maf/csi         34%C2%A0628%C2%A061%C2%A027%C2%A078%E2%80%AC ENVIADO      recordatorio FALLIDO (chat_input_not_found) -
9/5_20:30_4e              34747414084          ENVIADO      recordatorio FALLIDO (chat_input_not_found) -
9/5_19:00_4e              34675651585          ENVIADO      recordatorio FALLIDO (chat_input_not_found) -
10/5_17:30_maf            34722714718          ENVIADO      recordatorio FALLIDO (chat_input_not_found) -
10/5_17:30_4e             34653197010          ENVIADO      recordatorio FALLIDO (chat_input_not_found) -

[2026-05-13 11:51:41] POSITIVO | Fotos nuevas: 0 | Envios OK: 0 | Envios FAIL: 0 | Reviews negativas: 0 | Fotos borradas: 0

=== SESIÓN 11:52-11:53 (13/05/2026) ===
RESERVA                   TELÉFONO             ESTADO       RESPUESTA                 REVIEW
-----------------------------------------------------------------------------------------------
9/5_14:30_maf             34665976040          ENVIADO      recordatorio FALLIDO (chat_input_not_found) -
9/5_19:00_maf/csi         34%C2%A0628%C2%A061%C2%A027%C2%A078%E2%80%AC ENVIADO      recordatorio FALLIDO (chat_input_not_found) -
9/5_20:30_4e              34747414084          ENVIADO      recordatorio FALLIDO (chat_input_not_found) -
9/5_19:00_4e              34675651585          ENVIADO      recordatorio FALLIDO (chat_input_not_found) -
10/5_17:30_maf            34722714718          ENVIADO      recordatorio FALLIDO (chat_input_not_found) -
10/5_17:30_4e             34653197010          ENVIADO      recordatorio FALLIDO (chat_input_not_found) -

[2026-05-13 11:53:02] POSITIVO | Fotos nuevas: 0 | Envios OK: 0 | Envios FAIL: 0 | Reviews negativas: 0 | Fotos borradas: 0

=== SESIÓN 11:54-11:54 (13/05/2026) ===
RESERVA                   TELÉFONO             ESTADO       RESPUESTA                 REVIEW
-----------------------------------------------------------------------------------------------
9/5_14:30_maf             34665976040          ENVIADO      recordatorio FALLIDO (chat_input_not_found) -
9/5_19:00_maf/csi         34%C2%A0628%C2%A061%C2%A027%C2%A078%E2%80%AC ENVIADO      recordatorio FALLIDO (chat_input_not_found) -
9/5_20:30_4e              34747414084          ENVIADO      recordatorio FALLIDO (chat_input_not_found) -
9/5_19:00_4e              34675651585          ENVIADO      recordatorio FALLIDO (chat_input_not_found) -
10/5_17:30_maf            34722714718          ENVIADO      recordatorio FALLIDO (chat_input_not_found) -
10/5_17:30_4e             34653197010          ENVIADO      recordatorio FALLIDO (chat_input_not_found) -

[2026-05-13 11:54:24] POSITIVO | Fotos nuevas: 0 | Envios OK: 0 | Envios FAIL: 0 | Reviews negativas: 0 | Fotos borradas: 0

=== SESIÓN 11:55-11:55 (13/05/2026) ===
RESERVA                   TELÉFONO             ESTADO       RESPUESTA                 REVIEW
-----------------------------------------------------------------------------------------------
9/5_14:30_maf             34665976040          ENVIADO      recordatorio FALLIDO (chat_input_not_found) -
9/5_19:00_maf/csi         34%C2%A0628%C2%A061%C2%A027%C2%A078%E2%80%AC ENVIADO      recordatorio FALLIDO (chat_input_not_found) -
9/5_20:30_4e              34747414084          ENVIADO      recordatorio FALLIDO (chat_input_not_found) -
9/5_19:00_4e              34675651585          ENVIADO      recordatorio FALLIDO (chat_input_not_found) -
10/5_17:30_maf            34722714718          ENVIADO      recordatorio FALLIDO (chat_input_not_found) -
10/5_17:30_4e             34653197010          ENVIADO      recordatorio FALLIDO (chat_input_not_found) -

[2026-05-13 11:55:44] POSITIVO | Fotos nuevas: 0 | Envios OK: 0 | Envios FAIL: 0 | Reviews negativas: 0 | Fotos borradas: 0

=== SESIÓN 11:56-11:57 (13/05/2026) ===
RESERVA                   TELÉFONO             ESTADO       RESPUESTA                 REVIEW
-----------------------------------------------------------------------------------------------
9/5_14:30_maf             34665976040          ENVIADO      recordatorio FALLIDO (chat_input_not_found) -
9/5_19:00_maf/csi         34%C2%A0628%C2%A061%C2%A027%C2%A078%E2%80%AC ENVIADO      recordatorio FALLIDO (chat_input_not_found) -
9/5_20:30_4e              34747414084          ENVIADO      recordatorio FALLIDO (chat_input_not_found) -
9/5_19:00_4e              34675651585          ENVIADO      recordatorio FALLIDO (chat_input_not_found) -
10/5_17:30_maf            34722714718          ENVIADO      recordatorio FALLIDO (chat_input_not_found) -
10/5_17:30_4e             34653197010          ENVIADO      recordatorio FALLIDO (chat_input_not_found) -

[2026-05-13 11:57:07] POSITIVO | Fotos nuevas: 0 | Envios OK: 0 | Envios FAIL: 0 | Reviews negativas: 0 | Fotos borradas: 0

=== SESIÓN 11:58-11:58 (13/05/2026) ===
RESERVA                   TELÉFONO             ESTADO       RESPUESTA                 REVIEW
-----------------------------------------------------------------------------------------------
9/5_14:30_maf             34665976040          ENVIADO      recordatorio FALLIDO (chat_input_not_found) -
9/5_19:00_maf/csi         34%C2%A0628%C2%A061%C2%A027%C2%A078%E2%80%AC ENVIADO      recordatorio FALLIDO (chat_input_not_found) -
9/5_20:30_4e              34747414084          ENVIADO      recordatorio FALLIDO (chat_input_not_found) -
9/5_19:00_4e              34675651585          ENVIADO      recordatorio FALLIDO (chat_input_not_found) -
10/5_17:30_maf            34722714718          ENVIADO      recordatorio FALLIDO (chat_input_not_found) -
10/5_17:30_4e             34653197010          ENVIADO      recordatorio FALLIDO (chat_input_not_found) -

[2026-05-13 11:58:30] POSITIVO | Fotos nuevas: 0 | Envios OK: 0 | Envios FAIL: 0 | Reviews negativas: 0 | Fotos borradas: 0

=== SESIÓN 11:59-11:59 (13/05/2026) ===
RESERVA                   TELÉFONO             ESTADO       RESPUESTA                 REVIEW
-----------------------------------------------------------------------------------------------
9/5_14:30_maf             34665976040          ENVIADO      recordatorio FALLIDO (chat_input_not_found) -
9/5_19:00_maf/csi         34%C2%A0628%C2%A061%C2%A027%C2%A078%E2%80%AC ENVIADO      recordatorio FALLIDO (chat_input_not_found) -
9/5_20:30_4e              34747414084          ENVIADO      recordatorio FALLIDO (chat_input_not_found) -
9/5_19:00_4e              34675651585          ENVIADO      recordatorio FALLIDO (chat_input_not_found) -
10/5_17:30_maf            34722714718          ENVIADO      recordatorio FALLIDO (chat_input_not_found) -
10/5_17:30_4e             34653197010          ENVIADO      recordatorio FALLIDO (chat_input_not_found) -

[2026-05-13 11:59:50] POSITIVO | Fotos nuevas: 0 | Envios OK: 0 | Envios FAIL: 0 | Reviews negativas: 0 | Fotos borradas: 0

=== SESIÓN 11:57-12:00 (13/05/2026) ===
RESERVA                   TELÉFONO             ESTADO       RESPUESTA                 REVIEW
-----------------------------------------------------------------------------------------------
9/5_14:30_maf             34665976040          ENVIADO      recordatorio FALLIDO (exception: HTTPConnectionPool(host='localhost', port=51788): Max retries exceeded with url: /session/13887159220d9fdcc9bce2ac935b3bea/source (Caused by NewConnectionError("HTTPConnection(host='localhost', port=51788): Failed to establish a new connection: [WinError 10061] No connection could be made because the target machine actively refused it"))) -
9/5_19:00_maf/csi         34%C2%A0628%C2%A061%C2%A027%C2%A078%E2%80%AC ENVIADO      recordatorio FALLIDO (exception: HTTPConnectionPool(host='localhost', port=51788): Max retries exceeded with url: /session/13887159220d9fdcc9bce2ac935b3bea/source (Caused by NewConnectionError("HTTPConnection(host='localhost', port=51788): Failed to establish a new connection: [WinError 10061] No connection could be made because the target machine actively refused it"))) -
9/5_20:30_4e              34747414084          ENVIADO      recordatorio FALLIDO (exception: HTTPConnectionPool(host='localhost', port=51788): Max retries exceeded with url: /session/13887159220d9fdcc9bce2ac935b3bea/source (Caused by NewConnectionError("HTTPConnection(host='localhost', port=51788): Failed to establish a new connection: [WinError 10061] No connection could be made because the target machine actively refused it"))) -
9/5_19:00_4e              34675651585          ENVIADO      recordatorio FALLIDO (exception: HTTPConnectionPool(host='localhost', port=51788): Max retries exceeded with url: /session/13887159220d9fdcc9bce2ac935b3bea/source (Caused by NewConnectionError("HTTPConnection(host='localhost', port=51788): Failed to establish a new connection: [WinError 10061] No connection could be made because the target machine actively refused it"))) -
10/5_17:30_maf            34722714718          ENVIADO      recordatorio FALLIDO (exception: HTTPConnectionPool(host='localhost', port=51788): Max retries exceeded with url: /session/13887159220d9fdcc9bce2ac935b3bea/source (Caused by NewConnectionError("HTTPConnection(host='localhost', port=51788): Failed to establish a new connection: [WinError 10061] No connection could be made because the target machine actively refused it"))) -
10/5_17:30_4e             34653197010          ENVIADO      recordatorio FALLIDO (exception: HTTPConnectionPool(host='localhost', port=51788): Max retries exceeded with url: /session/13887159220d9fdcc9bce2ac935b3bea/source (Caused by NewConnectionError("HTTPConnection(host='localhost', port=51788): Failed to establish a new connection: [WinError 10061] No connection could be made because the target machine actively refused it"))) -

[2026-05-13 12:00:22] POSITIVO | Fotos nuevas: 0 | Envios OK: 0 | Envios FAIL: 0 | Reviews negativas: 0 | Fotos borradas: 0

=== SESIÓN 12:01-12:01 (13/05/2026) ===
RESERVA                   TELÉFONO             ESTADO       RESPUESTA                 REVIEW
-----------------------------------------------------------------------------------------------
9/5_14:30_maf             34665976040          ENVIADO      recordatorio FALLIDO (chat_input_not_found) -
9/5_19:00_maf/csi         34%C2%A0628%C2%A061%C2%A027%C2%A078%E2%80%AC ENVIADO      recordatorio FALLIDO (chat_input_not_found) -
9/5_20:30_4e              34747414084          ENVIADO      recordatorio FALLIDO (chat_input_not_found) -
9/5_19:00_4e              34675651585          ENVIADO      recordatorio FALLIDO (exception: Message: invalid session id: session deleted as the browser has closed the connection
from disconnected: Unable to receive message from renderer
  (Session info: chrome=147.0.7727.101); For documentation on this error, please visit: https://www.selenium.dev/documentation/webdriver/troubleshooting/errors#invalidsessionidexception
Stacktrace:
	chromedriver!GetHandleVerifier [0xb4b373+10553]
	chromedriver!GetHandleVerifier [0xb4b4a4+10684]
	chromedriver!(No symbol) [0x951e10]
	chromedriver!(No symbol) [0x9421b3]
	chromedriver!(No symbol) [0x941ee5]
	chromedriver!(No symbol) [0x93fff8]
	chromedriver!(No symbol) [0x940846]
	chromedriver!(No symbol) [0x94d6bb]
	chromedriver!(No symbol) [0x95f45e]
	chromedriver!(No symbol) [0x964eb6]
	chromedriver!(No symbol) [0x940ecc]
	chromedriver!(No symbol) [0x95ece9]
	chromedriver!(No symbol) [0x9dad52]
	chromedriver!(No symbol) [0x9bd606]
	chromedriver!(No symbol) [0x990039]
	chromedriver!(No symbol) [0x990df4]
	chromedriver!GetHandleVerifier [0xdcddb4+292f94]
	chromedriver!GetHandleVerifier [0xdc937d+28e55d]
	chromedriver!GetHandleVerifier [0xde8215+2ad3f5]
	chromedriver!GetHandleVerifier [0xb64c18+29df8]
	chromedriver!GetHandleVerifier [0xb6c6fd+318dd]
	chromedriver!GetHandleVerifier [0xb53c78+18e58]
	chromedriver!GetHandleVerifier [0xb53e42+19022]
	chromedriver!GetHandleVerifier [0xb3d45f+263f]
	KERNEL32!BaseThreadInitThunk [0x765562c4+24]
	ntdll!RtlSubscribeWnfStateChangeNotification [0x770a0aa9+439]
	ntdll!RtlSubscribeWnfStateChangeNotification [0x770a0a74+404]
) -
10/5_17:30_maf            34722714718          ENVIADO      recordatorio FALLIDO (exception: Message: invalid session id; For documentation on this error, please visit: https://www.selenium.dev/documentation/webdriver/troubleshooting/errors#invalidsessionidexception
Stacktrace:
	chromedriver!GetHandleVerifier [0xb4b373+10553]
	chromedriver!GetHandleVerifier [0xb4b4a4+10684]
	chromedriver!(No symbol) [0x951c4e]
	chromedriver!(No symbol) [0x98f2c5]
	chromedriver!(No symbol) [0x9bd726]
	chromedriver!(No symbol) [0x9b8c62]
	chromedriver!(No symbol) [0x9b8281]
	chromedriver!(No symbol) [0x92501e]
	chromedriver!(No symbol) [0x9255be]
	chromedriver!(No symbol) [0x925a9d]
	chromedriver!GetHandleVerifier [0xdcddb4+292f94]
	chromedriver!GetHandleVerifier [0xdc937d+28e55d]
	chromedriver!GetHandleVerifier [0xde8215+2ad3f5]
	chromedriver!GetHandleVerifier [0xb64c18+29df8]
	chromedriver!GetHandleVerifier [0xb6c6fd+318dd]
	chromedriver!(No symbol) [0x924b99]
	chromedriver!(No symbol) [0x9241e0]
	chromedriver!GetHandleVerifier [0xf32bef+3f7dcf]
	KERNEL32!BaseThreadInitThunk [0x765562c4+24]
	ntdll!RtlSubscribeWnfStateChangeNotification [0x770a0aa9+439]
	ntdll!RtlSubscribeWnfStateChangeNotification [0x770a0a74+404]
) -
10/5_17:30_4e             34653197010          ENVIADO      recordatorio FALLIDO (exception: Message: invalid session id; For documentation on this error, please visit: https://www.selenium.dev/documentation/webdriver/troubleshooting/errors#invalidsessionidexception
Stacktrace:
	chromedriver!GetHandleVerifier [0xb4b373+10553]
	chromedriver!GetHandleVerifier [0xb4b4a4+10684]
	chromedriver!(No symbol) [0x951c4e]
	chromedriver!(No symbol) [0x98f2c5]
	chromedriver!(No symbol) [0x9bd726]
	chromedriver!(No symbol) [0x9b8c62]
	chromedriver!(No symbol) [0x9b8281]
	chromedriver!(No symbol) [0x92501e]
	chromedriver!(No symbol) [0x9255be]
	chromedriver!(No symbol) [0x925a9d]
	chromedriver!GetHandleVerifier [0xdcddb4+292f94]
	chromedriver!GetHandleVerifier [0xdc937d+28e55d]
	chromedriver!GetHandleVerifier [0xde8215+2ad3f5]
	chromedriver!GetHandleVerifier [0xb64c18+29df8]
	chromedriver!GetHandleVerifier [0xb6c6fd+318dd]
	chromedriver!(No symbol) [0x924b99]
	chromedriver!(No symbol) [0x9241e0]
	chromedriver!GetHandleVerifier [0xf32bef+3f7dcf]
	KERNEL32!BaseThreadInitThunk [0x765562c4+24]
	ntdll!RtlSubscribeWnfStateChangeNotification [0x770a0aa9+439]
	ntdll!RtlSubscribeWnfStateChangeNotification [0x770a0a74+404]
) -

[2026-05-13 12:01:11] POSITIVO | Fotos nuevas: 0 | Envios OK: 0 | Envios FAIL: 0 | Reviews negativas: 0 | Fotos borradas: 0

=== SESIÓN 12:03-12:03 (13/05/2026) ===
RESERVA                   TELÉFONO             ESTADO       RESPUESTA                 REVIEW
-----------------------------------------------------------------------------------------------
9/5_14:30_maf             34665976040          ENVIADO      recordatorio FALLIDO (chat_input_not_found) -
9/5_19:00_maf/csi         34%C2%A0628%C2%A061%C2%A027%C2%A078%E2%80%AC ENVIADO      recordatorio FALLIDO (chat_input_not_found) -
9/5_20:30_4e              34747414084          ENVIADO      recordatorio FALLIDO (chat_input_not_found) -
9/5_19:00_4e              34675651585          ENVIADO      recordatorio FALLIDO (chat_input_not_found) -
10/5_17:30_maf            34722714718          ENVIADO      recordatorio FALLIDO (chat_input_not_found) -
10/5_17:30_4e             34653197010          ENVIADO      recordatorio FALLIDO (chat_input_not_found) -

[2026-05-13 12:03:13] POSITIVO | Fotos nuevas: 0 | Envios OK: 0 | Envios FAIL: 0 | Reviews negativas: 0 | Fotos borradas: 0
[2026-05-13 12:03:31] NEGATIVO | WhatsApp no conectado (QR visible) — ciclo abortado

=== SESIÓN 12:05-12:05 (13/05/2026) ===
RESERVA                   TELÉFONO             ESTADO       RESPUESTA                 REVIEW
-----------------------------------------------------------------------------------------------
9/5_14:30_maf             34665976040          ENVIADO      recordatorio FALLIDO (chat_input_not_found) -
9/5_19:00_maf/csi         34%C2%A0628%C2%A061%C2%A027%C2%A078%E2%80%AC ENVIADO      recordatorio FALLIDO (chat_input_not_found) -
9/5_20:30_4e              34747414084          ENVIADO      recordatorio FALLIDO (chat_input_not_found) -
9/5_19:00_4e              34675651585          ENVIADO      recordatorio FALLIDO (chat_input_not_found) -
10/5_17:30_maf            34722714718          ENVIADO      recordatorio FALLIDO (chat_input_not_found) -
10/5_17:30_4e             34653197010          ENVIADO      recordatorio FALLIDO (chat_input_not_found) -

[2026-05-13 12:05:36] POSITIVO | Fotos nuevas: 0 | Envios OK: 0 | Envios FAIL: 0 | Reviews negativas: 0 | Fotos borradas: 0

=== SESIÓN 12:06-12:06 (13/05/2026) ===
RESERVA                   TELÉFONO             ESTADO       RESPUESTA                 REVIEW
-----------------------------------------------------------------------------------------------
9/5_14:30_maf             34665976040          ENVIADO      recordatorio FALLIDO (chat_input_not_found) -
9/5_19:00_maf/csi         34%C2%A0628%C2%A061%C2%A027%C2%A078%E2%80%AC ENVIADO      recordatorio FALLIDO (chat_input_not_found) -
9/5_20:30_4e              34747414084          ENVIADO      recordatorio FALLIDO (chat_input_not_found) -
9/5_19:00_4e              34675651585          ENVIADO      recordatorio FALLIDO (chat_input_not_found) -
10/5_17:30_maf            34722714718          ENVIADO      recordatorio FALLIDO (chat_input_not_found) -
10/5_17:30_4e             34653197010          ENVIADO      recordatorio FALLIDO (chat_input_not_found) -

[2026-05-13 12:06:59] POSITIVO | Fotos nuevas: 0 | Envios OK: 0 | Envios FAIL: 0 | Reviews negativas: 0 | Fotos borradas: 0

=== SESIÓN 12:08-12:08 (13/05/2026) ===
RESERVA                   TELÉFONO             ESTADO       RESPUESTA                 REVIEW
-----------------------------------------------------------------------------------------------
9/5_14:30_maf             34665976040          ENVIADO      recordatorio FALLIDO (chat_input_not_found) -
9/5_19:00_maf/csi         34%C2%A0628%C2%A061%C2%A027%C2%A078%E2%80%AC ENVIADO      recordatorio FALLIDO (chat_input_not_found) -
9/5_20:30_4e              34747414084          ENVIADO      recordatorio FALLIDO (chat_input_not_found) -
9/5_19:00_4e              34675651585          ENVIADO      recordatorio FALLIDO (chat_input_not_found) -
10/5_17:30_maf            34722714718          ENVIADO      recordatorio FALLIDO (chat_input_not_found) -
10/5_17:30_4e             34653197010          ENVIADO      recordatorio FALLIDO (chat_input_not_found) -

[2026-05-13 12:08:36] POSITIVO | Fotos nuevas: 0 | Envios OK: 0 | Envios FAIL: 0 | Reviews negativas: 0 | Fotos borradas: 0

=== SESIÓN 12:06-12:08 (13/05/2026) ===
RESERVA                   TELÉFONO             ESTADO       RESPUESTA                 REVIEW
-----------------------------------------------------------------------------------------------
9/5_14:30_maf             34665976040          ENVIADO      recordatorio FALLIDO (exception: HTTPConnectionPool(host='localhost', port=53249): Max retries exceeded with url: /session/d032ebf26659f1b64659601ec9a1d4d6/source (Caused by NewConnectionError("HTTPConnection(host='localhost', port=53249): Failed to establish a new connection: [WinError 10061] No connection could be made because the target machine actively refused it"))) -
9/5_19:00_maf/csi         34%C2%A0628%C2%A061%C2%A027%C2%A078%E2%80%AC ENVIADO      recordatorio FALLIDO (exception: HTTPConnectionPool(host='localhost', port=53249): Max retries exceeded with url: /session/d032ebf26659f1b64659601ec9a1d4d6/source (Caused by NewConnectionError("HTTPConnection(host='localhost', port=53249): Failed to establish a new connection: [WinError 10061] No connection could be made because the target machine actively refused it"))) -
9/5_20:30_4e              34747414084          ENVIADO      recordatorio FALLIDO (exception: HTTPConnectionPool(host='localhost', port=53249): Max retries exceeded with url: /session/d032ebf26659f1b64659601ec9a1d4d6/source (Caused by NewConnectionError("HTTPConnection(host='localhost', port=53249): Failed to establish a new connection: [WinError 10061] No connection could be made because the target machine actively refused it"))) -
9/5_19:00_4e              34675651585          ENVIADO      recordatorio FALLIDO (exception: HTTPConnectionPool(host='localhost', port=53249): Max retries exceeded with url: /session/d032ebf26659f1b64659601ec9a1d4d6/source (Caused by NewConnectionError("HTTPConnection(host='localhost', port=53249): Failed to establish a new connection: [WinError 10061] No connection could be made because the target machine actively refused it"))) -
10/5_17:30_maf            34722714718          ENVIADO      recordatorio FALLIDO (exception: HTTPConnectionPool(host='localhost', port=53249): Max retries exceeded with url: /session/d032ebf26659f1b64659601ec9a1d4d6/source (Caused by NewConnectionError("HTTPConnection(host='localhost', port=53249): Failed to establish a new connection: [WinError 10061] No connection could be made because the target machine actively refused it"))) -
10/5_17:30_4e             34653197010          ENVIADO      recordatorio FALLIDO (exception: HTTPConnectionPool(host='localhost', port=53249): Max retries exceeded with url: /session/d032ebf26659f1b64659601ec9a1d4d6/source (Caused by NewConnectionError("HTTPConnection(host='localhost', port=53249): Failed to establish a new connection: [WinError 10061] No connection could be made because the target machine actively refused it"))) -

[2026-05-13 12:08:46] POSITIVO | Fotos nuevas: 0 | Envios OK: 0 | Envios FAIL: 0 | Reviews negativas: 0 | Fotos borradas: 0
[2026-05-13 12:11:25] NEGATIVO | WhatsApp no conectado (QR visible) — ciclo abortado

=== SESIÓN 12:12-12:12 (13/05/2026) ===
RESERVA                   TELÉFONO             ESTADO       RESPUESTA                 REVIEW
-----------------------------------------------------------------------------------------------
9/5_14:30_maf             34665976040          ENVIADO      recordatorio FALLIDO (chat_input_not_found) -
9/5_19:00_maf/csi         34%C2%A0628%C2%A061%C2%A027%C2%A078%E2%80%AC ENVIADO      recordatorio FALLIDO (chat_input_not_found) -
9/5_20:30_4e              34747414084          ENVIADO      recordatorio FALLIDO (chat_input_not_found) -
9/5_19:00_4e              34675651585          ENVIADO      recordatorio FALLIDO (chat_input_not_found) -
10/5_17:30_maf            34722714718          ENVIADO      recordatorio FALLIDO (chat_input_not_found) -
10/5_17:30_4e             34653197010          ENVIADO      recordatorio FALLIDO (chat_input_not_found) -

[2026-05-13 12:12:48] POSITIVO | Fotos nuevas: 0 | Envios OK: 0 | Envios FAIL: 0 | Reviews negativas: 0 | Fotos borradas: 0

=== SESIÓN 12:14-12:14 (13/05/2026) ===
RESERVA                   TELÉFONO             ESTADO       RESPUESTA                 REVIEW
-----------------------------------------------------------------------------------------------
9/5_14:30_maf             34665976040          ENVIADO      recordatorio FALLIDO (chat_input_not_found) -
9/5_19:00_maf/csi         34%C2%A0628%C2%A061%C2%A027%C2%A078%E2%80%AC ENVIADO      recordatorio FALLIDO (chat_input_not_found) -
9/5_20:30_4e              34747414084          ENVIADO      recordatorio FALLIDO (chat_input_not_found) -
9/5_19:00_4e              34675651585          ENVIADO      recordatorio FALLIDO (chat_input_not_found) -
10/5_17:30_maf            34722714718          ENVIADO      recordatorio FALLIDO (chat_input_not_found) -
10/5_17:30_4e             34653197010          ENVIADO      recordatorio FALLIDO (chat_input_not_found) -

[2026-05-13 12:14:14] POSITIVO | Fotos nuevas: 0 | Envios OK: 0 | Envios FAIL: 0 | Reviews negativas: 0 | Fotos borradas: 0

=== SESIÓN 12:15-12:15 (13/05/2026) ===
RESERVA                   TELÉFONO             ESTADO       RESPUESTA                 REVIEW
-----------------------------------------------------------------------------------------------
9/5_14:30_maf             34665976040          ENVIADO      recordatorio FALLIDO (chat_input_not_found) -
9/5_19:00_maf/csi         34%C2%A0628%C2%A061%C2%A027%C2%A078%E2%80%AC ENVIADO      recordatorio FALLIDO (chat_input_not_found) -
9/5_20:30_4e              34747414084          ENVIADO      recordatorio FALLIDO (chat_input_not_found) -
9/5_19:00_4e              34675651585          ENVIADO      recordatorio FALLIDO (chat_input_not_found) -
10/5_17:30_maf            34722714718          ENVIADO      recordatorio FALLIDO (chat_input_not_found) -
10/5_17:30_4e             34653197010          ENVIADO      recordatorio FALLIDO (chat_input_not_found) -

[2026-05-13 12:15:36] POSITIVO | Fotos nuevas: 0 | Envios OK: 0 | Envios FAIL: 0 | Reviews negativas: 0 | Fotos borradas: 0

=== SESIÓN 12:16-12:16 (13/05/2026) ===
RESERVA                   TELÉFONO             ESTADO       RESPUESTA                 REVIEW
-----------------------------------------------------------------------------------------------
9/5_14:30_maf             34665976040          ENVIADO      recordatorio FALLIDO (chat_input_not_found) -
9/5_19:00_maf/csi         34%C2%A0628%C2%A061%C2%A027%C2%A078%E2%80%AC ENVIADO      recordatorio FALLIDO (chat_input_not_found) -
9/5_20:30_4e              34747414084          ENVIADO      recordatorio FALLIDO (chat_input_not_found) -
9/5_19:00_4e              34675651585          ENVIADO      recordatorio FALLIDO (chat_input_not_found) -
10/5_17:30_maf            34722714718          ENVIADO      recordatorio FALLIDO (chat_input_not_found) -
10/5_17:30_4e             34653197010          ENVIADO      recordatorio FALLIDO (chat_input_not_found) -

[2026-05-13 12:16:58] POSITIVO | Fotos nuevas: 0 | Envios OK: 0 | Envios FAIL: 0 | Reviews negativas: 0 | Fotos borradas: 0

=== SESIÓN 12:15-12:17 (13/05/2026) ===
RESERVA                   TELÉFONO             ESTADO       RESPUESTA                 REVIEW
-----------------------------------------------------------------------------------------------
9/5_14:30_maf             34665976040          ENVIADO      recordatorio FALLIDO (exception: HTTPConnectionPool(host='localhost', port=53621): Max retries exceeded with url: /session/9d1abd773c98f2a5edc85674ae6ed2c7/source (Caused by NewConnectionError("HTTPConnection(host='localhost', port=53621): Failed to establish a new connection: [WinError 10061] No connection could be made because the target machine actively refused it"))) -
9/5_19:00_maf/csi         34%C2%A0628%C2%A061%C2%A027%C2%A078%E2%80%AC ENVIADO      recordatorio FALLIDO (exception: HTTPConnectionPool(host='localhost', port=53621): Max retries exceeded with url: /session/9d1abd773c98f2a5edc85674ae6ed2c7/source (Caused by NewConnectionError("HTTPConnection(host='localhost', port=53621): Failed to establish a new connection: [WinError 10061] No connection could be made because the target machine actively refused it"))) -
9/5_20:30_4e              34747414084          ENVIADO      recordatorio FALLIDO (exception: HTTPConnectionPool(host='localhost', port=53621): Max retries exceeded with url: /session/9d1abd773c98f2a5edc85674ae6ed2c7/source (Caused by NewConnectionError("HTTPConnection(host='localhost', port=53621): Failed to establish a new connection: [WinError 10061] No connection could be made because the target machine actively refused it"))) -
9/5_19:00_4e              34675651585          ENVIADO      recordatorio FALLIDO (exception: HTTPConnectionPool(host='localhost', port=53621): Max retries exceeded with url: /session/9d1abd773c98f2a5edc85674ae6ed2c7/source (Caused by NewConnectionError("HTTPConnection(host='localhost', port=53621): Failed to establish a new connection: [WinError 10061] No connection could be made because the target machine actively refused it"))) -
10/5_17:30_maf            34722714718          ENVIADO      recordatorio FALLIDO (exception: HTTPConnectionPool(host='localhost', port=53621): Max retries exceeded with url: /session/9d1abd773c98f2a5edc85674ae6ed2c7/source (Caused by NewConnectionError("HTTPConnection(host='localhost', port=53621): Failed to establish a new connection: [WinError 10061] No connection could be made because the target machine actively refused it"))) -
10/5_17:30_4e             34653197010          ENVIADO      recordatorio FALLIDO (exception: HTTPConnectionPool(host='localhost', port=53621): Max retries exceeded with url: /session/9d1abd773c98f2a5edc85674ae6ed2c7/source (Caused by NewConnectionError("HTTPConnection(host='localhost', port=53621): Failed to establish a new connection: [WinError 10061] No connection could be made because the target machine actively refused it"))) -

[2026-05-13 12:17:46] POSITIVO | Fotos nuevas: 0 | Envios OK: 0 | Envios FAIL: 0 | Reviews negativas: 0 | Fotos borradas: 0

=== SESIÓN 12:19-12:19 (13/05/2026) ===
RESERVA                   TELÉFONO             ESTADO       RESPUESTA                 REVIEW
-----------------------------------------------------------------------------------------------
9/5_14:30_maf             34665976040          ENVIADO      recordatorio FALLIDO (chat_input_not_found) -
9/5_19:00_maf/csi         34%C2%A0628%C2%A061%C2%A027%C2%A078%E2%80%AC ENVIADO      recordatorio FALLIDO (chat_input_not_found) -
9/5_20:30_4e              34747414084          ENVIADO      recordatorio FALLIDO (chat_input_not_found) -
9/5_19:00_4e              34675651585          ENVIADO      recordatorio FALLIDO (chat_input_not_found) -
10/5_17:30_maf            34722714718          ENVIADO      recordatorio FALLIDO (chat_input_not_found) -
10/5_17:30_4e             34653197010          ENVIADO      recordatorio FALLIDO (chat_input_not_found) -

[2026-05-13 12:19:13] POSITIVO | Fotos nuevas: 0 | Envios OK: 0 | Envios FAIL: 0 | Reviews negativas: 0 | Fotos borradas: 0

=== SESIÓN 12:20-12:20 (13/05/2026) ===
RESERVA                   TELÉFONO             ESTADO       RESPUESTA                 REVIEW
-----------------------------------------------------------------------------------------------
9/5_14:30_maf             34665976040          ENVIADO      recordatorio FALLIDO (chat_input_not_found) -
9/5_19:00_maf/csi         34%C2%A0628%C2%A061%C2%A027%C2%A078%E2%80%AC ENVIADO      recordatorio FALLIDO (chat_input_not_found) -
9/5_20:30_4e              34747414084          ENVIADO      recordatorio FALLIDO (chat_input_not_found) -
9/5_19:00_4e              34675651585          ENVIADO      recordatorio FALLIDO (chat_input_not_found) -
10/5_17:30_maf            34722714718          ENVIADO      recordatorio FALLIDO (chat_input_not_found) -
10/5_17:30_4e             34653197010          ENVIADO      recordatorio FALLIDO (chat_input_not_found) -

[2026-05-13 12:20:37] POSITIVO | Fotos nuevas: 0 | Envios OK: 0 | Envios FAIL: 0 | Reviews negativas: 0 | Fotos borradas: 0

=== SESIÓN 12:21-12:21 (13/05/2026) ===
RESERVA                   TELÉFONO             ESTADO       RESPUESTA                 REVIEW
-----------------------------------------------------------------------------------------------
9/5_14:30_maf             34665976040          ENVIADO      recordatorio FALLIDO (chat_input_not_found) -
9/5_19:00_maf/csi         34%C2%A0628%C2%A061%C2%A027%C2%A078%E2%80%AC ENVIADO      recordatorio FALLIDO (chat_input_not_found) -
9/5_20:30_4e              34747414084          ENVIADO      recordatorio FALLIDO (chat_input_not_found) -
9/5_19:00_4e              34675651585          ENVIADO      recordatorio FALLIDO (chat_input_not_found) -
10/5_17:30_maf            34722714718          ENVIADO      recordatorio FALLIDO (chat_input_not_found) -
10/5_17:30_4e             34653197010          ENVIADO      recordatorio FALLIDO (chat_input_not_found) -

[2026-05-13 12:21:58] POSITIVO | Fotos nuevas: 0 | Envios OK: 0 | Envios FAIL: 0 | Reviews negativas: 0 | Fotos borradas: 0

=== SESIÓN 12:23-12:23 (13/05/2026) ===
RESERVA                   TELÉFONO             ESTADO       RESPUESTA                 REVIEW
-----------------------------------------------------------------------------------------------
9/5_14:30_maf             34665976040          ENVIADO      recordatorio FALLIDO (chat_input_not_found) -
9/5_19:00_maf/csi         34%C2%A0628%C2%A061%C2%A027%C2%A078%E2%80%AC ENVIADO      recordatorio FALLIDO (chat_input_not_found) -
9/5_20:30_4e              34747414084          ENVIADO      recordatorio FALLIDO (chat_input_not_found) -
9/5_19:00_4e              34675651585          ENVIADO      recordatorio FALLIDO (chat_input_not_found) -
10/5_17:30_maf            34722714718          ENVIADO      recordatorio FALLIDO (chat_input_not_found) -
10/5_17:30_4e             34653197010          ENVIADO      recordatorio FALLIDO (chat_input_not_found) -

[2026-05-13 12:23:35] POSITIVO | Fotos nuevas: 0 | Envios OK: 0 | Envios FAIL: 0 | Reviews negativas: 0 | Fotos borradas: 0

=== SESIÓN 12:24-12:24 (13/05/2026) ===
RESERVA                   TELÉFONO             ESTADO       RESPUESTA                 REVIEW
-----------------------------------------------------------------------------------------------
9/5_14:30_maf             34665976040          ENVIADO      recordatorio FALLIDO (chat_input_not_found) -
9/5_19:00_maf/csi         34%C2%A0628%C2%A061%C2%A027%C2%A078%E2%80%AC ENVIADO      recordatorio FALLIDO (chat_input_not_found) -
9/5_20:30_4e              34747414084          ENVIADO      recordatorio FALLIDO (chat_input_not_found) -
9/5_19:00_4e              34675651585          ENVIADO      recordatorio FALLIDO (chat_input_not_found) -
10/5_17:30_maf            34722714718          ENVIADO      recordatorio FALLIDO (chat_input_not_found) -
10/5_17:30_4e             34653197010          ENVIADO      recordatorio FALLIDO (chat_input_not_found) -

[2026-05-13 12:24:57] POSITIVO | Fotos nuevas: 0 | Envios OK: 0 | Envios FAIL: 0 | Reviews negativas: 0 | Fotos borradas: 0

=== SESIÓN 12:26-12:26 (13/05/2026) ===
RESERVA                   TELÉFONO             ESTADO       RESPUESTA                 REVIEW
-----------------------------------------------------------------------------------------------
9/5_14:30_maf             34665976040          ENVIADO      recordatorio FALLIDO (chat_input_not_found) -
9/5_19:00_maf/csi         34%C2%A0628%C2%A061%C2%A027%C2%A078%E2%80%AC ENVIADO      recordatorio FALLIDO (chat_input_not_found) -
9/5_20:30_4e              34747414084          ENVIADO      recordatorio FALLIDO (chat_input_not_found) -
9/5_19:00_4e              34675651585          ENVIADO      recordatorio FALLIDO (chat_input_not_found) -
10/5_17:30_maf            34722714718          ENVIADO      recordatorio FALLIDO (chat_input_not_found) -
10/5_17:30_4e             34653197010          ENVIADO      recordatorio FALLIDO (chat_input_not_found) -

[2026-05-13 12:26:23] POSITIVO | Fotos nuevas: 0 | Envios OK: 0 | Envios FAIL: 0 | Reviews negativas: 0 | Fotos borradas: 0

=== SESIÓN 12:24-12:27 (13/05/2026) ===
RESERVA                   TELÉFONO             ESTADO       RESPUESTA                 REVIEW
-----------------------------------------------------------------------------------------------
9/5_14:30_maf             34665976040          ENVIADO      recordatorio FALLIDO (exception: HTTPConnectionPool(host='localhost', port=54338): Max retries exceeded with url: /session/c3a457db1d2274afb750bd2b05bd230a/source (Caused by NewConnectionError("HTTPConnection(host='localhost', port=54338): Failed to establish a new connection: [WinError 10061] No connection could be made because the target machine actively refused it"))) -
9/5_19:00_maf/csi         34%C2%A0628%C2%A061%C2%A027%C2%A078%E2%80%AC ENVIADO      recordatorio FALLIDO (exception: HTTPConnectionPool(host='localhost', port=54338): Max retries exceeded with url: /session/c3a457db1d2274afb750bd2b05bd230a/source (Caused by NewConnectionError("HTTPConnection(host='localhost', port=54338): Failed to establish a new connection: [WinError 10061] No connection could be made because the target machine actively refused it"))) -
9/5_20:30_4e              34747414084          ENVIADO      recordatorio FALLIDO (exception: HTTPConnectionPool(host='localhost', port=54338): Max retries exceeded with url: /session/c3a457db1d2274afb750bd2b05bd230a/source (Caused by NewConnectionError("HTTPConnection(host='localhost', port=54338): Failed to establish a new connection: [WinError 10061] No connection could be made because the target machine actively refused it"))) -
9/5_19:00_4e              34675651585          ENVIADO      recordatorio FALLIDO (exception: HTTPConnectionPool(host='localhost', port=54338): Max retries exceeded with url: /session/c3a457db1d2274afb750bd2b05bd230a/source (Caused by NewConnectionError("HTTPConnection(host='localhost', port=54338): Failed to establish a new connection: [WinError 10061] No connection could be made because the target machine actively refused it"))) -
10/5_17:30_maf            34722714718          ENVIADO      recordatorio FALLIDO (exception: HTTPConnectionPool(host='localhost', port=54338): Max retries exceeded with url: /session/c3a457db1d2274afb750bd2b05bd230a/source (Caused by NewConnectionError("HTTPConnection(host='localhost', port=54338): Failed to establish a new connection: [WinError 10061] No connection could be made because the target machine actively refused it"))) -
10/5_17:30_4e             34653197010          ENVIADO      recordatorio FALLIDO (exception: HTTPConnectionPool(host='localhost', port=54338): Max retries exceeded with url: /session/c3a457db1d2274afb750bd2b05bd230a/source (Caused by NewConnectionError("HTTPConnection(host='localhost', port=54338): Failed to establish a new connection: [WinError 10061] No connection could be made because the target machine actively refused it"))) -

[2026-05-13 12:27:05] POSITIVO | Fotos nuevas: 0 | Envios OK: 0 | Envios FAIL: 0 | Reviews negativas: 0 | Fotos borradas: 0

=== SESIÓN 12:28-12:28 (13/05/2026) ===
RESERVA                   TELÉFONO             ESTADO       RESPUESTA                 REVIEW
-----------------------------------------------------------------------------------------------
9/5_14:30_maf             34665976040          ENVIADO      recordatorio FALLIDO (chat_input_not_found) -
9/5_19:00_maf/csi         34%C2%A0628%C2%A061%C2%A027%C2%A078%E2%80%AC ENVIADO      recordatorio FALLIDO (chat_input_not_found) -
9/5_20:30_4e              34747414084          ENVIADO      recordatorio FALLIDO (chat_input_not_found) -
9/5_19:00_4e              34675651585          ENVIADO      recordatorio FALLIDO (chat_input_not_found) -
10/5_17:30_maf            34722714718          ENVIADO      recordatorio FALLIDO (chat_input_not_found) -
10/5_17:30_4e             34653197010          ENVIADO      recordatorio FALLIDO (chat_input_not_found) -

[2026-05-13 12:28:36] POSITIVO | Fotos nuevas: 0 | Envios OK: 0 | Envios FAIL: 0 | Reviews negativas: 0 | Fotos borradas: 0
[2026-05-13 12:28:52] NEGATIVO | WhatsApp no conectado (QR visible) — ciclo abortado

=== SESIÓN 12:30-12:31 (13/05/2026) ===
RESERVA                   TELÉFONO             ESTADO       RESPUESTA                 REVIEW
-----------------------------------------------------------------------------------------------
9/5_14:30_maf             34665976040          ENVIADO      recordatorio FALLIDO (chat_input_not_found) -
9/5_19:00_maf/csi         34%C2%A0628%C2%A061%C2%A027%C2%A078%E2%80%AC ENVIADO      recordatorio FALLIDO (chat_input_not_found) -
9/5_20:30_4e              34747414084          ENVIADO      recordatorio FALLIDO (chat_input_not_found) -
9/5_19:00_4e              34675651585          ENVIADO      recordatorio FALLIDO (chat_input_not_found) -
10/5_17:30_maf            34722714718          ENVIADO      recordatorio FALLIDO (chat_input_not_found) -
10/5_17:30_4e             34653197010          ENVIADO      recordatorio FALLIDO (chat_input_not_found) -

[2026-05-13 12:31:01] POSITIVO | Fotos nuevas: 0 | Envios OK: 0 | Envios FAIL: 0 | Reviews negativas: 0 | Fotos borradas: 0

=== SESIÓN 12:32-12:32 (13/05/2026) ===
RESERVA                   TELÉFONO             ESTADO       RESPUESTA                 REVIEW
-----------------------------------------------------------------------------------------------
9/5_14:30_maf             34665976040          ENVIADO      recordatorio FALLIDO (chat_input_not_found) -
9/5_19:00_maf/csi         34%C2%A0628%C2%A061%C2%A027%C2%A078%E2%80%AC ENVIADO      recordatorio FALLIDO (chat_input_not_found) -
9/5_20:30_4e              34747414084          ENVIADO      recordatorio FALLIDO (chat_input_not_found) -
9/5_19:00_4e              34675651585          ENVIADO      recordatorio FALLIDO (chat_input_not_found) -
10/5_17:30_maf            34722714718          ENVIADO      recordatorio FALLIDO (chat_input_not_found) -
10/5_17:30_4e             34653197010          ENVIADO      recordatorio FALLIDO (chat_input_not_found) -

[2026-05-13 12:32:23] POSITIVO | Fotos nuevas: 0 | Envios OK: 0 | Envios FAIL: 0 | Reviews negativas: 0 | Fotos borradas: 0

=== SESIÓN 12:33-12:33 (13/05/2026) ===
RESERVA                   TELÉFONO             ESTADO       RESPUESTA                 REVIEW
-----------------------------------------------------------------------------------------------
9/5_14:30_maf             34665976040          ENVIADO      recordatorio FALLIDO (chat_input_not_found) -
9/5_19:00_maf/csi         34%C2%A0628%C2%A061%C2%A027%C2%A078%E2%80%AC ENVIADO      recordatorio FALLIDO (chat_input_not_found) -
9/5_20:30_4e              34747414084          ENVIADO      recordatorio FALLIDO (chat_input_not_found) -
9/5_19:00_4e              34675651585          ENVIADO      recordatorio FALLIDO (chat_input_not_found) -
10/5_17:30_maf            34722714718          ENVIADO      recordatorio FALLIDO (chat_input_not_found) -
10/5_17:30_4e             34653197010          ENVIADO      recordatorio FALLIDO (chat_input_not_found) -

[2026-05-13 12:33:44] POSITIVO | Fotos nuevas: 0 | Envios OK: 0 | Envios FAIL: 0 | Reviews negativas: 0 | Fotos borradas: 0

=== SESIÓN 12:34-12:35 (13/05/2026) ===
RESERVA                   TELÉFONO             ESTADO       RESPUESTA                 REVIEW
-----------------------------------------------------------------------------------------------
9/5_14:30_maf             34665976040          ENVIADO      recordatorio FALLIDO (chat_input_not_found) -
9/5_19:00_maf/csi         34%C2%A0628%C2%A061%C2%A027%C2%A078%E2%80%AC ENVIADO      recordatorio FALLIDO (chat_input_not_found) -
9/5_20:30_4e              34747414084          ENVIADO      recordatorio FALLIDO (chat_input_not_found) -
9/5_19:00_4e              34675651585          ENVIADO      recordatorio FALLIDO (chat_input_not_found) -
10/5_17:30_maf            34722714718          ENVIADO      recordatorio FALLIDO (chat_input_not_found) -
10/5_17:30_4e             34653197010          ENVIADO      recordatorio FALLIDO (chat_input_not_found) -

[2026-05-13 12:35:01] POSITIVO | Fotos nuevas: 0 | Envios OK: 0 | Envios FAIL: 0 | Reviews negativas: 0 | Fotos borradas: 0

=== SESIÓN 12:32-12:35 (13/05/2026) ===
RESERVA                   TELÉFONO             ESTADO       RESPUESTA                 REVIEW
-----------------------------------------------------------------------------------------------
9/5_14:30_maf             34665976040          ENVIADO      recordatorio FALLIDO (exception: HTTPConnectionPool(host='localhost', port=55486): Max retries exceeded with url: /session/95a4625c047e9375b0fa438d8ca72b82/source (Caused by NewConnectionError("HTTPConnection(host='localhost', port=55486): Failed to establish a new connection: [WinError 10061] No connection could be made because the target machine actively refused it"))) -
9/5_19:00_maf/csi         34%C2%A0628%C2%A061%C2%A027%C2%A078%E2%80%AC ENVIADO      recordatorio FALLIDO (exception: HTTPConnectionPool(host='localhost', port=55486): Max retries exceeded with url: /session/95a4625c047e9375b0fa438d8ca72b82/source (Caused by NewConnectionError("HTTPConnection(host='localhost', port=55486): Failed to establish a new connection: [WinError 10061] No connection could be made because the target machine actively refused it"))) -
9/5_20:30_4e              34747414084          ENVIADO      recordatorio FALLIDO (exception: HTTPConnectionPool(host='localhost', port=55486): Max retries exceeded with url: /session/95a4625c047e9375b0fa438d8ca72b82/source (Caused by NewConnectionError("HTTPConnection(host='localhost', port=55486): Failed to establish a new connection: [WinError 10061] No connection could be made because the target machine actively refused it"))) -
9/5_19:00_4e              34675651585          ENVIADO      recordatorio FALLIDO (exception: HTTPConnectionPool(host='localhost', port=55486): Max retries exceeded with url: /session/95a4625c047e9375b0fa438d8ca72b82/source (Caused by NewConnectionError("HTTPConnection(host='localhost', port=55486): Failed to establish a new connection: [WinError 10061] No connection could be made because the target machine actively refused it"))) -
10/5_17:30_maf            34722714718          ENVIADO      recordatorio FALLIDO (exception: HTTPConnectionPool(host='localhost', port=55486): Max retries exceeded with url: /session/95a4625c047e9375b0fa438d8ca72b82/source (Caused by NewConnectionError("HTTPConnection(host='localhost', port=55486): Failed to establish a new connection: [WinError 10061] No connection could be made because the target machine actively refused it"))) -
10/5_17:30_4e             34653197010          ENVIADO      recordatorio FALLIDO (exception: HTTPConnectionPool(host='localhost', port=55486): Max retries exceeded with url: /session/95a4625c047e9375b0fa438d8ca72b82/source (Caused by NewConnectionError("HTTPConnection(host='localhost', port=55486): Failed to establish a new connection: [WinError 10061] No connection could be made because the target machine actively refused it"))) -

[2026-05-13 12:35:02] POSITIVO | Fotos nuevas: 0 | Envios OK: 0 | Envios FAIL: 0 | Reviews negativas: 0 | Fotos borradas: 0

=== SESIÓN 12:36-12:37 (13/05/2026) ===
RESERVA                   TELÉFONO             ESTADO       RESPUESTA                 REVIEW
-----------------------------------------------------------------------------------------------
9/5_14:30_maf             34665976040          ENVIADO      recordatorio FALLIDO (chat_input_not_found) -
9/5_19:00_maf/csi         34%C2%A0628%C2%A061%C2%A027%C2%A078%E2%80%AC ENVIADO      recordatorio FALLIDO (chat_input_not_found) -
9/5_20:30_4e              34747414084          ENVIADO      recordatorio FALLIDO (chat_input_not_found) -
9/5_19:00_4e              34675651585          ENVIADO      recordatorio FALLIDO (chat_input_not_found) -
10/5_17:30_maf            34722714718          ENVIADO      recordatorio FALLIDO (chat_input_not_found) -
10/5_17:30_4e             34653197010          ENVIADO      recordatorio FALLIDO (chat_input_not_found) -

[2026-05-13 12:37:04] POSITIVO | Fotos nuevas: 0 | Envios OK: 0 | Envios FAIL: 0 | Reviews negativas: 0 | Fotos borradas: 0
[2026-05-13 12:37:28] NEGATIVO | WhatsApp no conectado (QR visible) — ciclo abortado

=== SESIÓN 12:38-12:38 (13/05/2026) ===
RESERVA                   TELÉFONO             ESTADO       RESPUESTA                 REVIEW
-----------------------------------------------------------------------------------------------
9/5_14:30_maf             34665976040          ENVIADO      recordatorio FALLIDO (chat_input_not_found) -
9/5_19:00_maf/csi         34%C2%A0628%C2%A061%C2%A027%C2%A078%E2%80%AC ENVIADO      recordatorio FALLIDO (exception: Message: invalid session id; For documentation on this error, please visit: https://www.selenium.dev/documentation/webdriver/troubleshooting/errors#invalidsessionidexception
Stacktrace:
	chromedriver!GetHandleVerifier [0xb4b373+10553]
	chromedriver!GetHandleVerifier [0xb4b4a4+10684]
	chromedriver!(No symbol) [0x951c4e]
	chromedriver!(No symbol) [0x98f2c5]
	chromedriver!(No symbol) [0x9bd726]
	chromedriver!(No symbol) [0x9b8c62]
	chromedriver!(No symbol) [0x9b8281]
	chromedriver!(No symbol) [0x92501e]
	chromedriver!(No symbol) [0x9255be]
	chromedriver!(No symbol) [0x925a9d]
	chromedriver!GetHandleVerifier [0xdcddb4+292f94]
	chromedriver!GetHandleVerifier [0xdc937d+28e55d]
	chromedriver!GetHandleVerifier [0xde8215+2ad3f5]
	chromedriver!GetHandleVerifier [0xb64c18+29df8]
	chromedriver!GetHandleVerifier [0xb6c6fd+318dd]
	chromedriver!(No symbol) [0x924b99]
	chromedriver!(No symbol) [0x9241e0]
	chromedriver!GetHandleVerifier [0xf32bef+3f7dcf]
	KERNEL32!BaseThreadInitThunk [0x765562c4+24]
	ntdll!RtlSubscribeWnfStateChangeNotification [0x770a0aa9+439]
	ntdll!RtlSubscribeWnfStateChangeNotification [0x770a0a74+404]
) -
9/5_20:30_4e              34747414084          ENVIADO      recordatorio FALLIDO (exception: Message: invalid session id; For documentation on this error, please visit: https://www.selenium.dev/documentation/webdriver/troubleshooting/errors#invalidsessionidexception
Stacktrace:
	chromedriver!GetHandleVerifier [0xb4b373+10553]
	chromedriver!GetHandleVerifier [0xb4b4a4+10684]
	chromedriver!(No symbol) [0x951c4e]
	chromedriver!(No symbol) [0x98f2c5]
	chromedriver!(No symbol) [0x9bd726]
	chromedriver!(No symbol) [0x9b8c62]
	chromedriver!(No symbol) [0x9b8281]
	chromedriver!(No symbol) [0x92501e]
	chromedriver!(No symbol) [0x9255be]
	chromedriver!(No symbol) [0x925a9d]
	chromedriver!GetHandleVerifier [0xdcddb4+292f94]
	chromedriver!GetHandleVerifier [0xdc937d+28e55d]
	chromedriver!GetHandleVerifier [0xde8215+2ad3f5]
	chromedriver!GetHandleVerifier [0xb64c18+29df8]
	chromedriver!GetHandleVerifier [0xb6c6fd+318dd]
	chromedriver!(No symbol) [0x924b99]
	chromedriver!(No symbol) [0x9241e0]
	chromedriver!GetHandleVerifier [0xf32bef+3f7dcf]
	KERNEL32!BaseThreadInitThunk [0x765562c4+24]
	ntdll!RtlSubscribeWnfStateChangeNotification [0x770a0aa9+439]
	ntdll!RtlSubscribeWnfStateChangeNotification [0x770a0a74+404]
) -
9/5_19:00_4e              34675651585          ENVIADO      recordatorio FALLIDO (exception: Message: invalid session id; For documentation on this error, please visit: https://www.selenium.dev/documentation/webdriver/troubleshooting/errors#invalidsessionidexception
Stacktrace:
	chromedriver!GetHandleVerifier [0xb4b373+10553]
	chromedriver!GetHandleVerifier [0xb4b4a4+10684]
	chromedriver!(No symbol) [0x951c4e]
	chromedriver!(No symbol) [0x98f2c5]
	chromedriver!(No symbol) [0x9bd726]
	chromedriver!(No symbol) [0x9b8c62]
	chromedriver!(No symbol) [0x9b8281]
	chromedriver!(No symbol) [0x92501e]
	chromedriver!(No symbol) [0x9255be]
	chromedriver!(No symbol) [0x925a9d]
	chromedriver!GetHandleVerifier [0xdcddb4+292f94]
	chromedriver!GetHandleVerifier [0xdc937d+28e55d]
	chromedriver!GetHandleVerifier [0xde8215+2ad3f5]
	chromedriver!GetHandleVerifier [0xb64c18+29df8]
	chromedriver!GetHandleVerifier [0xb6c6fd+318dd]
	chromedriver!(No symbol) [0x924b99]
	chromedriver!(No symbol) [0x9241e0]
	chromedriver!GetHandleVerifier [0xf32bef+3f7dcf]
	KERNEL32!BaseThreadInitThunk [0x765562c4+24]
	ntdll!RtlSubscribeWnfStateChangeNotification [0x770a0aa9+439]
	ntdll!RtlSubscribeWnfStateChangeNotification [0x770a0a74+404]
) -
10/5_17:30_maf            34722714718          ENVIADO      recordatorio FALLIDO (exception: Message: invalid session id; For documentation on this error, please visit: https://www.selenium.dev/documentation/webdriver/troubleshooting/errors#invalidsessionidexception
Stacktrace:
	chromedriver!GetHandleVerifier [0xb4b373+10553]
	chromedriver!GetHandleVerifier [0xb4b4a4+10684]
	chromedriver!(No symbol) [0x951c4e]
	chromedriver!(No symbol) [0x98f2c5]
	chromedriver!(No symbol) [0x9bd726]
	chromedriver!(No symbol) [0x9b8c62]
	chromedriver!(No symbol) [0x9b8281]
	chromedriver!(No symbol) [0x92501e]
	chromedriver!(No symbol) [0x9255be]
	chromedriver!(No symbol) [0x925a9d]
	chromedriver!GetHandleVerifier [0xdcddb4+292f94]
	chromedriver!GetHandleVerifier [0xdc937d+28e55d]
	chromedriver!GetHandleVerifier [0xde8215+2ad3f5]
	chromedriver!GetHandleVerifier [0xb64c18+29df8]
	chromedriver!GetHandleVerifier [0xb6c6fd+318dd]
	chromedriver!(No symbol) [0x924b99]
	chromedriver!(No symbol) [0x9241e0]
	chromedriver!GetHandleVerifier [0xf32bef+3f7dcf]
	KERNEL32!BaseThreadInitThunk [0x765562c4+24]
	ntdll!RtlSubscribeWnfStateChangeNotification [0x770a0aa9+439]
	ntdll!RtlSubscribeWnfStateChangeNotification [0x770a0a74+404]
) -
10/5_17:30_4e             34653197010          ENVIADO      recordatorio FALLIDO (exception: Message: invalid session id; For documentation on this error, please visit: https://www.selenium.dev/documentation/webdriver/troubleshooting/errors#invalidsessionidexception
Stacktrace:
	chromedriver!GetHandleVerifier [0xb4b373+10553]
	chromedriver!GetHandleVerifier [0xb4b4a4+10684]
	chromedriver!(No symbol) [0x951c4e]
	chromedriver!(No symbol) [0x98f2c5]
	chromedriver!(No symbol) [0x9bd726]
	chromedriver!(No symbol) [0x9b8c62]
	chromedriver!(No symbol) [0x9b8281]
	chromedriver!(No symbol) [0x92501e]
	chromedriver!(No symbol) [0x9255be]
	chromedriver!(No symbol) [0x925a9d]
	chromedriver!GetHandleVerifier [0xdcddb4+292f94]
	chromedriver!GetHandleVerifier [0xdc937d+28e55d]
	chromedriver!GetHandleVerifier [0xde8215+2ad3f5]
	chromedriver!GetHandleVerifier [0xb64c18+29df8]
	chromedriver!GetHandleVerifier [0xb6c6fd+318dd]
	chromedriver!(No symbol) [0x924b99]
	chromedriver!(No symbol) [0x9241e0]
	chromedriver!GetHandleVerifier [0xf32bef+3f7dcf]
	KERNEL32!BaseThreadInitThunk [0x765562c4+24]
	ntdll!RtlSubscribeWnfStateChangeNotification [0x770a0aa9+439]
	ntdll!RtlSubscribeWnfStateChangeNotification [0x770a0a74+404]
) -

[2026-05-13 12:38:17] POSITIVO | Fotos nuevas: 0 | Envios OK: 0 | Envios FAIL: 0 | Reviews negativas: 0 | Fotos borradas: 0
[2026-05-13 12:40:08] NEGATIVO | WhatsApp no conectado (QR visible) — ciclo abortado

=== SESIÓN 12:41-12:41 (13/05/2026) ===
RESERVA                   TELÉFONO             ESTADO       RESPUESTA                 REVIEW
-----------------------------------------------------------------------------------------------
9/5_14:30_maf             34665976040          ENVIADO      recordatorio FALLIDO (chat_input_not_found) -
9/5_19:00_maf/csi         34%C2%A0628%C2%A061%C2%A027%C2%A078%E2%80%AC ENVIADO      recordatorio FALLIDO (chat_input_not_found) -
9/5_20:30_4e              34747414084          ENVIADO      recordatorio FALLIDO (chat_input_not_found) -
9/5_19:00_4e              34675651585          ENVIADO      recordatorio FALLIDO (chat_input_not_found) -
10/5_17:30_maf            34722714718          ENVIADO      recordatorio FALLIDO (chat_input_not_found) -
10/5_17:30_4e             34653197010          ENVIADO      recordatorio FALLIDO (chat_input_not_found) -

[2026-05-13 12:41:37] POSITIVO | Fotos nuevas: 0 | Envios OK: 0 | Envios FAIL: 0 | Reviews negativas: 0 | Fotos borradas: 0

=== SESIÓN 12:40-12:41 (13/05/2026) ===
RESERVA                   TELÉFONO             ESTADO       RESPUESTA                 REVIEW
-----------------------------------------------------------------------------------------------
9/5_14:30_maf             34665976040          ENVIADO      recordatorio FALLIDO (chat_input_not_found) -
9/5_19:00_maf/csi         34%C2%A0628%C2%A061%C2%A027%C2%A078%E2%80%AC ENVIADO      recordatorio FALLIDO (chat_input_not_found) -
9/5_20:30_4e              34747414084          ENVIADO      recordatorio FALLIDO (chat_input_not_found) -
9/5_19:00_4e              34675651585          ENVIADO      recordatorio FALLIDO (exception: HTTPConnectionPool(host='localhost', port=56272): Max retries exceeded with url: /session/506d9588531971f4de637b50baab1402/source (Caused by NewConnectionError("HTTPConnection(host='localhost', port=56272): Failed to establish a new connection: [WinError 10061] No connection could be made because the target machine actively refused it"))) -
10/5_17:30_maf            34722714718          ENVIADO      recordatorio FALLIDO (exception: HTTPConnectionPool(host='localhost', port=56272): Max retries exceeded with url: /session/506d9588531971f4de637b50baab1402/source (Caused by NewConnectionError("HTTPConnection(host='localhost', port=56272): Failed to establish a new connection: [WinError 10061] No connection could be made because the target machine actively refused it"))) -
10/5_17:30_4e             34653197010          ENVIADO      recordatorio FALLIDO (exception: HTTPConnectionPool(host='localhost', port=56272): Max retries exceeded with url: /session/506d9588531971f4de637b50baab1402/source (Caused by NewConnectionError("HTTPConnection(host='localhost', port=56272): Failed to establish a new connection: [WinError 10061] No connection could be made because the target machine actively refused it"))) -

[2026-05-13 12:41:45] POSITIVO | Fotos nuevas: 0 | Envios OK: 0 | Envios FAIL: 0 | Reviews negativas: 0 | Fotos borradas: 0

=== SESIÓN 12:43-12:43 (13/05/2026) ===
RESERVA                   TELÉFONO             ESTADO       RESPUESTA                 REVIEW
-----------------------------------------------------------------------------------------------
9/5_14:30_maf             34665976040          ENVIADO      recordatorio FALLIDO (chat_input_not_found) -
9/5_19:00_maf/csi         34%C2%A0628%C2%A061%C2%A027%C2%A078%E2%80%AC ENVIADO      recordatorio FALLIDO (chat_input_not_found) -
9/5_20:30_4e              34747414084          ENVIADO      recordatorio FALLIDO (chat_input_not_found) -
9/5_19:00_4e              34675651585          ENVIADO      recordatorio FALLIDO (chat_input_not_found) -
10/5_17:30_maf            34722714718          ENVIADO      recordatorio FALLIDO (chat_input_not_found) -
10/5_17:30_4e             34653197010          ENVIADO      recordatorio FALLIDO (chat_input_not_found) -

[2026-05-13 12:43:52] POSITIVO | Fotos nuevas: 0 | Envios OK: 0 | Envios FAIL: 0 | Reviews negativas: 0 | Fotos borradas: 0

=== SESIÓN 12:45-12:45 (13/05/2026) ===
RESERVA                   TELÉFONO             ESTADO       RESPUESTA                 REVIEW
-----------------------------------------------------------------------------------------------
9/5_14:30_maf             34665976040          ENVIADO      recordatorio FALLIDO (chat_input_not_found) -
9/5_19:00_maf/csi         34%C2%A0628%C2%A061%C2%A027%C2%A078%E2%80%AC ENVIADO      recordatorio FALLIDO (chat_input_not_found) -
9/5_20:30_4e              34747414084          ENVIADO      recordatorio FALLIDO (chat_input_not_found) -
9/5_19:00_4e              34675651585          ENVIADO      recordatorio FALLIDO (chat_input_not_found) -
10/5_17:30_maf            34722714718          ENVIADO      recordatorio FALLIDO (chat_input_not_found) -
10/5_17:30_4e             34653197010          ENVIADO      recordatorio FALLIDO (chat_input_not_found) -

[2026-05-13 12:45:13] POSITIVO | Fotos nuevas: 0 | Envios OK: 0 | Envios FAIL: 0 | Reviews negativas: 0 | Fotos borradas: 0

=== SESIÓN 12:46-12:46 (13/05/2026) ===
RESERVA                   TELÉFONO             ESTADO       RESPUESTA                 REVIEW
-----------------------------------------------------------------------------------------------
9/5_14:30_maf             34665976040          ENVIADO      recordatorio FALLIDO (chat_input_not_found) -
9/5_19:00_maf/csi         34%C2%A0628%C2%A061%C2%A027%C2%A078%E2%80%AC ENVIADO      recordatorio FALLIDO (chat_input_not_found) -
9/5_20:30_4e              34747414084          ENVIADO      recordatorio FALLIDO (chat_input_not_found) -
9/5_19:00_4e              34675651585          ENVIADO      recordatorio FALLIDO (chat_input_not_found) -
10/5_17:30_maf            34722714718          ENVIADO      recordatorio FALLIDO (chat_input_not_found) -
10/5_17:30_4e             34653197010          ENVIADO      recordatorio FALLIDO (chat_input_not_found) -

[2026-05-13 12:46:31] POSITIVO | Fotos nuevas: 0 | Envios OK: 0 | Envios FAIL: 0 | Reviews negativas: 0 | Fotos borradas: 0

=== SESIÓN 12:47-12:47 (13/05/2026) ===
RESERVA                   TELÉFONO             ESTADO       RESPUESTA                 REVIEW
-----------------------------------------------------------------------------------------------
9/5_14:30_maf             34665976040          ENVIADO      recordatorio FALLIDO (chat_input_not_found) -
9/5_19:00_maf/csi         34%C2%A0628%C2%A061%C2%A027%C2%A078%E2%80%AC ENVIADO      recordatorio FALLIDO (chat_input_not_found) -
9/5_20:30_4e              34747414084          ENVIADO      recordatorio FALLIDO (chat_input_not_found) -
9/5_19:00_4e              34675651585          ENVIADO      recordatorio FALLIDO (chat_input_not_found) -
10/5_17:30_maf            34722714718          ENVIADO      recordatorio FALLIDO (chat_input_not_found) -
10/5_17:30_4e             34653197010          ENVIADO      recordatorio FALLIDO (chat_input_not_found) -

[2026-05-13 12:47:47] POSITIVO | Fotos nuevas: 0 | Envios OK: 0 | Envios FAIL: 0 | Reviews negativas: 0 | Fotos borradas: 0

=== SESIÓN 12:48-12:49 (13/05/2026) ===
RESERVA                   TELÉFONO             ESTADO       RESPUESTA                 REVIEW
-----------------------------------------------------------------------------------------------
9/5_14:30_maf             34665976040          ENVIADO      recordatorio FALLIDO (chat_input_not_found) -
9/5_19:00_maf/csi         34%C2%A0628%C2%A061%C2%A027%C2%A078%E2%80%AC ENVIADO      recordatorio FALLIDO (chat_input_not_found) -
9/5_20:30_4e              34747414084          ENVIADO      recordatorio FALLIDO (chat_input_not_found) -
9/5_19:00_4e              34675651585          ENVIADO      recordatorio FALLIDO (chat_input_not_found) -
10/5_17:30_maf            34722714718          ENVIADO      recordatorio FALLIDO (chat_input_not_found) -
10/5_17:30_4e             34653197010          ENVIADO      recordatorio FALLIDO (chat_input_not_found) -

[2026-05-13 12:49:08] POSITIVO | Fotos nuevas: 0 | Envios OK: 0 | Envios FAIL: 0 | Reviews negativas: 0 | Fotos borradas: 0

=== SESIÓN 12:50-12:50 (13/05/2026) ===
RESERVA                   TELÉFONO             ESTADO       RESPUESTA                 REVIEW
-----------------------------------------------------------------------------------------------
9/5_14:30_maf             34665976040          ENVIADO      recordatorio FALLIDO (chat_input_not_found) -
9/5_19:00_maf/csi         34%C2%A0628%C2%A061%C2%A027%C2%A078%E2%80%AC ENVIADO      recordatorio FALLIDO (chat_input_not_found) -
9/5_20:30_4e              34747414084          ENVIADO      recordatorio FALLIDO (chat_input_not_found) -
9/5_19:00_4e              34675651585          ENVIADO      recordatorio FALLIDO (chat_input_not_found) -
10/5_17:30_maf            34722714718          ENVIADO      recordatorio FALLIDO (chat_input_not_found) -
10/5_17:30_4e             34653197010          ENVIADO      recordatorio FALLIDO (chat_input_not_found) -

[2026-05-13 12:50:26] POSITIVO | Fotos nuevas: 0 | Envios OK: 0 | Envios FAIL: 0 | Reviews negativas: 0 | Fotos borradas: 0

=== SESIÓN 12:48-12:51 (13/05/2026) ===
RESERVA                   TELÉFONO             ESTADO       RESPUESTA                 REVIEW
-----------------------------------------------------------------------------------------------
9/5_14:30_maf             34665976040          ENVIADO      recordatorio FALLIDO (exception: HTTPConnectionPool(host='localhost', port=56631): Max retries exceeded with url: /session/906b05e7d7010aad1839d78d8b75eac3/source (Caused by NewConnectionError("HTTPConnection(host='localhost', port=56631): Failed to establish a new connection: [WinError 10061] No connection could be made because the target machine actively refused it"))) -
9/5_19:00_maf/csi         34%C2%A0628%C2%A061%C2%A027%C2%A078%E2%80%AC ENVIADO      recordatorio FALLIDO (exception: HTTPConnectionPool(host='localhost', port=56631): Max retries exceeded with url: /session/906b05e7d7010aad1839d78d8b75eac3/source (Caused by NewConnectionError("HTTPConnection(host='localhost', port=56631): Failed to establish a new connection: [WinError 10061] No connection could be made because the target machine actively refused it"))) -
9/5_20:30_4e              34747414084          ENVIADO      recordatorio FALLIDO (exception: HTTPConnectionPool(host='localhost', port=56631): Max retries exceeded with url: /session/906b05e7d7010aad1839d78d8b75eac3/source (Caused by NewConnectionError("HTTPConnection(host='localhost', port=56631): Failed to establish a new connection: [WinError 10061] No connection could be made because the target machine actively refused it"))) -
9/5_19:00_4e              34675651585          ENVIADO      recordatorio FALLIDO (exception: HTTPConnectionPool(host='localhost', port=56631): Max retries exceeded with url: /session/906b05e7d7010aad1839d78d8b75eac3/source (Caused by NewConnectionError("HTTPConnection(host='localhost', port=56631): Failed to establish a new connection: [WinError 10061] No connection could be made because the target machine actively refused it"))) -
10/5_17:30_maf            34722714718          ENVIADO      recordatorio FALLIDO (exception: HTTPConnectionPool(host='localhost', port=56631): Max retries exceeded with url: /session/906b05e7d7010aad1839d78d8b75eac3/source (Caused by NewConnectionError("HTTPConnection(host='localhost', port=56631): Failed to establish a new connection: [WinError 10061] No connection could be made because the target machine actively refused it"))) -
10/5_17:30_4e             34653197010          ENVIADO      recordatorio FALLIDO (exception: HTTPConnectionPool(host='localhost', port=56631): Max retries exceeded with url: /session/906b05e7d7010aad1839d78d8b75eac3/source (Caused by NewConnectionError("HTTPConnection(host='localhost', port=56631): Failed to establish a new connection: [WinError 10061] No connection could be made because the target machine actively refused it"))) -

[2026-05-13 12:51:36] POSITIVO | Fotos nuevas: 0 | Envios OK: 0 | Envios FAIL: 0 | Reviews negativas: 0 | Fotos borradas: 0

=== SESIÓN 12:51-12:51 (13/05/2026) ===
RESERVA                   TELÉFONO             ESTADO       RESPUESTA                 REVIEW
-----------------------------------------------------------------------------------------------
9/5_14:30_maf             34665976040          ENVIADO      recordatorio FALLIDO (chat_input_not_found) -
9/5_19:00_maf/csi         34%C2%A0628%C2%A061%C2%A027%C2%A078%E2%80%AC ENVIADO      recordatorio FALLIDO (chat_input_not_found) -
9/5_20:30_4e              34747414084          ENVIADO      recordatorio FALLIDO (chat_input_not_found) -
9/5_19:00_4e              34675651585          ENVIADO      recordatorio FALLIDO (chat_input_not_found) -
10/5_17:30_maf            34722714718          ENVIADO      recordatorio FALLIDO (chat_input_not_found) -
10/5_17:30_4e             34653197010          ENVIADO      recordatorio FALLIDO (chat_input_not_found) -

[2026-05-13 12:51:44] POSITIVO | Fotos nuevas: 0 | Envios OK: 0 | Envios FAIL: 0 | Reviews negativas: 0 | Fotos borradas: 0

=== SESIÓN 12:53-12:53 (13/05/2026) ===
RESERVA                   TELÉFONO             ESTADO       RESPUESTA                 REVIEW
-----------------------------------------------------------------------------------------------
9/5_14:30_maf             34665976040          ENVIADO      recordatorio FALLIDO (chat_input_not_found) -
9/5_19:00_maf/csi         34%C2%A0628%C2%A061%C2%A027%C2%A078%E2%80%AC ENVIADO      recordatorio FALLIDO (chat_input_not_found) -
9/5_20:30_4e              34747414084          ENVIADO      recordatorio FALLIDO (chat_input_not_found) -
9/5_19:00_4e              34675651585          ENVIADO      recordatorio FALLIDO (chat_input_not_found) -
10/5_17:30_maf            34722714718          ENVIADO      recordatorio FALLIDO (chat_input_not_found) -
10/5_17:30_4e             34653197010          ENVIADO      recordatorio FALLIDO (chat_input_not_found) -

[2026-05-13 12:53:41] POSITIVO | Fotos nuevas: 0 | Envios OK: 0 | Envios FAIL: 0 | Reviews negativas: 0 | Fotos borradas: 0
[2026-05-13 12:54:05] NEGATIVO | WhatsApp no conectado (QR visible) — ciclo abortado

=== SESIÓN 12:54-12:54 (13/05/2026) ===
RESERVA                   TELÉFONO             ESTADO       RESPUESTA                 REVIEW
-----------------------------------------------------------------------------------------------
9/5_14:30_maf             34665976040          ENVIADO      recordatorio FALLIDO (exception: Message: invalid session id: session deleted as the browser has closed the connection
from disconnected: Unable to receive message from renderer
  (Session info: chrome=147.0.7727.101); For documentation on this error, please visit: https://www.selenium.dev/documentation/webdriver/troubleshooting/errors#invalidsessionidexception
Stacktrace:
	chromedriver!GetHandleVerifier [0xb4b373+10553]
	chromedriver!GetHandleVerifier [0xb4b4a4+10684]
	chromedriver!(No symbol) [0x951e10]
	chromedriver!(No symbol) [0x9421b3]
	chromedriver!(No symbol) [0x941ee5]
	chromedriver!(No symbol) [0x93fff8]
	chromedriver!(No symbol) [0x940846]
	chromedriver!(No symbol) [0x96454e]
	chromedriver!(No symbol) [0x95a8fb]
	chromedriver!(No symbol) [0x95a80d]
	chromedriver!(No symbol) [0x9dd0cf]
	chromedriver!(No symbol) [0x9bd86c]
	chromedriver!(No symbol) [0x9daa36]
	chromedriver!(No symbol) [0x9bd606]
	chromedriver!(No symbol) [0x990039]
	chromedriver!(No symbol) [0x990df4]
	chromedriver!GetHandleVerifier [0xdcddb4+292f94]
	chromedriver!GetHandleVerifier [0xdc937d+28e55d]
	chromedriver!GetHandleVerifier [0xde8215+2ad3f5]
	chromedriver!GetHandleVerifier [0xb64c18+29df8]
	chromedriver!GetHandleVerifier [0xb6c6fd+318dd]
	chromedriver!GetHandleVerifier [0xb53c78+18e58]
	chromedriver!GetHandleVerifier [0xb53e42+19022]
	chromedriver!GetHandleVerifier [0xb3d45f+263f]
	KERNEL32!BaseThreadInitThunk [0x765562c4+24]
	ntdll!RtlSubscribeWnfStateChangeNotification [0x770a0aa9+439]
	ntdll!RtlSubscribeWnfStateChangeNotification [0x770a0a74+404]
) -
9/5_19:00_maf/csi         34%C2%A0628%C2%A061%C2%A027%C2%A078%E2%80%AC ENVIADO      recordatorio FALLIDO (exception: Message: invalid session id; For documentation on this error, please visit: https://www.selenium.dev/documentation/webdriver/troubleshooting/errors#invalidsessionidexception
Stacktrace:
	chromedriver!GetHandleVerifier [0xb4b373+10553]
	chromedriver!GetHandleVerifier [0xb4b4a4+10684]
	chromedriver!(No symbol) [0x951c4e]
	chromedriver!(No symbol) [0x98f2c5]
	chromedriver!(No symbol) [0x9bd726]
	chromedriver!(No symbol) [0x9b8c62]
	chromedriver!(No symbol) [0x9b8281]
	chromedriver!(No symbol) [0x92501e]
	chromedriver!(No symbol) [0x9255be]
	chromedriver!(No symbol) [0x925a9d]
	chromedriver!GetHandleVerifier [0xdcddb4+292f94]
	chromedriver!GetHandleVerifier [0xdc937d+28e55d]
	chromedriver!GetHandleVerifier [0xde8215+2ad3f5]
	chromedriver!GetHandleVerifier [0xb64c18+29df8]
	chromedriver!GetHandleVerifier [0xb6c6fd+318dd]
	chromedriver!(No symbol) [0x924b99]
	chromedriver!(No symbol) [0x9241e0]
	chromedriver!GetHandleVerifier [0xf32bef+3f7dcf]
	KERNEL32!BaseThreadInitThunk [0x765562c4+24]
	ntdll!RtlSubscribeWnfStateChangeNotification [0x770a0aa9+439]
	ntdll!RtlSubscribeWnfStateChangeNotification [0x770a0a74+404]
) -
9/5_20:30_4e              34747414084          ENVIADO      recordatorio FALLIDO (exception: Message: invalid session id; For documentation on this error, please visit: https://www.selenium.dev/documentation/webdriver/troubleshooting/errors#invalidsessionidexception
Stacktrace:
	chromedriver!GetHandleVerifier [0xb4b373+10553]
	chromedriver!GetHandleVerifier [0xb4b4a4+10684]
	chromedriver!(No symbol) [0x951c4e]
	chromedriver!(No symbol) [0x98f2c5]
	chromedriver!(No symbol) [0x9bd726]
	chromedriver!(No symbol) [0x9b8c62]
	chromedriver!(No symbol) [0x9b8281]
	chromedriver!(No symbol) [0x92501e]
	chromedriver!(No symbol) [0x9255be]
	chromedriver!(No symbol) [0x925a9d]
	chromedriver!GetHandleVerifier [0xdcddb4+292f94]
	chromedriver!GetHandleVerifier [0xdc937d+28e55d]
	chromedriver!GetHandleVerifier [0xde8215+2ad3f5]
	chromedriver!GetHandleVerifier [0xb64c18+29df8]
	chromedriver!GetHandleVerifier [0xb6c6fd+318dd]
	chromedriver!(No symbol) [0x924b99]
	chromedriver!(No symbol) [0x9241e0]
	chromedriver!GetHandleVerifier [0xf32bef+3f7dcf]
	KERNEL32!BaseThreadInitThunk [0x765562c4+24]
	ntdll!RtlSubscribeWnfStateChangeNotification [0x770a0aa9+439]
	ntdll!RtlSubscribeWnfStateChangeNotification [0x770a0a74+404]
) -
9/5_19:00_4e              34675651585          ENVIADO      recordatorio FALLIDO (exception: Message: invalid session id; For documentation on this error, please visit: https://www.selenium.dev/documentation/webdriver/troubleshooting/errors#invalidsessionidexception
Stacktrace:
	chromedriver!GetHandleVerifier [0xb4b373+10553]
	chromedriver!GetHandleVerifier [0xb4b4a4+10684]
	chromedriver!(No symbol) [0x951c4e]
	chromedriver!(No symbol) [0x98f2c5]
	chromedriver!(No symbol) [0x9bd726]
	chromedriver!(No symbol) [0x9b8c62]
	chromedriver!(No symbol) [0x9b8281]
	chromedriver!(No symbol) [0x92501e]
	chromedriver!(No symbol) [0x9255be]
	chromedriver!(No symbol) [0x925a9d]
	chromedriver!GetHandleVerifier [0xdcddb4+292f94]
	chromedriver!GetHandleVerifier [0xdc937d+28e55d]
	chromedriver!GetHandleVerifier [0xde8215+2ad3f5]
	chromedriver!GetHandleVerifier [0xb64c18+29df8]
	chromedriver!GetHandleVerifier [0xb6c6fd+318dd]
	chromedriver!(No symbol) [0x924b99]
	chromedriver!(No symbol) [0x9241e0]
	chromedriver!GetHandleVerifier [0xf32bef+3f7dcf]
	KERNEL32!BaseThreadInitThunk [0x765562c4+24]
	ntdll!RtlSubscribeWnfStateChangeNotification [0x770a0aa9+439]
	ntdll!RtlSubscribeWnfStateChangeNotification [0x770a0a74+404]
) -
10/5_17:30_maf            34722714718          ENVIADO      recordatorio FALLIDO (exception: Message: invalid session id; For documentation on this error, please visit: https://www.selenium.dev/documentation/webdriver/troubleshooting/errors#invalidsessionidexception
Stacktrace:
	chromedriver!GetHandleVerifier [0xb4b373+10553]
	chromedriver!GetHandleVerifier [0xb4b4a4+10684]
	chromedriver!(No symbol) [0x951c4e]
	chromedriver!(No symbol) [0x98f2c5]
	chromedriver!(No symbol) [0x9bd726]
	chromedriver!(No symbol) [0x9b8c62]
	chromedriver!(No symbol) [0x9b8281]
	chromedriver!(No symbol) [0x92501e]
	chromedriver!(No symbol) [0x9255be]
	chromedriver!(No symbol) [0x925a9d]
	chromedriver!GetHandleVerifier [0xdcddb4+292f94]
	chromedriver!GetHandleVerifier [0xdc937d+28e55d]
	chromedriver!GetHandleVerifier [0xde8215+2ad3f5]
	chromedriver!GetHandleVerifier [0xb64c18+29df8]
	chromedriver!GetHandleVerifier [0xb6c6fd+318dd]
	chromedriver!(No symbol) [0x924b99]
	chromedriver!(No symbol) [0x9241e0]
	chromedriver!GetHandleVerifier [0xf32bef+3f7dcf]
	KERNEL32!BaseThreadInitThunk [0x765562c4+24]
	ntdll!RtlSubscribeWnfStateChangeNotification [0x770a0aa9+439]
	ntdll!RtlSubscribeWnfStateChangeNotification [0x770a0a74+404]
) -
10/5_17:30_4e             34653197010          ENVIADO      recordatorio FALLIDO (exception: Message: invalid session id; For documentation on this error, please visit: https://www.selenium.dev/documentation/webdriver/troubleshooting/errors#invalidsessionidexception
Stacktrace:
	chromedriver!GetHandleVerifier [0xb4b373+10553]
	chromedriver!GetHandleVerifier [0xb4b4a4+10684]
	chromedriver!(No symbol) [0x951c4e]
	chromedriver!(No symbol) [0x98f2c5]
	chromedriver!(No symbol) [0x9bd726]
	chromedriver!(No symbol) [0x9b8c62]
	chromedriver!(No symbol) [0x9b8281]
	chromedriver!(No symbol) [0x92501e]
	chromedriver!(No symbol) [0x9255be]
	chromedriver!(No symbol) [0x925a9d]
	chromedriver!GetHandleVerifier [0xdcddb4+292f94]
	chromedriver!GetHandleVerifier [0xdc937d+28e55d]
	chromedriver!GetHandleVerifier [0xde8215+2ad3f5]
	chromedriver!GetHandleVerifier [0xb64c18+29df8]
	chromedriver!GetHandleVerifier [0xb6c6fd+318dd]
	chromedriver!(No symbol) [0x924b99]
	chromedriver!(No symbol) [0x9241e0]
	chromedriver!GetHandleVerifier [0xf32bef+3f7dcf]
	KERNEL32!BaseThreadInitThunk [0x765562c4+24]
	ntdll!RtlSubscribeWnfStateChangeNotification [0x770a0aa9+439]
	ntdll!RtlSubscribeWnfStateChangeNotification [0x770a0a74+404]
) -

[2026-05-13 12:54:54] POSITIVO | Fotos nuevas: 0 | Envios OK: 0 | Envios FAIL: 0 | Reviews negativas: 0 | Fotos borradas: 0

=== SESIÓN 12:56-12:56 (13/05/2026) ===
RESERVA                   TELÉFONO             ESTADO       RESPUESTA                 REVIEW
-----------------------------------------------------------------------------------------------
9/5_14:30_maf             34665976040          ENVIADO      recordatorio FALLIDO (chat_input_not_found) -
9/5_19:00_maf/csi         34%C2%A0628%C2%A061%C2%A027%C2%A078%E2%80%AC ENVIADO      recordatorio FALLIDO (chat_input_not_found) -
9/5_20:30_4e              34747414084          ENVIADO      recordatorio FALLIDO (chat_input_not_found) -
9/5_19:00_4e              34675651585          ENVIADO      recordatorio FALLIDO (chat_input_not_found) -
10/5_17:30_maf            34722714718          ENVIADO      recordatorio FALLIDO (chat_input_not_found) -
10/5_17:30_4e             34653197010          ENVIADO      recordatorio FALLIDO (chat_input_not_found) -

[2026-05-13 12:56:57] POSITIVO | Fotos nuevas: 0 | Envios OK: 0 | Envios FAIL: 0 | Reviews negativas: 0 | Fotos borradas: 0
[2026-05-13 12:57:15] NEGATIVO | WhatsApp no conectado (QR visible) — ciclo abortado

=== SESIÓN 12:59-12:59 (13/05/2026) ===
RESERVA                   TELÉFONO             ESTADO       RESPUESTA                 REVIEW
-----------------------------------------------------------------------------------------------
9/5_14:30_maf             34665976040          ENVIADO      recordatorio FALLIDO (chat_input_not_found) -
9/5_19:00_maf/csi         34%C2%A0628%C2%A061%C2%A027%C2%A078%E2%80%AC ENVIADO      recordatorio FALLIDO (chat_input_not_found) -
9/5_20:30_4e              34747414084          ENVIADO      recordatorio FALLIDO (chat_input_not_found) -
9/5_19:00_4e              34675651585          ENVIADO      recordatorio FALLIDO (chat_input_not_found) -
10/5_17:30_maf            34722714718          ENVIADO      recordatorio FALLIDO (chat_input_not_found) -
10/5_17:30_4e             34653197010          ENVIADO      recordatorio FALLIDO (chat_input_not_found) -

[2026-05-13 12:59:24] POSITIVO | Fotos nuevas: 0 | Envios OK: 0 | Envios FAIL: 0 | Reviews negativas: 0 | Fotos borradas: 0

=== SESIÓN 13:00-13:00 (13/05/2026) ===
RESERVA                   TELÉFONO             ESTADO       RESPUESTA                 REVIEW
-----------------------------------------------------------------------------------------------
9/5_14:30_maf             34665976040          ENVIADO      recordatorio FALLIDO (chat_input_not_found) -
9/5_19:00_maf/csi         34%C2%A0628%C2%A061%C2%A027%C2%A078%E2%80%AC ENVIADO      recordatorio FALLIDO (chat_input_not_found) -
9/5_20:30_4e              34747414084          ENVIADO      recordatorio FALLIDO (chat_input_not_found) -
9/5_19:00_4e              34675651585          ENVIADO      recordatorio FALLIDO (chat_input_not_found) -
10/5_17:30_maf            34722714718          ENVIADO      recordatorio FALLIDO (chat_input_not_found) -
10/5_17:30_4e             34653197010          ENVIADO      recordatorio FALLIDO (chat_input_not_found) -

[2026-05-13 13:00:52] POSITIVO | Fotos nuevas: 0 | Envios OK: 0 | Envios FAIL: 0 | Reviews negativas: 0 | Fotos borradas: 0

=== SESIÓN 13:02-13:02 (13/05/2026) ===
RESERVA                   TELÉFONO             ESTADO       RESPUESTA                 REVIEW
-----------------------------------------------------------------------------------------------
9/5_14:30_maf             34665976040          ENVIADO      recordatorio FALLIDO (chat_input_not_found) -
9/5_19:00_maf/csi         34%C2%A0628%C2%A061%C2%A027%C2%A078%E2%80%AC ENVIADO      recordatorio FALLIDO (chat_input_not_found) -
9/5_20:30_4e              34747414084          ENVIADO      recordatorio FALLIDO (chat_input_not_found) -
9/5_19:00_4e              34675651585          ENVIADO      recordatorio FALLIDO (chat_input_not_found) -
10/5_17:30_maf            34722714718          ENVIADO      recordatorio FALLIDO (chat_input_not_found) -
10/5_17:30_4e             34653197010          ENVIADO      recordatorio FALLIDO (chat_input_not_found) -

[2026-05-13 13:02:18] POSITIVO | Fotos nuevas: 0 | Envios OK: 0 | Envios FAIL: 0 | Reviews negativas: 0 | Fotos borradas: 0

=== SESIÓN 12:59-13:02 (13/05/2026) ===
RESERVA                   TELÉFONO             ESTADO       RESPUESTA                 REVIEW
-----------------------------------------------------------------------------------------------
9/5_14:30_maf             34665976040          ENVIADO      recordatorio FALLIDO (exception: HTTPConnectionPool(host='localhost', port=57868): Max retries exceeded with url: /session/8a37ab17fd33c69df03f74d2b6a13ff9/source (Caused by NewConnectionError("HTTPConnection(host='localhost', port=57868): Failed to establish a new connection: [WinError 10061] No connection could be made because the target machine actively refused it"))) -
9/5_19:00_maf/csi         34%C2%A0628%C2%A061%C2%A027%C2%A078%E2%80%AC ENVIADO      recordatorio FALLIDO (exception: HTTPConnectionPool(host='localhost', port=57868): Max retries exceeded with url: /session/8a37ab17fd33c69df03f74d2b6a13ff9/source (Caused by NewConnectionError("HTTPConnection(host='localhost', port=57868): Failed to establish a new connection: [WinError 10061] No connection could be made because the target machine actively refused it"))) -
9/5_20:30_4e              34747414084          ENVIADO      recordatorio FALLIDO (exception: HTTPConnectionPool(host='localhost', port=57868): Max retries exceeded with url: /session/8a37ab17fd33c69df03f74d2b6a13ff9/source (Caused by NewConnectionError("HTTPConnection(host='localhost', port=57868): Failed to establish a new connection: [WinError 10061] No connection could be made because the target machine actively refused it"))) -
9/5_19:00_4e              34675651585          ENVIADO      recordatorio FALLIDO (exception: HTTPConnectionPool(host='localhost', port=57868): Max retries exceeded with url: /session/8a37ab17fd33c69df03f74d2b6a13ff9/source (Caused by NewConnectionError("HTTPConnection(host='localhost', port=57868): Failed to establish a new connection: [WinError 10061] No connection could be made because the target machine actively refused it"))) -
10/5_17:30_maf            34722714718          ENVIADO      recordatorio FALLIDO (exception: HTTPConnectionPool(host='localhost', port=57868): Max retries exceeded with url: /session/8a37ab17fd33c69df03f74d2b6a13ff9/source (Caused by NewConnectionError("HTTPConnection(host='localhost', port=57868): Failed to establish a new connection: [WinError 10061] No connection could be made because the target machine actively refused it"))) -
10/5_17:30_4e             34653197010          ENVIADO      recordatorio FALLIDO (exception: HTTPConnectionPool(host='localhost', port=57868): Max retries exceeded with url: /session/8a37ab17fd33c69df03f74d2b6a13ff9/source (Caused by NewConnectionError("HTTPConnection(host='localhost', port=57868): Failed to establish a new connection: [WinError 10061] No connection could be made because the target machine actively refused it"))) -

[2026-05-13 13:02:24] POSITIVO | Fotos nuevas: 0 | Envios OK: 0 | Envios FAIL: 0 | Reviews negativas: 0 | Fotos borradas: 0

=== SESIÓN 13:04-13:04 (13/05/2026) ===
RESERVA                   TELÉFONO             ESTADO       RESPUESTA                 REVIEW
-----------------------------------------------------------------------------------------------
9/5_14:30_maf             34665976040          ENVIADO      recordatorio FALLIDO (chat_input_not_found) -
9/5_19:00_maf/csi         34%C2%A0628%C2%A061%C2%A027%C2%A078%E2%80%AC ENVIADO      recordatorio FALLIDO (chat_input_not_found) -
9/5_20:30_4e              34747414084          ENVIADO      recordatorio FALLIDO (chat_input_not_found) -
9/5_19:00_4e              34675651585          ENVIADO      recordatorio FALLIDO (chat_input_not_found) -
10/5_17:30_maf            34722714718          ENVIADO      recordatorio FALLIDO (chat_input_not_found) -
10/5_17:30_4e             34653197010          ENVIADO      recordatorio FALLIDO (chat_input_not_found) -

[2026-05-13 13:04:35] POSITIVO | Fotos nuevas: 0 | Envios OK: 0 | Envios FAIL: 0 | Reviews negativas: 0 | Fotos borradas: 0

=== SESIÓN 13:05-13:06 (13/05/2026) ===
RESERVA                   TELÉFONO             ESTADO       RESPUESTA                 REVIEW
-----------------------------------------------------------------------------------------------
9/5_14:30_maf             34665976040          ENVIADO      recordatorio FALLIDO (chat_input_not_found) -
9/5_19:00_maf/csi         34%C2%A0628%C2%A061%C2%A027%C2%A078%E2%80%AC ENVIADO      recordatorio FALLIDO (chat_input_not_found) -
9/5_20:30_4e              34747414084          ENVIADO      recordatorio FALLIDO (chat_input_not_found) -
9/5_19:00_4e              34675651585          ENVIADO      recordatorio FALLIDO (chat_input_not_found) -
10/5_17:30_maf            34722714718          ENVIADO      recordatorio FALLIDO (chat_input_not_found) -
10/5_17:30_4e             34653197010          ENVIADO      recordatorio FALLIDO (chat_input_not_found) -

[2026-05-13 13:06:00] POSITIVO | Fotos nuevas: 0 | Envios OK: 0 | Envios FAIL: 0 | Reviews negativas: 0 | Fotos borradas: 0

=== SESIÓN 13:07-13:07 (13/05/2026) ===
RESERVA                   TELÉFONO             ESTADO       RESPUESTA                 REVIEW
-----------------------------------------------------------------------------------------------
9/5_14:30_maf             34665976040          ENVIADO      recordatorio FALLIDO (chat_input_not_found) -
9/5_19:00_maf/csi         34%C2%A0628%C2%A061%C2%A027%C2%A078%E2%80%AC ENVIADO      recordatorio FALLIDO (chat_input_not_found) -
9/5_20:30_4e              34747414084          ENVIADO      recordatorio FALLIDO (chat_input_not_found) -
9/5_19:00_4e              34675651585          ENVIADO      recordatorio FALLIDO (chat_input_not_found) -
10/5_17:30_maf            34722714718          ENVIADO      recordatorio FALLIDO (chat_input_not_found) -
10/5_17:30_4e             34653197010          ENVIADO      recordatorio FALLIDO (chat_input_not_found) -

[2026-05-13 13:07:25] POSITIVO | Fotos nuevas: 0 | Envios OK: 0 | Envios FAIL: 0 | Reviews negativas: 0 | Fotos borradas: 0

=== SESIÓN 13:08-13:08 (13/05/2026) ===
RESERVA                   TELÉFONO             ESTADO       RESPUESTA                 REVIEW
-----------------------------------------------------------------------------------------------
9/5_14:30_maf             34665976040          ENVIADO      recordatorio FALLIDO (chat_input_not_found) -
9/5_19:00_maf/csi         34%C2%A0628%C2%A061%C2%A027%C2%A078%E2%80%AC ENVIADO      recordatorio FALLIDO (chat_input_not_found) -
9/5_20:30_4e              34747414084          ENVIADO      recordatorio FALLIDO (chat_input_not_found) -
9/5_19:00_4e              34675651585          ENVIADO      recordatorio FALLIDO (chat_input_not_found) -
10/5_17:30_maf            34722714718          ENVIADO      recordatorio FALLIDO (chat_input_not_found) -
10/5_17:30_4e             34653197010          ENVIADO      recordatorio FALLIDO (chat_input_not_found) -

[2026-05-13 13:08:45] POSITIVO | Fotos nuevas: 0 | Envios OK: 0 | Envios FAIL: 0 | Reviews negativas: 0 | Fotos borradas: 0

=== SESIÓN 13:09-13:10 (13/05/2026) ===
RESERVA                   TELÉFONO             ESTADO       RESPUESTA                 REVIEW
-----------------------------------------------------------------------------------------------
9/5_14:30_maf             34665976040          ENVIADO      recordatorio FALLIDO (chat_input_not_found) -
9/5_19:00_maf/csi         34%C2%A0628%C2%A061%C2%A027%C2%A078%E2%80%AC ENVIADO      recordatorio FALLIDO (chat_input_not_found) -
9/5_20:30_4e              34747414084          ENVIADO      recordatorio FALLIDO (chat_input_not_found) -
9/5_19:00_4e              34675651585          ENVIADO      recordatorio FALLIDO (chat_input_not_found) -
10/5_17:30_maf            34722714718          ENVIADO      recordatorio FALLIDO (chat_input_not_found) -
10/5_17:30_4e             34653197010          ENVIADO      recordatorio FALLIDO (chat_input_not_found) -

[2026-05-13 13:10:06] POSITIVO | Fotos nuevas: 0 | Envios OK: 0 | Envios FAIL: 0 | Reviews negativas: 0 | Fotos borradas: 0

=== SESIÓN 13:11-13:11 (13/05/2026) ===
RESERVA                   TELÉFONO             ESTADO       RESPUESTA                 REVIEW
-----------------------------------------------------------------------------------------------
9/5_14:30_maf             34665976040          ENVIADO      recordatorio FALLIDO (chat_input_not_found) -
9/5_19:00_maf/csi         34%C2%A0628%C2%A061%C2%A027%C2%A078%E2%80%AC ENVIADO      recordatorio FALLIDO (chat_input_not_found) -
9/5_20:30_4e              34747414084          ENVIADO      recordatorio FALLIDO (chat_input_not_found) -
9/5_19:00_4e              34675651585          ENVIADO      recordatorio FALLIDO (chat_input_not_found) -
10/5_17:30_maf            34722714718          ENVIADO      recordatorio FALLIDO (chat_input_not_found) -
10/5_17:30_4e             34653197010          ENVIADO      recordatorio FALLIDO (chat_input_not_found) -

[2026-05-13 13:11:29] POSITIVO | Fotos nuevas: 0 | Envios OK: 0 | Envios FAIL: 0 | Reviews negativas: 0 | Fotos borradas: 0

=== SESIÓN 13:09-13:12 (13/05/2026) ===
RESERVA                   TELÉFONO             ESTADO       RESPUESTA                 REVIEW
-----------------------------------------------------------------------------------------------
9/5_14:30_maf             34665976040          ENVIADO      recordatorio FALLIDO (exception: HTTPConnectionPool(host='localhost', port=58302): Max retries exceeded with url: /session/928519ae73c748bb92dc8af69f762aa2/source (Caused by NewConnectionError("HTTPConnection(host='localhost', port=58302): Failed to establish a new connection: [WinError 10061] No connection could be made because the target machine actively refused it"))) -
9/5_19:00_maf/csi         34%C2%A0628%C2%A061%C2%A027%C2%A078%E2%80%AC ENVIADO      recordatorio FALLIDO (exception: HTTPConnectionPool(host='localhost', port=58302): Max retries exceeded with url: /session/928519ae73c748bb92dc8af69f762aa2/source (Caused by NewConnectionError("HTTPConnection(host='localhost', port=58302): Failed to establish a new connection: [WinError 10061] No connection could be made because the target machine actively refused it"))) -
9/5_20:30_4e              34747414084          ENVIADO      recordatorio FALLIDO (exception: HTTPConnectionPool(host='localhost', port=58302): Max retries exceeded with url: /session/928519ae73c748bb92dc8af69f762aa2/source (Caused by NewConnectionError("HTTPConnection(host='localhost', port=58302): Failed to establish a new connection: [WinError 10061] No connection could be made because the target machine actively refused it"))) -
9/5_19:00_4e              34675651585          ENVIADO      recordatorio FALLIDO (exception: HTTPConnectionPool(host='localhost', port=58302): Max retries exceeded with url: /session/928519ae73c748bb92dc8af69f762aa2/source (Caused by NewConnectionError("HTTPConnection(host='localhost', port=58302): Failed to establish a new connection: [WinError 10061] No connection could be made because the target machine actively refused it"))) -
10/5_17:30_maf            34722714718          ENVIADO      recordatorio FALLIDO (exception: HTTPConnectionPool(host='localhost', port=58302): Max retries exceeded with url: /session/928519ae73c748bb92dc8af69f762aa2/source (Caused by NewConnectionError("HTTPConnection(host='localhost', port=58302): Failed to establish a new connection: [WinError 10061] No connection could be made because the target machine actively refused it"))) -
10/5_17:30_4e             34653197010          ENVIADO      recordatorio FALLIDO (exception: HTTPConnectionPool(host='localhost', port=58302): Max retries exceeded with url: /session/928519ae73c748bb92dc8af69f762aa2/source (Caused by NewConnectionError("HTTPConnection(host='localhost', port=58302): Failed to establish a new connection: [WinError 10061] No connection could be made because the target machine actively refused it"))) -

[2026-05-13 13:12:18] POSITIVO | Fotos nuevas: 0 | Envios OK: 0 | Envios FAIL: 0 | Reviews negativas: 0 | Fotos borradas: 0

=== SESIÓN 13:13-13:13 (13/05/2026) ===
RESERVA                   TELÉFONO             ESTADO       RESPUESTA                 REVIEW
-----------------------------------------------------------------------------------------------
9/5_14:30_maf             34665976040          ENVIADO      recordatorio FALLIDO (chat_input_not_found) -
9/5_19:00_maf/csi         34%C2%A0628%C2%A061%C2%A027%C2%A078%E2%80%AC ENVIADO      recordatorio FALLIDO (chat_input_not_found) -
9/5_20:30_4e              34747414084          ENVIADO      recordatorio FALLIDO (chat_input_not_found) -
9/5_19:00_4e              34675651585          ENVIADO      recordatorio FALLIDO (chat_input_not_found) -
10/5_17:30_maf            34722714718          ENVIADO      recordatorio FALLIDO (chat_input_not_found) -
10/5_17:30_4e             34653197010          ENVIADO      recordatorio FALLIDO (chat_input_not_found) -

[2026-05-13 13:13:45] POSITIVO | Fotos nuevas: 0 | Envios OK: 0 | Envios FAIL: 0 | Reviews negativas: 0 | Fotos borradas: 0

=== SESIÓN 13:14-13:15 (13/05/2026) ===
RESERVA                   TELÉFONO             ESTADO       RESPUESTA                 REVIEW
-----------------------------------------------------------------------------------------------
9/5_14:30_maf             34665976040          ENVIADO      recordatorio FALLIDO (chat_input_not_found) -
9/5_19:00_maf/csi         34%C2%A0628%C2%A061%C2%A027%C2%A078%E2%80%AC ENVIADO      recordatorio FALLIDO (chat_input_not_found) -
9/5_20:30_4e              34747414084          ENVIADO      recordatorio FALLIDO (chat_input_not_found) -
9/5_19:00_4e              34675651585          ENVIADO      recordatorio FALLIDO (chat_input_not_found) -
10/5_17:30_maf            34722714718          ENVIADO      recordatorio FALLIDO (chat_input_not_found) -
10/5_17:30_4e             34653197010          ENVIADO      recordatorio FALLIDO (chat_input_not_found) -

[2026-05-13 13:15:06] POSITIVO | Fotos nuevas: 0 | Envios OK: 0 | Envios FAIL: 0 | Reviews negativas: 0 | Fotos borradas: 0

=== SESIÓN 13:16-13:16 (13/05/2026) ===
RESERVA                   TELÉFONO             ESTADO       RESPUESTA                 REVIEW
-----------------------------------------------------------------------------------------------
9/5_14:30_maf             34665976040          ENVIADO      recordatorio FALLIDO (chat_input_not_found) -
9/5_19:00_maf/csi         34%C2%A0628%C2%A061%C2%A027%C2%A078%E2%80%AC ENVIADO      recordatorio FALLIDO (chat_input_not_found) -
9/5_20:30_4e              34747414084          ENVIADO      recordatorio FALLIDO (chat_input_not_found) -
9/5_19:00_4e              34675651585          ENVIADO      recordatorio FALLIDO (chat_input_not_found) -
10/5_17:30_maf            34722714718          ENVIADO      recordatorio FALLIDO (chat_input_not_found) -
10/5_17:30_4e             34653197010          ENVIADO      recordatorio FALLIDO (chat_input_not_found) -

[2026-05-13 13:16:29] POSITIVO | Fotos nuevas: 0 | Envios OK: 0 | Envios FAIL: 0 | Reviews negativas: 0 | Fotos borradas: 0

=== SESIÓN 13:17-13:17 (13/05/2026) ===
RESERVA                   TELÉFONO             ESTADO       RESPUESTA                 REVIEW
-----------------------------------------------------------------------------------------------
9/5_14:30_maf             34665976040          ENVIADO      recordatorio FALLIDO (chat_input_not_found) -
9/5_19:00_maf/csi         34%C2%A0628%C2%A061%C2%A027%C2%A078%E2%80%AC ENVIADO      recordatorio FALLIDO (chat_input_not_found) -
9/5_20:30_4e              34747414084          ENVIADO      recordatorio FALLIDO (chat_input_not_found) -
9/5_19:00_4e              34675651585          ENVIADO      recordatorio FALLIDO (chat_input_not_found) -
10/5_17:30_maf            34722714718          ENVIADO      recordatorio FALLIDO (chat_input_not_found) -
10/5_17:30_4e             34653197010          ENVIADO      recordatorio FALLIDO (chat_input_not_found) -

[2026-05-13 13:17:50] POSITIVO | Fotos nuevas: 0 | Envios OK: 0 | Envios FAIL: 0 | Reviews negativas: 0 | Fotos borradas: 0

=== SESIÓN 13:19-13:19 (13/05/2026) ===
RESERVA                   TELÉFONO             ESTADO       RESPUESTA                 REVIEW
-----------------------------------------------------------------------------------------------
9/5_14:30_maf             34665976040          ENVIADO      recordatorio FALLIDO (chat_input_not_found) -
9/5_19:00_maf/csi         34%C2%A0628%C2%A061%C2%A027%C2%A078%E2%80%AC ENVIADO      recordatorio FALLIDO (chat_input_not_found) -
9/5_20:30_4e              34747414084          ENVIADO      recordatorio FALLIDO (chat_input_not_found) -
9/5_19:00_4e              34675651585          ENVIADO      recordatorio FALLIDO (chat_input_not_found) -
10/5_17:30_maf            34722714718          ENVIADO      recordatorio FALLIDO (chat_input_not_found) -
10/5_17:30_4e             34653197010          ENVIADO      recordatorio FALLIDO (chat_input_not_found) -

[2026-05-13 13:19:10] POSITIVO | Fotos nuevas: 0 | Envios OK: 0 | Envios FAIL: 0 | Reviews negativas: 0 | Fotos borradas: 0

=== SESIÓN 13:20-13:20 (13/05/2026) ===
RESERVA                   TELÉFONO             ESTADO       RESPUESTA                 REVIEW
-----------------------------------------------------------------------------------------------
9/5_14:30_maf             34665976040          ENVIADO      recordatorio FALLIDO (chat_input_not_found) -
9/5_19:00_maf/csi         34%C2%A0628%C2%A061%C2%A027%C2%A078%E2%80%AC ENVIADO      recordatorio FALLIDO (chat_input_not_found) -
9/5_20:30_4e              34747414084          ENVIADO      recordatorio FALLIDO (chat_input_not_found) -
9/5_19:00_4e              34675651585          ENVIADO      recordatorio FALLIDO (chat_input_not_found) -
10/5_17:30_maf            34722714718          ENVIADO      recordatorio FALLIDO (chat_input_not_found) -
10/5_17:30_4e             34653197010          ENVIADO      recordatorio FALLIDO (chat_input_not_found) -

[2026-05-13 13:20:30] POSITIVO | Fotos nuevas: 0 | Envios OK: 0 | Envios FAIL: 0 | Reviews negativas: 0 | Fotos borradas: 0

=== SESIÓN 13:21-13:21 (13/05/2026) ===
RESERVA                   TELÉFONO             ESTADO       RESPUESTA                 REVIEW
-----------------------------------------------------------------------------------------------
9/5_14:30_maf             34665976040          ENVIADO      recordatorio FALLIDO (chat_input_not_found) -
9/5_19:00_maf/csi         34%C2%A0628%C2%A061%C2%A027%C2%A078%E2%80%AC ENVIADO      recordatorio FALLIDO (chat_input_not_found) -
9/5_20:30_4e              34747414084          ENVIADO      recordatorio FALLIDO (chat_input_not_found) -
9/5_19:00_4e              34675651585          ENVIADO      recordatorio FALLIDO (chat_input_not_found) -
10/5_17:30_maf            34722714718          ENVIADO      recordatorio FALLIDO (chat_input_not_found) -
10/5_17:30_4e             34653197010          ENVIADO      recordatorio FALLIDO (chat_input_not_found) -

[2026-05-13 13:21:52] POSITIVO | Fotos nuevas: 0 | Envios OK: 0 | Envios FAIL: 0 | Reviews negativas: 0 | Fotos borradas: 0

=== SESIÓN 13:19-13:22 (13/05/2026) ===
RESERVA                   TELÉFONO             ESTADO       RESPUESTA                 REVIEW
-----------------------------------------------------------------------------------------------
9/5_14:30_maf             34665976040          ENVIADO      recordatorio FALLIDO (exception: HTTPConnectionPool(host='localhost', port=59315): Max retries exceeded with url: /session/1d8e552e7023ff4e01058ce2094a4228/source (Caused by NewConnectionError("HTTPConnection(host='localhost', port=59315): Failed to establish a new connection: [WinError 10061] No connection could be made because the target machine actively refused it"))) -
9/5_19:00_maf/csi         34%C2%A0628%C2%A061%C2%A027%C2%A078%E2%80%AC ENVIADO      recordatorio FALLIDO (exception: HTTPConnectionPool(host='localhost', port=59315): Max retries exceeded with url: /session/1d8e552e7023ff4e01058ce2094a4228/source (Caused by NewConnectionError("HTTPConnection(host='localhost', port=59315): Failed to establish a new connection: [WinError 10061] No connection could be made because the target machine actively refused it"))) -
9/5_20:30_4e              34747414084          ENVIADO      recordatorio FALLIDO (exception: HTTPConnectionPool(host='localhost', port=59315): Max retries exceeded with url: /session/1d8e552e7023ff4e01058ce2094a4228/source (Caused by NewConnectionError("HTTPConnection(host='localhost', port=59315): Failed to establish a new connection: [WinError 10061] No connection could be made because the target machine actively refused it"))) -
9/5_19:00_4e              34675651585          ENVIADO      recordatorio FALLIDO (exception: HTTPConnectionPool(host='localhost', port=59315): Max retries exceeded with url: /session/1d8e552e7023ff4e01058ce2094a4228/source (Caused by NewConnectionError("HTTPConnection(host='localhost', port=59315): Failed to establish a new connection: [WinError 10061] No connection could be made because the target machine actively refused it"))) -
10/5_17:30_maf            34722714718          ENVIADO      recordatorio FALLIDO (exception: HTTPConnectionPool(host='localhost', port=59315): Max retries exceeded with url: /session/1d8e552e7023ff4e01058ce2094a4228/source (Caused by NewConnectionError("HTTPConnection(host='localhost', port=59315): Failed to establish a new connection: [WinError 10061] No connection could be made because the target machine actively refused it"))) -
10/5_17:30_4e             34653197010          ENVIADO      recordatorio FALLIDO (exception: HTTPConnectionPool(host='localhost', port=59315): Max retries exceeded with url: /session/1d8e552e7023ff4e01058ce2094a4228/source (Caused by NewConnectionError("HTTPConnection(host='localhost', port=59315): Failed to establish a new connection: [WinError 10061] No connection could be made because the target machine actively refused it"))) -

[2026-05-13 13:22:21] POSITIVO | Fotos nuevas: 0 | Envios OK: 0 | Envios FAIL: 0 | Reviews negativas: 0 | Fotos borradas: 0

=== SESIÓN 13:23-13:23 (13/05/2026) ===
RESERVA                   TELÉFONO             ESTADO       RESPUESTA                 REVIEW
-----------------------------------------------------------------------------------------------
9/5_14:30_maf             34665976040          ENVIADO      recordatorio FALLIDO (chat_input_not_found) -
9/5_19:00_maf/csi         34%C2%A0628%C2%A061%C2%A027%C2%A078%E2%80%AC ENVIADO      recordatorio FALLIDO (chat_input_not_found) -
9/5_20:30_4e              34747414084          ENVIADO      recordatorio FALLIDO (exception: Message: invalid session id: session deleted as the browser has closed the connection
from disconnected: Unable to receive message from renderer
  (Session info: chrome=147.0.7727.101); For documentation on this error, please visit: https://www.selenium.dev/documentation/webdriver/troubleshooting/errors#invalidsessionidexception
Stacktrace:
	chromedriver!GetHandleVerifier [0xb4b373+10553]
	chromedriver!GetHandleVerifier [0xb4b4a4+10684]
	chromedriver!(No symbol) [0x951e10]
	chromedriver!(No symbol) [0x9421b3]
	chromedriver!(No symbol) [0x941ee5]
	chromedriver!(No symbol) [0x93fff8]
	chromedriver!(No symbol) [0x940846]
	chromedriver!(No symbol) [0x96454e]
	chromedriver!(No symbol) [0x95a8fb]
	chromedriver!(No symbol) [0x95a80d]
	chromedriver!(No symbol) [0x9dd0cf]
	chromedriver!(No symbol) [0x9bd86c]
	chromedriver!(No symbol) [0x9daa36]
	chromedriver!(No symbol) [0x9bd606]
	chromedriver!(No symbol) [0x990039]
	chromedriver!(No symbol) [0x990df4]
	chromedriver!GetHandleVerifier [0xdcddb4+292f94]
	chromedriver!GetHandleVerifier [0xdc937d+28e55d]
	chromedriver!GetHandleVerifier [0xde8215+2ad3f5]
	chromedriver!GetHandleVerifier [0xb64c18+29df8]
	chromedriver!GetHandleVerifier [0xb6c6fd+318dd]
	chromedriver!GetHandleVerifier [0xb53c78+18e58]
	chromedriver!GetHandleVerifier [0xb53e42+19022]
	chromedriver!GetHandleVerifier [0xb3d45f+263f]
	KERNEL32!BaseThreadInitThunk [0x765562c4+24]
	ntdll!RtlSubscribeWnfStateChangeNotification [0x770a0aa9+439]
	ntdll!RtlSubscribeWnfStateChangeNotification [0x770a0a74+404]
) -
9/5_19:00_4e              34675651585          ENVIADO      recordatorio FALLIDO (exception: Message: invalid session id; For documentation on this error, please visit: https://www.selenium.dev/documentation/webdriver/troubleshooting/errors#invalidsessionidexception
Stacktrace:
	chromedriver!GetHandleVerifier [0xb4b373+10553]
	chromedriver!GetHandleVerifier [0xb4b4a4+10684]
	chromedriver!(No symbol) [0x951c4e]
	chromedriver!(No symbol) [0x98f2c5]
	chromedriver!(No symbol) [0x9bd726]
	chromedriver!(No symbol) [0x9b8c62]
	chromedriver!(No symbol) [0x9b8281]
	chromedriver!(No symbol) [0x92501e]
	chromedriver!(No symbol) [0x9255be]
	chromedriver!(No symbol) [0x925a9d]
	chromedriver!GetHandleVerifier [0xdcddb4+292f94]
	chromedriver!GetHandleVerifier [0xdc937d+28e55d]
	chromedriver!GetHandleVerifier [0xde8215+2ad3f5]
	chromedriver!GetHandleVerifier [0xb64c18+29df8]
	chromedriver!GetHandleVerifier [0xb6c6fd+318dd]
	chromedriver!(No symbol) [0x924b99]
	chromedriver!(No symbol) [0x9241e0]
	chromedriver!GetHandleVerifier [0xf32bef+3f7dcf]
	KERNEL32!BaseThreadInitThunk [0x765562c4+24]
	ntdll!RtlSubscribeWnfStateChangeNotification [0x770a0aa9+439]
	ntdll!RtlSubscribeWnfStateChangeNotification [0x770a0a74+404]
) -
10/5_17:30_maf            34722714718          ENVIADO      recordatorio FALLIDO (exception: Message: invalid session id; For documentation on this error, please visit: https://www.selenium.dev/documentation/webdriver/troubleshooting/errors#invalidsessionidexception
Stacktrace:
	chromedriver!GetHandleVerifier [0xb4b373+10553]
	chromedriver!GetHandleVerifier [0xb4b4a4+10684]
	chromedriver!(No symbol) [0x951c4e]
	chromedriver!(No symbol) [0x98f2c5]
	chromedriver!(No symbol) [0x9bd726]
	chromedriver!(No symbol) [0x9b8c62]
	chromedriver!(No symbol) [0x9b8281]
	chromedriver!(No symbol) [0x92501e]
	chromedriver!(No symbol) [0x9255be]
	chromedriver!(No symbol) [0x925a9d]
	chromedriver!GetHandleVerifier [0xdcddb4+292f94]
	chromedriver!GetHandleVerifier [0xdc937d+28e55d]
	chromedriver!GetHandleVerifier [0xde8215+2ad3f5]
	chromedriver!GetHandleVerifier [0xb64c18+29df8]
	chromedriver!GetHandleVerifier [0xb6c6fd+318dd]
	chromedriver!(No symbol) [0x924b99]
	chromedriver!(No symbol) [0x9241e0]
	chromedriver!GetHandleVerifier [0xf32bef+3f7dcf]
	KERNEL32!BaseThreadInitThunk [0x765562c4+24]
	ntdll!RtlSubscribeWnfStateChangeNotification [0x770a0aa9+439]
	ntdll!RtlSubscribeWnfStateChangeNotification [0x770a0a74+404]
) -
10/5_17:30_4e             34653197010          ENVIADO      recordatorio FALLIDO (exception: Message: invalid session id; For documentation on this error, please visit: https://www.selenium.dev/documentation/webdriver/troubleshooting/errors#invalidsessionidexception
Stacktrace:
	chromedriver!GetHandleVerifier [0xb4b373+10553]
	chromedriver!GetHandleVerifier [0xb4b4a4+10684]
	chromedriver!(No symbol) [0x951c4e]
	chromedriver!(No symbol) [0x98f2c5]
	chromedriver!(No symbol) [0x9bd726]
	chromedriver!(No symbol) [0x9b8c62]
	chromedriver!(No symbol) [0x9b8281]
	chromedriver!(No symbol) [0x92501e]
	chromedriver!(No symbol) [0x9255be]
	chromedriver!(No symbol) [0x925a9d]
	chromedriver!GetHandleVerifier [0xdcddb4+292f94]
	chromedriver!GetHandleVerifier [0xdc937d+28e55d]
	chromedriver!GetHandleVerifier [0xde8215+2ad3f5]
	chromedriver!GetHandleVerifier [0xb64c18+29df8]
	chromedriver!GetHandleVerifier [0xb6c6fd+318dd]
	chromedriver!(No symbol) [0x924b99]
	chromedriver!(No symbol) [0x9241e0]
	chromedriver!GetHandleVerifier [0xf32bef+3f7dcf]
	KERNEL32!BaseThreadInitThunk [0x765562c4+24]
	ntdll!RtlSubscribeWnfStateChangeNotification [0x770a0aa9+439]
	ntdll!RtlSubscribeWnfStateChangeNotification [0x770a0a74+404]
) -

[2026-05-13 13:23:10] POSITIVO | Fotos nuevas: 0 | Envios OK: 0 | Envios FAIL: 0 | Reviews negativas: 0 | Fotos borradas: 0

=== SESIÓN 13:25-13:25 (13/05/2026) ===
RESERVA                   TELÉFONO             ESTADO       RESPUESTA                 REVIEW
-----------------------------------------------------------------------------------------------
9/5_14:30_maf             34665976040          ENVIADO      recordatorio FALLIDO (chat_input_not_found) -
9/5_19:00_maf/csi         34%C2%A0628%C2%A061%C2%A027%C2%A078%E2%80%AC ENVIADO      recordatorio FALLIDO (chat_input_not_found) -
9/5_20:30_4e              34747414084          ENVIADO      recordatorio FALLIDO (chat_input_not_found) -
9/5_19:00_4e              34675651585          ENVIADO      recordatorio FALLIDO (chat_input_not_found) -
10/5_17:30_maf            34722714718          ENVIADO      recordatorio FALLIDO (chat_input_not_found) -
10/5_17:30_4e             34653197010          ENVIADO      recordatorio FALLIDO (chat_input_not_found) -

[2026-05-13 13:25:10] POSITIVO | Fotos nuevas: 0 | Envios OK: 0 | Envios FAIL: 0 | Reviews negativas: 0 | Fotos borradas: 0
[2026-05-13 13:25:32] NEGATIVO | WhatsApp no conectado (QR visible) — ciclo abortado

=== SESIÓN 13:27-13:27 (13/05/2026) ===
RESERVA                   TELÉFONO             ESTADO       RESPUESTA                 REVIEW
-----------------------------------------------------------------------------------------------
9/5_14:30_maf             34665976040          ENVIADO      recordatorio FALLIDO (chat_input_not_found) -
9/5_19:00_maf/csi         34%C2%A0628%C2%A061%C2%A027%C2%A078%E2%80%AC ENVIADO      recordatorio FALLIDO (chat_input_not_found) -
9/5_20:30_4e              34747414084          ENVIADO      recordatorio FALLIDO (chat_input_not_found) -
9/5_19:00_4e              34675651585          ENVIADO      recordatorio FALLIDO (chat_input_not_found) -
10/5_17:30_maf            34722714718          ENVIADO      recordatorio FALLIDO (chat_input_not_found) -
10/5_17:30_4e             34653197010          ENVIADO      recordatorio FALLIDO (chat_input_not_found) -

[2026-05-13 13:27:38] POSITIVO | Fotos nuevas: 0 | Envios OK: 0 | Envios FAIL: 0 | Reviews negativas: 0 | Fotos borradas: 0

=== SESIÓN 13:28-13:29 (13/05/2026) ===
RESERVA                   TELÉFONO             ESTADO       RESPUESTA                 REVIEW
-----------------------------------------------------------------------------------------------
9/5_14:30_maf             34665976040          ENVIADO      recordatorio FALLIDO (chat_input_not_found) -
9/5_19:00_maf/csi         34%C2%A0628%C2%A061%C2%A027%C2%A078%E2%80%AC ENVIADO      recordatorio FALLIDO (chat_input_not_found) -
9/5_20:30_4e              34747414084          ENVIADO      recordatorio FALLIDO (chat_input_not_found) -
9/5_19:00_4e              34675651585          ENVIADO      recordatorio FALLIDO (chat_input_not_found) -
10/5_17:30_maf            34722714718          ENVIADO      recordatorio FALLIDO (chat_input_not_found) -
10/5_17:30_4e             34653197010          ENVIADO      recordatorio FALLIDO (chat_input_not_found) -

[2026-05-13 13:29:01] POSITIVO | Fotos nuevas: 0 | Envios OK: 0 | Envios FAIL: 0 | Reviews negativas: 0 | Fotos borradas: 0

=== SESIÓN 13:27-13:30 (13/05/2026) ===
RESERVA                   TELÉFONO             ESTADO       RESPUESTA                 REVIEW
-----------------------------------------------------------------------------------------------
9/5_14:30_maf             34665976040          ENVIADO      recordatorio FALLIDO (exception: HTTPConnectionPool(host='localhost', port=60384): Max retries exceeded with url: /session/e13d0242ac2ea9b63f7efcb26f073f76/source (Caused by NewConnectionError("HTTPConnection(host='localhost', port=60384): Failed to establish a new connection: [WinError 10061] No connection could be made because the target machine actively refused it"))) -
9/5_19:00_maf/csi         34%C2%A0628%C2%A061%C2%A027%C2%A078%E2%80%AC ENVIADO      recordatorio FALLIDO (exception: HTTPConnectionPool(host='localhost', port=60384): Max retries exceeded with url: /session/e13d0242ac2ea9b63f7efcb26f073f76/source (Caused by NewConnectionError("HTTPConnection(host='localhost', port=60384): Failed to establish a new connection: [WinError 10061] No connection could be made because the target machine actively refused it"))) -
9/5_20:30_4e              34747414084          ENVIADO      recordatorio FALLIDO (exception: HTTPConnectionPool(host='localhost', port=60384): Max retries exceeded with url: /session/e13d0242ac2ea9b63f7efcb26f073f76/source (Caused by NewConnectionError("HTTPConnection(host='localhost', port=60384): Failed to establish a new connection: [WinError 10061] No connection could be made because the target machine actively refused it"))) -
9/5_19:00_4e              34675651585          ENVIADO      recordatorio FALLIDO (exception: HTTPConnectionPool(host='localhost', port=60384): Max retries exceeded with url: /session/e13d0242ac2ea9b63f7efcb26f073f76/source (Caused by NewConnectionError("HTTPConnection(host='localhost', port=60384): Failed to establish a new connection: [WinError 10061] No connection could be made because the target machine actively refused it"))) -
10/5_17:30_maf            34722714718          ENVIADO      recordatorio FALLIDO (exception: HTTPConnectionPool(host='localhost', port=60384): Max retries exceeded with url: /session/e13d0242ac2ea9b63f7efcb26f073f76/source (Caused by NewConnectionError("HTTPConnection(host='localhost', port=60384): Failed to establish a new connection: [WinError 10061] No connection could be made because the target machine actively refused it"))) -
10/5_17:30_4e             34653197010          ENVIADO      recordatorio FALLIDO (exception: HTTPConnectionPool(host='localhost', port=60384): Max retries exceeded with url: /session/e13d0242ac2ea9b63f7efcb26f073f76/source (Caused by NewConnectionError("HTTPConnection(host='localhost', port=60384): Failed to establish a new connection: [WinError 10061] No connection could be made because the target machine actively refused it"))) -

[2026-05-13 13:30:13] POSITIVO | Fotos nuevas: 0 | Envios OK: 0 | Envios FAIL: 0 | Reviews negativas: 0 | Fotos borradas: 0

=== SESIÓN 13:30-13:30 (13/05/2026) ===
RESERVA                   TELÉFONO             ESTADO       RESPUESTA                 REVIEW
-----------------------------------------------------------------------------------------------
9/5_14:30_maf             34665976040          ENVIADO      recordatorio FALLIDO (chat_input_not_found) -
9/5_19:00_maf/csi         34%C2%A0628%C2%A061%C2%A027%C2%A078%E2%80%AC ENVIADO      recordatorio FALLIDO (chat_input_not_found) -
9/5_20:30_4e              34747414084          ENVIADO      recordatorio FALLIDO (chat_input_not_found) -
9/5_19:00_4e              34675651585          ENVIADO      recordatorio FALLIDO (chat_input_not_found) -
10/5_17:30_maf            34722714718          ENVIADO      recordatorio FALLIDO (chat_input_not_found) -
10/5_17:30_4e             34653197010          ENVIADO      recordatorio FALLIDO (chat_input_not_found) -

[2026-05-13 13:30:21] POSITIVO | Fotos nuevas: 0 | Envios OK: 0 | Envios FAIL: 0 | Reviews negativas: 0 | Fotos borradas: 0

=== SESIÓN 13:32-13:32 (13/05/2026) ===
RESERVA                   TELÉFONO             ESTADO       RESPUESTA                 REVIEW
-----------------------------------------------------------------------------------------------
9/5_14:30_maf             34665976040          ENVIADO      recordatorio FALLIDO (chat_input_not_found) -
9/5_19:00_maf/csi         34%C2%A0628%C2%A061%C2%A027%C2%A078%E2%80%AC ENVIADO      recordatorio FALLIDO (chat_input_not_found) -
9/5_20:30_4e              34747414084          ENVIADO      recordatorio FALLIDO (chat_input_not_found) -
9/5_19:00_4e              34675651585          ENVIADO      recordatorio FALLIDO (chat_input_not_found) -
10/5_17:30_maf            34722714718          ENVIADO      recordatorio FALLIDO (chat_input_not_found) -
10/5_17:30_4e             34653197010          ENVIADO      recordatorio FALLIDO (chat_input_not_found) -

[2026-05-13 13:32:27] POSITIVO | Fotos nuevas: 0 | Envios OK: 0 | Envios FAIL: 0 | Reviews negativas: 0 | Fotos borradas: 0
[2026-05-13 13:32:43] NEGATIVO | WhatsApp no conectado (QR visible) — ciclo abortado

=== SESIÓN 13:34-13:34 (13/05/2026) ===
RESERVA                   TELÉFONO             ESTADO       RESPUESTA                 REVIEW
-----------------------------------------------------------------------------------------------
9/5_14:30_maf             34665976040          ENVIADO      recordatorio FALLIDO (chat_input_not_found) -
9/5_19:00_maf/csi         34%C2%A0628%C2%A061%C2%A027%C2%A078%E2%80%AC ENVIADO      recordatorio FALLIDO (chat_input_not_found) -
9/5_20:30_4e              34747414084          ENVIADO      recordatorio FALLIDO (chat_input_not_found) -
9/5_19:00_4e              34675651585          ENVIADO      recordatorio FALLIDO (chat_input_not_found) -
10/5_17:30_maf            34722714718          ENVIADO      recordatorio FALLIDO (chat_input_not_found) -
10/5_17:30_4e             34653197010          ENVIADO      recordatorio FALLIDO (chat_input_not_found) -

[2026-05-13 13:34:49] POSITIVO | Fotos nuevas: 0 | Envios OK: 0 | Envios FAIL: 0 | Reviews negativas: 0 | Fotos borradas: 0

=== SESIÓN 13:36-13:36 (13/05/2026) ===
RESERVA                   TELÉFONO             ESTADO       RESPUESTA                 REVIEW
-----------------------------------------------------------------------------------------------
9/5_14:30_maf             34665976040          ENVIADO      recordatorio FALLIDO (chat_input_not_found) -
9/5_19:00_maf/csi         34%C2%A0628%C2%A061%C2%A027%C2%A078%E2%80%AC ENVIADO      recordatorio FALLIDO (chat_input_not_found) -
9/5_20:30_4e              34747414084          ENVIADO      recordatorio FALLIDO (chat_input_not_found) -
9/5_19:00_4e              34675651585          ENVIADO      recordatorio FALLIDO (chat_input_not_found) -
10/5_17:30_maf            34722714718          ENVIADO      recordatorio FALLIDO (chat_input_not_found) -
10/5_17:30_4e             34653197010          ENVIADO      recordatorio FALLIDO (chat_input_not_found) -

[2026-05-13 13:36:12] POSITIVO | Fotos nuevas: 0 | Envios OK: 0 | Envios FAIL: 0 | Reviews negativas: 0 | Fotos borradas: 0

=== SESIÓN 13:37-13:37 (13/05/2026) ===
RESERVA                   TELÉFONO             ESTADO       RESPUESTA                 REVIEW
-----------------------------------------------------------------------------------------------
9/5_14:30_maf             34665976040          ENVIADO      recordatorio FALLIDO (chat_input_not_found) -
9/5_19:00_maf/csi         34%C2%A0628%C2%A061%C2%A027%C2%A078%E2%80%AC ENVIADO      recordatorio FALLIDO (chat_input_not_found) -
9/5_20:30_4e              34747414084          ENVIADO      recordatorio FALLIDO (chat_input_not_found) -
9/5_19:00_4e              34675651585          ENVIADO      recordatorio FALLIDO (chat_input_not_found) -
10/5_17:30_maf            34722714718          ENVIADO      recordatorio FALLIDO (chat_input_not_found) -
10/5_17:30_4e             34653197010          ENVIADO      recordatorio FALLIDO (chat_input_not_found) -

[2026-05-13 13:37:32] POSITIVO | Fotos nuevas: 0 | Envios OK: 0 | Envios FAIL: 0 | Reviews negativas: 0 | Fotos borradas: 0

=== SESIÓN 13:36-13:38 (13/05/2026) ===
RESERVA                   TELÉFONO             ESTADO       RESPUESTA                 REVIEW
-----------------------------------------------------------------------------------------------
9/5_14:30_maf             34665976040          ENVIADO      recordatorio FALLIDO (exception: HTTPConnectionPool(host='localhost', port=61187): Max retries exceeded with url: /session/07a039c0bc9bbaf65ad661209a9b89ac/source (Caused by NewConnectionError("HTTPConnection(host='localhost', port=61187): Failed to establish a new connection: [WinError 10061] No connection could be made because the target machine actively refused it"))) -
9/5_19:00_maf/csi         34%C2%A0628%C2%A061%C2%A027%C2%A078%E2%80%AC ENVIADO      recordatorio FALLIDO (exception: HTTPConnectionPool(host='localhost', port=61187): Max retries exceeded with url: /session/07a039c0bc9bbaf65ad661209a9b89ac/source (Caused by NewConnectionError("HTTPConnection(host='localhost', port=61187): Failed to establish a new connection: [WinError 10061] No connection could be made because the target machine actively refused it"))) -
9/5_20:30_4e              34747414084          ENVIADO      recordatorio FALLIDO (exception: HTTPConnectionPool(host='localhost', port=61187): Max retries exceeded with url: /session/07a039c0bc9bbaf65ad661209a9b89ac/source (Caused by NewConnectionError("HTTPConnection(host='localhost', port=61187): Failed to establish a new connection: [WinError 10061] No connection could be made because the target machine actively refused it"))) -
9/5_19:00_4e              34675651585          ENVIADO      recordatorio FALLIDO (exception: HTTPConnectionPool(host='localhost', port=61187): Max retries exceeded with url: /session/07a039c0bc9bbaf65ad661209a9b89ac/source (Caused by NewConnectionError("HTTPConnection(host='localhost', port=61187): Failed to establish a new connection: [WinError 10061] No connection could be made because the target machine actively refused it"))) -
10/5_17:30_maf            34722714718          ENVIADO      recordatorio FALLIDO (exception: HTTPConnectionPool(host='localhost', port=61187): Max retries exceeded with url: /session/07a039c0bc9bbaf65ad661209a9b89ac/source (Caused by NewConnectionError("HTTPConnection(host='localhost', port=61187): Failed to establish a new connection: [WinError 10061] No connection could be made because the target machine actively refused it"))) -
10/5_17:30_4e             34653197010          ENVIADO      recordatorio FALLIDO (exception: HTTPConnectionPool(host='localhost', port=61187): Max retries exceeded with url: /session/07a039c0bc9bbaf65ad661209a9b89ac/source (Caused by NewConnectionError("HTTPConnection(host='localhost', port=61187): Failed to establish a new connection: [WinError 10061] No connection could be made because the target machine actively refused it"))) -

[2026-05-13 13:38:53] POSITIVO | Fotos nuevas: 0 | Envios OK: 0 | Envios FAIL: 0 | Reviews negativas: 0 | Fotos borradas: 0

=== SESIÓN 13:38-13:38 (13/05/2026) ===
RESERVA                   TELÉFONO             ESTADO       RESPUESTA                 REVIEW
-----------------------------------------------------------------------------------------------
9/5_14:30_maf             34665976040          ENVIADO      recordatorio FALLIDO (chat_input_not_found) -
9/5_19:00_maf/csi         34%C2%A0628%C2%A061%C2%A027%C2%A078%E2%80%AC ENVIADO      recordatorio FALLIDO (chat_input_not_found) -
9/5_20:30_4e              34747414084          ENVIADO      recordatorio FALLIDO (chat_input_not_found) -
9/5_19:00_4e              34675651585          ENVIADO      recordatorio FALLIDO (chat_input_not_found) -
10/5_17:30_maf            34722714718          ENVIADO      recordatorio FALLIDO (chat_input_not_found) -
10/5_17:30_4e             34653197010          ENVIADO      recordatorio FALLIDO (chat_input_not_found) -

[2026-05-13 13:38:53] POSITIVO | Fotos nuevas: 0 | Envios OK: 0 | Envios FAIL: 0 | Reviews negativas: 0 | Fotos borradas: 0

=== SESIÓN 13:40-13:40 (13/05/2026) ===
RESERVA                   TELÉFONO             ESTADO       RESPUESTA                 REVIEW
-----------------------------------------------------------------------------------------------
9/5_14:30_maf             34665976040          ENVIADO      recordatorio FALLIDO (chat_input_not_found) -
9/5_19:00_maf/csi         34%C2%A0628%C2%A061%C2%A027%C2%A078%E2%80%AC ENVIADO      recordatorio FALLIDO (chat_input_not_found) -
9/5_20:30_4e              34747414084          ENVIADO      recordatorio FALLIDO (chat_input_not_found) -
9/5_19:00_4e              34675651585          ENVIADO      recordatorio FALLIDO (chat_input_not_found) -
10/5_17:30_maf            34722714718          ENVIADO      recordatorio FALLIDO (chat_input_not_found) -
10/5_17:30_4e             34653197010          ENVIADO      recordatorio FALLIDO (chat_input_not_found) -

[2026-05-13 13:40:59] POSITIVO | Fotos nuevas: 0 | Envios OK: 0 | Envios FAIL: 0 | Reviews negativas: 0 | Fotos borradas: 0
[2026-05-13 13:41:01] NEGATIVO | WhatsApp no conectado (QR visible) — ciclo abortado

=== SESIÓN 13:43-13:43 (13/05/2026) ===
RESERVA                   TELÉFONO             ESTADO       RESPUESTA                 REVIEW
-----------------------------------------------------------------------------------------------
9/5_14:30_maf             34665976040          ENVIADO      recordatorio FALLIDO (chat_input_not_found) -
9/5_19:00_maf/csi         34%C2%A0628%C2%A061%C2%A027%C2%A078%E2%80%AC ENVIADO      recordatorio FALLIDO (chat_input_not_found) -
9/5_20:30_4e              34747414084          ENVIADO      recordatorio FALLIDO (chat_input_not_found) -
9/5_19:00_4e              34675651585          ENVIADO      recordatorio FALLIDO (chat_input_not_found) -
10/5_17:30_maf            34722714718          ENVIADO      recordatorio FALLIDO (chat_input_not_found) -
10/5_17:30_4e             34653197010          ENVIADO      recordatorio FALLIDO (chat_input_not_found) -

[2026-05-13 13:43:09] POSITIVO | Fotos nuevas: 0 | Envios OK: 0 | Envios FAIL: 0 | Reviews negativas: 0 | Fotos borradas: 0

=== SESIÓN 13:44-13:44 (13/05/2026) ===
RESERVA                   TELÉFONO             ESTADO       RESPUESTA                 REVIEW
-----------------------------------------------------------------------------------------------
9/5_14:30_maf             34665976040          ENVIADO      recordatorio FALLIDO (chat_input_not_found) -
9/5_19:00_maf/csi         34%C2%A0628%C2%A061%C2%A027%C2%A078%E2%80%AC ENVIADO      recordatorio FALLIDO (chat_input_not_found) -
9/5_20:30_4e              34747414084          ENVIADO      recordatorio FALLIDO (chat_input_not_found) -
9/5_19:00_4e              34675651585          ENVIADO      recordatorio FALLIDO (chat_input_not_found) -
10/5_17:30_maf            34722714718          ENVIADO      recordatorio FALLIDO (chat_input_not_found) -
10/5_17:30_4e             34653197010          ENVIADO      recordatorio FALLIDO (chat_input_not_found) -

[2026-05-13 13:44:28] POSITIVO | Fotos nuevas: 0 | Envios OK: 0 | Envios FAIL: 0 | Reviews negativas: 0 | Fotos borradas: 0

=== SESIÓN 13:45-13:45 (13/05/2026) ===
RESERVA                   TELÉFONO             ESTADO       RESPUESTA                 REVIEW
-----------------------------------------------------------------------------------------------
9/5_14:30_maf             34665976040          ENVIADO      recordatorio FALLIDO (chat_input_not_found) -
9/5_19:00_maf/csi         34%C2%A0628%C2%A061%C2%A027%C2%A078%E2%80%AC ENVIADO      recordatorio FALLIDO (chat_input_not_found) -
9/5_20:30_4e              34747414084          ENVIADO      recordatorio FALLIDO (chat_input_not_found) -
9/5_19:00_4e              34675651585          ENVIADO      recordatorio FALLIDO (chat_input_not_found) -
10/5_17:30_maf            34722714718          ENVIADO      recordatorio FALLIDO (chat_input_not_found) -
10/5_17:30_4e             34653197010          ENVIADO      recordatorio FALLIDO (chat_input_not_found) -

[2026-05-13 13:45:47] POSITIVO | Fotos nuevas: 0 | Envios OK: 0 | Envios FAIL: 0 | Reviews negativas: 0 | Fotos borradas: 0

=== SESIÓN 13:46-13:47 (13/05/2026) ===
RESERVA                   TELÉFONO             ESTADO       RESPUESTA                 REVIEW
-----------------------------------------------------------------------------------------------
9/5_14:30_maf             34665976040          ENVIADO      recordatorio FALLIDO (chat_input_not_found) -
9/5_19:00_maf/csi         34%C2%A0628%C2%A061%C2%A027%C2%A078%E2%80%AC ENVIADO      recordatorio FALLIDO (chat_input_not_found) -
9/5_20:30_4e              34747414084          ENVIADO      recordatorio FALLIDO (chat_input_not_found) -
9/5_19:00_4e              34675651585          ENVIADO      recordatorio FALLIDO (chat_input_not_found) -
10/5_17:30_maf            34722714718          ENVIADO      recordatorio FALLIDO (chat_input_not_found) -
10/5_17:30_4e             34653197010          ENVIADO      recordatorio FALLIDO (chat_input_not_found) -

[2026-05-13 13:47:08] POSITIVO | Fotos nuevas: 0 | Envios OK: 0 | Envios FAIL: 0 | Reviews negativas: 0 | Fotos borradas: 0

=== SESIÓN 13:48-13:48 (13/05/2026) ===
RESERVA                   TELÉFONO             ESTADO       RESPUESTA                 REVIEW
-----------------------------------------------------------------------------------------------
9/5_14:30_maf             34665976040          ENVIADO      recordatorio FALLIDO (chat_input_not_found) -
9/5_19:00_maf/csi         34%C2%A0628%C2%A061%C2%A027%C2%A078%E2%80%AC ENVIADO      recordatorio FALLIDO (chat_input_not_found) -
9/5_20:30_4e              34747414084          ENVIADO      recordatorio FALLIDO (chat_input_not_found) -
9/5_19:00_4e              34675651585          ENVIADO      recordatorio FALLIDO (chat_input_not_found) -
10/5_17:30_maf            34722714718          ENVIADO      recordatorio FALLIDO (chat_input_not_found) -
10/5_17:30_4e             34653197010          ENVIADO      recordatorio FALLIDO (chat_input_not_found) -

[2026-05-13 13:48:33] POSITIVO | Fotos nuevas: 0 | Envios OK: 0 | Envios FAIL: 0 | Reviews negativas: 0 | Fotos borradas: 0

=== SESIÓN 13:49-13:49 (13/05/2026) ===
RESERVA                   TELÉFONO             ESTADO       RESPUESTA                 REVIEW
-----------------------------------------------------------------------------------------------
9/5_14:30_maf             34665976040          ENVIADO      recordatorio FALLIDO (chat_input_not_found) -
9/5_19:00_maf/csi         34%C2%A0628%C2%A061%C2%A027%C2%A078%E2%80%AC ENVIADO      recordatorio FALLIDO (chat_input_not_found) -
9/5_20:30_4e              34747414084          ENVIADO      recordatorio FALLIDO (chat_input_not_found) -
9/5_19:00_4e              34675651585          ENVIADO      recordatorio FALLIDO (chat_input_not_found) -
10/5_17:30_maf            34722714718          ENVIADO      recordatorio FALLIDO (chat_input_not_found) -
10/5_17:30_4e             34653197010          ENVIADO      recordatorio FALLIDO (chat_input_not_found) -

[2026-05-13 13:49:56] POSITIVO | Fotos nuevas: 0 | Envios OK: 0 | Envios FAIL: 0 | Reviews negativas: 0 | Fotos borradas: 0

=== SESIÓN 13:51-13:51 (13/05/2026) ===
RESERVA                   TELÉFONO             ESTADO       RESPUESTA                 REVIEW
-----------------------------------------------------------------------------------------------
9/5_14:30_maf             34665976040          ENVIADO      recordatorio FALLIDO (chat_input_not_found) -
9/5_19:00_maf/csi         34%C2%A0628%C2%A061%C2%A027%C2%A078%E2%80%AC ENVIADO      recordatorio FALLIDO (chat_input_not_found) -
9/5_20:30_4e              34747414084          ENVIADO      recordatorio FALLIDO (chat_input_not_found) -
9/5_19:00_4e              34675651585          ENVIADO      recordatorio FALLIDO (chat_input_not_found) -
10/5_17:30_maf            34722714718          ENVIADO      recordatorio FALLIDO (chat_input_not_found) -
10/5_17:30_4e             34653197010          ENVIADO      recordatorio FALLIDO (chat_input_not_found) -

[2026-05-13 13:51:15] POSITIVO | Fotos nuevas: 0 | Envios OK: 0 | Envios FAIL: 0 | Reviews negativas: 0 | Fotos borradas: 0

=== SESIÓN 13:52-13:52 (13/05/2026) ===
RESERVA                   TELÉFONO             ESTADO       RESPUESTA                 REVIEW
-----------------------------------------------------------------------------------------------
9/5_14:30_maf             34665976040          ENVIADO      recordatorio FALLIDO (chat_input_not_found) -
9/5_19:00_maf/csi         34%C2%A0628%C2%A061%C2%A027%C2%A078%E2%80%AC ENVIADO      recordatorio FALLIDO (chat_input_not_found) -
9/5_20:30_4e              34747414084          ENVIADO      recordatorio FALLIDO (chat_input_not_found) -
9/5_19:00_4e              34675651585          ENVIADO      recordatorio FALLIDO (chat_input_not_found) -
10/5_17:30_maf            34722714718          ENVIADO      recordatorio FALLIDO (chat_input_not_found) -
10/5_17:30_4e             34653197010          ENVIADO      recordatorio FALLIDO (chat_input_not_found) -

[2026-05-13 13:52:33] POSITIVO | Fotos nuevas: 0 | Envios OK: 0 | Envios FAIL: 0 | Reviews negativas: 0 | Fotos borradas: 0

=== SESIÓN 13:50-13:53 (13/05/2026) ===
RESERVA                   TELÉFONO             ESTADO       RESPUESTA                 REVIEW
-----------------------------------------------------------------------------------------------
9/5_14:30_maf             34665976040          ENVIADO      recordatorio FALLIDO (exception: HTTPConnectionPool(host='localhost', port=61799): Max retries exceeded with url: /session/f885d40886b6b74c19a2c0898a1120b6/source (Caused by NewConnectionError("HTTPConnection(host='localhost', port=61799): Failed to establish a new connection: [WinError 10061] No connection could be made because the target machine actively refused it"))) -
9/5_19:00_maf/csi         34%C2%A0628%C2%A061%C2%A027%C2%A078%E2%80%AC ENVIADO      recordatorio FALLIDO (exception: HTTPConnectionPool(host='localhost', port=61799): Max retries exceeded with url: /session/f885d40886b6b74c19a2c0898a1120b6/source (Caused by NewConnectionError("HTTPConnection(host='localhost', port=61799): Failed to establish a new connection: [WinError 10061] No connection could be made because the target machine actively refused it"))) -
9/5_20:30_4e              34747414084          ENVIADO      recordatorio FALLIDO (exception: HTTPConnectionPool(host='localhost', port=61799): Max retries exceeded with url: /session/f885d40886b6b74c19a2c0898a1120b6/source (Caused by NewConnectionError("HTTPConnection(host='localhost', port=61799): Failed to establish a new connection: [WinError 10061] No connection could be made because the target machine actively refused it"))) -
9/5_19:00_4e              34675651585          ENVIADO      recordatorio FALLIDO (exception: HTTPConnectionPool(host='localhost', port=61799): Max retries exceeded with url: /session/f885d40886b6b74c19a2c0898a1120b6/source (Caused by NewConnectionError("HTTPConnection(host='localhost', port=61799): Failed to establish a new connection: [WinError 10061] No connection could be made because the target machine actively refused it"))) -
10/5_17:30_maf            34722714718          ENVIADO      recordatorio FALLIDO (exception: HTTPConnectionPool(host='localhost', port=61799): Max retries exceeded with url: /session/f885d40886b6b74c19a2c0898a1120b6/source (Caused by NewConnectionError("HTTPConnection(host='localhost', port=61799): Failed to establish a new connection: [WinError 10061] No connection could be made because the target machine actively refused it"))) -
10/5_17:30_4e             34653197010          ENVIADO      recordatorio FALLIDO (exception: HTTPConnectionPool(host='localhost', port=61799): Max retries exceeded with url: /session/f885d40886b6b74c19a2c0898a1120b6/source (Caused by NewConnectionError("HTTPConnection(host='localhost', port=61799): Failed to establish a new connection: [WinError 10061] No connection could be made because the target machine actively refused it"))) -

[2026-05-13 13:53:40] POSITIVO | Fotos nuevas: 0 | Envios OK: 0 | Envios FAIL: 0 | Reviews negativas: 0 | Fotos borradas: 0

=== SESIÓN 13:54-13:55 (13/05/2026) ===
RESERVA                   TELÉFONO             ESTADO       RESPUESTA                 REVIEW
-----------------------------------------------------------------------------------------------
9/5_14:30_maf             34665976040          ENVIADO      recordatorio FALLIDO (chat_input_not_found) -
9/5_19:00_maf/csi         34%C2%A0628%C2%A061%C2%A027%C2%A078%E2%80%AC ENVIADO      recordatorio FALLIDO (chat_input_not_found) -
9/5_20:30_4e              34747414084          ENVIADO      recordatorio FALLIDO (chat_input_not_found) -
9/5_19:00_4e              34675651585          ENVIADO      recordatorio FALLIDO (chat_input_not_found) -
10/5_17:30_maf            34722714718          ENVIADO      recordatorio FALLIDO (chat_input_not_found) -
10/5_17:30_4e             34653197010          ENVIADO      recordatorio FALLIDO (chat_input_not_found) -

[2026-05-13 13:55:07] POSITIVO | Fotos nuevas: 0 | Envios OK: 0 | Envios FAIL: 0 | Reviews negativas: 0 | Fotos borradas: 0

=== SESIÓN 13:56-13:56 (13/05/2026) ===
RESERVA                   TELÉFONO             ESTADO       RESPUESTA                 REVIEW
-----------------------------------------------------------------------------------------------
9/5_14:30_maf             34665976040          ENVIADO      recordatorio FALLIDO (chat_input_not_found) -
9/5_19:00_maf/csi         34%C2%A0628%C2%A061%C2%A027%C2%A078%E2%80%AC ENVIADO      recordatorio FALLIDO (chat_input_not_found) -
9/5_20:30_4e              34747414084          ENVIADO      recordatorio FALLIDO (chat_input_not_found) -
9/5_19:00_4e              34675651585          ENVIADO      recordatorio FALLIDO (chat_input_not_found) -
10/5_17:30_maf            34722714718          ENVIADO      recordatorio FALLIDO (chat_input_not_found) -
10/5_17:30_4e             34653197010          ENVIADO      recordatorio FALLIDO (chat_input_not_found) -

[2026-05-13 13:56:28] POSITIVO | Fotos nuevas: 0 | Envios OK: 0 | Envios FAIL: 0 | Reviews negativas: 0 | Fotos borradas: 0

=== SESIÓN 13:54-13:56 (13/05/2026) ===
RESERVA                   TELÉFONO             ESTADO       RESPUESTA                 REVIEW
-----------------------------------------------------------------------------------------------
9/5_14:30_maf             34665976040          ENVIADO      recordatorio FALLIDO (exception: HTTPConnectionPool(host='localhost', port=63054): Max retries exceeded with url: /session/edd80ea4fa49cc862e6f01ece5ca21bd/source (Caused by NewConnectionError("HTTPConnection(host='localhost', port=63054): Failed to establish a new connection: [WinError 10061] No connection could be made because the target machine actively refused it"))) -
9/5_19:00_maf/csi         34%C2%A0628%C2%A061%C2%A027%C2%A078%E2%80%AC ENVIADO      recordatorio FALLIDO (exception: HTTPConnectionPool(host='localhost', port=63054): Max retries exceeded with url: /session/edd80ea4fa49cc862e6f01ece5ca21bd/source (Caused by NewConnectionError("HTTPConnection(host='localhost', port=63054): Failed to establish a new connection: [WinError 10061] No connection could be made because the target machine actively refused it"))) -
9/5_20:30_4e              34747414084          ENVIADO      recordatorio FALLIDO (exception: HTTPConnectionPool(host='localhost', port=63054): Max retries exceeded with url: /session/edd80ea4fa49cc862e6f01ece5ca21bd/source (Caused by NewConnectionError("HTTPConnection(host='localhost', port=63054): Failed to establish a new connection: [WinError 10061] No connection could be made because the target machine actively refused it"))) -
9/5_19:00_4e              34675651585          ENVIADO      recordatorio FALLIDO (exception: HTTPConnectionPool(host='localhost', port=63054): Max retries exceeded with url: /session/edd80ea4fa49cc862e6f01ece5ca21bd/source (Caused by NewConnectionError("HTTPConnection(host='localhost', port=63054): Failed to establish a new connection: [WinError 10061] No connection could be made because the target machine actively refused it"))) -
10/5_17:30_maf            34722714718          ENVIADO      recordatorio FALLIDO (exception: HTTPConnectionPool(host='localhost', port=63054): Max retries exceeded with url: /session/edd80ea4fa49cc862e6f01ece5ca21bd/source (Caused by NewConnectionError("HTTPConnection(host='localhost', port=63054): Failed to establish a new connection: [WinError 10061] No connection could be made because the target machine actively refused it"))) -
10/5_17:30_4e             34653197010          ENVIADO      recordatorio FALLIDO (exception: HTTPConnectionPool(host='localhost', port=63054): Max retries exceeded with url: /session/edd80ea4fa49cc862e6f01ece5ca21bd/source (Caused by NewConnectionError("HTTPConnection(host='localhost', port=63054): Failed to establish a new connection: [WinError 10061] No connection could be made because the target machine actively refused it"))) -

[2026-05-13 13:56:57] POSITIVO | Fotos nuevas: 0 | Envios OK: 0 | Envios FAIL: 0 | Reviews negativas: 0 | Fotos borradas: 0

=== SESIÓN 13:57-13:57 (13/05/2026) ===
RESERVA                   TELÉFONO             ESTADO       RESPUESTA                 REVIEW
-----------------------------------------------------------------------------------------------
9/5_14:30_maf             34665976040          ENVIADO      recordatorio FALLIDO (chat_input_not_found) -
9/5_19:00_maf/csi         34%C2%A0628%C2%A061%C2%A027%C2%A078%E2%80%AC ENVIADO      recordatorio FALLIDO (chat_input_not_found) -
9/5_20:30_4e              34747414084          ENVIADO      recordatorio FALLIDO (chat_input_not_found) -
9/5_19:00_4e              34675651585          ENVIADO      recordatorio FALLIDO (chat_input_not_found) -
10/5_17:30_maf            34722714718          ENVIADO      recordatorio FALLIDO (chat_input_not_found) -
10/5_17:30_4e             34653197010          ENVIADO      recordatorio FALLIDO (exception: Message: invalid session id; For documentation on this error, please visit: https://www.selenium.dev/documentation/webdriver/troubleshooting/errors#invalidsessionidexception
Stacktrace:
	chromedriver!GetHandleVerifier [0xb4b373+10553]
	chromedriver!GetHandleVerifier [0xb4b4a4+10684]
	chromedriver!(No symbol) [0x951c4e]
	chromedriver!(No symbol) [0x98f2c5]
	chromedriver!(No symbol) [0x9bd726]
	chromedriver!(No symbol) [0x9b8c62]
	chromedriver!(No symbol) [0x9b8281]
	chromedriver!(No symbol) [0x92501e]
	chromedriver!(No symbol) [0x9255be]
	chromedriver!(No symbol) [0x925a9d]
	chromedriver!GetHandleVerifier [0xdcddb4+292f94]
	chromedriver!GetHandleVerifier [0xdc937d+28e55d]
	chromedriver!GetHandleVerifier [0xde8215+2ad3f5]
	chromedriver!GetHandleVerifier [0xb64c18+29df8]
	chromedriver!GetHandleVerifier [0xb6c6fd+318dd]
	chromedriver!(No symbol) [0x924b99]
	chromedriver!(No symbol) [0x9241e0]
	chromedriver!GetHandleVerifier [0xf32bef+3f7dcf]
	KERNEL32!BaseThreadInitThunk [0x765562c4+24]
	ntdll!RtlSubscribeWnfStateChangeNotification [0x770a0aa9+439]
	ntdll!RtlSubscribeWnfStateChangeNotification [0x770a0a74+404]
) -

[2026-05-13 13:57:46] POSITIVO | Fotos nuevas: 0 | Envios OK: 0 | Envios FAIL: 0 | Reviews negativas: 0 | Fotos borradas: 0

=== SESIÓN 13:59-13:59 (13/05/2026) ===
RESERVA                   TELÉFONO             ESTADO       RESPUESTA                 REVIEW
-----------------------------------------------------------------------------------------------
9/5_14:30_maf             34665976040          ENVIADO      recordatorio FALLIDO (chat_input_not_found) -
9/5_19:00_maf/csi         34%C2%A0628%C2%A061%C2%A027%C2%A078%E2%80%AC ENVIADO      recordatorio FALLIDO (chat_input_not_found) -
9/5_20:30_4e              34747414084          ENVIADO      recordatorio FALLIDO (chat_input_not_found) -
9/5_19:00_4e              34675651585          ENVIADO      recordatorio FALLIDO (chat_input_not_found) -
10/5_17:30_maf            34722714718          ENVIADO      recordatorio FALLIDO (chat_input_not_found) -
10/5_17:30_4e             34653197010          ENVIADO      recordatorio FALLIDO (chat_input_not_found) -

[2026-05-13 13:59:43] POSITIVO | Fotos nuevas: 0 | Envios OK: 0 | Envios FAIL: 0 | Reviews negativas: 0 | Fotos borradas: 0
[2026-05-13 14:00:06] NEGATIVO | WhatsApp no conectado (QR visible) — ciclo abortado

=== SESIÓN 14:02-14:02 (13/05/2026) ===
RESERVA                   TELÉFONO             ESTADO       RESPUESTA                 REVIEW
-----------------------------------------------------------------------------------------------
9/5_14:30_maf             34665976040          ENVIADO      recordatorio FALLIDO (chat_input_not_found) -
9/5_19:00_maf/csi         34%C2%A0628%C2%A061%C2%A027%C2%A078%E2%80%AC ENVIADO      recordatorio FALLIDO (chat_input_not_found) -
9/5_20:30_4e              34747414084          ENVIADO      recordatorio FALLIDO (chat_input_not_found) -
9/5_19:00_4e              34675651585          ENVIADO      recordatorio FALLIDO (chat_input_not_found) -
10/5_17:30_maf            34722714718          ENVIADO      recordatorio FALLIDO (chat_input_not_found) -
10/5_17:30_4e             34653197010          ENVIADO      recordatorio FALLIDO (chat_input_not_found) -

[2026-05-13 14:02:10] POSITIVO | Fotos nuevas: 0 | Envios OK: 0 | Envios FAIL: 0 | Reviews negativas: 0 | Fotos borradas: 0

=== SESIÓN 14:03-14:03 (13/05/2026) ===
RESERVA                   TELÉFONO             ESTADO       RESPUESTA                 REVIEW
-----------------------------------------------------------------------------------------------
9/5_14:30_maf             34665976040          ENVIADO      recordatorio FALLIDO (chat_input_not_found) -
9/5_19:00_maf/csi         34%C2%A0628%C2%A061%C2%A027%C2%A078%E2%80%AC ENVIADO      recordatorio FALLIDO (chat_input_not_found) -
9/5_20:30_4e              34747414084          ENVIADO      recordatorio FALLIDO (chat_input_not_found) -
9/5_19:00_4e              34675651585          ENVIADO      recordatorio FALLIDO (chat_input_not_found) -
10/5_17:30_maf            34722714718          ENVIADO      recordatorio FALLIDO (chat_input_not_found) -
10/5_17:30_4e             34653197010          ENVIADO      recordatorio FALLIDO (chat_input_not_found) -

[2026-05-13 14:03:30] POSITIVO | Fotos nuevas: 0 | Envios OK: 0 | Envios FAIL: 0 | Reviews negativas: 0 | Fotos borradas: 0

=== SESIÓN 14:04-14:04 (13/05/2026) ===
RESERVA                   TELÉFONO             ESTADO       RESPUESTA                 REVIEW
-----------------------------------------------------------------------------------------------
9/5_14:30_maf             34665976040          ENVIADO      recordatorio FALLIDO (chat_input_not_found) -
9/5_19:00_maf/csi         34%C2%A0628%C2%A061%C2%A027%C2%A078%E2%80%AC ENVIADO      recordatorio FALLIDO (chat_input_not_found) -
9/5_20:30_4e              34747414084          ENVIADO      recordatorio FALLIDO (chat_input_not_found) -
9/5_19:00_4e              34675651585          ENVIADO      recordatorio FALLIDO (chat_input_not_found) -
10/5_17:30_maf            34722714718          ENVIADO      recordatorio FALLIDO (chat_input_not_found) -
10/5_17:30_4e             34653197010          ENVIADO      recordatorio FALLIDO (chat_input_not_found) -

[2026-05-13 14:04:50] POSITIVO | Fotos nuevas: 0 | Envios OK: 0 | Envios FAIL: 0 | Reviews negativas: 0 | Fotos borradas: 0

=== SESIÓN 14:06-14:06 (13/05/2026) ===
RESERVA                   TELÉFONO             ESTADO       RESPUESTA                 REVIEW
-----------------------------------------------------------------------------------------------
9/5_14:30_maf             34665976040          ENVIADO      recordatorio FALLIDO (chat_input_not_found) -
9/5_19:00_maf/csi         34%C2%A0628%C2%A061%C2%A027%C2%A078%E2%80%AC ENVIADO      recordatorio FALLIDO (chat_input_not_found) -
9/5_20:30_4e              34747414084          ENVIADO      recordatorio FALLIDO (chat_input_not_found) -
9/5_19:00_4e              34675651585          ENVIADO      recordatorio FALLIDO (chat_input_not_found) -
10/5_17:30_maf            34722714718          ENVIADO      recordatorio FALLIDO (chat_input_not_found) -
10/5_17:30_4e             34653197010          ENVIADO      recordatorio FALLIDO (chat_input_not_found) -

[2026-05-13 14:06:10] POSITIVO | Fotos nuevas: 0 | Envios OK: 0 | Envios FAIL: 0 | Reviews negativas: 0 | Fotos borradas: 0

=== SESIÓN 14:07-14:07 (13/05/2026) ===
RESERVA                   TELÉFONO             ESTADO       RESPUESTA                 REVIEW
-----------------------------------------------------------------------------------------------
9/5_14:30_maf             34665976040          ENVIADO      recordatorio FALLIDO (chat_input_not_found) -
9/5_19:00_maf/csi         34%C2%A0628%C2%A061%C2%A027%C2%A078%E2%80%AC ENVIADO      recordatorio FALLIDO (chat_input_not_found) -
9/5_20:30_4e              34747414084          ENVIADO      recordatorio FALLIDO (chat_input_not_found) -
9/5_19:00_4e              34675651585          ENVIADO      recordatorio FALLIDO (chat_input_not_found) -
10/5_17:30_maf            34722714718          ENVIADO      recordatorio FALLIDO (chat_input_not_found) -
10/5_17:30_4e             34653197010          ENVIADO      recordatorio FALLIDO (chat_input_not_found) -

[2026-05-13 14:07:29] POSITIVO | Fotos nuevas: 0 | Envios OK: 0 | Envios FAIL: 0 | Reviews negativas: 0 | Fotos borradas: 0

=== SESIÓN 14:08-14:08 (13/05/2026) ===
RESERVA                   TELÉFONO             ESTADO       RESPUESTA                 REVIEW
-----------------------------------------------------------------------------------------------
9/5_14:30_maf             34665976040          ENVIADO      recordatorio FALLIDO (chat_input_not_found) -
9/5_19:00_maf/csi         34%C2%A0628%C2%A061%C2%A027%C2%A078%E2%80%AC ENVIADO      recordatorio FALLIDO (chat_input_not_found) -
9/5_20:30_4e              34747414084          ENVIADO      recordatorio FALLIDO (chat_input_not_found) -
9/5_19:00_4e              34675651585          ENVIADO      recordatorio FALLIDO (chat_input_not_found) -
10/5_17:30_maf            34722714718          ENVIADO      recordatorio FALLIDO (chat_input_not_found) -
10/5_17:30_4e             34653197010          ENVIADO      recordatorio FALLIDO (chat_input_not_found) -

[2026-05-13 14:08:48] POSITIVO | Fotos nuevas: 0 | Envios OK: 0 | Envios FAIL: 0 | Reviews negativas: 0 | Fotos borradas: 0

=== SESIÓN 14:07-14:09 (13/05/2026) ===
RESERVA                   TELÉFONO             ESTADO       RESPUESTA                 REVIEW
-----------------------------------------------------------------------------------------------
9/5_14:30_maf             34665976040          ENVIADO      recordatorio FALLIDO (exception: HTTPConnectionPool(host='localhost', port=63553): Max retries exceeded with url: /session/396e3492f72120de3bdda91fd1ea625c/source (Caused by NewConnectionError("HTTPConnection(host='localhost', port=63553): Failed to establish a new connection: [WinError 10061] No connection could be made because the target machine actively refused it"))) -
9/5_19:00_maf/csi         34%C2%A0628%C2%A061%C2%A027%C2%A078%E2%80%AC ENVIADO      recordatorio FALLIDO (exception: HTTPConnectionPool(host='localhost', port=63553): Max retries exceeded with url: /session/396e3492f72120de3bdda91fd1ea625c/source (Caused by NewConnectionError("HTTPConnection(host='localhost', port=63553): Failed to establish a new connection: [WinError 10061] No connection could be made because the target machine actively refused it"))) -
9/5_20:30_4e              34747414084          ENVIADO      recordatorio FALLIDO (exception: HTTPConnectionPool(host='localhost', port=63553): Max retries exceeded with url: /session/396e3492f72120de3bdda91fd1ea625c/source (Caused by NewConnectionError("HTTPConnection(host='localhost', port=63553): Failed to establish a new connection: [WinError 10061] No connection could be made because the target machine actively refused it"))) -
9/5_19:00_4e              34675651585          ENVIADO      recordatorio FALLIDO (exception: HTTPConnectionPool(host='localhost', port=63553): Max retries exceeded with url: /session/396e3492f72120de3bdda91fd1ea625c/source (Caused by NewConnectionError("HTTPConnection(host='localhost', port=63553): Failed to establish a new connection: [WinError 10061] No connection could be made because the target machine actively refused it"))) -
10/5_17:30_maf            34722714718          ENVIADO      recordatorio FALLIDO (exception: HTTPConnectionPool(host='localhost', port=63553): Max retries exceeded with url: /session/396e3492f72120de3bdda91fd1ea625c/source (Caused by NewConnectionError("HTTPConnection(host='localhost', port=63553): Failed to establish a new connection: [WinError 10061] No connection could be made because the target machine actively refused it"))) -
10/5_17:30_4e             34653197010          ENVIADO      recordatorio FALLIDO (exception: HTTPConnectionPool(host='localhost', port=63553): Max retries exceeded with url: /session/396e3492f72120de3bdda91fd1ea625c/source (Caused by NewConnectionError("HTTPConnection(host='localhost', port=63553): Failed to establish a new connection: [WinError 10061] No connection could be made because the target machine actively refused it"))) -

[2026-05-13 14:09:56] POSITIVO | Fotos nuevas: 0 | Envios OK: 0 | Envios FAIL: 0 | Reviews negativas: 0 | Fotos borradas: 0

=== SESIÓN 14:11-14:11 (13/05/2026) ===
RESERVA                   TELÉFONO             ESTADO       RESPUESTA                 REVIEW
-----------------------------------------------------------------------------------------------
9/5_14:30_maf             34665976040          ENVIADO      recordatorio FALLIDO (chat_input_not_found) -
9/5_19:00_maf/csi         34%C2%A0628%C2%A061%C2%A027%C2%A078%E2%80%AC ENVIADO      recordatorio FALLIDO (chat_input_not_found) -
9/5_20:30_4e              34747414084          ENVIADO      recordatorio FALLIDO (chat_input_not_found) -
9/5_19:00_4e              34675651585          ENVIADO      recordatorio FALLIDO (chat_input_not_found) -
10/5_17:30_maf            34722714718          ENVIADO      recordatorio FALLIDO (chat_input_not_found) -
10/5_17:30_4e             34653197010          ENVIADO      recordatorio FALLIDO (chat_input_not_found) -

[2026-05-13 14:11:21] POSITIVO | Fotos nuevas: 0 | Envios OK: 0 | Envios FAIL: 0 | Reviews negativas: 0 | Fotos borradas: 0

=== SESIÓN 14:10-14:11 (13/05/2026) ===
RESERVA                   TELÉFONO             ESTADO       RESPUESTA                 REVIEW
-----------------------------------------------------------------------------------------------
9/5_14:30_maf             34665976040          ENVIADO      recordatorio FALLIDO (chat_input_not_found) -
9/5_19:00_maf/csi         34%C2%A0628%C2%A061%C2%A027%C2%A078%E2%80%AC ENVIADO      recordatorio FALLIDO (chat_input_not_found) -
9/5_20:30_4e              34747414084          ENVIADO      recordatorio FALLIDO (exception: HTTPConnectionPool(host='localhost', port=64251): Max retries exceeded with url: /session/273a924ddf67a2544bd10a234f09104e/source (Caused by NewConnectionError("HTTPConnection(host='localhost', port=64251): Failed to establish a new connection: [WinError 10061] No connection could be made because the target machine actively refused it"))) -
9/5_19:00_4e              34675651585          ENVIADO      recordatorio FALLIDO (exception: HTTPConnectionPool(host='localhost', port=64251): Max retries exceeded with url: /session/273a924ddf67a2544bd10a234f09104e/source (Caused by NewConnectionError("HTTPConnection(host='localhost', port=64251): Failed to establish a new connection: [WinError 10061] No connection could be made because the target machine actively refused it"))) -
10/5_17:30_maf            34722714718          ENVIADO      recordatorio FALLIDO (exception: HTTPConnectionPool(host='localhost', port=64251): Max retries exceeded with url: /session/273a924ddf67a2544bd10a234f09104e/source (Caused by NewConnectionError("HTTPConnection(host='localhost', port=64251): Failed to establish a new connection: [WinError 10061] No connection could be made because the target machine actively refused it"))) -
10/5_17:30_4e             34653197010          ENVIADO      recordatorio FALLIDO (exception: HTTPConnectionPool(host='localhost', port=64251): Max retries exceeded with url: /session/273a924ddf67a2544bd10a234f09104e/source (Caused by NewConnectionError("HTTPConnection(host='localhost', port=64251): Failed to establish a new connection: [WinError 10061] No connection could be made because the target machine actively refused it"))) -

[2026-05-13 14:11:58] POSITIVO | Fotos nuevas: 0 | Envios OK: 0 | Envios FAIL: 0 | Reviews negativas: 0 | Fotos borradas: 0

=== SESIÓN 14:13-14:13 (13/05/2026) ===
RESERVA                   TELÉFONO             ESTADO       RESPUESTA                 REVIEW
-----------------------------------------------------------------------------------------------
9/5_14:30_maf             34665976040          ENVIADO      recordatorio FALLIDO (chat_input_not_found) -
9/5_19:00_maf/csi         34%C2%A0628%C2%A061%C2%A027%C2%A078%E2%80%AC ENVIADO      recordatorio FALLIDO (chat_input_not_found) -
9/5_20:30_4e              34747414084          ENVIADO      recordatorio FALLIDO (chat_input_not_found) -
9/5_19:00_4e              34675651585          ENVIADO      recordatorio FALLIDO (chat_input_not_found) -
10/5_17:30_maf            34722714718          ENVIADO      recordatorio FALLIDO (chat_input_not_found) -
10/5_17:30_4e             34653197010          ENVIADO      recordatorio FALLIDO (chat_input_not_found) -

[2026-05-13 14:13:28] POSITIVO | Fotos nuevas: 0 | Envios OK: 0 | Envios FAIL: 0 | Reviews negativas: 0 | Fotos borradas: 0
[2026-05-13 14:13:45] NEGATIVO | WhatsApp no conectado (QR visible) — ciclo abortado

=== SESIÓN 14:15-14:15 (13/05/2026) ===
RESERVA                   TELÉFONO             ESTADO       RESPUESTA                 REVIEW
-----------------------------------------------------------------------------------------------
9/5_14:30_maf             34665976040          ENVIADO      recordatorio FALLIDO (chat_input_not_found) -
9/5_19:00_maf/csi         34%C2%A0628%C2%A061%C2%A027%C2%A078%E2%80%AC ENVIADO      recordatorio FALLIDO (chat_input_not_found) -
9/5_20:30_4e              34747414084          ENVIADO      recordatorio FALLIDO (chat_input_not_found) -
9/5_19:00_4e              34675651585          ENVIADO      recordatorio FALLIDO (chat_input_not_found) -
10/5_17:30_maf            34722714718          ENVIADO      recordatorio FALLIDO (chat_input_not_found) -
10/5_17:30_4e             34653197010          ENVIADO      recordatorio FALLIDO (chat_input_not_found) -

[2026-05-13 14:15:54] POSITIVO | Fotos nuevas: 0 | Envios OK: 0 | Envios FAIL: 0 | Reviews negativas: 0 | Fotos borradas: 0

=== SESIÓN 14:17-14:17 (13/05/2026) ===
RESERVA                   TELÉFONO             ESTADO       RESPUESTA                 REVIEW
-----------------------------------------------------------------------------------------------
9/5_14:30_maf             34665976040          ENVIADO      recordatorio FALLIDO (chat_input_not_found) -
9/5_19:00_maf/csi         34%C2%A0628%C2%A061%C2%A027%C2%A078%E2%80%AC ENVIADO      recordatorio FALLIDO (chat_input_not_found) -
9/5_20:30_4e              34747414084          ENVIADO      recordatorio FALLIDO (chat_input_not_found) -
9/5_19:00_4e              34675651585          ENVIADO      recordatorio FALLIDO (chat_input_not_found) -
10/5_17:30_maf            34722714718          ENVIADO      recordatorio FALLIDO (chat_input_not_found) -
10/5_17:30_4e             34653197010          ENVIADO      recordatorio FALLIDO (chat_input_not_found) -

[2026-05-13 14:17:13] POSITIVO | Fotos nuevas: 0 | Envios OK: 0 | Envios FAIL: 0 | Reviews negativas: 0 | Fotos borradas: 0

=== SESIÓN 14:18-14:18 (13/05/2026) ===
RESERVA                   TELÉFONO             ESTADO       RESPUESTA                 REVIEW
-----------------------------------------------------------------------------------------------
9/5_14:30_maf             34665976040          ENVIADO      recordatorio FALLIDO (chat_input_not_found) -
9/5_19:00_maf/csi         34%C2%A0628%C2%A061%C2%A027%C2%A078%E2%80%AC ENVIADO      recordatorio FALLIDO (chat_input_not_found) -
9/5_20:30_4e              34747414084          ENVIADO      recordatorio FALLIDO (chat_input_not_found) -
9/5_19:00_4e              34675651585          ENVIADO      recordatorio FALLIDO (chat_input_not_found) -
10/5_17:30_maf            34722714718          ENVIADO      recordatorio FALLIDO (chat_input_not_found) -
10/5_17:30_4e             34653197010          ENVIADO      recordatorio FALLIDO (chat_input_not_found) -

[2026-05-13 14:18:39] POSITIVO | Fotos nuevas: 0 | Envios OK: 0 | Envios FAIL: 0 | Reviews negativas: 0 | Fotos borradas: 0

=== SESIÓN 14:17-14:19 (13/05/2026) ===
RESERVA                   TELÉFONO             ESTADO       RESPUESTA                 REVIEW
-----------------------------------------------------------------------------------------------
9/5_14:30_maf             34665976040          ENVIADO      recordatorio FALLIDO (exception: HTTPConnectionPool(host='localhost', port=64831): Max retries exceeded with url: /session/2d65d86fdfe62cdb12f1beb7a5ecbc3b/source (Caused by NewConnectionError("HTTPConnection(host='localhost', port=64831): Failed to establish a new connection: [WinError 10061] No connection could be made because the target machine actively refused it"))) -
9/5_19:00_maf/csi         34%C2%A0628%C2%A061%C2%A027%C2%A078%E2%80%AC ENVIADO      recordatorio FALLIDO (exception: HTTPConnectionPool(host='localhost', port=64831): Max retries exceeded with url: /session/2d65d86fdfe62cdb12f1beb7a5ecbc3b/source (Caused by NewConnectionError("HTTPConnection(host='localhost', port=64831): Failed to establish a new connection: [WinError 10061] No connection could be made because the target machine actively refused it"))) -
9/5_20:30_4e              34747414084          ENVIADO      recordatorio FALLIDO (exception: HTTPConnectionPool(host='localhost', port=64831): Max retries exceeded with url: /session/2d65d86fdfe62cdb12f1beb7a5ecbc3b/source (Caused by NewConnectionError("HTTPConnection(host='localhost', port=64831): Failed to establish a new connection: [WinError 10061] No connection could be made because the target machine actively refused it"))) -
9/5_19:00_4e              34675651585          ENVIADO      recordatorio FALLIDO (exception: HTTPConnectionPool(host='localhost', port=64831): Max retries exceeded with url: /session/2d65d86fdfe62cdb12f1beb7a5ecbc3b/source (Caused by NewConnectionError("HTTPConnection(host='localhost', port=64831): Failed to establish a new connection: [WinError 10061] No connection could be made because the target machine actively refused it"))) -
10/5_17:30_maf            34722714718          ENVIADO      recordatorio FALLIDO (exception: HTTPConnectionPool(host='localhost', port=64831): Max retries exceeded with url: /session/2d65d86fdfe62cdb12f1beb7a5ecbc3b/source (Caused by NewConnectionError("HTTPConnection(host='localhost', port=64831): Failed to establish a new connection: [WinError 10061] No connection could be made because the target machine actively refused it"))) -
10/5_17:30_4e             34653197010          ENVIADO      recordatorio FALLIDO (exception: HTTPConnectionPool(host='localhost', port=64831): Max retries exceeded with url: /session/2d65d86fdfe62cdb12f1beb7a5ecbc3b/source (Caused by NewConnectionError("HTTPConnection(host='localhost', port=64831): Failed to establish a new connection: [WinError 10061] No connection could be made because the target machine actively refused it"))) -

[2026-05-13 14:19:45] POSITIVO | Fotos nuevas: 0 | Envios OK: 0 | Envios FAIL: 0 | Reviews negativas: 0 | Fotos borradas: 0

=== SESIÓN 14:21-14:21 (13/05/2026) ===
RESERVA                   TELÉFONO             ESTADO       RESPUESTA                 REVIEW
-----------------------------------------------------------------------------------------------
9/5_14:30_maf             34665976040          ENVIADO      recordatorio FALLIDO (chat_input_not_found) -
9/5_19:00_maf/csi         34%C2%A0628%C2%A061%C2%A027%C2%A078%E2%80%AC ENVIADO      recordatorio FALLIDO (chat_input_not_found) -
9/5_20:30_4e              34747414084          ENVIADO      recordatorio FALLIDO (chat_input_not_found) -
9/5_19:00_4e              34675651585          ENVIADO      recordatorio FALLIDO (chat_input_not_found) -
10/5_17:30_maf            34722714718          ENVIADO      recordatorio FALLIDO (chat_input_not_found) -
10/5_17:30_4e             34653197010          ENVIADO      recordatorio FALLIDO (chat_input_not_found) -

[2026-05-13 14:21:12] POSITIVO | Fotos nuevas: 0 | Envios OK: 0 | Envios FAIL: 0 | Reviews negativas: 0 | Fotos borradas: 0

=== SESIÓN 14:19-14:22 (13/05/2026) ===
RESERVA                   TELÉFONO             ESTADO       RESPUESTA                 REVIEW
-----------------------------------------------------------------------------------------------
9/5_14:30_maf             34665976040          ENVIADO      recordatorio FALLIDO (chat_input_not_found) -
9/5_19:00_maf/csi         34%C2%A0628%C2%A061%C2%A027%C2%A078%E2%80%AC ENVIADO      recordatorio FALLIDO (exception: HTTPConnectionPool(host='localhost', port=65396): Max retries exceeded with url: /session/7e22e58381090684545fd32b85676199/source (Caused by NewConnectionError("HTTPConnection(host='localhost', port=65396): Failed to establish a new connection: [WinError 10061] No connection could be made because the target machine actively refused it"))) -
9/5_20:30_4e              34747414084          ENVIADO      recordatorio FALLIDO (exception: HTTPConnectionPool(host='localhost', port=65396): Max retries exceeded with url: /session/7e22e58381090684545fd32b85676199/source (Caused by NewConnectionError("HTTPConnection(host='localhost', port=65396): Failed to establish a new connection: [WinError 10061] No connection could be made because the target machine actively refused it"))) -
9/5_19:00_4e              34675651585          ENVIADO      recordatorio FALLIDO (exception: HTTPConnectionPool(host='localhost', port=65396): Max retries exceeded with url: /session/7e22e58381090684545fd32b85676199/source (Caused by NewConnectionError("HTTPConnection(host='localhost', port=65396): Failed to establish a new connection: [WinError 10061] No connection could be made because the target machine actively refused it"))) -
10/5_17:30_maf            34722714718          ENVIADO      recordatorio FALLIDO (exception: HTTPConnectionPool(host='localhost', port=65396): Max retries exceeded with url: /session/7e22e58381090684545fd32b85676199/source (Caused by NewConnectionError("HTTPConnection(host='localhost', port=65396): Failed to establish a new connection: [WinError 10061] No connection could be made because the target machine actively refused it"))) -
10/5_17:30_4e             34653197010          ENVIADO      recordatorio FALLIDO (exception: HTTPConnectionPool(host='localhost', port=65396): Max retries exceeded with url: /session/7e22e58381090684545fd32b85676199/source (Caused by NewConnectionError("HTTPConnection(host='localhost', port=65396): Failed to establish a new connection: [WinError 10061] No connection could be made because the target machine actively refused it"))) -

[2026-05-13 14:22:29] POSITIVO | Fotos nuevas: 0 | Envios OK: 0 | Envios FAIL: 0 | Reviews negativas: 0 | Fotos borradas: 0

=== SESIÓN 14:22-14:22 (13/05/2026) ===
RESERVA                   TELÉFONO             ESTADO       RESPUESTA                 REVIEW
-----------------------------------------------------------------------------------------------
9/5_14:30_maf             34665976040          ENVIADO      recordatorio FALLIDO (chat_input_not_found) -
9/5_19:00_maf/csi         34%C2%A0628%C2%A061%C2%A027%C2%A078%E2%80%AC ENVIADO      recordatorio FALLIDO (chat_input_not_found) -
9/5_20:30_4e              34747414084          ENVIADO      recordatorio FALLIDO (chat_input_not_found) -
9/5_19:00_4e              34675651585          ENVIADO      recordatorio FALLIDO (chat_input_not_found) -
10/5_17:30_maf            34722714718          ENVIADO      recordatorio FALLIDO (chat_input_not_found) -
10/5_17:30_4e             34653197010          ENVIADO      recordatorio FALLIDO (chat_input_not_found) -

[2026-05-13 14:22:38] POSITIVO | Fotos nuevas: 0 | Envios OK: 0 | Envios FAIL: 0 | Reviews negativas: 0 | Fotos borradas: 0

=== SESIÓN 14:24-14:24 (13/05/2026) ===
RESERVA                   TELÉFONO             ESTADO       RESPUESTA                 REVIEW
-----------------------------------------------------------------------------------------------
9/5_14:30_maf             34665976040          ENVIADO      recordatorio FALLIDO (chat_input_not_found) -
9/5_19:00_maf/csi         34%C2%A0628%C2%A061%C2%A027%C2%A078%E2%80%AC ENVIADO      recordatorio FALLIDO (chat_input_not_found) -
9/5_20:30_4e              34747414084          ENVIADO      recordatorio FALLIDO (chat_input_not_found) -
9/5_19:00_4e              34675651585          ENVIADO      recordatorio FALLIDO (chat_input_not_found) -
10/5_17:30_maf            34722714718          ENVIADO      recordatorio FALLIDO (chat_input_not_found) -
10/5_17:30_4e             34653197010          ENVIADO      recordatorio FALLIDO (chat_input_not_found) -

[2026-05-13 14:24:42] POSITIVO | Fotos nuevas: 0 | Envios OK: 0 | Envios FAIL: 0 | Reviews negativas: 0 | Fotos borradas: 0
[2026-05-13 14:24:44] NEGATIVO | WhatsApp no conectado (QR visible) — ciclo abortado

=== SESIÓN 14:26-14:26 (13/05/2026) ===
RESERVA                   TELÉFONO             ESTADO       RESPUESTA                 REVIEW
-----------------------------------------------------------------------------------------------
9/5_14:30_maf             34665976040          ENVIADO      recordatorio FALLIDO (chat_input_not_found) -
9/5_19:00_maf/csi         34%C2%A0628%C2%A061%C2%A027%C2%A078%E2%80%AC ENVIADO      recordatorio FALLIDO (chat_input_not_found) -
9/5_20:30_4e              34747414084          ENVIADO      recordatorio FALLIDO (chat_input_not_found) -
9/5_19:00_4e              34675651585          ENVIADO      recordatorio FALLIDO (chat_input_not_found) -
10/5_17:30_maf            34722714718          ENVIADO      recordatorio FALLIDO (chat_input_not_found) -
10/5_17:30_4e             34653197010          ENVIADO      recordatorio FALLIDO (chat_input_not_found) -

[2026-05-13 14:26:53] POSITIVO | Fotos nuevas: 0 | Envios OK: 0 | Envios FAIL: 0 | Reviews negativas: 0 | Fotos borradas: 0

=== SESIÓN 14:28-14:28 (13/05/2026) ===
RESERVA                   TELÉFONO             ESTADO       RESPUESTA                 REVIEW
-----------------------------------------------------------------------------------------------
9/5_14:30_maf             34665976040          ENVIADO      recordatorio FALLIDO (chat_input_not_found) -
9/5_19:00_maf/csi         34%C2%A0628%C2%A061%C2%A027%C2%A078%E2%80%AC ENVIADO      recordatorio FALLIDO (chat_input_not_found) -
9/5_20:30_4e              34747414084          ENVIADO      recordatorio FALLIDO (chat_input_not_found) -
9/5_19:00_4e              34675651585          ENVIADO      recordatorio FALLIDO (chat_input_not_found) -
10/5_17:30_maf            34722714718          ENVIADO      recordatorio FALLIDO (chat_input_not_found) -
10/5_17:30_4e             34653197010          ENVIADO      recordatorio FALLIDO (chat_input_not_found) -

[2026-05-13 14:28:16] POSITIVO | Fotos nuevas: 0 | Envios OK: 0 | Envios FAIL: 0 | Reviews negativas: 0 | Fotos borradas: 0

=== SESIÓN 14:29-14:29 (13/05/2026) ===
RESERVA                   TELÉFONO             ESTADO       RESPUESTA                 REVIEW
-----------------------------------------------------------------------------------------------
9/5_14:30_maf             34665976040          ENVIADO      recordatorio FALLIDO (chat_input_not_found) -
9/5_19:00_maf/csi         34%C2%A0628%C2%A061%C2%A027%C2%A078%E2%80%AC ENVIADO      recordatorio FALLIDO (chat_input_not_found) -
9/5_20:30_4e              34747414084          ENVIADO      recordatorio FALLIDO (chat_input_not_found) -
9/5_19:00_4e              34675651585          ENVIADO      recordatorio FALLIDO (chat_input_not_found) -
10/5_17:30_maf            34722714718          ENVIADO      recordatorio FALLIDO (chat_input_not_found) -
10/5_17:30_4e             34653197010          ENVIADO      recordatorio FALLIDO (chat_input_not_found) -

[2026-05-13 14:29:39] POSITIVO | Fotos nuevas: 0 | Envios OK: 0 | Envios FAIL: 0 | Reviews negativas: 0 | Fotos borradas: 0

=== SESIÓN 14:30-14:31 (13/05/2026) ===
RESERVA                   TELÉFONO             ESTADO       RESPUESTA                 REVIEW
-----------------------------------------------------------------------------------------------
9/5_14:30_maf             34665976040          ENVIADO      recordatorio FALLIDO (chat_input_not_found) -
9/5_19:00_maf/csi         34%C2%A0628%C2%A061%C2%A027%C2%A078%E2%80%AC ENVIADO      recordatorio FALLIDO (chat_input_not_found) -
9/5_20:30_4e              34747414084          ENVIADO      recordatorio FALLIDO (chat_input_not_found) -
9/5_19:00_4e              34675651585          ENVIADO      recordatorio FALLIDO (chat_input_not_found) -
10/5_17:30_maf            34722714718          ENVIADO      recordatorio FALLIDO (chat_input_not_found) -
10/5_17:30_4e             34653197010          ENVIADO      recordatorio FALLIDO (chat_input_not_found) -

[2026-05-13 14:31:08] POSITIVO | Fotos nuevas: 0 | Envios OK: 0 | Envios FAIL: 0 | Reviews negativas: 0 | Fotos borradas: 0

=== SESIÓN 14:32-14:32 (13/05/2026) ===
RESERVA                   TELÉFONO             ESTADO       RESPUESTA                 REVIEW
-----------------------------------------------------------------------------------------------
9/5_14:30_maf             34665976040          ENVIADO      recordatorio FALLIDO (chat_input_not_found) -
9/5_19:00_maf/csi         34%C2%A0628%C2%A061%C2%A027%C2%A078%E2%80%AC ENVIADO      recordatorio FALLIDO (chat_input_not_found) -
9/5_20:30_4e              34747414084          ENVIADO      recordatorio FALLIDO (chat_input_not_found) -
9/5_19:00_4e              34675651585          ENVIADO      recordatorio FALLIDO (chat_input_not_found) -
10/5_17:30_maf            34722714718          ENVIADO      recordatorio FALLIDO (chat_input_not_found) -
10/5_17:30_4e             34653197010          ENVIADO      recordatorio FALLIDO (chat_input_not_found) -

[2026-05-13 14:32:36] POSITIVO | Fotos nuevas: 0 | Envios OK: 0 | Envios FAIL: 0 | Reviews negativas: 0 | Fotos borradas: 0

=== SESIÓN 14:33-14:34 (13/05/2026) ===
RESERVA                   TELÉFONO             ESTADO       RESPUESTA                 REVIEW
-----------------------------------------------------------------------------------------------
9/5_14:30_maf             34665976040          ENVIADO      recordatorio FALLIDO (chat_input_not_found) -
9/5_19:00_maf/csi         34%C2%A0628%C2%A061%C2%A027%C2%A078%E2%80%AC ENVIADO      recordatorio FALLIDO (chat_input_not_found) -
9/5_20:30_4e              34747414084          ENVIADO      recordatorio FALLIDO (chat_input_not_found) -
9/5_19:00_4e              34675651585          ENVIADO      recordatorio FALLIDO (chat_input_not_found) -
10/5_17:30_maf            34722714718          ENVIADO      recordatorio FALLIDO (chat_input_not_found) -
10/5_17:30_4e             34653197010          ENVIADO      recordatorio FALLIDO (chat_input_not_found) -

[2026-05-13 14:34:02] POSITIVO | Fotos nuevas: 0 | Envios OK: 0 | Envios FAIL: 0 | Reviews negativas: 0 | Fotos borradas: 0

=== SESIÓN 14:35-14:35 (13/05/2026) ===
RESERVA                   TELÉFONO             ESTADO       RESPUESTA                 REVIEW
-----------------------------------------------------------------------------------------------
9/5_14:30_maf             34665976040          ENVIADO      recordatorio FALLIDO (chat_input_not_found) -
9/5_19:00_maf/csi         34%C2%A0628%C2%A061%C2%A027%C2%A078%E2%80%AC ENVIADO      recordatorio FALLIDO (chat_input_not_found) -
9/5_20:30_4e              34747414084          ENVIADO      recordatorio FALLIDO (chat_input_not_found) -
9/5_19:00_4e              34675651585          ENVIADO      recordatorio FALLIDO (chat_input_not_found) -
10/5_17:30_maf            34722714718          ENVIADO      recordatorio FALLIDO (chat_input_not_found) -
10/5_17:30_4e             34653197010          ENVIADO      recordatorio FALLIDO (chat_input_not_found) -

[2026-05-13 14:35:24] POSITIVO | Fotos nuevas: 0 | Envios OK: 0 | Envios FAIL: 0 | Reviews negativas: 0 | Fotos borradas: 0

=== SESIÓN 14:36-14:36 (13/05/2026) ===
RESERVA                   TELÉFONO             ESTADO       RESPUESTA                 REVIEW
-----------------------------------------------------------------------------------------------
9/5_14:30_maf             34665976040          ENVIADO      recordatorio FALLIDO (chat_input_not_found) -
9/5_19:00_maf/csi         34%C2%A0628%C2%A061%C2%A027%C2%A078%E2%80%AC ENVIADO      recordatorio FALLIDO (chat_input_not_found) -
9/5_20:30_4e              34747414084          ENVIADO      recordatorio FALLIDO (chat_input_not_found) -
9/5_19:00_4e              34675651585          ENVIADO      recordatorio FALLIDO (chat_input_not_found) -
10/5_17:30_maf            34722714718          ENVIADO      recordatorio FALLIDO (chat_input_not_found) -
10/5_17:30_4e             34653197010          ENVIADO      recordatorio FALLIDO (chat_input_not_found) -

[2026-05-13 14:36:48] POSITIVO | Fotos nuevas: 0 | Envios OK: 0 | Envios FAIL: 0 | Reviews negativas: 0 | Fotos borradas: 0

=== SESIÓN 14:34-14:37 (13/05/2026) ===
RESERVA                   TELÉFONO             ESTADO       RESPUESTA                 REVIEW
-----------------------------------------------------------------------------------------------
9/5_14:30_maf             34665976040          ENVIADO      recordatorio FALLIDO (exception: HTTPConnectionPool(host='localhost', port=49441): Max retries exceeded with url: /session/9c5abb86c47a37ffb6d476200e058fdf/source (Caused by NewConnectionError("HTTPConnection(host='localhost', port=49441): Failed to establish a new connection: [WinError 10061] No connection could be made because the target machine actively refused it"))) -
9/5_19:00_maf/csi         34%C2%A0628%C2%A061%C2%A027%C2%A078%E2%80%AC ENVIADO      recordatorio FALLIDO (exception: HTTPConnectionPool(host='localhost', port=49441): Max retries exceeded with url: /session/9c5abb86c47a37ffb6d476200e058fdf/source (Caused by NewConnectionError("HTTPConnection(host='localhost', port=49441): Failed to establish a new connection: [WinError 10061] No connection could be made because the target machine actively refused it"))) -
9/5_20:30_4e              34747414084          ENVIADO      recordatorio FALLIDO (exception: HTTPConnectionPool(host='localhost', port=49441): Max retries exceeded with url: /session/9c5abb86c47a37ffb6d476200e058fdf/source (Caused by NewConnectionError("HTTPConnection(host='localhost', port=49441): Failed to establish a new connection: [WinError 10061] No connection could be made because the target machine actively refused it"))) -
9/5_19:00_4e              34675651585          ENVIADO      recordatorio FALLIDO (exception: HTTPConnectionPool(host='localhost', port=49441): Max retries exceeded with url: /session/9c5abb86c47a37ffb6d476200e058fdf/source (Caused by NewConnectionError("HTTPConnection(host='localhost', port=49441): Failed to establish a new connection: [WinError 10061] No connection could be made because the target machine actively refused it"))) -
10/5_17:30_maf            34722714718          ENVIADO      recordatorio FALLIDO (exception: HTTPConnectionPool(host='localhost', port=49441): Max retries exceeded with url: /session/9c5abb86c47a37ffb6d476200e058fdf/source (Caused by NewConnectionError("HTTPConnection(host='localhost', port=49441): Failed to establish a new connection: [WinError 10061] No connection could be made because the target machine actively refused it"))) -
10/5_17:30_4e             34653197010          ENVIADO      recordatorio FALLIDO (exception: HTTPConnectionPool(host='localhost', port=49441): Max retries exceeded with url: /session/9c5abb86c47a37ffb6d476200e058fdf/source (Caused by NewConnectionError("HTTPConnection(host='localhost', port=49441): Failed to establish a new connection: [WinError 10061] No connection could be made because the target machine actively refused it"))) -

[2026-05-13 14:37:14] POSITIVO | Fotos nuevas: 0 | Envios OK: 0 | Envios FAIL: 0 | Reviews negativas: 0 | Fotos borradas: 0

=== SESIÓN 14:38-14:38 (13/05/2026) ===
RESERVA                   TELÉFONO             ESTADO       RESPUESTA                 REVIEW
-----------------------------------------------------------------------------------------------
9/5_14:30_maf             34665976040          ENVIADO      recordatorio FALLIDO (chat_input_not_found) -
9/5_19:00_maf/csi         34%C2%A0628%C2%A061%C2%A027%C2%A078%E2%80%AC ENVIADO      recordatorio FALLIDO (exception: Message: invalid session id: session deleted as the browser has closed the connection
from disconnected: Unable to receive message from renderer
  (Session info: chrome=147.0.7727.101); For documentation on this error, please visit: https://www.selenium.dev/documentation/webdriver/troubleshooting/errors#invalidsessionidexception
Stacktrace:
	chromedriver!GetHandleVerifier [0xb4b373+10553]
	chromedriver!GetHandleVerifier [0xb4b4a4+10684]
	chromedriver!(No symbol) [0x951e10]
	chromedriver!(No symbol) [0x9421b3]
	chromedriver!(No symbol) [0x941ee5]
	chromedriver!(No symbol) [0x93fff8]
	chromedriver!(No symbol) [0x940846]
	chromedriver!(No symbol) [0x96454e]
	chromedriver!(No symbol) [0x95a8fb]
	chromedriver!(No symbol) [0x95a80d]
	chromedriver!(No symbol) [0x9dd0cf]
	chromedriver!(No symbol) [0x9bd86c]
	chromedriver!(No symbol) [0x9daa36]
	chromedriver!(No symbol) [0x9bd606]
	chromedriver!(No symbol) [0x990039]
	chromedriver!(No symbol) [0x990df4]
	chromedriver!GetHandleVerifier [0xdcddb4+292f94]
	chromedriver!GetHandleVerifier [0xdc937d+28e55d]
	chromedriver!GetHandleVerifier [0xde8215+2ad3f5]
	chromedriver!GetHandleVerifier [0xb64c18+29df8]
	chromedriver!GetHandleVerifier [0xb6c6fd+318dd]
	chromedriver!GetHandleVerifier [0xb53c78+18e58]
	chromedriver!GetHandleVerifier [0xb53e42+19022]
	chromedriver!GetHandleVerifier [0xb3d45f+263f]
	KERNEL32!BaseThreadInitThunk [0x765562c4+24]
	ntdll!RtlSubscribeWnfStateChangeNotification [0x770a0aa9+439]
	ntdll!RtlSubscribeWnfStateChangeNotification [0x770a0a74+404]
) -
9/5_20:30_4e              34747414084          ENVIADO      recordatorio FALLIDO (exception: Message: invalid session id; For documentation on this error, please visit: https://www.selenium.dev/documentation/webdriver/troubleshooting/errors#invalidsessionidexception
Stacktrace:
	chromedriver!GetHandleVerifier [0xb4b373+10553]
	chromedriver!GetHandleVerifier [0xb4b4a4+10684]
	chromedriver!(No symbol) [0x951c4e]
	chromedriver!(No symbol) [0x98f2c5]
	chromedriver!(No symbol) [0x9bd726]
	chromedriver!(No symbol) [0x9b8c62]
	chromedriver!(No symbol) [0x9b8281]
	chromedriver!(No symbol) [0x92501e]
	chromedriver!(No symbol) [0x9255be]
	chromedriver!(No symbol) [0x925a9d]
	chromedriver!GetHandleVerifier [0xdcddb4+292f94]
	chromedriver!GetHandleVerifier [0xdc937d+28e55d]
	chromedriver!GetHandleVerifier [0xde8215+2ad3f5]
	chromedriver!GetHandleVerifier [0xb64c18+29df8]
	chromedriver!GetHandleVerifier [0xb6c6fd+318dd]
	chromedriver!(No symbol) [0x924b99]
	chromedriver!(No symbol) [0x9241e0]
	chromedriver!GetHandleVerifier [0xf32bef+3f7dcf]
	KERNEL32!BaseThreadInitThunk [0x765562c4+24]
	ntdll!RtlSubscribeWnfStateChangeNotification [0x770a0aa9+439]
	ntdll!RtlSubscribeWnfStateChangeNotification [0x770a0a74+404]
) -
9/5_19:00_4e              34675651585          ENVIADO      recordatorio FALLIDO (exception: Message: invalid session id; For documentation on this error, please visit: https://www.selenium.dev/documentation/webdriver/troubleshooting/errors#invalidsessionidexception
Stacktrace:
	chromedriver!GetHandleVerifier [0xb4b373+10553]
	chromedriver!GetHandleVerifier [0xb4b4a4+10684]
	chromedriver!(No symbol) [0x951c4e]
	chromedriver!(No symbol) [0x98f2c5]
	chromedriver!(No symbol) [0x9bd726]
	chromedriver!(No symbol) [0x9b8c62]
	chromedriver!(No symbol) [0x9b8281]
	chromedriver!(No symbol) [0x92501e]
	chromedriver!(No symbol) [0x9255be]
	chromedriver!(No symbol) [0x925a9d]
	chromedriver!GetHandleVerifier [0xdcddb4+292f94]
	chromedriver!GetHandleVerifier [0xdc937d+28e55d]
	chromedriver!GetHandleVerifier [0xde8215+2ad3f5]
	chromedriver!GetHandleVerifier [0xb64c18+29df8]
	chromedriver!GetHandleVerifier [0xb6c6fd+318dd]
	chromedriver!(No symbol) [0x924b99]
	chromedriver!(No symbol) [0x9241e0]
	chromedriver!GetHandleVerifier [0xf32bef+3f7dcf]
	KERNEL32!BaseThreadInitThunk [0x765562c4+24]
	ntdll!RtlSubscribeWnfStateChangeNotification [0x770a0aa9+439]
	ntdll!RtlSubscribeWnfStateChangeNotification [0x770a0a74+404]
) -
10/5_17:30_maf            34722714718          ENVIADO      recordatorio FALLIDO (exception: Message: invalid session id; For documentation on this error, please visit: https://www.selenium.dev/documentation/webdriver/troubleshooting/errors#invalidsessionidexception
Stacktrace:
	chromedriver!GetHandleVerifier [0xb4b373+10553]
	chromedriver!GetHandleVerifier [0xb4b4a4+10684]
	chromedriver!(No symbol) [0x951c4e]
	chromedriver!(No symbol) [0x98f2c5]
	chromedriver!(No symbol) [0x9bd726]
	chromedriver!(No symbol) [0x9b8c62]
	chromedriver!(No symbol) [0x9b8281]
	chromedriver!(No symbol) [0x92501e]
	chromedriver!(No symbol) [0x9255be]
	chromedriver!(No symbol) [0x925a9d]
	chromedriver!GetHandleVerifier [0xdcddb4+292f94]
	chromedriver!GetHandleVerifier [0xdc937d+28e55d]
	chromedriver!GetHandleVerifier [0xde8215+2ad3f5]
	chromedriver!GetHandleVerifier [0xb64c18+29df8]
	chromedriver!GetHandleVerifier [0xb6c6fd+318dd]
	chromedriver!(No symbol) [0x924b99]
	chromedriver!(No symbol) [0x9241e0]
	chromedriver!GetHandleVerifier [0xf32bef+3f7dcf]
	KERNEL32!BaseThreadInitThunk [0x765562c4+24]
	ntdll!RtlSubscribeWnfStateChangeNotification [0x770a0aa9+439]
	ntdll!RtlSubscribeWnfStateChangeNotification [0x770a0a74+404]
) -
10/5_17:30_4e             34653197010          ENVIADO      recordatorio FALLIDO (exception: Message: invalid session id; For documentation on this error, please visit: https://www.selenium.dev/documentation/webdriver/troubleshooting/errors#invalidsessionidexception
Stacktrace:
	chromedriver!GetHandleVerifier [0xb4b373+10553]
	chromedriver!GetHandleVerifier [0xb4b4a4+10684]
	chromedriver!(No symbol) [0x951c4e]
	chromedriver!(No symbol) [0x98f2c5]
	chromedriver!(No symbol) [0x9bd726]
	chromedriver!(No symbol) [0x9b8c62]
	chromedriver!(No symbol) [0x9b8281]
	chromedriver!(No symbol) [0x92501e]
	chromedriver!(No symbol) [0x9255be]
	chromedriver!(No symbol) [0x925a9d]
	chromedriver!GetHandleVerifier [0xdcddb4+292f94]
	chromedriver!GetHandleVerifier [0xdc937d+28e55d]
	chromedriver!GetHandleVerifier [0xde8215+2ad3f5]
	chromedriver!GetHandleVerifier [0xb64c18+29df8]
	chromedriver!GetHandleVerifier [0xb6c6fd+318dd]
	chromedriver!(No symbol) [0x924b99]
	chromedriver!(No symbol) [0x9241e0]
	chromedriver!GetHandleVerifier [0xf32bef+3f7dcf]
	KERNEL32!BaseThreadInitThunk [0x765562c4+24]
	ntdll!RtlSubscribeWnfStateChangeNotification [0x770a0aa9+439]
	ntdll!RtlSubscribeWnfStateChangeNotification [0x770a0a74+404]
) -

[2026-05-13 14:38:02] POSITIVO | Fotos nuevas: 0 | Envios OK: 0 | Envios FAIL: 0 | Reviews negativas: 0 | Fotos borradas: 0

=== SESIÓN 14:39-14:40 (13/05/2026) ===
RESERVA                   TELÉFONO             ESTADO       RESPUESTA                 REVIEW
-----------------------------------------------------------------------------------------------
9/5_14:30_maf             34665976040          ENVIADO      recordatorio FALLIDO (chat_input_not_found) -
9/5_19:00_maf/csi         34%C2%A0628%C2%A061%C2%A027%C2%A078%E2%80%AC ENVIADO      recordatorio FALLIDO (chat_input_not_found) -
9/5_20:30_4e              34747414084          ENVIADO      recordatorio FALLIDO (chat_input_not_found) -
9/5_19:00_4e              34675651585          ENVIADO      recordatorio FALLIDO (chat_input_not_found) -
10/5_17:30_maf            34722714718          ENVIADO      recordatorio FALLIDO (chat_input_not_found) -
10/5_17:30_4e             34653197010          ENVIADO      recordatorio FALLIDO (chat_input_not_found) -

[2026-05-13 14:40:07] POSITIVO | Fotos nuevas: 0 | Envios OK: 0 | Envios FAIL: 0 | Reviews negativas: 0 | Fotos borradas: 0
[2026-05-13 14:40:24] NEGATIVO | WhatsApp no conectado (QR visible) — ciclo abortado

=== SESIÓN 14:42-14:42 (13/05/2026) ===
RESERVA                   TELÉFONO             ESTADO       RESPUESTA                 REVIEW
-----------------------------------------------------------------------------------------------
9/5_14:30_maf             34665976040          ENVIADO      recordatorio FALLIDO (chat_input_not_found) -
9/5_19:00_maf/csi         34%C2%A0628%C2%A061%C2%A027%C2%A078%E2%80%AC ENVIADO      recordatorio FALLIDO (chat_input_not_found) -
9/5_20:30_4e              34747414084          ENVIADO      recordatorio FALLIDO (chat_input_not_found) -
9/5_19:00_4e              34675651585          ENVIADO      recordatorio FALLIDO (chat_input_not_found) -
10/5_17:30_maf            34722714718          ENVIADO      recordatorio FALLIDO (chat_input_not_found) -
10/5_17:30_4e             34653197010          ENVIADO      recordatorio FALLIDO (chat_input_not_found) -

[2026-05-13 14:42:32] POSITIVO | Fotos nuevas: 0 | Envios OK: 0 | Envios FAIL: 0 | Reviews negativas: 0 | Fotos borradas: 0

=== SESIÓN 14:43-14:43 (13/05/2026) ===
RESERVA                   TELÉFONO             ESTADO       RESPUESTA                 REVIEW
-----------------------------------------------------------------------------------------------
9/5_14:30_maf             34665976040          ENVIADO      recordatorio FALLIDO (chat_input_not_found) -
9/5_19:00_maf/csi         34%C2%A0628%C2%A061%C2%A027%C2%A078%E2%80%AC ENVIADO      recordatorio FALLIDO (chat_input_not_found) -
9/5_20:30_4e              34747414084          ENVIADO      recordatorio FALLIDO (chat_input_not_found) -
9/5_19:00_4e              34675651585          ENVIADO      recordatorio FALLIDO (chat_input_not_found) -
10/5_17:30_maf            34722714718          ENVIADO      recordatorio FALLIDO (chat_input_not_found) -
10/5_17:30_4e             34653197010          ENVIADO      recordatorio FALLIDO (chat_input_not_found) -

[2026-05-13 14:43:51] POSITIVO | Fotos nuevas: 0 | Envios OK: 0 | Envios FAIL: 0 | Reviews negativas: 0 | Fotos borradas: 0

=== SESIÓN 14:45-14:45 (13/05/2026) ===
RESERVA                   TELÉFONO             ESTADO       RESPUESTA                 REVIEW
-----------------------------------------------------------------------------------------------
9/5_14:30_maf             34665976040          ENVIADO      recordatorio FALLIDO (chat_input_not_found) -
9/5_19:00_maf/csi         34%C2%A0628%C2%A061%C2%A027%C2%A078%E2%80%AC ENVIADO      recordatorio FALLIDO (chat_input_not_found) -
9/5_20:30_4e              34747414084          ENVIADO      recordatorio FALLIDO (chat_input_not_found) -
9/5_19:00_4e              34675651585          ENVIADO      recordatorio FALLIDO (chat_input_not_found) -
10/5_17:30_maf            34722714718          ENVIADO      recordatorio FALLIDO (chat_input_not_found) -
10/5_17:30_4e             34653197010          ENVIADO      recordatorio FALLIDO (chat_input_not_found) -

[2026-05-13 14:45:10] POSITIVO | Fotos nuevas: 0 | Envios OK: 0 | Envios FAIL: 0 | Reviews negativas: 0 | Fotos borradas: 0

=== SESIÓN 14:43-14:46 (13/05/2026) ===
RESERVA                   TELÉFONO             ESTADO       RESPUESTA                 REVIEW
-----------------------------------------------------------------------------------------------
9/5_14:30_maf             34665976040          ENVIADO      recordatorio FALLIDO (exception: HTTPConnectionPool(host='localhost', port=50919): Max retries exceeded with url: /session/de549ed354d12109e097ce0ceb9a742d/source (Caused by NewConnectionError("HTTPConnection(host='localhost', port=50919): Failed to establish a new connection: [WinError 10061] No connection could be made because the target machine actively refused it"))) -
9/5_19:00_maf/csi         34%C2%A0628%C2%A061%C2%A027%C2%A078%E2%80%AC ENVIADO      recordatorio FALLIDO (exception: HTTPConnectionPool(host='localhost', port=50919): Max retries exceeded with url: /session/de549ed354d12109e097ce0ceb9a742d/source (Caused by NewConnectionError("HTTPConnection(host='localhost', port=50919): Failed to establish a new connection: [WinError 10061] No connection could be made because the target machine actively refused it"))) -
9/5_20:30_4e              34747414084          ENVIADO      recordatorio FALLIDO (exception: HTTPConnectionPool(host='localhost', port=50919): Max retries exceeded with url: /session/de549ed354d12109e097ce0ceb9a742d/source (Caused by NewConnectionError("HTTPConnection(host='localhost', port=50919): Failed to establish a new connection: [WinError 10061] No connection could be made because the target machine actively refused it"))) -
9/5_19:00_4e              34675651585          ENVIADO      recordatorio FALLIDO (exception: HTTPConnectionPool(host='localhost', port=50919): Max retries exceeded with url: /session/de549ed354d12109e097ce0ceb9a742d/source (Caused by NewConnectionError("HTTPConnection(host='localhost', port=50919): Failed to establish a new connection: [WinError 10061] No connection could be made because the target machine actively refused it"))) -
10/5_17:30_maf            34722714718          ENVIADO      recordatorio FALLIDO (exception: HTTPConnectionPool(host='localhost', port=50919): Max retries exceeded with url: /session/de549ed354d12109e097ce0ceb9a742d/source (Caused by NewConnectionError("HTTPConnection(host='localhost', port=50919): Failed to establish a new connection: [WinError 10061] No connection could be made because the target machine actively refused it"))) -
10/5_17:30_4e             34653197010          ENVIADO      recordatorio FALLIDO (exception: HTTPConnectionPool(host='localhost', port=50919): Max retries exceeded with url: /session/de549ed354d12109e097ce0ceb9a742d/source (Caused by NewConnectionError("HTTPConnection(host='localhost', port=50919): Failed to establish a new connection: [WinError 10061] No connection could be made because the target machine actively refused it"))) -

[2026-05-13 14:46:01] POSITIVO | Fotos nuevas: 0 | Envios OK: 0 | Envios FAIL: 0 | Reviews negativas: 0 | Fotos borradas: 0

=== SESIÓN 14:47-14:47 (13/05/2026) ===
RESERVA                   TELÉFONO             ESTADO       RESPUESTA                 REVIEW
-----------------------------------------------------------------------------------------------
9/5_14:30_maf             34665976040          ENVIADO      recordatorio FALLIDO (chat_input_not_found) -
9/5_19:00_maf/csi         34%C2%A0628%C2%A061%C2%A027%C2%A078%E2%80%AC ENVIADO      recordatorio FALLIDO (chat_input_not_found) -
9/5_20:30_4e              34747414084          ENVIADO      recordatorio FALLIDO (chat_input_not_found) -
9/5_19:00_4e              34675651585          ENVIADO      recordatorio FALLIDO (chat_input_not_found) -
10/5_17:30_maf            34722714718          ENVIADO      recordatorio FALLIDO (chat_input_not_found) -
10/5_17:30_4e             34653197010          ENVIADO      recordatorio FALLIDO (chat_input_not_found) -

[2026-05-13 14:47:26] POSITIVO | Fotos nuevas: 0 | Envios OK: 0 | Envios FAIL: 0 | Reviews negativas: 0 | Fotos borradas: 0

=== SESIÓN 14:48-14:48 (13/05/2026) ===
RESERVA                   TELÉFONO             ESTADO       RESPUESTA                 REVIEW
-----------------------------------------------------------------------------------------------
9/5_14:30_maf             34665976040          ENVIADO      recordatorio FALLIDO (chat_input_not_found) -
9/5_19:00_maf/csi         34%C2%A0628%C2%A061%C2%A027%C2%A078%E2%80%AC ENVIADO      recordatorio FALLIDO (chat_input_not_found) -
9/5_20:30_4e              34747414084          ENVIADO      recordatorio FALLIDO (chat_input_not_found) -
9/5_19:00_4e              34675651585          ENVIADO      recordatorio FALLIDO (chat_input_not_found) -
10/5_17:30_maf            34722714718          ENVIADO      recordatorio FALLIDO (chat_input_not_found) -
10/5_17:30_4e             34653197010          ENVIADO      recordatorio FALLIDO (chat_input_not_found) -

[2026-05-13 14:48:47] POSITIVO | Fotos nuevas: 0 | Envios OK: 0 | Envios FAIL: 0 | Reviews negativas: 0 | Fotos borradas: 0

=== SESIÓN 14:50-14:50 (13/05/2026) ===
RESERVA                   TELÉFONO             ESTADO       RESPUESTA                 REVIEW
-----------------------------------------------------------------------------------------------
9/5_14:30_maf             34665976040          ENVIADO      recordatorio FALLIDO (chat_input_not_found) -
9/5_19:00_maf/csi         34%C2%A0628%C2%A061%C2%A027%C2%A078%E2%80%AC ENVIADO      recordatorio FALLIDO (chat_input_not_found) -
9/5_20:30_4e              34747414084          ENVIADO      recordatorio FALLIDO (chat_input_not_found) -
9/5_19:00_4e              34675651585          ENVIADO      recordatorio FALLIDO (chat_input_not_found) -
10/5_17:30_maf            34722714718          ENVIADO      recordatorio FALLIDO (chat_input_not_found) -
10/5_17:30_4e             34653197010          ENVIADO      recordatorio FALLIDO (chat_input_not_found) -

[2026-05-13 14:50:06] POSITIVO | Fotos nuevas: 0 | Envios OK: 0 | Envios FAIL: 0 | Reviews negativas: 0 | Fotos borradas: 0

=== SESIÓN 14:51-14:51 (13/05/2026) ===
RESERVA                   TELÉFONO             ESTADO       RESPUESTA                 REVIEW
-----------------------------------------------------------------------------------------------
9/5_14:30_maf             34665976040          ENVIADO      recordatorio FALLIDO (chat_input_not_found) -
9/5_19:00_maf/csi         34%C2%A0628%C2%A061%C2%A027%C2%A078%E2%80%AC ENVIADO      recordatorio FALLIDO (chat_input_not_found) -
9/5_20:30_4e              34747414084          ENVIADO      recordatorio FALLIDO (chat_input_not_found) -
9/5_19:00_4e              34675651585          ENVIADO      recordatorio FALLIDO (chat_input_not_found) -
10/5_17:30_maf            34722714718          ENVIADO      recordatorio FALLIDO (chat_input_not_found) -
10/5_17:30_4e             34653197010          ENVIADO      recordatorio FALLIDO (chat_input_not_found) -

[2026-05-13 14:51:28] POSITIVO | Fotos nuevas: 0 | Envios OK: 0 | Envios FAIL: 0 | Reviews negativas: 0 | Fotos borradas: 0

=== SESIÓN 14:52-14:52 (13/05/2026) ===
RESERVA                   TELÉFONO             ESTADO       RESPUESTA                 REVIEW
-----------------------------------------------------------------------------------------------
9/5_14:30_maf             34665976040          ENVIADO      recordatorio FALLIDO (chat_input_not_found) -
9/5_19:00_maf/csi         34%C2%A0628%C2%A061%C2%A027%C2%A078%E2%80%AC ENVIADO      recordatorio FALLIDO (chat_input_not_found) -
9/5_20:30_4e              34747414084          ENVIADO      recordatorio FALLIDO (chat_input_not_found) -
9/5_19:00_4e              34675651585          ENVIADO      recordatorio FALLIDO (chat_input_not_found) -
10/5_17:30_maf            34722714718          ENVIADO      recordatorio FALLIDO (chat_input_not_found) -
10/5_17:30_4e             34653197010          ENVIADO      recordatorio FALLIDO (chat_input_not_found) -

[2026-05-13 14:52:49] POSITIVO | Fotos nuevas: 0 | Envios OK: 0 | Envios FAIL: 0 | Reviews negativas: 0 | Fotos borradas: 0

=== SESIÓN 14:51-14:54 (13/05/2026) ===
RESERVA                   TELÉFONO             ESTADO       RESPUESTA                 REVIEW
-----------------------------------------------------------------------------------------------
9/5_14:30_maf             34665976040          ENVIADO      recordatorio FALLIDO (exception: HTTPConnectionPool(host='localhost', port=51306): Max retries exceeded with url: /session/c3db1ee3b1c33827f18f257108fd1a34/source (Caused by NewConnectionError("HTTPConnection(host='localhost', port=51306): Failed to establish a new connection: [WinError 10061] No connection could be made because the target machine actively refused it"))) -
9/5_19:00_maf/csi         34%C2%A0628%C2%A061%C2%A027%C2%A078%E2%80%AC ENVIADO      recordatorio FALLIDO (exception: HTTPConnectionPool(host='localhost', port=51306): Max retries exceeded with url: /session/c3db1ee3b1c33827f18f257108fd1a34/source (Caused by NewConnectionError("HTTPConnection(host='localhost', port=51306): Failed to establish a new connection: [WinError 10061] No connection could be made because the target machine actively refused it"))) -
9/5_20:30_4e              34747414084          ENVIADO      recordatorio FALLIDO (exception: HTTPConnectionPool(host='localhost', port=51306): Max retries exceeded with url: /session/c3db1ee3b1c33827f18f257108fd1a34/source (Caused by NewConnectionError("HTTPConnection(host='localhost', port=51306): Failed to establish a new connection: [WinError 10061] No connection could be made because the target machine actively refused it"))) -
9/5_19:00_4e              34675651585          ENVIADO      recordatorio FALLIDO (exception: HTTPConnectionPool(host='localhost', port=51306): Max retries exceeded with url: /session/c3db1ee3b1c33827f18f257108fd1a34/source (Caused by NewConnectionError("HTTPConnection(host='localhost', port=51306): Failed to establish a new connection: [WinError 10061] No connection could be made because the target machine actively refused it"))) -
10/5_17:30_maf            34722714718          ENVIADO      recordatorio FALLIDO (exception: HTTPConnectionPool(host='localhost', port=51306): Max retries exceeded with url: /session/c3db1ee3b1c33827f18f257108fd1a34/source (Caused by NewConnectionError("HTTPConnection(host='localhost', port=51306): Failed to establish a new connection: [WinError 10061] No connection could be made because the target machine actively refused it"))) -
10/5_17:30_4e             34653197010          ENVIADO      recordatorio FALLIDO (exception: HTTPConnectionPool(host='localhost', port=51306): Max retries exceeded with url: /session/c3db1ee3b1c33827f18f257108fd1a34/source (Caused by NewConnectionError("HTTPConnection(host='localhost', port=51306): Failed to establish a new connection: [WinError 10061] No connection could be made because the target machine actively refused it"))) -

[2026-05-13 14:54:04] POSITIVO | Fotos nuevas: 0 | Envios OK: 0 | Envios FAIL: 0 | Reviews negativas: 0 | Fotos borradas: 0

=== SESIÓN 14:54-14:54 (13/05/2026) ===
RESERVA                   TELÉFONO             ESTADO       RESPUESTA                 REVIEW
-----------------------------------------------------------------------------------------------
9/5_14:30_maf             34665976040          ENVIADO      recordatorio FALLIDO (chat_input_not_found) -
9/5_19:00_maf/csi         34%C2%A0628%C2%A061%C2%A027%C2%A078%E2%80%AC ENVIADO      recordatorio FALLIDO (chat_input_not_found) -
9/5_20:30_4e              34747414084          ENVIADO      recordatorio FALLIDO (chat_input_not_found) -
9/5_19:00_4e              34675651585          ENVIADO      recordatorio FALLIDO (chat_input_not_found) -
10/5_17:30_maf            34722714718          ENVIADO      recordatorio FALLIDO (chat_input_not_found) -
10/5_17:30_4e             34653197010          ENVIADO      recordatorio FALLIDO (chat_input_not_found) -

[2026-05-13 14:54:07] POSITIVO | Fotos nuevas: 0 | Envios OK: 0 | Envios FAIL: 0 | Reviews negativas: 0 | Fotos borradas: 0

=== SESIÓN 14:56-14:56 (13/05/2026) ===
RESERVA                   TELÉFONO             ESTADO       RESPUESTA                 REVIEW
-----------------------------------------------------------------------------------------------
9/5_14:30_maf             34665976040          ENVIADO      recordatorio FALLIDO (chat_input_not_found) -
9/5_19:00_maf/csi         34%C2%A0628%C2%A061%C2%A027%C2%A078%E2%80%AC ENVIADO      recordatorio FALLIDO (chat_input_not_found) -
9/5_20:30_4e              34747414084          ENVIADO      recordatorio FALLIDO (chat_input_not_found) -
9/5_19:00_4e              34675651585          ENVIADO      recordatorio FALLIDO (chat_input_not_found) -
10/5_17:30_maf            34722714718          ENVIADO      recordatorio FALLIDO (chat_input_not_found) -
10/5_17:30_4e             34653197010          ENVIADO      recordatorio FALLIDO (chat_input_not_found) -

[2026-05-13 14:56:12] POSITIVO | Fotos nuevas: 0 | Envios OK: 0 | Envios FAIL: 0 | Reviews negativas: 0 | Fotos borradas: 0
[2026-05-13 14:56:32] NEGATIVO | WhatsApp no conectado (QR visible) — ciclo abortado

=== SESIÓN 14:58-14:58 (13/05/2026) ===
RESERVA                   TELÉFONO             ESTADO       RESPUESTA                 REVIEW
-----------------------------------------------------------------------------------------------
9/5_14:30_maf             34665976040          ENVIADO      recordatorio FALLIDO (chat_input_not_found) -
9/5_19:00_maf/csi         34%C2%A0628%C2%A061%C2%A027%C2%A078%E2%80%AC ENVIADO      recordatorio FALLIDO (chat_input_not_found) -
9/5_20:30_4e              34747414084          ENVIADO      recordatorio FALLIDO (chat_input_not_found) -
9/5_19:00_4e              34675651585          ENVIADO      recordatorio FALLIDO (chat_input_not_found) -
10/5_17:30_maf            34722714718          ENVIADO      recordatorio FALLIDO (chat_input_not_found) -
10/5_17:30_4e             34653197010          ENVIADO      recordatorio FALLIDO (chat_input_not_found) -

[2026-05-13 14:58:43] POSITIVO | Fotos nuevas: 0 | Envios OK: 0 | Envios FAIL: 0 | Reviews negativas: 0 | Fotos borradas: 0

=== SESIÓN 14:59-15:00 (13/05/2026) ===
RESERVA                   TELÉFONO             ESTADO       RESPUESTA                 REVIEW
-----------------------------------------------------------------------------------------------
9/5_14:30_maf             34665976040          ENVIADO      recordatorio FALLIDO (chat_input_not_found) -
9/5_19:00_maf/csi         34%C2%A0628%C2%A061%C2%A027%C2%A078%E2%80%AC ENVIADO      recordatorio FALLIDO (chat_input_not_found) -
9/5_20:30_4e              34747414084          ENVIADO      recordatorio FALLIDO (chat_input_not_found) -
9/5_19:00_4e              34675651585          ENVIADO      recordatorio FALLIDO (chat_input_not_found) -
10/5_17:30_maf            34722714718          ENVIADO      recordatorio FALLIDO (chat_input_not_found) -
10/5_17:30_4e             34653197010          ENVIADO      recordatorio FALLIDO (chat_input_not_found) -

[2026-05-13 15:00:07] POSITIVO | Fotos nuevas: 0 | Envios OK: 0 | Envios FAIL: 0 | Reviews negativas: 0 | Fotos borradas: 0

=== SESIÓN 15:01-15:01 (13/05/2026) ===
RESERVA                   TELÉFONO             ESTADO       RESPUESTA                 REVIEW
-----------------------------------------------------------------------------------------------
9/5_14:30_maf             34665976040          ENVIADO      recordatorio FALLIDO (chat_input_not_found) -
9/5_19:00_maf/csi         34%C2%A0628%C2%A061%C2%A027%C2%A078%E2%80%AC ENVIADO      recordatorio FALLIDO (chat_input_not_found) -
9/5_20:30_4e              34747414084          ENVIADO      recordatorio FALLIDO (chat_input_not_found) -
9/5_19:00_4e              34675651585          ENVIADO      recordatorio FALLIDO (chat_input_not_found) -
10/5_17:30_maf            34722714718          ENVIADO      recordatorio FALLIDO (chat_input_not_found) -
10/5_17:30_4e             34653197010          ENVIADO      recordatorio FALLIDO (chat_input_not_found) -

[2026-05-13 15:01:34] POSITIVO | Fotos nuevas: 0 | Envios OK: 0 | Envios FAIL: 0 | Reviews negativas: 0 | Fotos borradas: 0

=== SESIÓN 14:59-15:01 (13/05/2026) ===
RESERVA                   TELÉFONO             ESTADO       RESPUESTA                 REVIEW
-----------------------------------------------------------------------------------------------
9/5_14:30_maf             34665976040          ENVIADO      recordatorio FALLIDO (exception: HTTPConnectionPool(host='localhost', port=52151): Max retries exceeded with url: /session/160180591b7de1c149ec3b28dc9a3e70/source (Caused by NewConnectionError("HTTPConnection(host='localhost', port=52151): Failed to establish a new connection: [WinError 10061] No connection could be made because the target machine actively refused it"))) -
9/5_19:00_maf/csi         34%C2%A0628%C2%A061%C2%A027%C2%A078%E2%80%AC ENVIADO      recordatorio FALLIDO (exception: HTTPConnectionPool(host='localhost', port=52151): Max retries exceeded with url: /session/160180591b7de1c149ec3b28dc9a3e70/source (Caused by NewConnectionError("HTTPConnection(host='localhost', port=52151): Failed to establish a new connection: [WinError 10061] No connection could be made because the target machine actively refused it"))) -
9/5_20:30_4e              34747414084          ENVIADO      recordatorio FALLIDO (exception: HTTPConnectionPool(host='localhost', port=52151): Max retries exceeded with url: /session/160180591b7de1c149ec3b28dc9a3e70/source (Caused by NewConnectionError("HTTPConnection(host='localhost', port=52151): Failed to establish a new connection: [WinError 10061] No connection could be made because the target machine actively refused it"))) -
9/5_19:00_4e              34675651585          ENVIADO      recordatorio FALLIDO (exception: HTTPConnectionPool(host='localhost', port=52151): Max retries exceeded with url: /session/160180591b7de1c149ec3b28dc9a3e70/source (Caused by NewConnectionError("HTTPConnection(host='localhost', port=52151): Failed to establish a new connection: [WinError 10061] No connection could be made because the target machine actively refused it"))) -
10/5_17:30_maf            34722714718          ENVIADO      recordatorio FALLIDO (exception: HTTPConnectionPool(host='localhost', port=52151): Max retries exceeded with url: /session/160180591b7de1c149ec3b28dc9a3e70/source (Caused by NewConnectionError("HTTPConnection(host='localhost', port=52151): Failed to establish a new connection: [WinError 10061] No connection could be made because the target machine actively refused it"))) -
10/5_17:30_4e             34653197010          ENVIADO      recordatorio FALLIDO (exception: HTTPConnectionPool(host='localhost', port=52151): Max retries exceeded with url: /session/160180591b7de1c149ec3b28dc9a3e70/source (Caused by NewConnectionError("HTTPConnection(host='localhost', port=52151): Failed to establish a new connection: [WinError 10061] No connection could be made because the target machine actively refused it"))) -

[2026-05-13 15:01:50] POSITIVO | Fotos nuevas: 0 | Envios OK: 0 | Envios FAIL: 0 | Reviews negativas: 0 | Fotos borradas: 0

=== SESIÓN 15:03-15:03 (13/05/2026) ===
RESERVA                   TELÉFONO             ESTADO       RESPUESTA                 REVIEW
-----------------------------------------------------------------------------------------------
9/5_14:30_maf             34665976040          ENVIADO      recordatorio FALLIDO (chat_input_not_found) -
9/5_19:00_maf/csi         34%C2%A0628%C2%A061%C2%A027%C2%A078%E2%80%AC ENVIADO      recordatorio FALLIDO (chat_input_not_found) -
9/5_20:30_4e              34747414084          ENVIADO      recordatorio FALLIDO (chat_input_not_found) -
9/5_19:00_4e              34675651585          ENVIADO      recordatorio FALLIDO (chat_input_not_found) -
10/5_17:30_maf            34722714718          ENVIADO      recordatorio FALLIDO (chat_input_not_found) -
10/5_17:30_4e             34653197010          ENVIADO      recordatorio FALLIDO (chat_input_not_found) -

[2026-05-13 15:03:57] POSITIVO | Fotos nuevas: 0 | Envios OK: 0 | Envios FAIL: 0 | Reviews negativas: 0 | Fotos borradas: 0

=== SESIÓN 15:05-15:05 (13/05/2026) ===
RESERVA                   TELÉFONO             ESTADO       RESPUESTA                 REVIEW
-----------------------------------------------------------------------------------------------
9/5_14:30_maf             34665976040          ENVIADO      recordatorio FALLIDO (chat_input_not_found) -
9/5_19:00_maf/csi         34%C2%A0628%C2%A061%C2%A027%C2%A078%E2%80%AC ENVIADO      recordatorio FALLIDO (chat_input_not_found) -
9/5_20:30_4e              34747414084          ENVIADO      recordatorio FALLIDO (chat_input_not_found) -
9/5_19:00_4e              34675651585          ENVIADO      recordatorio FALLIDO (chat_input_not_found) -
10/5_17:30_maf            34722714718          ENVIADO      recordatorio FALLIDO (chat_input_not_found) -
10/5_17:30_4e             34653197010          ENVIADO      recordatorio FALLIDO (chat_input_not_found) -

[2026-05-13 15:05:18] POSITIVO | Fotos nuevas: 0 | Envios OK: 0 | Envios FAIL: 0 | Reviews negativas: 0 | Fotos borradas: 0

=== SESIÓN 15:06-15:06 (13/05/2026) ===
RESERVA                   TELÉFONO             ESTADO       RESPUESTA                 REVIEW
-----------------------------------------------------------------------------------------------
9/5_14:30_maf             34665976040          ENVIADO      recordatorio FALLIDO (chat_input_not_found) -
9/5_19:00_maf/csi         34%C2%A0628%C2%A061%C2%A027%C2%A078%E2%80%AC ENVIADO      recordatorio FALLIDO (chat_input_not_found) -
9/5_20:30_4e              34747414084          ENVIADO      recordatorio FALLIDO (chat_input_not_found) -
9/5_19:00_4e              34675651585          ENVIADO      recordatorio FALLIDO (chat_input_not_found) -
10/5_17:30_maf            34722714718          ENVIADO      recordatorio FALLIDO (chat_input_not_found) -
10/5_17:30_4e             34653197010          ENVIADO      recordatorio FALLIDO (chat_input_not_found) -

[2026-05-13 15:06:36] POSITIVO | Fotos nuevas: 0 | Envios OK: 0 | Envios FAIL: 0 | Reviews negativas: 0 | Fotos borradas: 0

=== SESIÓN 15:05-15:07 (13/05/2026) ===
RESERVA                   TELÉFONO             ESTADO       RESPUESTA                 REVIEW
-----------------------------------------------------------------------------------------------
9/5_14:30_maf             34665976040          ENVIADO      recordatorio FALLIDO (exception: HTTPConnectionPool(host='localhost', port=52829): Max retries exceeded with url: /session/78f7a0a606a64e72a0fc0d3f3485ac8a/source (Caused by NewConnectionError("HTTPConnection(host='localhost', port=52829): Failed to establish a new connection: [WinError 10061] No connection could be made because the target machine actively refused it"))) -
9/5_19:00_maf/csi         34%C2%A0628%C2%A061%C2%A027%C2%A078%E2%80%AC ENVIADO      recordatorio FALLIDO (exception: HTTPConnectionPool(host='localhost', port=52829): Max retries exceeded with url: /session/78f7a0a606a64e72a0fc0d3f3485ac8a/source (Caused by NewConnectionError("HTTPConnection(host='localhost', port=52829): Failed to establish a new connection: [WinError 10061] No connection could be made because the target machine actively refused it"))) -
9/5_20:30_4e              34747414084          ENVIADO      recordatorio FALLIDO (exception: HTTPConnectionPool(host='localhost', port=52829): Max retries exceeded with url: /session/78f7a0a606a64e72a0fc0d3f3485ac8a/source (Caused by NewConnectionError("HTTPConnection(host='localhost', port=52829): Failed to establish a new connection: [WinError 10061] No connection could be made because the target machine actively refused it"))) -
9/5_19:00_4e              34675651585          ENVIADO      recordatorio FALLIDO (exception: HTTPConnectionPool(host='localhost', port=52829): Max retries exceeded with url: /session/78f7a0a606a64e72a0fc0d3f3485ac8a/source (Caused by NewConnectionError("HTTPConnection(host='localhost', port=52829): Failed to establish a new connection: [WinError 10061] No connection could be made because the target machine actively refused it"))) -
10/5_17:30_maf            34722714718          ENVIADO      recordatorio FALLIDO (exception: HTTPConnectionPool(host='localhost', port=52829): Max retries exceeded with url: /session/78f7a0a606a64e72a0fc0d3f3485ac8a/source (Caused by NewConnectionError("HTTPConnection(host='localhost', port=52829): Failed to establish a new connection: [WinError 10061] No connection could be made because the target machine actively refused it"))) -
10/5_17:30_4e             34653197010          ENVIADO      recordatorio FALLIDO (exception: HTTPConnectionPool(host='localhost', port=52829): Max retries exceeded with url: /session/78f7a0a606a64e72a0fc0d3f3485ac8a/source (Caused by NewConnectionError("HTTPConnection(host='localhost', port=52829): Failed to establish a new connection: [WinError 10061] No connection could be made because the target machine actively refused it"))) -

[2026-05-13 15:07:51] POSITIVO | Fotos nuevas: 0 | Envios OK: 0 | Envios FAIL: 0 | Reviews negativas: 0 | Fotos borradas: 0

=== SESIÓN 15:07-15:07 (13/05/2026) ===
RESERVA                   TELÉFONO             ESTADO       RESPUESTA                 REVIEW
-----------------------------------------------------------------------------------------------
9/5_14:30_maf             34665976040          ENVIADO      recordatorio FALLIDO (chat_input_not_found) -
9/5_19:00_maf/csi         34%C2%A0628%C2%A061%C2%A027%C2%A078%E2%80%AC ENVIADO      recordatorio FALLIDO (chat_input_not_found) -
9/5_20:30_4e              34747414084          ENVIADO      recordatorio FALLIDO (chat_input_not_found) -
9/5_19:00_4e              34675651585          ENVIADO      recordatorio FALLIDO (chat_input_not_found) -
10/5_17:30_maf            34722714718          ENVIADO      recordatorio FALLIDO (chat_input_not_found) -
10/5_17:30_4e             34653197010          ENVIADO      recordatorio FALLIDO (chat_input_not_found) -

[2026-05-13 15:07:55] POSITIVO | Fotos nuevas: 0 | Envios OK: 0 | Envios FAIL: 0 | Reviews negativas: 0 | Fotos borradas: 0

=== SESIÓN 15:09-15:09 (13/05/2026) ===
RESERVA                   TELÉFONO             ESTADO       RESPUESTA                 REVIEW
-----------------------------------------------------------------------------------------------
9/5_14:30_maf             34665976040          ENVIADO      recordatorio FALLIDO (chat_input_not_found) -
9/5_19:00_maf/csi         34%C2%A0628%C2%A061%C2%A027%C2%A078%E2%80%AC ENVIADO      recordatorio FALLIDO (chat_input_not_found) -
9/5_20:30_4e              34747414084          ENVIADO      recordatorio FALLIDO (chat_input_not_found) -
9/5_19:00_4e              34675651585          ENVIADO      recordatorio FALLIDO (chat_input_not_found) -
10/5_17:30_maf            34722714718          ENVIADO      recordatorio FALLIDO (chat_input_not_found) -
10/5_17:30_4e             34653197010          ENVIADO      recordatorio FALLIDO (chat_input_not_found) -

[2026-05-13 15:09:57] POSITIVO | Fotos nuevas: 0 | Envios OK: 0 | Envios FAIL: 0 | Reviews negativas: 0 | Fotos borradas: 0
[2026-05-13 15:10:18] NEGATIVO | WhatsApp no conectado (QR visible) — ciclo abortado

=== SESIÓN 15:12-15:12 (13/05/2026) ===
RESERVA                   TELÉFONO             ESTADO       RESPUESTA                 REVIEW
-----------------------------------------------------------------------------------------------
9/5_14:30_maf             34665976040          ENVIADO      recordatorio FALLIDO (chat_input_not_found) -
9/5_19:00_maf/csi         34%C2%A0628%C2%A061%C2%A027%C2%A078%E2%80%AC ENVIADO      recordatorio FALLIDO (chat_input_not_found) -
9/5_20:30_4e              34747414084          ENVIADO      recordatorio FALLIDO (chat_input_not_found) -
9/5_19:00_4e              34675651585          ENVIADO      recordatorio FALLIDO (chat_input_not_found) -
10/5_17:30_maf            34722714718          ENVIADO      recordatorio FALLIDO (chat_input_not_found) -
10/5_17:30_4e             34653197010          ENVIADO      recordatorio FALLIDO (chat_input_not_found) -

[2026-05-13 15:12:23] POSITIVO | Fotos nuevas: 0 | Envios OK: 0 | Envios FAIL: 0 | Reviews negativas: 0 | Fotos borradas: 0

=== SESIÓN 15:13-15:13 (13/05/2026) ===
RESERVA                   TELÉFONO             ESTADO       RESPUESTA                 REVIEW
-----------------------------------------------------------------------------------------------
9/5_14:30_maf             34665976040          ENVIADO      recordatorio FALLIDO (chat_input_not_found) -
9/5_19:00_maf/csi         34%C2%A0628%C2%A061%C2%A027%C2%A078%E2%80%AC ENVIADO      recordatorio FALLIDO (chat_input_not_found) -
9/5_20:30_4e              34747414084          ENVIADO      recordatorio FALLIDO (chat_input_not_found) -
9/5_19:00_4e              34675651585          ENVIADO      recordatorio FALLIDO (chat_input_not_found) -
10/5_17:30_maf            34722714718          ENVIADO      recordatorio FALLIDO (chat_input_not_found) -
10/5_17:30_4e             34653197010          ENVIADO      recordatorio FALLIDO (chat_input_not_found) -

[2026-05-13 15:13:44] POSITIVO | Fotos nuevas: 0 | Envios OK: 0 | Envios FAIL: 0 | Reviews negativas: 0 | Fotos borradas: 0

=== SESIÓN 15:12-15:14 (13/05/2026) ===
RESERVA                   TELÉFONO             ESTADO       RESPUESTA                 REVIEW
-----------------------------------------------------------------------------------------------
9/5_14:30_maf             34665976040          ENVIADO      recordatorio FALLIDO (exception: HTTPConnectionPool(host='localhost', port=53483): Max retries exceeded with url: /session/e05d987ae649e58abf8d4bf84342c23d/source (Caused by NewConnectionError("HTTPConnection(host='localhost', port=53483): Failed to establish a new connection: [WinError 10061] No connection could be made because the target machine actively refused it"))) -
9/5_19:00_maf/csi         34%C2%A0628%C2%A061%C2%A027%C2%A078%E2%80%AC ENVIADO      recordatorio FALLIDO (exception: HTTPConnectionPool(host='localhost', port=53483): Max retries exceeded with url: /session/e05d987ae649e58abf8d4bf84342c23d/source (Caused by NewConnectionError("HTTPConnection(host='localhost', port=53483): Failed to establish a new connection: [WinError 10061] No connection could be made because the target machine actively refused it"))) -
9/5_20:30_4e              34747414084          ENVIADO      recordatorio FALLIDO (exception: HTTPConnectionPool(host='localhost', port=53483): Max retries exceeded with url: /session/e05d987ae649e58abf8d4bf84342c23d/source (Caused by NewConnectionError("HTTPConnection(host='localhost', port=53483): Failed to establish a new connection: [WinError 10061] No connection could be made because the target machine actively refused it"))) -
9/5_19:00_4e              34675651585          ENVIADO      recordatorio FALLIDO (exception: HTTPConnectionPool(host='localhost', port=53483): Max retries exceeded with url: /session/e05d987ae649e58abf8d4bf84342c23d/source (Caused by NewConnectionError("HTTPConnection(host='localhost', port=53483): Failed to establish a new connection: [WinError 10061] No connection could be made because the target machine actively refused it"))) -
10/5_17:30_maf            34722714718          ENVIADO      recordatorio FALLIDO (exception: HTTPConnectionPool(host='localhost', port=53483): Max retries exceeded with url: /session/e05d987ae649e58abf8d4bf84342c23d/source (Caused by NewConnectionError("HTTPConnection(host='localhost', port=53483): Failed to establish a new connection: [WinError 10061] No connection could be made because the target machine actively refused it"))) -
10/5_17:30_4e             34653197010          ENVIADO      recordatorio FALLIDO (exception: HTTPConnectionPool(host='localhost', port=53483): Max retries exceeded with url: /session/e05d987ae649e58abf8d4bf84342c23d/source (Caused by NewConnectionError("HTTPConnection(host='localhost', port=53483): Failed to establish a new connection: [WinError 10061] No connection could be made because the target machine actively refused it"))) -

[2026-05-13 15:14:58] POSITIVO | Fotos nuevas: 0 | Envios OK: 0 | Envios FAIL: 0 | Reviews negativas: 0 | Fotos borradas: 0

=== SESIÓN 15:14-15:15 (13/05/2026) ===
RESERVA                   TELÉFONO             ESTADO       RESPUESTA                 REVIEW
-----------------------------------------------------------------------------------------------
9/5_14:30_maf             34665976040          ENVIADO      recordatorio FALLIDO (chat_input_not_found) -
9/5_19:00_maf/csi         34%C2%A0628%C2%A061%C2%A027%C2%A078%E2%80%AC ENVIADO      recordatorio FALLIDO (chat_input_not_found) -
9/5_20:30_4e              34747414084          ENVIADO      recordatorio FALLIDO (chat_input_not_found) -
9/5_19:00_4e              34675651585          ENVIADO      recordatorio FALLIDO (chat_input_not_found) -
10/5_17:30_maf            34722714718          ENVIADO      recordatorio FALLIDO (chat_input_not_found) -
10/5_17:30_4e             34653197010          ENVIADO      recordatorio FALLIDO (chat_input_not_found) -

[2026-05-13 15:15:06] POSITIVO | Fotos nuevas: 0 | Envios OK: 0 | Envios FAIL: 0 | Reviews negativas: 0 | Fotos borradas: 0

=== SESIÓN 15:16-15:17 (13/05/2026) ===
RESERVA                   TELÉFONO             ESTADO       RESPUESTA                 REVIEW
-----------------------------------------------------------------------------------------------
9/5_14:30_maf             34665976040          ENVIADO      recordatorio FALLIDO (chat_input_not_found) -
9/5_19:00_maf/csi         34%C2%A0628%C2%A061%C2%A027%C2%A078%E2%80%AC ENVIADO      recordatorio FALLIDO (chat_input_not_found) -
9/5_20:30_4e              34747414084          ENVIADO      recordatorio FALLIDO (chat_input_not_found) -
9/5_19:00_4e              34675651585          ENVIADO      recordatorio FALLIDO (chat_input_not_found) -
10/5_17:30_maf            34722714718          ENVIADO      recordatorio FALLIDO (chat_input_not_found) -
10/5_17:30_4e             34653197010          ENVIADO      recordatorio FALLIDO (chat_input_not_found) -

[2026-05-13 15:17:05] POSITIVO | Fotos nuevas: 0 | Envios OK: 0 | Envios FAIL: 0 | Reviews negativas: 0 | Fotos borradas: 0
[2026-05-13 15:17:27] NEGATIVO | WhatsApp no conectado (QR visible) — ciclo abortado

=== SESIÓN 15:19-15:19 (13/05/2026) ===
RESERVA                   TELÉFONO             ESTADO       RESPUESTA                 REVIEW
-----------------------------------------------------------------------------------------------
9/5_14:30_maf             34665976040          ENVIADO      recordatorio FALLIDO (chat_input_not_found) -
9/5_19:00_maf/csi         34%C2%A0628%C2%A061%C2%A027%C2%A078%E2%80%AC ENVIADO      recordatorio FALLIDO (chat_input_not_found) -
9/5_20:30_4e              34747414084          ENVIADO      recordatorio FALLIDO (chat_input_not_found) -
9/5_19:00_4e              34675651585          ENVIADO      recordatorio FALLIDO (chat_input_not_found) -
10/5_17:30_maf            34722714718          ENVIADO      recordatorio FALLIDO (chat_input_not_found) -
10/5_17:30_4e             34653197010          ENVIADO      recordatorio FALLIDO (chat_input_not_found) -

[2026-05-13 15:19:32] POSITIVO | Fotos nuevas: 0 | Envios OK: 0 | Envios FAIL: 0 | Reviews negativas: 0 | Fotos borradas: 0

=== SESIÓN 15:20-15:20 (13/05/2026) ===
RESERVA                   TELÉFONO             ESTADO       RESPUESTA                 REVIEW
-----------------------------------------------------------------------------------------------
9/5_14:30_maf             34665976040          ENVIADO      recordatorio FALLIDO (chat_input_not_found) -
9/5_19:00_maf/csi         34%C2%A0628%C2%A061%C2%A027%C2%A078%E2%80%AC ENVIADO      recordatorio FALLIDO (chat_input_not_found) -
9/5_20:30_4e              34747414084          ENVIADO      recordatorio FALLIDO (chat_input_not_found) -
9/5_19:00_4e              34675651585          ENVIADO      recordatorio FALLIDO (chat_input_not_found) -
10/5_17:30_maf            34722714718          ENVIADO      recordatorio FALLIDO (chat_input_not_found) -
10/5_17:30_4e             34653197010          ENVIADO      recordatorio FALLIDO (chat_input_not_found) -

[2026-05-13 15:20:49] POSITIVO | Fotos nuevas: 0 | Envios OK: 0 | Envios FAIL: 0 | Reviews negativas: 0 | Fotos borradas: 0

=== SESIÓN 15:19-15:22 (13/05/2026) ===
RESERVA                   TELÉFONO             ESTADO       RESPUESTA                 REVIEW
-----------------------------------------------------------------------------------------------
9/5_14:30_maf             34665976040          ENVIADO      recordatorio FALLIDO (exception: HTTPConnectionPool(host='localhost', port=53991): Max retries exceeded with url: /session/632bdf254c0459fedef5ba5c2cc18ad6/source (Caused by NewConnectionError("HTTPConnection(host='localhost', port=53991): Failed to establish a new connection: [WinError 10061] No connection could be made because the target machine actively refused it"))) -
9/5_19:00_maf/csi         34%C2%A0628%C2%A061%C2%A027%C2%A078%E2%80%AC ENVIADO      recordatorio FALLIDO (exception: HTTPConnectionPool(host='localhost', port=53991): Max retries exceeded with url: /session/632bdf254c0459fedef5ba5c2cc18ad6/source (Caused by NewConnectionError("HTTPConnection(host='localhost', port=53991): Failed to establish a new connection: [WinError 10061] No connection could be made because the target machine actively refused it"))) -
9/5_20:30_4e              34747414084          ENVIADO      recordatorio FALLIDO (exception: HTTPConnectionPool(host='localhost', port=53991): Max retries exceeded with url: /session/632bdf254c0459fedef5ba5c2cc18ad6/source (Caused by NewConnectionError("HTTPConnection(host='localhost', port=53991): Failed to establish a new connection: [WinError 10061] No connection could be made because the target machine actively refused it"))) -
9/5_19:00_4e              34675651585          ENVIADO      recordatorio FALLIDO (exception: HTTPConnectionPool(host='localhost', port=53991): Max retries exceeded with url: /session/632bdf254c0459fedef5ba5c2cc18ad6/source (Caused by NewConnectionError("HTTPConnection(host='localhost', port=53991): Failed to establish a new connection: [WinError 10061] No connection could be made because the target machine actively refused it"))) -
10/5_17:30_maf            34722714718          ENVIADO      recordatorio FALLIDO (exception: HTTPConnectionPool(host='localhost', port=53991): Max retries exceeded with url: /session/632bdf254c0459fedef5ba5c2cc18ad6/source (Caused by NewConnectionError("HTTPConnection(host='localhost', port=53991): Failed to establish a new connection: [WinError 10061] No connection could be made because the target machine actively refused it"))) -
10/5_17:30_4e             34653197010          ENVIADO      recordatorio FALLIDO (exception: HTTPConnectionPool(host='localhost', port=53991): Max retries exceeded with url: /session/632bdf254c0459fedef5ba5c2cc18ad6/source (Caused by NewConnectionError("HTTPConnection(host='localhost', port=53991): Failed to establish a new connection: [WinError 10061] No connection could be made because the target machine actively refused it"))) -

[2026-05-13 15:22:06] POSITIVO | Fotos nuevas: 0 | Envios OK: 0 | Envios FAIL: 0 | Reviews negativas: 0 | Fotos borradas: 0

=== SESIÓN 15:22-15:22 (13/05/2026) ===
RESERVA                   TELÉFONO             ESTADO       RESPUESTA                 REVIEW
-----------------------------------------------------------------------------------------------
9/5_14:30_maf             34665976040          ENVIADO      recordatorio FALLIDO (chat_input_not_found) -
9/5_19:00_maf/csi         34%C2%A0628%C2%A061%C2%A027%C2%A078%E2%80%AC ENVIADO      recordatorio FALLIDO (chat_input_not_found) -
9/5_20:30_4e              34747414084          ENVIADO      recordatorio FALLIDO (chat_input_not_found) -
9/5_19:00_4e              34675651585          ENVIADO      recordatorio FALLIDO (chat_input_not_found) -
10/5_17:30_maf            34722714718          ENVIADO      recordatorio FALLIDO (chat_input_not_found) -
10/5_17:30_4e             34653197010          ENVIADO      recordatorio FALLIDO (chat_input_not_found) -

[2026-05-13 15:22:12] POSITIVO | Fotos nuevas: 0 | Envios OK: 0 | Envios FAIL: 0 | Reviews negativas: 0 | Fotos borradas: 0

=== SESIÓN 15:23-15:23 (13/05/2026) ===
RESERVA                   TELÉFONO             ESTADO       RESPUESTA                 REVIEW
-----------------------------------------------------------------------------------------------
9/5_14:30_maf             34665976040          ENVIADO      recordatorio FALLIDO (chat_input_not_found) -
9/5_19:00_maf/csi         34%C2%A0628%C2%A061%C2%A027%C2%A078%E2%80%AC ENVIADO      recordatorio FALLIDO (chat_input_not_found) -
9/5_20:30_4e              34747414084          ENVIADO      recordatorio FALLIDO (chat_input_not_found) -
9/5_19:00_4e              34675651585          ENVIADO      recordatorio FALLIDO (chat_input_not_found) -
10/5_17:30_maf            34722714718          ENVIADO      recordatorio FALLIDO (chat_input_not_found) -
10/5_17:30_4e             34653197010          ENVIADO      recordatorio FALLIDO (chat_input_not_found) -

[2026-05-13 15:23:37] POSITIVO | Fotos nuevas: 0 | Envios OK: 0 | Envios FAIL: 0 | Reviews negativas: 0 | Fotos borradas: 0

=== SESIÓN 15:23-15:23 (13/05/2026) ===
RESERVA                   TELÉFONO             ESTADO       RESPUESTA                 REVIEW
-----------------------------------------------------------------------------------------------
9/5_14:30_maf             34665976040          ENVIADO      recordatorio FALLIDO (chat_input_not_found) -
9/5_19:00_maf/csi         34%C2%A0628%C2%A061%C2%A027%C2%A078%E2%80%AC ENVIADO      recordatorio FALLIDO (chat_input_not_found) -
9/5_20:30_4e              34747414084          ENVIADO      recordatorio FALLIDO (chat_input_not_found) -
9/5_19:00_4e              34675651585          ENVIADO      recordatorio FALLIDO (chat_input_not_found) -
10/5_17:30_maf            34722714718          ENVIADO      recordatorio FALLIDO (chat_input_not_found) -
10/5_17:30_4e             34653197010          ENVIADO      recordatorio FALLIDO (exception: argument of type 'NoneType' is not iterable) -

[2026-05-13 15:23:37] POSITIVO | Fotos nuevas: 0 | Envios OK: 0 | Envios FAIL: 0 | Reviews negativas: 0 | Fotos borradas: 0

=== SESIÓN 15:25-15:25 (13/05/2026) ===
RESERVA                   TELÉFONO             ESTADO       RESPUESTA                 REVIEW
-----------------------------------------------------------------------------------------------
9/5_14:30_maf             34665976040          ENVIADO      recordatorio FALLIDO (chat_input_not_found) -
9/5_19:00_maf/csi         34%C2%A0628%C2%A061%C2%A027%C2%A078%E2%80%AC ENVIADO      recordatorio FALLIDO (chat_input_not_found) -
9/5_20:30_4e              34747414084          ENVIADO      recordatorio FALLIDO (chat_input_not_found) -
9/5_19:00_4e              34675651585          ENVIADO      recordatorio FALLIDO (chat_input_not_found) -
10/5_17:30_maf            34722714718          ENVIADO      recordatorio FALLIDO (chat_input_not_found) -
10/5_17:30_4e             34653197010          ENVIADO      recordatorio FALLIDO (chat_input_not_found) -

[2026-05-13 15:25:34] POSITIVO | Fotos nuevas: 0 | Envios OK: 0 | Envios FAIL: 0 | Reviews negativas: 0 | Fotos borradas: 0
[2026-05-13 15:25:58] NEGATIVO | WhatsApp no conectado (QR visible) — ciclo abortado

=== SESIÓN 15:26-15:26 (13/05/2026) ===
RESERVA                   TELÉFONO             ESTADO       RESPUESTA                 REVIEW
-----------------------------------------------------------------------------------------------
9/5_14:30_maf             34665976040          ENVIADO      recordatorio FALLIDO (exception: Message: invalid session id: session deleted as the browser has closed the connection
from disconnected: Unable to receive message from renderer
  (Session info: chrome=147.0.7727.101); For documentation on this error, please visit: https://www.selenium.dev/documentation/webdriver/troubleshooting/errors#invalidsessionidexception
Stacktrace:
	chromedriver!GetHandleVerifier [0xb4b373+10553]
	chromedriver!GetHandleVerifier [0xb4b4a4+10684]
	chromedriver!(No symbol) [0x951e10]
	chromedriver!(No symbol) [0x9421b3]
	chromedriver!(No symbol) [0x941ee5]
	chromedriver!(No symbol) [0x93fff8]
	chromedriver!(No symbol) [0x940846]
	chromedriver!(No symbol) [0x94d6bb]
	chromedriver!(No symbol) [0x95f45e]
	chromedriver!(No symbol) [0x964eb6]
	chromedriver!(No symbol) [0x940ecc]
	chromedriver!(No symbol) [0x95ece9]
	chromedriver!(No symbol) [0x9dad52]
	chromedriver!(No symbol) [0x9bd606]
	chromedriver!(No symbol) [0x990039]
	chromedriver!(No symbol) [0x990df4]
	chromedriver!GetHandleVerifier [0xdcddb4+292f94]
	chromedriver!GetHandleVerifier [0xdc937d+28e55d]
	chromedriver!GetHandleVerifier [0xde8215+2ad3f5]
	chromedriver!GetHandleVerifier [0xb64c18+29df8]
	chromedriver!GetHandleVerifier [0xb6c6fd+318dd]
	chromedriver!GetHandleVerifier [0xb53c78+18e58]
	chromedriver!GetHandleVerifier [0xb53e42+19022]
	chromedriver!GetHandleVerifier [0xb3d45f+263f]
	KERNEL32!BaseThreadInitThunk [0x765562c4+24]
	ntdll!RtlSubscribeWnfStateChangeNotification [0x770a0aa9+439]
	ntdll!RtlSubscribeWnfStateChangeNotification [0x770a0a74+404]
) -
9/5_19:00_maf/csi         34%C2%A0628%C2%A061%C2%A027%C2%A078%E2%80%AC ENVIADO      recordatorio FALLIDO (exception: Message: invalid session id; For documentation on this error, please visit: https://www.selenium.dev/documentation/webdriver/troubleshooting/errors#invalidsessionidexception
Stacktrace:
	chromedriver!GetHandleVerifier [0xb4b373+10553]
	chromedriver!GetHandleVerifier [0xb4b4a4+10684]
	chromedriver!(No symbol) [0x951c4e]
	chromedriver!(No symbol) [0x98f2c5]
	chromedriver!(No symbol) [0x9bd726]
	chromedriver!(No symbol) [0x9b8c62]
	chromedriver!(No symbol) [0x9b8281]
	chromedriver!(No symbol) [0x92501e]
	chromedriver!(No symbol) [0x9255be]
	chromedriver!(No symbol) [0x925a9d]
	chromedriver!GetHandleVerifier [0xdcddb4+292f94]
	chromedriver!GetHandleVerifier [0xdc937d+28e55d]
	chromedriver!GetHandleVerifier [0xde8215+2ad3f5]
	chromedriver!GetHandleVerifier [0xb64c18+29df8]
	chromedriver!GetHandleVerifier [0xb6c6fd+318dd]
	chromedriver!(No symbol) [0x924b99]
	chromedriver!(No symbol) [0x9241e0]
	chromedriver!GetHandleVerifier [0xf32bef+3f7dcf]
	KERNEL32!BaseThreadInitThunk [0x765562c4+24]
	ntdll!RtlSubscribeWnfStateChangeNotification [0x770a0aa9+439]
	ntdll!RtlSubscribeWnfStateChangeNotification [0x770a0a74+404]
) -
9/5_20:30_4e              34747414084          ENVIADO      recordatorio FALLIDO (exception: Message: invalid session id; For documentation on this error, please visit: https://www.selenium.dev/documentation/webdriver/troubleshooting/errors#invalidsessionidexception
Stacktrace:
	chromedriver!GetHandleVerifier [0xb4b373+10553]
	chromedriver!GetHandleVerifier [0xb4b4a4+10684]
	chromedriver!(No symbol) [0x951c4e]
	chromedriver!(No symbol) [0x98f2c5]
	chromedriver!(No symbol) [0x9bd726]
	chromedriver!(No symbol) [0x9b8c62]
	chromedriver!(No symbol) [0x9b8281]
	chromedriver!(No symbol) [0x92501e]
	chromedriver!(No symbol) [0x9255be]
	chromedriver!(No symbol) [0x925a9d]
	chromedriver!GetHandleVerifier [0xdcddb4+292f94]
	chromedriver!GetHandleVerifier [0xdc937d+28e55d]
	chromedriver!GetHandleVerifier [0xde8215+2ad3f5]
	chromedriver!GetHandleVerifier [0xb64c18+29df8]
	chromedriver!GetHandleVerifier [0xb6c6fd+318dd]
	chromedriver!(No symbol) [0x924b99]
	chromedriver!(No symbol) [0x9241e0]
	chromedriver!GetHandleVerifier [0xf32bef+3f7dcf]
	KERNEL32!BaseThreadInitThunk [0x765562c4+24]
	ntdll!RtlSubscribeWnfStateChangeNotification [0x770a0aa9+439]
	ntdll!RtlSubscribeWnfStateChangeNotification [0x770a0a74+404]
) -
9/5_19:00_4e              34675651585          ENVIADO      recordatorio FALLIDO (exception: Message: invalid session id; For documentation on this error, please visit: https://www.selenium.dev/documentation/webdriver/troubleshooting/errors#invalidsessionidexception
Stacktrace:
	chromedriver!GetHandleVerifier [0xb4b373+10553]
	chromedriver!GetHandleVerifier [0xb4b4a4+10684]
	chromedriver!(No symbol) [0x951c4e]
	chromedriver!(No symbol) [0x98f2c5]
	chromedriver!(No symbol) [0x9bd726]
	chromedriver!(No symbol) [0x9b8c62]
	chromedriver!(No symbol) [0x9b8281]
	chromedriver!(No symbol) [0x92501e]
	chromedriver!(No symbol) [0x9255be]
	chromedriver!(No symbol) [0x925a9d]
	chromedriver!GetHandleVerifier [0xdcddb4+292f94]
	chromedriver!GetHandleVerifier [0xdc937d+28e55d]
	chromedriver!GetHandleVerifier [0xde8215+2ad3f5]
	chromedriver!GetHandleVerifier [0xb64c18+29df8]
	chromedriver!GetHandleVerifier [0xb6c6fd+318dd]
	chromedriver!(No symbol) [0x924b99]
	chromedriver!(No symbol) [0x9241e0]
	chromedriver!GetHandleVerifier [0xf32bef+3f7dcf]
	KERNEL32!BaseThreadInitThunk [0x765562c4+24]
	ntdll!RtlSubscribeWnfStateChangeNotification [0x770a0aa9+439]
	ntdll!RtlSubscribeWnfStateChangeNotification [0x770a0a74+404]
) -
10/5_17:30_maf            34722714718          ENVIADO      recordatorio FALLIDO (exception: Message: invalid session id; For documentation on this error, please visit: https://www.selenium.dev/documentation/webdriver/troubleshooting/errors#invalidsessionidexception
Stacktrace:
	chromedriver!GetHandleVerifier [0xb4b373+10553]
	chromedriver!GetHandleVerifier [0xb4b4a4+10684]
	chromedriver!(No symbol) [0x951c4e]
	chromedriver!(No symbol) [0x98f2c5]
	chromedriver!(No symbol) [0x9bd726]
	chromedriver!(No symbol) [0x9b8c62]
	chromedriver!(No symbol) [0x9b8281]
	chromedriver!(No symbol) [0x92501e]
	chromedriver!(No symbol) [0x9255be]
	chromedriver!(No symbol) [0x925a9d]
	chromedriver!GetHandleVerifier [0xdcddb4+292f94]
	chromedriver!GetHandleVerifier [0xdc937d+28e55d]
	chromedriver!GetHandleVerifier [0xde8215+2ad3f5]
	chromedriver!GetHandleVerifier [0xb64c18+29df8]
	chromedriver!GetHandleVerifier [0xb6c6fd+318dd]
	chromedriver!(No symbol) [0x924b99]
	chromedriver!(No symbol) [0x9241e0]
	chromedriver!GetHandleVerifier [0xf32bef+3f7dcf]
	KERNEL32!BaseThreadInitThunk [0x765562c4+24]
	ntdll!RtlSubscribeWnfStateChangeNotification [0x770a0aa9+439]
	ntdll!RtlSubscribeWnfStateChangeNotification [0x770a0a74+404]
) -
10/5_17:30_4e             34653197010          ENVIADO      recordatorio FALLIDO (exception: Message: invalid session id; For documentation on this error, please visit: https://www.selenium.dev/documentation/webdriver/troubleshooting/errors#invalidsessionidexception
Stacktrace:
	chromedriver!GetHandleVerifier [0xb4b373+10553]
	chromedriver!GetHandleVerifier [0xb4b4a4+10684]
	chromedriver!(No symbol) [0x951c4e]
	chromedriver!(No symbol) [0x98f2c5]
	chromedriver!(No symbol) [0x9bd726]
	chromedriver!(No symbol) [0x9b8c62]
	chromedriver!(No symbol) [0x9b8281]
	chromedriver!(No symbol) [0x92501e]
	chromedriver!(No symbol) [0x9255be]
	chromedriver!(No symbol) [0x925a9d]
	chromedriver!GetHandleVerifier [0xdcddb4+292f94]
	chromedriver!GetHandleVerifier [0xdc937d+28e55d]
	chromedriver!GetHandleVerifier [0xde8215+2ad3f5]
	chromedriver!GetHandleVerifier [0xb64c18+29df8]
	chromedriver!GetHandleVerifier [0xb6c6fd+318dd]
	chromedriver!(No symbol) [0x924b99]
	chromedriver!(No symbol) [0x9241e0]
	chromedriver!GetHandleVerifier [0xf32bef+3f7dcf]
	KERNEL32!BaseThreadInitThunk [0x765562c4+24]
	ntdll!RtlSubscribeWnfStateChangeNotification [0x770a0aa9+439]
	ntdll!RtlSubscribeWnfStateChangeNotification [0x770a0a74+404]
) -

[2026-05-13 15:26:46] POSITIVO | Fotos nuevas: 0 | Envios OK: 0 | Envios FAIL: 0 | Reviews negativas: 0 | Fotos borradas: 0

=== SESIÓN 15:28-15:28 (13/05/2026) ===
RESERVA                   TELÉFONO             ESTADO       RESPUESTA                 REVIEW
-----------------------------------------------------------------------------------------------
9/5_14:30_maf             34665976040          ENVIADO      recordatorio FALLIDO (chat_input_not_found) -
9/5_19:00_maf/csi         34%C2%A0628%C2%A061%C2%A027%C2%A078%E2%80%AC ENVIADO      recordatorio FALLIDO (chat_input_not_found) -
9/5_20:30_4e              34747414084          ENVIADO      recordatorio FALLIDO (chat_input_not_found) -
9/5_19:00_4e              34675651585          ENVIADO      recordatorio FALLIDO (chat_input_not_found) -
10/5_17:30_maf            34722714718          ENVIADO      recordatorio FALLIDO (chat_input_not_found) -
10/5_17:30_4e             34653197010          ENVIADO      recordatorio FALLIDO (chat_input_not_found) -

[2026-05-13 15:28:46] POSITIVO | Fotos nuevas: 0 | Envios OK: 0 | Envios FAIL: 0 | Reviews negativas: 0 | Fotos borradas: 0
[2026-05-13 15:28:51] NEGATIVO | WhatsApp no conectado (QR visible) — ciclo abortado

=== SESIÓN 15:30-15:30 (13/05/2026) ===
RESERVA                   TELÉFONO             ESTADO       RESPUESTA                 REVIEW
-----------------------------------------------------------------------------------------------
9/5_14:30_maf             34665976040          ENVIADO      recordatorio FALLIDO (chat_input_not_found) -
9/5_19:00_maf/csi         34%C2%A0628%C2%A061%C2%A027%C2%A078%E2%80%AC ENVIADO      recordatorio FALLIDO (chat_input_not_found) -
9/5_20:30_4e              34747414084          ENVIADO      recordatorio FALLIDO (chat_input_not_found) -
9/5_19:00_4e              34675651585          ENVIADO      recordatorio FALLIDO (chat_input_not_found) -
10/5_17:30_maf            34722714718          ENVIADO      recordatorio FALLIDO (chat_input_not_found) -
10/5_17:30_4e             34653197010          ENVIADO      recordatorio FALLIDO (chat_input_not_found) -

[2026-05-13 15:30:56] POSITIVO | Fotos nuevas: 0 | Envios OK: 0 | Envios FAIL: 0 | Reviews negativas: 0 | Fotos borradas: 0

=== SESIÓN 15:32-15:32 (13/05/2026) ===
RESERVA                   TELÉFONO             ESTADO       RESPUESTA                 REVIEW
-----------------------------------------------------------------------------------------------
9/5_14:30_maf             34665976040          ENVIADO      recordatorio FALLIDO (chat_input_not_found) -
9/5_19:00_maf/csi         34%C2%A0628%C2%A061%C2%A027%C2%A078%E2%80%AC ENVIADO      recordatorio FALLIDO (chat_input_not_found) -
9/5_20:30_4e              34747414084          ENVIADO      recordatorio FALLIDO (chat_input_not_found) -
9/5_19:00_4e              34675651585          ENVIADO      recordatorio FALLIDO (chat_input_not_found) -
10/5_17:30_maf            34722714718          ENVIADO      recordatorio FALLIDO (chat_input_not_found) -
10/5_17:30_4e             34653197010          ENVIADO      recordatorio FALLIDO (chat_input_not_found) -

[2026-05-13 15:32:17] POSITIVO | Fotos nuevas: 0 | Envios OK: 0 | Envios FAIL: 0 | Reviews negativas: 0 | Fotos borradas: 0

=== SESIÓN 15:33-15:33 (13/05/2026) ===
RESERVA                   TELÉFONO             ESTADO       RESPUESTA                 REVIEW
-----------------------------------------------------------------------------------------------
9/5_14:30_maf             34665976040          ENVIADO      recordatorio FALLIDO (chat_input_not_found) -
9/5_19:00_maf/csi         34%C2%A0628%C2%A061%C2%A027%C2%A078%E2%80%AC ENVIADO      recordatorio FALLIDO (chat_input_not_found) -
9/5_20:30_4e              34747414084          ENVIADO      recordatorio FALLIDO (chat_input_not_found) -
9/5_19:00_4e              34675651585          ENVIADO      recordatorio FALLIDO (chat_input_not_found) -
10/5_17:30_maf            34722714718          ENVIADO      recordatorio FALLIDO (chat_input_not_found) -
10/5_17:30_4e             34653197010          ENVIADO      recordatorio FALLIDO (chat_input_not_found) -

[2026-05-13 15:33:36] POSITIVO | Fotos nuevas: 0 | Envios OK: 0 | Envios FAIL: 0 | Reviews negativas: 0 | Fotos borradas: 0

=== SESIÓN 15:34-15:34 (13/05/2026) ===
RESERVA                   TELÉFONO             ESTADO       RESPUESTA                 REVIEW
-----------------------------------------------------------------------------------------------
9/5_14:30_maf             34665976040          ENVIADO      recordatorio FALLIDO (chat_input_not_found) -
9/5_19:00_maf/csi         34%C2%A0628%C2%A061%C2%A027%C2%A078%E2%80%AC ENVIADO      recordatorio FALLIDO (chat_input_not_found) -
9/5_20:30_4e              34747414084          ENVIADO      recordatorio FALLIDO (chat_input_not_found) -
9/5_19:00_4e              34675651585          ENVIADO      recordatorio FALLIDO (chat_input_not_found) -
10/5_17:30_maf            34722714718          ENVIADO      recordatorio FALLIDO (chat_input_not_found) -
10/5_17:30_4e             34653197010          ENVIADO      recordatorio FALLIDO (chat_input_not_found) -

[2026-05-13 15:34:54] POSITIVO | Fotos nuevas: 0 | Envios OK: 0 | Envios FAIL: 0 | Reviews negativas: 0 | Fotos borradas: 0

=== SESIÓN 15:36-15:36 (13/05/2026) ===
RESERVA                   TELÉFONO             ESTADO       RESPUESTA                 REVIEW
-----------------------------------------------------------------------------------------------
9/5_14:30_maf             34665976040          ENVIADO      recordatorio FALLIDO (chat_input_not_found) -
9/5_19:00_maf/csi         34%C2%A0628%C2%A061%C2%A027%C2%A078%E2%80%AC ENVIADO      recordatorio FALLIDO (chat_input_not_found) -
9/5_20:30_4e              34747414084          ENVIADO      recordatorio FALLIDO (chat_input_not_found) -
9/5_19:00_4e              34675651585          ENVIADO      recordatorio FALLIDO (chat_input_not_found) -
10/5_17:30_maf            34722714718          ENVIADO      recordatorio FALLIDO (chat_input_not_found) -
10/5_17:30_4e             34653197010          ENVIADO      recordatorio FALLIDO (chat_input_not_found) -

[2026-05-13 15:36:13] POSITIVO | Fotos nuevas: 0 | Envios OK: 0 | Envios FAIL: 0 | Reviews negativas: 0 | Fotos borradas: 0

=== SESIÓN 15:37-15:37 (13/05/2026) ===
RESERVA                   TELÉFONO             ESTADO       RESPUESTA                 REVIEW
-----------------------------------------------------------------------------------------------
9/5_14:30_maf             34665976040          ENVIADO      recordatorio FALLIDO (chat_input_not_found) -
9/5_19:00_maf/csi         34%C2%A0628%C2%A061%C2%A027%C2%A078%E2%80%AC ENVIADO      recordatorio FALLIDO (chat_input_not_found) -
9/5_20:30_4e              34747414084          ENVIADO      recordatorio FALLIDO (chat_input_not_found) -
9/5_19:00_4e              34675651585          ENVIADO      recordatorio FALLIDO (chat_input_not_found) -
10/5_17:30_maf            34722714718          ENVIADO      recordatorio FALLIDO (chat_input_not_found) -
10/5_17:30_4e             34653197010          ENVIADO      recordatorio FALLIDO (chat_input_not_found) -

[2026-05-13 15:37:34] POSITIVO | Fotos nuevas: 0 | Envios OK: 0 | Envios FAIL: 0 | Reviews negativas: 0 | Fotos borradas: 0

=== SESIÓN 15:38-15:38 (13/05/2026) ===
RESERVA                   TELÉFONO             ESTADO       RESPUESTA                 REVIEW
-----------------------------------------------------------------------------------------------
9/5_14:30_maf             34665976040          ENVIADO      recordatorio FALLIDO (chat_input_not_found) -
9/5_19:00_maf/csi         34%C2%A0628%C2%A061%C2%A027%C2%A078%E2%80%AC ENVIADO      recordatorio FALLIDO (chat_input_not_found) -
9/5_20:30_4e              34747414084          ENVIADO      recordatorio FALLIDO (chat_input_not_found) -
9/5_19:00_4e              34675651585          ENVIADO      recordatorio FALLIDO (chat_input_not_found) -
10/5_17:30_maf            34722714718          ENVIADO      recordatorio FALLIDO (chat_input_not_found) -
10/5_17:30_4e             34653197010          ENVIADO      recordatorio FALLIDO (chat_input_not_found) -

[2026-05-13 15:38:53] POSITIVO | Fotos nuevas: 0 | Envios OK: 0 | Envios FAIL: 0 | Reviews negativas: 0 | Fotos borradas: 0

=== SESIÓN 15:37-15:40 (13/05/2026) ===
RESERVA                   TELÉFONO             ESTADO       RESPUESTA                 REVIEW
-----------------------------------------------------------------------------------------------
9/5_14:30_maf             34665976040          ENVIADO      recordatorio FALLIDO (exception: HTTPConnectionPool(host='localhost', port=55085): Max retries exceeded with url: /session/00ee33a491023c437d5ea5485bf232f7/source (Caused by NewConnectionError("HTTPConnection(host='localhost', port=55085): Failed to establish a new connection: [WinError 10061] No connection could be made because the target machine actively refused it"))) -
9/5_19:00_maf/csi         34%C2%A0628%C2%A061%C2%A027%C2%A078%E2%80%AC ENVIADO      recordatorio FALLIDO (exception: HTTPConnectionPool(host='localhost', port=55085): Max retries exceeded with url: /session/00ee33a491023c437d5ea5485bf232f7/source (Caused by NewConnectionError("HTTPConnection(host='localhost', port=55085): Failed to establish a new connection: [WinError 10061] No connection could be made because the target machine actively refused it"))) -
9/5_20:30_4e              34747414084          ENVIADO      recordatorio FALLIDO (exception: HTTPConnectionPool(host='localhost', port=55085): Max retries exceeded with url: /session/00ee33a491023c437d5ea5485bf232f7/source (Caused by NewConnectionError("HTTPConnection(host='localhost', port=55085): Failed to establish a new connection: [WinError 10061] No connection could be made because the target machine actively refused it"))) -
9/5_19:00_4e              34675651585          ENVIADO      recordatorio FALLIDO (exception: HTTPConnectionPool(host='localhost', port=55085): Max retries exceeded with url: /session/00ee33a491023c437d5ea5485bf232f7/source (Caused by NewConnectionError("HTTPConnection(host='localhost', port=55085): Failed to establish a new connection: [WinError 10061] No connection could be made because the target machine actively refused it"))) -
10/5_17:30_maf            34722714718          ENVIADO      recordatorio FALLIDO (exception: HTTPConnectionPool(host='localhost', port=55085): Max retries exceeded with url: /session/00ee33a491023c437d5ea5485bf232f7/source (Caused by NewConnectionError("HTTPConnection(host='localhost', port=55085): Failed to establish a new connection: [WinError 10061] No connection could be made because the target machine actively refused it"))) -
10/5_17:30_4e             34653197010          ENVIADO      recordatorio FALLIDO (exception: HTTPConnectionPool(host='localhost', port=55085): Max retries exceeded with url: /session/00ee33a491023c437d5ea5485bf232f7/source (Caused by NewConnectionError("HTTPConnection(host='localhost', port=55085): Failed to establish a new connection: [WinError 10061] No connection could be made because the target machine actively refused it"))) -

[2026-05-13 15:40:07] POSITIVO | Fotos nuevas: 0 | Envios OK: 0 | Envios FAIL: 0 | Reviews negativas: 0 | Fotos borradas: 0

=== SESIÓN 15:40-15:40 (13/05/2026) ===
RESERVA                   TELÉFONO             ESTADO       RESPUESTA                 REVIEW
-----------------------------------------------------------------------------------------------
9/5_14:30_maf             34665976040          ENVIADO      recordatorio FALLIDO (chat_input_not_found) -
9/5_19:00_maf/csi         34%C2%A0628%C2%A061%C2%A027%C2%A078%E2%80%AC ENVIADO      recordatorio FALLIDO (chat_input_not_found) -
9/5_20:30_4e              34747414084          ENVIADO      recordatorio FALLIDO (chat_input_not_found) -
9/5_19:00_4e              34675651585          ENVIADO      recordatorio FALLIDO (chat_input_not_found) -
10/5_17:30_maf            34722714718          ENVIADO      recordatorio FALLIDO (chat_input_not_found) -
10/5_17:30_4e             34653197010          ENVIADO      recordatorio FALLIDO (chat_input_not_found) -

[2026-05-13 15:40:13] POSITIVO | Fotos nuevas: 0 | Envios OK: 0 | Envios FAIL: 0 | Reviews negativas: 0 | Fotos borradas: 0

=== SESIÓN 15:41-15:41 (13/05/2026) ===
RESERVA                   TELÉFONO             ESTADO       RESPUESTA                 REVIEW
-----------------------------------------------------------------------------------------------
9/5_14:30_maf             34665976040          ENVIADO      recordatorio FALLIDO (chat_input_not_found) -
9/5_19:00_maf/csi         34%C2%A0628%C2%A061%C2%A027%C2%A078%E2%80%AC ENVIADO      recordatorio FALLIDO (chat_input_not_found) -
9/5_20:30_4e              34747414084          ENVIADO      recordatorio FALLIDO (chat_input_not_found) -
9/5_19:00_4e              34675651585          ENVIADO      recordatorio FALLIDO (chat_input_not_found) -
10/5_17:30_maf            34722714718          ENVIADO      recordatorio FALLIDO (chat_input_not_found) -
10/5_17:30_4e             34653197010          ENVIADO      recordatorio FALLIDO (chat_input_not_found) -

[2026-05-13 15:41:38] POSITIVO | Fotos nuevas: 0 | Envios OK: 0 | Envios FAIL: 0 | Reviews negativas: 0 | Fotos borradas: 0

=== SESIÓN 15:41-15:41 (13/05/2026) ===
RESERVA                   TELÉFONO             ESTADO       RESPUESTA                 REVIEW
-----------------------------------------------------------------------------------------------
9/5_14:30_maf             34665976040          ENVIADO      recordatorio FALLIDO (chat_input_not_found) -
9/5_19:00_maf/csi         34%C2%A0628%C2%A061%C2%A027%C2%A078%E2%80%AC ENVIADO      recordatorio FALLIDO (chat_input_not_found) -
9/5_20:30_4e              34747414084          ENVIADO      recordatorio FALLIDO (chat_input_not_found) -
9/5_19:00_4e              34675651585          ENVIADO      recordatorio FALLIDO (chat_input_not_found) -
10/5_17:30_maf            34722714718          ENVIADO      recordatorio FALLIDO (chat_input_not_found) -
10/5_17:30_4e             34653197010          ENVIADO      recordatorio FALLIDO (chat_input_not_found) -

[2026-05-13 15:41:38] POSITIVO | Fotos nuevas: 0 | Envios OK: 0 | Envios FAIL: 0 | Reviews negativas: 0 | Fotos borradas: 0

=== SESIÓN 15:43-15:43 (13/05/2026) ===
RESERVA                   TELÉFONO             ESTADO       RESPUESTA                 REVIEW
-----------------------------------------------------------------------------------------------
9/5_14:30_maf             34665976040          ENVIADO      recordatorio FALLIDO (chat_input_not_found) -
9/5_19:00_maf/csi         34%C2%A0628%C2%A061%C2%A027%C2%A078%E2%80%AC ENVIADO      recordatorio FALLIDO (chat_input_not_found) -
9/5_20:30_4e              34747414084          ENVIADO      recordatorio FALLIDO (chat_input_not_found) -
9/5_19:00_4e              34675651585          ENVIADO      recordatorio FALLIDO (chat_input_not_found) -
10/5_17:30_maf            34722714718          ENVIADO      recordatorio FALLIDO (chat_input_not_found) -
10/5_17:30_4e             34653197010          ENVIADO      recordatorio FALLIDO (chat_input_not_found) -

[2026-05-13 15:43:39] POSITIVO | Fotos nuevas: 0 | Envios OK: 0 | Envios FAIL: 0 | Reviews negativas: 0 | Fotos borradas: 0
[2026-05-13 15:44:00] NEGATIVO | WhatsApp no conectado (QR visible) — ciclo abortado

=== SESIÓN 15:45-15:46 (13/05/2026) ===
RESERVA                   TELÉFONO             ESTADO       RESPUESTA                 REVIEW
-----------------------------------------------------------------------------------------------
9/5_14:30_maf             34665976040          ENVIADO      recordatorio FALLIDO (chat_input_not_found) -
9/5_19:00_maf/csi         34%C2%A0628%C2%A061%C2%A027%C2%A078%E2%80%AC ENVIADO      recordatorio FALLIDO (chat_input_not_found) -
9/5_20:30_4e              34747414084          ENVIADO      recordatorio FALLIDO (chat_input_not_found) -
9/5_19:00_4e              34675651585          ENVIADO      recordatorio FALLIDO (chat_input_not_found) -
10/5_17:30_maf            34722714718          ENVIADO      recordatorio FALLIDO (chat_input_not_found) -
10/5_17:30_4e             34653197010          ENVIADO      recordatorio FALLIDO (chat_input_not_found) -

[2026-05-13 15:46:03] POSITIVO | Fotos nuevas: 0 | Envios OK: 0 | Envios FAIL: 0 | Reviews negativas: 0 | Fotos borradas: 0

=== SESIÓN 15:47-15:47 (13/05/2026) ===
RESERVA                   TELÉFONO             ESTADO       RESPUESTA                 REVIEW
-----------------------------------------------------------------------------------------------
9/5_14:30_maf             34665976040          ENVIADO      recordatorio FALLIDO (chat_input_not_found) -
9/5_19:00_maf/csi         34%C2%A0628%C2%A061%C2%A027%C2%A078%E2%80%AC ENVIADO      recordatorio FALLIDO (chat_input_not_found) -
9/5_20:30_4e              34747414084          ENVIADO      recordatorio FALLIDO (chat_input_not_found) -
9/5_19:00_4e              34675651585          ENVIADO      recordatorio FALLIDO (chat_input_not_found) -
10/5_17:30_maf            34722714718          ENVIADO      recordatorio FALLIDO (chat_input_not_found) -
10/5_17:30_4e             34653197010          ENVIADO      recordatorio FALLIDO (chat_input_not_found) -

[2026-05-13 15:47:23] POSITIVO | Fotos nuevas: 0 | Envios OK: 0 | Envios FAIL: 0 | Reviews negativas: 0 | Fotos borradas: 0

=== SESIÓN 15:48-15:48 (13/05/2026) ===
RESERVA                   TELÉFONO             ESTADO       RESPUESTA                 REVIEW
-----------------------------------------------------------------------------------------------
9/5_14:30_maf             34665976040          ENVIADO      recordatorio FALLIDO (chat_input_not_found) -
9/5_19:00_maf/csi         34%C2%A0628%C2%A061%C2%A027%C2%A078%E2%80%AC ENVIADO      recordatorio FALLIDO (chat_input_not_found) -
9/5_20:30_4e              34747414084          ENVIADO      recordatorio FALLIDO (chat_input_not_found) -
9/5_19:00_4e              34675651585          ENVIADO      recordatorio FALLIDO (chat_input_not_found) -
10/5_17:30_maf            34722714718          ENVIADO      recordatorio FALLIDO (chat_input_not_found) -
10/5_17:30_4e             34653197010          ENVIADO      recordatorio FALLIDO (chat_input_not_found) -

[2026-05-13 15:48:47] POSITIVO | Fotos nuevas: 0 | Envios OK: 0 | Envios FAIL: 0 | Reviews negativas: 0 | Fotos borradas: 0

=== SESIÓN 15:46-15:48 (13/05/2026) ===
RESERVA                   TELÉFONO             ESTADO       RESPUESTA                 REVIEW
-----------------------------------------------------------------------------------------------
9/5_14:30_maf             34665976040          ENVIADO      recordatorio FALLIDO (exception: HTTPConnectionPool(host='localhost', port=56194): Max retries exceeded with url: /session/3cbac52c643be22706abd7383f5f4d86/source (Caused by NewConnectionError("HTTPConnection(host='localhost', port=56194): Failed to establish a new connection: [WinError 10061] No connection could be made because the target machine actively refused it"))) -
9/5_19:00_maf/csi         34%C2%A0628%C2%A061%C2%A027%C2%A078%E2%80%AC ENVIADO      recordatorio FALLIDO (exception: HTTPConnectionPool(host='localhost', port=56194): Max retries exceeded with url: /session/3cbac52c643be22706abd7383f5f4d86/source (Caused by NewConnectionError("HTTPConnection(host='localhost', port=56194): Failed to establish a new connection: [WinError 10061] No connection could be made because the target machine actively refused it"))) -
9/5_20:30_4e              34747414084          ENVIADO      recordatorio FALLIDO (exception: HTTPConnectionPool(host='localhost', port=56194): Max retries exceeded with url: /session/3cbac52c643be22706abd7383f5f4d86/source (Caused by NewConnectionError("HTTPConnection(host='localhost', port=56194): Failed to establish a new connection: [WinError 10061] No connection could be made because the target machine actively refused it"))) -
9/5_19:00_4e              34675651585          ENVIADO      recordatorio FALLIDO (exception: HTTPConnectionPool(host='localhost', port=56194): Max retries exceeded with url: /session/3cbac52c643be22706abd7383f5f4d86/source (Caused by NewConnectionError("HTTPConnection(host='localhost', port=56194): Failed to establish a new connection: [WinError 10061] No connection could be made because the target machine actively refused it"))) -
10/5_17:30_maf            34722714718          ENVIADO      recordatorio FALLIDO (exception: HTTPConnectionPool(host='localhost', port=56194): Max retries exceeded with url: /session/3cbac52c643be22706abd7383f5f4d86/source (Caused by NewConnectionError("HTTPConnection(host='localhost', port=56194): Failed to establish a new connection: [WinError 10061] No connection could be made because the target machine actively refused it"))) -
10/5_17:30_4e             34653197010          ENVIADO      recordatorio FALLIDO (exception: HTTPConnectionPool(host='localhost', port=56194): Max retries exceeded with url: /session/3cbac52c643be22706abd7383f5f4d86/source (Caused by NewConnectionError("HTTPConnection(host='localhost', port=56194): Failed to establish a new connection: [WinError 10061] No connection could be made because the target machine actively refused it"))) -

[2026-05-13 15:48:50] POSITIVO | Fotos nuevas: 0 | Envios OK: 0 | Envios FAIL: 0 | Reviews negativas: 0 | Fotos borradas: 0

=== SESIÓN 15:50-15:50 (13/05/2026) ===
RESERVA                   TELÉFONO             ESTADO       RESPUESTA                 REVIEW
-----------------------------------------------------------------------------------------------
9/5_14:30_maf             34665976040          ENVIADO      recordatorio FALLIDO (chat_input_not_found) -
9/5_19:00_maf/csi         34%C2%A0628%C2%A061%C2%A027%C2%A078%E2%80%AC ENVIADO      recordatorio FALLIDO (chat_input_not_found) -
9/5_20:30_4e              34747414084          ENVIADO      recordatorio FALLIDO (chat_input_not_found) -
9/5_19:00_4e              34675651585          ENVIADO      recordatorio FALLIDO (chat_input_not_found) -
10/5_17:30_maf            34722714718          ENVIADO      recordatorio FALLIDO (chat_input_not_found) -
10/5_17:30_4e             34653197010          ENVIADO      recordatorio FALLIDO (chat_input_not_found) -

[2026-05-13 15:50:57] POSITIVO | Fotos nuevas: 0 | Envios OK: 0 | Envios FAIL: 0 | Reviews negativas: 0 | Fotos borradas: 0

=== SESIÓN 15:52-15:52 (13/05/2026) ===
RESERVA                   TELÉFONO             ESTADO       RESPUESTA                 REVIEW
-----------------------------------------------------------------------------------------------
9/5_14:30_maf             34665976040          ENVIADO      recordatorio FALLIDO (chat_input_not_found) -
9/5_19:00_maf/csi         34%C2%A0628%C2%A061%C2%A027%C2%A078%E2%80%AC ENVIADO      recordatorio FALLIDO (chat_input_not_found) -
9/5_20:30_4e              34747414084          ENVIADO      recordatorio FALLIDO (chat_input_not_found) -
9/5_19:00_4e              34675651585          ENVIADO      recordatorio FALLIDO (chat_input_not_found) -
10/5_17:30_maf            34722714718          ENVIADO      recordatorio FALLIDO (chat_input_not_found) -
10/5_17:30_4e             34653197010          ENVIADO      recordatorio FALLIDO (chat_input_not_found) -

[2026-05-13 15:52:19] POSITIVO | Fotos nuevas: 0 | Envios OK: 0 | Envios FAIL: 0 | Reviews negativas: 0 | Fotos borradas: 0

=== SESIÓN 15:53-15:53 (13/05/2026) ===
RESERVA                   TELÉFONO             ESTADO       RESPUESTA                 REVIEW
-----------------------------------------------------------------------------------------------
9/5_14:30_maf             34665976040          ENVIADO      recordatorio FALLIDO (chat_input_not_found) -
9/5_19:00_maf/csi         34%C2%A0628%C2%A061%C2%A027%C2%A078%E2%80%AC ENVIADO      recordatorio FALLIDO (chat_input_not_found) -
9/5_20:30_4e              34747414084          ENVIADO      recordatorio FALLIDO (chat_input_not_found) -
9/5_19:00_4e              34675651585          ENVIADO      recordatorio FALLIDO (chat_input_not_found) -
10/5_17:30_maf            34722714718          ENVIADO      recordatorio FALLIDO (chat_input_not_found) -
10/5_17:30_4e             34653197010          ENVIADO      recordatorio FALLIDO (chat_input_not_found) -

[2026-05-13 15:53:40] POSITIVO | Fotos nuevas: 0 | Envios OK: 0 | Envios FAIL: 0 | Reviews negativas: 0 | Fotos borradas: 0

=== SESIÓN 15:54-15:54 (13/05/2026) ===
RESERVA                   TELÉFONO             ESTADO       RESPUESTA                 REVIEW
-----------------------------------------------------------------------------------------------
9/5_14:30_maf             34665976040          ENVIADO      recordatorio FALLIDO (chat_input_not_found) -
9/5_19:00_maf/csi         34%C2%A0628%C2%A061%C2%A027%C2%A078%E2%80%AC ENVIADO      recordatorio FALLIDO (chat_input_not_found) -
9/5_20:30_4e              34747414084          ENVIADO      recordatorio FALLIDO (chat_input_not_found) -
9/5_19:00_4e              34675651585          ENVIADO      recordatorio FALLIDO (chat_input_not_found) -
10/5_17:30_maf            34722714718          ENVIADO      recordatorio FALLIDO (chat_input_not_found) -
10/5_17:30_4e             34653197010          ENVIADO      recordatorio FALLIDO (chat_input_not_found) -

[2026-05-13 15:54:59] POSITIVO | Fotos nuevas: 0 | Envios OK: 0 | Envios FAIL: 0 | Reviews negativas: 0 | Fotos borradas: 0

=== SESIÓN 15:56-15:56 (13/05/2026) ===
RESERVA                   TELÉFONO             ESTADO       RESPUESTA                 REVIEW
-----------------------------------------------------------------------------------------------
9/5_14:30_maf             34665976040          ENVIADO      recordatorio FALLIDO (chat_input_not_found) -
9/5_19:00_maf/csi         34%C2%A0628%C2%A061%C2%A027%C2%A078%E2%80%AC ENVIADO      recordatorio FALLIDO (chat_input_not_found) -
9/5_20:30_4e              34747414084          ENVIADO      recordatorio FALLIDO (chat_input_not_found) -
9/5_19:00_4e              34675651585          ENVIADO      recordatorio FALLIDO (chat_input_not_found) -
10/5_17:30_maf            34722714718          ENVIADO      recordatorio FALLIDO (chat_input_not_found) -
10/5_17:30_4e             34653197010          ENVIADO      recordatorio FALLIDO (chat_input_not_found) -

[2026-05-13 15:56:22] POSITIVO | Fotos nuevas: 0 | Envios OK: 0 | Envios FAIL: 0 | Reviews negativas: 0 | Fotos borradas: 0

=== SESIÓN 15:57-15:57 (13/05/2026) ===
RESERVA                   TELÉFONO             ESTADO       RESPUESTA                 REVIEW
-----------------------------------------------------------------------------------------------
9/5_14:30_maf             34665976040          ENVIADO      recordatorio FALLIDO (chat_input_not_found) -
9/5_19:00_maf/csi         34%C2%A0628%C2%A061%C2%A027%C2%A078%E2%80%AC ENVIADO      recordatorio FALLIDO (chat_input_not_found) -
9/5_20:30_4e              34747414084          ENVIADO      recordatorio FALLIDO (chat_input_not_found) -
9/5_19:00_4e              34675651585          ENVIADO      recordatorio FALLIDO (chat_input_not_found) -
10/5_17:30_maf            34722714718          ENVIADO      recordatorio FALLIDO (chat_input_not_found) -
10/5_17:30_4e             34653197010          ENVIADO      recordatorio FALLIDO (chat_input_not_found) -

[2026-05-13 15:57:43] POSITIVO | Fotos nuevas: 0 | Envios OK: 0 | Envios FAIL: 0 | Reviews negativas: 0 | Fotos borradas: 0

=== SESIÓN 15:58-15:59 (13/05/2026) ===
RESERVA                   TELÉFONO             ESTADO       RESPUESTA                 REVIEW
-----------------------------------------------------------------------------------------------
9/5_14:30_maf             34665976040          ENVIADO      recordatorio FALLIDO (chat_input_not_found) -
9/5_19:00_maf/csi         34%C2%A0628%C2%A061%C2%A027%C2%A078%E2%80%AC ENVIADO      recordatorio FALLIDO (chat_input_not_found) -
9/5_20:30_4e              34747414084          ENVIADO      recordatorio FALLIDO (chat_input_not_found) -
9/5_19:00_4e              34675651585          ENVIADO      recordatorio FALLIDO (chat_input_not_found) -
10/5_17:30_maf            34722714718          ENVIADO      recordatorio FALLIDO (chat_input_not_found) -
10/5_17:30_4e             34653197010          ENVIADO      recordatorio FALLIDO (chat_input_not_found) -

[2026-05-13 15:59:02] POSITIVO | Fotos nuevas: 0 | Envios OK: 0 | Envios FAIL: 0 | Reviews negativas: 0 | Fotos borradas: 0

=== SESIÓN 16:00-16:00 (13/05/2026) ===
RESERVA                   TELÉFONO             ESTADO       RESPUESTA                 REVIEW
-----------------------------------------------------------------------------------------------
9/5_14:30_maf             34665976040          ENVIADO      recordatorio FALLIDO (chat_input_not_found) -
9/5_19:00_maf/csi         34%C2%A0628%C2%A061%C2%A027%C2%A078%E2%80%AC ENVIADO      recordatorio FALLIDO (chat_input_not_found) -
9/5_20:30_4e              34747414084          ENVIADO      recordatorio FALLIDO (chat_input_not_found) -
9/5_19:00_4e              34675651585          ENVIADO      recordatorio FALLIDO (chat_input_not_found) -
10/5_17:30_maf            34722714718          ENVIADO      recordatorio FALLIDO (chat_input_not_found) -
10/5_17:30_4e             34653197010          ENVIADO      recordatorio FALLIDO (chat_input_not_found) -

[2026-05-13 16:00:25] POSITIVO | Fotos nuevas: 0 | Envios OK: 0 | Envios FAIL: 0 | Reviews negativas: 0 | Fotos borradas: 0

=== SESIÓN 15:57-16:00 (13/05/2026) ===
RESERVA                   TELÉFONO             ESTADO       RESPUESTA                 REVIEW
-----------------------------------------------------------------------------------------------
9/5_14:30_maf             34665976040          ENVIADO      recordatorio FALLIDO (exception: HTTPConnectionPool(host='localhost', port=56873): Max retries exceeded with url: /session/268eef4eb273fd9c6b15387282af5a70/source (Caused by NewConnectionError("HTTPConnection(host='localhost', port=56873): Failed to establish a new connection: [WinError 10061] No connection could be made because the target machine actively refused it"))) -
9/5_19:00_maf/csi         34%C2%A0628%C2%A061%C2%A027%C2%A078%E2%80%AC ENVIADO      recordatorio FALLIDO (exception: HTTPConnectionPool(host='localhost', port=56873): Max retries exceeded with url: /session/268eef4eb273fd9c6b15387282af5a70/source (Caused by NewConnectionError("HTTPConnection(host='localhost', port=56873): Failed to establish a new connection: [WinError 10061] No connection could be made because the target machine actively refused it"))) -
9/5_20:30_4e              34747414084          ENVIADO      recordatorio FALLIDO (exception: HTTPConnectionPool(host='localhost', port=56873): Max retries exceeded with url: /session/268eef4eb273fd9c6b15387282af5a70/source (Caused by NewConnectionError("HTTPConnection(host='localhost', port=56873): Failed to establish a new connection: [WinError 10061] No connection could be made because the target machine actively refused it"))) -
9/5_19:00_4e              34675651585          ENVIADO      recordatorio FALLIDO (exception: HTTPConnectionPool(host='localhost', port=56873): Max retries exceeded with url: /session/268eef4eb273fd9c6b15387282af5a70/source (Caused by NewConnectionError("HTTPConnection(host='localhost', port=56873): Failed to establish a new connection: [WinError 10061] No connection could be made because the target machine actively refused it"))) -
10/5_17:30_maf            34722714718          ENVIADO      recordatorio FALLIDO (exception: HTTPConnectionPool(host='localhost', port=56873): Max retries exceeded with url: /session/268eef4eb273fd9c6b15387282af5a70/source (Caused by NewConnectionError("HTTPConnection(host='localhost', port=56873): Failed to establish a new connection: [WinError 10061] No connection could be made because the target machine actively refused it"))) -
10/5_17:30_4e             34653197010          ENVIADO      recordatorio FALLIDO (exception: HTTPConnectionPool(host='localhost', port=56873): Max retries exceeded with url: /session/268eef4eb273fd9c6b15387282af5a70/source (Caused by NewConnectionError("HTTPConnection(host='localhost', port=56873): Failed to establish a new connection: [WinError 10061] No connection could be made because the target machine actively refused it"))) -

[2026-05-13 16:00:41] POSITIVO | Fotos nuevas: 0 | Envios OK: 0 | Envios FAIL: 0 | Reviews negativas: 0 | Fotos borradas: 0

=== SESIÓN 16:02-16:02 (13/05/2026) ===
RESERVA                   TELÉFONO             ESTADO       RESPUESTA                 REVIEW
-----------------------------------------------------------------------------------------------
9/5_14:30_maf             34665976040          ENVIADO      recordatorio FALLIDO (chat_input_not_found) -
9/5_19:00_maf/csi         34%C2%A0628%C2%A061%C2%A027%C2%A078%E2%80%AC ENVIADO      recordatorio FALLIDO (chat_input_not_found) -
9/5_20:30_4e              34747414084          ENVIADO      recordatorio FALLIDO (chat_input_not_found) -
9/5_19:00_4e              34675651585          ENVIADO      recordatorio FALLIDO (chat_input_not_found) -
10/5_17:30_maf            34722714718          ENVIADO      recordatorio FALLIDO (chat_input_not_found) -
10/5_17:30_4e             34653197010          ENVIADO      recordatorio FALLIDO (chat_input_not_found) -

[2026-05-13 16:02:48] POSITIVO | Fotos nuevas: 0 | Envios OK: 0 | Envios FAIL: 0 | Reviews negativas: 0 | Fotos borradas: 0

=== SESIÓN 16:04-16:04 (13/05/2026) ===
RESERVA                   TELÉFONO             ESTADO       RESPUESTA                 REVIEW
-----------------------------------------------------------------------------------------------
9/5_14:30_maf             34665976040          ENVIADO      recordatorio FALLIDO (chat_input_not_found) -
9/5_19:00_maf/csi         34%C2%A0628%C2%A061%C2%A027%C2%A078%E2%80%AC ENVIADO      recordatorio FALLIDO (chat_input_not_found) -
9/5_20:30_4e              34747414084          ENVIADO      recordatorio FALLIDO (chat_input_not_found) -
9/5_19:00_4e              34675651585          ENVIADO      recordatorio FALLIDO (chat_input_not_found) -
10/5_17:30_maf            34722714718          ENVIADO      recordatorio FALLIDO (chat_input_not_found) -
10/5_17:30_4e             34653197010          ENVIADO      recordatorio FALLIDO (chat_input_not_found) -

[2026-05-13 16:04:08] POSITIVO | Fotos nuevas: 0 | Envios OK: 0 | Envios FAIL: 0 | Reviews negativas: 0 | Fotos borradas: 0

=== SESIÓN 16:05-16:05 (13/05/2026) ===
RESERVA                   TELÉFONO             ESTADO       RESPUESTA                 REVIEW
-----------------------------------------------------------------------------------------------
9/5_14:30_maf             34665976040          ENVIADO      recordatorio FALLIDO (chat_input_not_found) -
9/5_19:00_maf/csi         34%C2%A0628%C2%A061%C2%A027%C2%A078%E2%80%AC ENVIADO      recordatorio FALLIDO (chat_input_not_found) -
9/5_20:30_4e              34747414084          ENVIADO      recordatorio FALLIDO (chat_input_not_found) -
9/5_19:00_4e              34675651585          ENVIADO      recordatorio FALLIDO (chat_input_not_found) -
10/5_17:30_maf            34722714718          ENVIADO      recordatorio FALLIDO (chat_input_not_found) -
10/5_17:30_4e             34653197010          ENVIADO      recordatorio FALLIDO (chat_input_not_found) -

[2026-05-13 16:05:26] POSITIVO | Fotos nuevas: 0 | Envios OK: 0 | Envios FAIL: 0 | Reviews negativas: 0 | Fotos borradas: 0

=== SESIÓN 16:06-16:06 (13/05/2026) ===
RESERVA                   TELÉFONO             ESTADO       RESPUESTA                 REVIEW
-----------------------------------------------------------------------------------------------
9/5_14:30_maf             34665976040          ENVIADO      recordatorio FALLIDO (chat_input_not_found) -
9/5_19:00_maf/csi         34%C2%A0628%C2%A061%C2%A027%C2%A078%E2%80%AC ENVIADO      recordatorio FALLIDO (chat_input_not_found) -
9/5_20:30_4e              34747414084          ENVIADO      recordatorio FALLIDO (chat_input_not_found) -
9/5_19:00_4e              34675651585          ENVIADO      recordatorio FALLIDO (chat_input_not_found) -
10/5_17:30_maf            34722714718          ENVIADO      recordatorio FALLIDO (chat_input_not_found) -
10/5_17:30_4e             34653197010          ENVIADO      recordatorio FALLIDO (chat_input_not_found) -

[2026-05-13 16:06:46] POSITIVO | Fotos nuevas: 0 | Envios OK: 0 | Envios FAIL: 0 | Reviews negativas: 0 | Fotos borradas: 0

=== SESIÓN 16:04-16:06 (13/05/2026) ===
RESERVA                   TELÉFONO             ESTADO       RESPUESTA                 REVIEW
-----------------------------------------------------------------------------------------------
9/5_14:30_maf             34665976040          ENVIADO      recordatorio FALLIDO (exception: HTTPConnectionPool(host='localhost', port=57795): Max retries exceeded with url: /session/1e9b58046860342fb07321a8dd3324c2/source (Caused by NewConnectionError("HTTPConnection(host='localhost', port=57795): Failed to establish a new connection: [WinError 10061] No connection could be made because the target machine actively refused it"))) -
9/5_19:00_maf/csi         34%C2%A0628%C2%A061%C2%A027%C2%A078%E2%80%AC ENVIADO      recordatorio FALLIDO (exception: HTTPConnectionPool(host='localhost', port=57795): Max retries exceeded with url: /session/1e9b58046860342fb07321a8dd3324c2/source (Caused by NewConnectionError("HTTPConnection(host='localhost', port=57795): Failed to establish a new connection: [WinError 10061] No connection could be made because the target machine actively refused it"))) -
9/5_20:30_4e              34747414084          ENVIADO      recordatorio FALLIDO (exception: HTTPConnectionPool(host='localhost', port=57795): Max retries exceeded with url: /session/1e9b58046860342fb07321a8dd3324c2/source (Caused by NewConnectionError("HTTPConnection(host='localhost', port=57795): Failed to establish a new connection: [WinError 10061] No connection could be made because the target machine actively refused it"))) -
9/5_19:00_4e              34675651585          ENVIADO      recordatorio FALLIDO (exception: HTTPConnectionPool(host='localhost', port=57795): Max retries exceeded with url: /session/1e9b58046860342fb07321a8dd3324c2/source (Caused by NewConnectionError("HTTPConnection(host='localhost', port=57795): Failed to establish a new connection: [WinError 10061] No connection could be made because the target machine actively refused it"))) -
10/5_17:30_maf            34722714718          ENVIADO      recordatorio FALLIDO (exception: HTTPConnectionPool(host='localhost', port=57795): Max retries exceeded with url: /session/1e9b58046860342fb07321a8dd3324c2/source (Caused by NewConnectionError("HTTPConnection(host='localhost', port=57795): Failed to establish a new connection: [WinError 10061] No connection could be made because the target machine actively refused it"))) -
10/5_17:30_4e             34653197010          ENVIADO      recordatorio FALLIDO (exception: HTTPConnectionPool(host='localhost', port=57795): Max retries exceeded with url: /session/1e9b58046860342fb07321a8dd3324c2/source (Caused by NewConnectionError("HTTPConnection(host='localhost', port=57795): Failed to establish a new connection: [WinError 10061] No connection could be made because the target machine actively refused it"))) -

[2026-05-13 16:06:50] POSITIVO | Fotos nuevas: 0 | Envios OK: 0 | Envios FAIL: 0 | Reviews negativas: 0 | Fotos borradas: 0

=== SESIÓN 16:08-16:09 (13/05/2026) ===
RESERVA                   TELÉFONO             ESTADO       RESPUESTA                 REVIEW
-----------------------------------------------------------------------------------------------
9/5_14:30_maf             34665976040          ENVIADO      recordatorio FALLIDO (chat_input_not_found) -
9/5_19:00_maf/csi         34%C2%A0628%C2%A061%C2%A027%C2%A078%E2%80%AC ENVIADO      recordatorio FALLIDO (chat_input_not_found) -
9/5_20:30_4e              34747414084          ENVIADO      recordatorio FALLIDO (chat_input_not_found) -
9/5_19:00_4e              34675651585          ENVIADO      recordatorio FALLIDO (chat_input_not_found) -
10/5_17:30_maf            34722714718          ENVIADO      recordatorio FALLIDO (chat_input_not_found) -
10/5_17:30_4e             34653197010          ENVIADO      recordatorio FALLIDO (chat_input_not_found) -

[2026-05-13 16:09:00] POSITIVO | Fotos nuevas: 0 | Envios OK: 0 | Envios FAIL: 0 | Reviews negativas: 0 | Fotos borradas: 0

=== SESIÓN 16:10-16:10 (13/05/2026) ===
RESERVA                   TELÉFONO             ESTADO       RESPUESTA                 REVIEW
-----------------------------------------------------------------------------------------------
9/5_14:30_maf             34665976040          ENVIADO      recordatorio FALLIDO (chat_input_not_found) -
9/5_19:00_maf/csi         34%C2%A0628%C2%A061%C2%A027%C2%A078%E2%80%AC ENVIADO      recordatorio FALLIDO (chat_input_not_found) -
9/5_20:30_4e              34747414084          ENVIADO      recordatorio FALLIDO (chat_input_not_found) -
9/5_19:00_4e              34675651585          ENVIADO      recordatorio FALLIDO (chat_input_not_found) -
10/5_17:30_maf            34722714718          ENVIADO      recordatorio FALLIDO (chat_input_not_found) -
10/5_17:30_4e             34653197010          ENVIADO      recordatorio FALLIDO (chat_input_not_found) -

[2026-05-13 16:10:20] POSITIVO | Fotos nuevas: 0 | Envios OK: 0 | Envios FAIL: 0 | Reviews negativas: 0 | Fotos borradas: 0

=== SESIÓN 16:11-16:11 (13/05/2026) ===
RESERVA                   TELÉFONO             ESTADO       RESPUESTA                 REVIEW
-----------------------------------------------------------------------------------------------
9/5_14:30_maf             34665976040          ENVIADO      recordatorio FALLIDO (chat_input_not_found) -
9/5_19:00_maf/csi         34%C2%A0628%C2%A061%C2%A027%C2%A078%E2%80%AC ENVIADO      recordatorio FALLIDO (chat_input_not_found) -
9/5_20:30_4e              34747414084          ENVIADO      recordatorio FALLIDO (chat_input_not_found) -
9/5_19:00_4e              34675651585          ENVIADO      recordatorio FALLIDO (chat_input_not_found) -
10/5_17:30_maf            34722714718          ENVIADO      recordatorio FALLIDO (chat_input_not_found) -
10/5_17:30_4e             34653197010          ENVIADO      recordatorio FALLIDO (chat_input_not_found) -

[2026-05-13 16:11:44] POSITIVO | Fotos nuevas: 0 | Envios OK: 0 | Envios FAIL: 0 | Reviews negativas: 0 | Fotos borradas: 0

=== SESIÓN 16:12-16:13 (13/05/2026) ===
RESERVA                   TELÉFONO             ESTADO       RESPUESTA                 REVIEW
-----------------------------------------------------------------------------------------------
9/5_14:30_maf             34665976040          ENVIADO      recordatorio FALLIDO (chat_input_not_found) -
9/5_19:00_maf/csi         34%C2%A0628%C2%A061%C2%A027%C2%A078%E2%80%AC ENVIADO      recordatorio FALLIDO (chat_input_not_found) -
9/5_20:30_4e              34747414084          ENVIADO      recordatorio FALLIDO (chat_input_not_found) -
9/5_19:00_4e              34675651585          ENVIADO      recordatorio FALLIDO (chat_input_not_found) -
10/5_17:30_maf            34722714718          ENVIADO      recordatorio FALLIDO (chat_input_not_found) -
10/5_17:30_4e             34653197010          ENVIADO      recordatorio FALLIDO (chat_input_not_found) -

[2026-05-13 16:13:05] POSITIVO | Fotos nuevas: 0 | Envios OK: 0 | Envios FAIL: 0 | Reviews negativas: 0 | Fotos borradas: 0

=== SESIÓN 16:14-16:14 (13/05/2026) ===
RESERVA                   TELÉFONO             ESTADO       RESPUESTA                 REVIEW
-----------------------------------------------------------------------------------------------
9/5_14:30_maf             34665976040          ENVIADO      recordatorio FALLIDO (chat_input_not_found) -
9/5_19:00_maf/csi         34%C2%A0628%C2%A061%C2%A027%C2%A078%E2%80%AC ENVIADO      recordatorio FALLIDO (chat_input_not_found) -
9/5_20:30_4e              34747414084          ENVIADO      recordatorio FALLIDO (chat_input_not_found) -
9/5_19:00_4e              34675651585          ENVIADO      recordatorio FALLIDO (chat_input_not_found) -
10/5_17:30_maf            34722714718          ENVIADO      recordatorio FALLIDO (chat_input_not_found) -
10/5_17:30_4e             34653197010          ENVIADO      recordatorio FALLIDO (chat_input_not_found) -

[2026-05-13 16:14:25] POSITIVO | Fotos nuevas: 0 | Envios OK: 0 | Envios FAIL: 0 | Reviews negativas: 0 | Fotos borradas: 0

=== SESIÓN 16:15-16:15 (13/05/2026) ===
RESERVA                   TELÉFONO             ESTADO       RESPUESTA                 REVIEW
-----------------------------------------------------------------------------------------------
9/5_14:30_maf             34665976040          ENVIADO      recordatorio FALLIDO (chat_input_not_found) -
9/5_19:00_maf/csi         34%C2%A0628%C2%A061%C2%A027%C2%A078%E2%80%AC ENVIADO      recordatorio FALLIDO (chat_input_not_found) -
9/5_20:30_4e              34747414084          ENVIADO      recordatorio FALLIDO (chat_input_not_found) -
9/5_19:00_4e              34675651585          ENVIADO      recordatorio FALLIDO (chat_input_not_found) -
10/5_17:30_maf            34722714718          ENVIADO      recordatorio FALLIDO (chat_input_not_found) -
10/5_17:30_4e             34653197010          ENVIADO      recordatorio FALLIDO (chat_input_not_found) -

[2026-05-13 16:15:44] POSITIVO | Fotos nuevas: 0 | Envios OK: 0 | Envios FAIL: 0 | Reviews negativas: 0 | Fotos borradas: 0

=== SESIÓN 16:14-16:16 (13/05/2026) ===
RESERVA                   TELÉFONO             ESTADO       RESPUESTA                 REVIEW
-----------------------------------------------------------------------------------------------
9/5_14:30_maf             34665976040          ENVIADO      recordatorio FALLIDO (exception: HTTPConnectionPool(host='localhost', port=58322): Max retries exceeded with url: /session/67a512158f9172cca4e871acd71f861e/source (Caused by NewConnectionError("HTTPConnection(host='localhost', port=58322): Failed to establish a new connection: [WinError 10061] No connection could be made because the target machine actively refused it"))) -
9/5_19:00_maf/csi         34%C2%A0628%C2%A061%C2%A027%C2%A078%E2%80%AC ENVIADO      recordatorio FALLIDO (exception: HTTPConnectionPool(host='localhost', port=58322): Max retries exceeded with url: /session/67a512158f9172cca4e871acd71f861e/source (Caused by NewConnectionError("HTTPConnection(host='localhost', port=58322): Failed to establish a new connection: [WinError 10061] No connection could be made because the target machine actively refused it"))) -
9/5_20:30_4e              34747414084          ENVIADO      recordatorio FALLIDO (exception: HTTPConnectionPool(host='localhost', port=58322): Max retries exceeded with url: /session/67a512158f9172cca4e871acd71f861e/source (Caused by NewConnectionError("HTTPConnection(host='localhost', port=58322): Failed to establish a new connection: [WinError 10061] No connection could be made because the target machine actively refused it"))) -
9/5_19:00_4e              34675651585          ENVIADO      recordatorio FALLIDO (exception: HTTPConnectionPool(host='localhost', port=58322): Max retries exceeded with url: /session/67a512158f9172cca4e871acd71f861e/source (Caused by NewConnectionError("HTTPConnection(host='localhost', port=58322): Failed to establish a new connection: [WinError 10061] No connection could be made because the target machine actively refused it"))) -
10/5_17:30_maf            34722714718          ENVIADO      recordatorio FALLIDO (exception: HTTPConnectionPool(host='localhost', port=58322): Max retries exceeded with url: /session/67a512158f9172cca4e871acd71f861e/source (Caused by NewConnectionError("HTTPConnection(host='localhost', port=58322): Failed to establish a new connection: [WinError 10061] No connection could be made because the target machine actively refused it"))) -
10/5_17:30_4e             34653197010          ENVIADO      recordatorio FALLIDO (exception: HTTPConnectionPool(host='localhost', port=58322): Max retries exceeded with url: /session/67a512158f9172cca4e871acd71f861e/source (Caused by NewConnectionError("HTTPConnection(host='localhost', port=58322): Failed to establish a new connection: [WinError 10061] No connection could be made because the target machine actively refused it"))) -

[2026-05-13 16:16:59] POSITIVO | Fotos nuevas: 0 | Envios OK: 0 | Envios FAIL: 0 | Reviews negativas: 0 | Fotos borradas: 0

=== SESIÓN 16:16-16:17 (13/05/2026) ===
RESERVA                   TELÉFONO             ESTADO       RESPUESTA                 REVIEW
-----------------------------------------------------------------------------------------------
9/5_14:30_maf             34665976040          ENVIADO      recordatorio FALLIDO (chat_input_not_found) -
9/5_19:00_maf/csi         34%C2%A0628%C2%A061%C2%A027%C2%A078%E2%80%AC ENVIADO      recordatorio FALLIDO (chat_input_not_found) -
9/5_20:30_4e              34747414084          ENVIADO      recordatorio FALLIDO (chat_input_not_found) -
9/5_19:00_4e              34675651585          ENVIADO      recordatorio FALLIDO (chat_input_not_found) -
10/5_17:30_maf            34722714718          ENVIADO      recordatorio FALLIDO (chat_input_not_found) -
10/5_17:30_4e             34653197010          ENVIADO      recordatorio FALLIDO (chat_input_not_found) -

[2026-05-13 16:17:00] POSITIVO | Fotos nuevas: 0 | Envios OK: 0 | Envios FAIL: 0 | Reviews negativas: 0 | Fotos borradas: 0

=== SESIÓN 16:18-16:19 (13/05/2026) ===
RESERVA                   TELÉFONO             ESTADO       RESPUESTA                 REVIEW
-----------------------------------------------------------------------------------------------
9/5_14:30_maf             34665976040          ENVIADO      recordatorio FALLIDO (chat_input_not_found) -
9/5_19:00_maf/csi         34%C2%A0628%C2%A061%C2%A027%C2%A078%E2%80%AC ENVIADO      recordatorio FALLIDO (chat_input_not_found) -
9/5_20:30_4e              34747414084          ENVIADO      recordatorio FALLIDO (chat_input_not_found) -
9/5_19:00_4e              34675651585          ENVIADO      recordatorio FALLIDO (chat_input_not_found) -
10/5_17:30_maf            34722714718          ENVIADO      recordatorio FALLIDO (chat_input_not_found) -
10/5_17:30_4e             34653197010          ENVIADO      recordatorio FALLIDO (chat_input_not_found) -

[2026-05-13 16:19:03] POSITIVO | Fotos nuevas: 0 | Envios OK: 0 | Envios FAIL: 0 | Reviews negativas: 0 | Fotos borradas: 0
[2026-05-13 16:19:07] NEGATIVO | WhatsApp no conectado (QR visible) — ciclo abortado

=== SESIÓN 16:21-16:21 (13/05/2026) ===
RESERVA                   TELÉFONO             ESTADO       RESPUESTA                 REVIEW
-----------------------------------------------------------------------------------------------
9/5_14:30_maf             34665976040          ENVIADO      recordatorio FALLIDO (chat_input_not_found) -
9/5_19:00_maf/csi         34%C2%A0628%C2%A061%C2%A027%C2%A078%E2%80%AC ENVIADO      recordatorio FALLIDO (chat_input_not_found) -
9/5_20:30_4e              34747414084          ENVIADO      recordatorio FALLIDO (chat_input_not_found) -
9/5_19:00_4e              34675651585          ENVIADO      recordatorio FALLIDO (chat_input_not_found) -
10/5_17:30_maf            34722714718          ENVIADO      recordatorio FALLIDO (chat_input_not_found) -
10/5_17:30_4e             34653197010          ENVIADO      recordatorio FALLIDO (chat_input_not_found) -

[2026-05-13 16:21:11] POSITIVO | Fotos nuevas: 0 | Envios OK: 0 | Envios FAIL: 0 | Reviews negativas: 0 | Fotos borradas: 0

=== SESIÓN 16:22-16:22 (13/05/2026) ===
RESERVA                   TELÉFONO             ESTADO       RESPUESTA                 REVIEW
-----------------------------------------------------------------------------------------------
9/5_14:30_maf             34665976040          ENVIADO      recordatorio FALLIDO (chat_input_not_found) -
9/5_19:00_maf/csi         34%C2%A0628%C2%A061%C2%A027%C2%A078%E2%80%AC ENVIADO      recordatorio FALLIDO (chat_input_not_found) -
9/5_20:30_4e              34747414084          ENVIADO      recordatorio FALLIDO (chat_input_not_found) -
9/5_19:00_4e              34675651585          ENVIADO      recordatorio FALLIDO (chat_input_not_found) -
10/5_17:30_maf            34722714718          ENVIADO      recordatorio FALLIDO (chat_input_not_found) -
10/5_17:30_4e             34653197010          ENVIADO      recordatorio FALLIDO (chat_input_not_found) -

[2026-05-13 16:22:34] POSITIVO | Fotos nuevas: 0 | Envios OK: 0 | Envios FAIL: 0 | Reviews negativas: 0 | Fotos borradas: 0

=== SESIÓN 16:23-16:23 (13/05/2026) ===
RESERVA                   TELÉFONO             ESTADO       RESPUESTA                 REVIEW
-----------------------------------------------------------------------------------------------
9/5_14:30_maf             34665976040          ENVIADO      recordatorio FALLIDO (chat_input_not_found) -
9/5_19:00_maf/csi         34%C2%A0628%C2%A061%C2%A027%C2%A078%E2%80%AC ENVIADO      recordatorio FALLIDO (chat_input_not_found) -
9/5_20:30_4e              34747414084          ENVIADO      recordatorio FALLIDO (chat_input_not_found) -
9/5_19:00_4e              34675651585          ENVIADO      recordatorio FALLIDO (chat_input_not_found) -
10/5_17:30_maf            34722714718          ENVIADO      recordatorio FALLIDO (chat_input_not_found) -
10/5_17:30_4e             34653197010          ENVIADO      recordatorio FALLIDO (chat_input_not_found) -

[2026-05-13 16:23:55] POSITIVO | Fotos nuevas: 0 | Envios OK: 0 | Envios FAIL: 0 | Reviews negativas: 0 | Fotos borradas: 0

=== SESIÓN 16:25-16:25 (13/05/2026) ===
RESERVA                   TELÉFONO             ESTADO       RESPUESTA                 REVIEW
-----------------------------------------------------------------------------------------------
9/5_14:30_maf             34665976040          ENVIADO      recordatorio FALLIDO (chat_input_not_found) -
9/5_19:00_maf/csi         34%C2%A0628%C2%A061%C2%A027%C2%A078%E2%80%AC ENVIADO      recordatorio FALLIDO (chat_input_not_found) -
9/5_20:30_4e              34747414084          ENVIADO      recordatorio FALLIDO (chat_input_not_found) -
9/5_19:00_4e              34675651585          ENVIADO      recordatorio FALLIDO (chat_input_not_found) -
10/5_17:30_maf            34722714718          ENVIADO      recordatorio FALLIDO (chat_input_not_found) -
10/5_17:30_4e             34653197010          ENVIADO      recordatorio FALLIDO (chat_input_not_found) -

[2026-05-13 16:25:13] POSITIVO | Fotos nuevas: 0 | Envios OK: 0 | Envios FAIL: 0 | Reviews negativas: 0 | Fotos borradas: 0

=== SESIÓN 16:26-16:26 (13/05/2026) ===
RESERVA                   TELÉFONO             ESTADO       RESPUESTA                 REVIEW
-----------------------------------------------------------------------------------------------
9/5_14:30_maf             34665976040          ENVIADO      recordatorio FALLIDO (chat_input_not_found) -
9/5_19:00_maf/csi         34%C2%A0628%C2%A061%C2%A027%C2%A078%E2%80%AC ENVIADO      recordatorio FALLIDO (chat_input_not_found) -
9/5_20:30_4e              34747414084          ENVIADO      recordatorio FALLIDO (chat_input_not_found) -
9/5_19:00_4e              34675651585          ENVIADO      recordatorio FALLIDO (chat_input_not_found) -
10/5_17:30_maf            34722714718          ENVIADO      recordatorio FALLIDO (chat_input_not_found) -
10/5_17:30_4e             34653197010          ENVIADO      recordatorio FALLIDO (chat_input_not_found) -

[2026-05-13 16:26:31] POSITIVO | Fotos nuevas: 0 | Envios OK: 0 | Envios FAIL: 0 | Reviews negativas: 0 | Fotos borradas: 0

=== SESIÓN 16:27-16:27 (13/05/2026) ===
RESERVA                   TELÉFONO             ESTADO       RESPUESTA                 REVIEW
-----------------------------------------------------------------------------------------------
9/5_14:30_maf             34665976040          ENVIADO      recordatorio FALLIDO (chat_input_not_found) -
9/5_19:00_maf/csi         34%C2%A0628%C2%A061%C2%A027%C2%A078%E2%80%AC ENVIADO      recordatorio FALLIDO (chat_input_not_found) -
9/5_20:30_4e              34747414084          ENVIADO      recordatorio FALLIDO (chat_input_not_found) -
9/5_19:00_4e              34675651585          ENVIADO      recordatorio FALLIDO (chat_input_not_found) -
10/5_17:30_maf            34722714718          ENVIADO      recordatorio FALLIDO (chat_input_not_found) -
10/5_17:30_4e             34653197010          ENVIADO      recordatorio FALLIDO (chat_input_not_found) -

[2026-05-13 16:27:52] POSITIVO | Fotos nuevas: 0 | Envios OK: 0 | Envios FAIL: 0 | Reviews negativas: 0 | Fotos borradas: 0

=== SESIÓN 16:29-16:29 (13/05/2026) ===
RESERVA                   TELÉFONO             ESTADO       RESPUESTA                 REVIEW
-----------------------------------------------------------------------------------------------
9/5_14:30_maf             34665976040          ENVIADO      recordatorio FALLIDO (chat_input_not_found) -
9/5_19:00_maf/csi         34%C2%A0628%C2%A061%C2%A027%C2%A078%E2%80%AC ENVIADO      recordatorio FALLIDO (chat_input_not_found) -
9/5_20:30_4e              34747414084          ENVIADO      recordatorio FALLIDO (chat_input_not_found) -
9/5_19:00_4e              34675651585          ENVIADO      recordatorio FALLIDO (chat_input_not_found) -
10/5_17:30_maf            34722714718          ENVIADO      recordatorio FALLIDO (chat_input_not_found) -
10/5_17:30_4e             34653197010          ENVIADO      recordatorio FALLIDO (chat_input_not_found) -

[2026-05-13 16:29:09] POSITIVO | Fotos nuevas: 0 | Envios OK: 0 | Envios FAIL: 0 | Reviews negativas: 0 | Fotos borradas: 0

=== SESIÓN 16:27-16:30 (13/05/2026) ===
RESERVA                   TELÉFONO             ESTADO       RESPUESTA                 REVIEW
-----------------------------------------------------------------------------------------------
9/5_14:30_maf             34665976040          ENVIADO      recordatorio FALLIDO (exception: HTTPConnectionPool(host='localhost', port=59518): Max retries exceeded with url: /session/46cb16c40ea3234feaadc1fc2dfcb4d8/source (Caused by NewConnectionError("HTTPConnection(host='localhost', port=59518): Failed to establish a new connection: [WinError 10061] No connection could be made because the target machine actively refused it"))) -
9/5_19:00_maf/csi         34%C2%A0628%C2%A061%C2%A027%C2%A078%E2%80%AC ENVIADO      recordatorio FALLIDO (exception: HTTPConnectionPool(host='localhost', port=59518): Max retries exceeded with url: /session/46cb16c40ea3234feaadc1fc2dfcb4d8/source (Caused by NewConnectionError("HTTPConnection(host='localhost', port=59518): Failed to establish a new connection: [WinError 10061] No connection could be made because the target machine actively refused it"))) -
9/5_20:30_4e              34747414084          ENVIADO      recordatorio FALLIDO (exception: HTTPConnectionPool(host='localhost', port=59518): Max retries exceeded with url: /session/46cb16c40ea3234feaadc1fc2dfcb4d8/source (Caused by NewConnectionError("HTTPConnection(host='localhost', port=59518): Failed to establish a new connection: [WinError 10061] No connection could be made because the target machine actively refused it"))) -
9/5_19:00_4e              34675651585          ENVIADO      recordatorio FALLIDO (exception: HTTPConnectionPool(host='localhost', port=59518): Max retries exceeded with url: /session/46cb16c40ea3234feaadc1fc2dfcb4d8/source (Caused by NewConnectionError("HTTPConnection(host='localhost', port=59518): Failed to establish a new connection: [WinError 10061] No connection could be made because the target machine actively refused it"))) -
10/5_17:30_maf            34722714718          ENVIADO      recordatorio FALLIDO (exception: HTTPConnectionPool(host='localhost', port=59518): Max retries exceeded with url: /session/46cb16c40ea3234feaadc1fc2dfcb4d8/source (Caused by NewConnectionError("HTTPConnection(host='localhost', port=59518): Failed to establish a new connection: [WinError 10061] No connection could be made because the target machine actively refused it"))) -
10/5_17:30_4e             34653197010          ENVIADO      recordatorio FALLIDO (exception: HTTPConnectionPool(host='localhost', port=59518): Max retries exceeded with url: /session/46cb16c40ea3234feaadc1fc2dfcb4d8/source (Caused by NewConnectionError("HTTPConnection(host='localhost', port=59518): Failed to establish a new connection: [WinError 10061] No connection could be made because the target machine actively refused it"))) -

[2026-05-13 16:30:06] POSITIVO | Fotos nuevas: 0 | Envios OK: 0 | Envios FAIL: 0 | Reviews negativas: 0 | Fotos borradas: 0

=== SESIÓN 16:31-16:31 (13/05/2026) ===
RESERVA                   TELÉFONO             ESTADO       RESPUESTA                 REVIEW
-----------------------------------------------------------------------------------------------
9/5_14:30_maf             34665976040          ENVIADO      recordatorio FALLIDO (chat_input_not_found) -
9/5_19:00_maf/csi         34%C2%A0628%C2%A061%C2%A027%C2%A078%E2%80%AC ENVIADO      recordatorio FALLIDO (chat_input_not_found) -
9/5_20:30_4e              34747414084          ENVIADO      recordatorio FALLIDO (chat_input_not_found) -
9/5_19:00_4e              34675651585          ENVIADO      recordatorio FALLIDO (chat_input_not_found) -
10/5_17:30_maf            34722714718          ENVIADO      recordatorio FALLIDO (chat_input_not_found) -
10/5_17:30_4e             34653197010          ENVIADO      recordatorio FALLIDO (chat_input_not_found) -

[2026-05-13 16:31:31] POSITIVO | Fotos nuevas: 0 | Envios OK: 0 | Envios FAIL: 0 | Reviews negativas: 0 | Fotos borradas: 0

=== SESIÓN 16:32-16:32 (13/05/2026) ===
RESERVA                   TELÉFONO             ESTADO       RESPUESTA                 REVIEW
-----------------------------------------------------------------------------------------------
9/5_14:30_maf             34665976040          ENVIADO      recordatorio FALLIDO (chat_input_not_found) -
9/5_19:00_maf/csi         34%C2%A0628%C2%A061%C2%A027%C2%A078%E2%80%AC ENVIADO      recordatorio FALLIDO (chat_input_not_found) -
9/5_20:30_4e              34747414084          ENVIADO      recordatorio FALLIDO (chat_input_not_found) -
9/5_19:00_4e              34675651585          ENVIADO      recordatorio FALLIDO (chat_input_not_found) -
10/5_17:30_maf            34722714718          ENVIADO      recordatorio FALLIDO (chat_input_not_found) -
10/5_17:30_4e             34653197010          ENVIADO      recordatorio FALLIDO (chat_input_not_found) -

[2026-05-13 16:32:51] POSITIVO | Fotos nuevas: 0 | Envios OK: 0 | Envios FAIL: 0 | Reviews negativas: 0 | Fotos borradas: 0

=== SESIÓN 16:34-16:34 (13/05/2026) ===
RESERVA                   TELÉFONO             ESTADO       RESPUESTA                 REVIEW
-----------------------------------------------------------------------------------------------
9/5_14:30_maf             34665976040          ENVIADO      recordatorio FALLIDO (chat_input_not_found) -
9/5_19:00_maf/csi         34%C2%A0628%C2%A061%C2%A027%C2%A078%E2%80%AC ENVIADO      recordatorio FALLIDO (chat_input_not_found) -
9/5_20:30_4e              34747414084          ENVIADO      recordatorio FALLIDO (chat_input_not_found) -
9/5_19:00_4e              34675651585          ENVIADO      recordatorio FALLIDO (chat_input_not_found) -
10/5_17:30_maf            34722714718          ENVIADO      recordatorio FALLIDO (chat_input_not_found) -
10/5_17:30_4e             34653197010          ENVIADO      recordatorio FALLIDO (chat_input_not_found) -

[2026-05-13 16:34:10] POSITIVO | Fotos nuevas: 0 | Envios OK: 0 | Envios FAIL: 0 | Reviews negativas: 0 | Fotos borradas: 0

=== SESIÓN 16:32-16:35 (13/05/2026) ===
RESERVA                   TELÉFONO             ESTADO       RESPUESTA                 REVIEW
-----------------------------------------------------------------------------------------------
9/5_14:30_maf             34665976040          ENVIADO      recordatorio FALLIDO (exception: HTTPConnectionPool(host='localhost', port=60365): Max retries exceeded with url: /session/f5cf6386b16d723eb0bade56213ed508/source (Caused by NewConnectionError("HTTPConnection(host='localhost', port=60365): Failed to establish a new connection: [WinError 10061] No connection could be made because the target machine actively refused it"))) -
9/5_19:00_maf/csi         34%C2%A0628%C2%A061%C2%A027%C2%A078%E2%80%AC ENVIADO      recordatorio FALLIDO (exception: HTTPConnectionPool(host='localhost', port=60365): Max retries exceeded with url: /session/f5cf6386b16d723eb0bade56213ed508/source (Caused by NewConnectionError("HTTPConnection(host='localhost', port=60365): Failed to establish a new connection: [WinError 10061] No connection could be made because the target machine actively refused it"))) -
9/5_20:30_4e              34747414084          ENVIADO      recordatorio FALLIDO (exception: HTTPConnectionPool(host='localhost', port=60365): Max retries exceeded with url: /session/f5cf6386b16d723eb0bade56213ed508/source (Caused by NewConnectionError("HTTPConnection(host='localhost', port=60365): Failed to establish a new connection: [WinError 10061] No connection could be made because the target machine actively refused it"))) -
9/5_19:00_4e              34675651585          ENVIADO      recordatorio FALLIDO (exception: HTTPConnectionPool(host='localhost', port=60365): Max retries exceeded with url: /session/f5cf6386b16d723eb0bade56213ed508/source (Caused by NewConnectionError("HTTPConnection(host='localhost', port=60365): Failed to establish a new connection: [WinError 10061] No connection could be made because the target machine actively refused it"))) -
10/5_17:30_maf            34722714718          ENVIADO      recordatorio FALLIDO (exception: HTTPConnectionPool(host='localhost', port=60365): Max retries exceeded with url: /session/f5cf6386b16d723eb0bade56213ed508/source (Caused by NewConnectionError("HTTPConnection(host='localhost', port=60365): Failed to establish a new connection: [WinError 10061] No connection could be made because the target machine actively refused it"))) -
10/5_17:30_4e             34653197010          ENVIADO      recordatorio FALLIDO (exception: HTTPConnectionPool(host='localhost', port=60365): Max retries exceeded with url: /session/f5cf6386b16d723eb0bade56213ed508/source (Caused by NewConnectionError("HTTPConnection(host='localhost', port=60365): Failed to establish a new connection: [WinError 10061] No connection could be made because the target machine actively refused it"))) -

[2026-05-13 16:35:01] POSITIVO | Fotos nuevas: 0 | Envios OK: 0 | Envios FAIL: 0 | Reviews negativas: 0 | Fotos borradas: 0

=== SESIÓN 16:36-16:36 (13/05/2026) ===
RESERVA                   TELÉFONO             ESTADO       RESPUESTA                 REVIEW
-----------------------------------------------------------------------------------------------
9/5_14:30_maf             34665976040          ENVIADO      recordatorio FALLIDO (chat_input_not_found) -
9/5_19:00_maf/csi         34%C2%A0628%C2%A061%C2%A027%C2%A078%E2%80%AC ENVIADO      recordatorio FALLIDO (chat_input_not_found) -
9/5_20:30_4e              34747414084          ENVIADO      recordatorio FALLIDO (chat_input_not_found) -
9/5_19:00_4e              34675651585          ENVIADO      recordatorio FALLIDO (chat_input_not_found) -
10/5_17:30_maf            34722714718          ENVIADO      recordatorio FALLIDO (chat_input_not_found) -
10/5_17:30_4e             34653197010          ENVIADO      recordatorio FALLIDO (chat_input_not_found) -

[2026-05-13 16:36:26] POSITIVO | Fotos nuevas: 0 | Envios OK: 0 | Envios FAIL: 0 | Reviews negativas: 0 | Fotos borradas: 0

=== SESIÓN 16:37-16:37 (13/05/2026) ===
RESERVA                   TELÉFONO             ESTADO       RESPUESTA                 REVIEW
-----------------------------------------------------------------------------------------------
9/5_14:30_maf             34665976040          ENVIADO      recordatorio FALLIDO (chat_input_not_found) -
9/5_19:00_maf/csi         34%C2%A0628%C2%A061%C2%A027%C2%A078%E2%80%AC ENVIADO      recordatorio FALLIDO (chat_input_not_found) -
9/5_20:30_4e              34747414084          ENVIADO      recordatorio FALLIDO (chat_input_not_found) -
9/5_19:00_4e              34675651585          ENVIADO      recordatorio FALLIDO (chat_input_not_found) -
10/5_17:30_maf            34722714718          ENVIADO      recordatorio FALLIDO (chat_input_not_found) -
10/5_17:30_4e             34653197010          ENVIADO      recordatorio FALLIDO (chat_input_not_found) -

[2026-05-13 16:37:44] POSITIVO | Fotos nuevas: 0 | Envios OK: 0 | Envios FAIL: 0 | Reviews negativas: 0 | Fotos borradas: 0

=== SESIÓN 16:38-16:39 (13/05/2026) ===
RESERVA                   TELÉFONO             ESTADO       RESPUESTA                 REVIEW
-----------------------------------------------------------------------------------------------
9/5_14:30_maf             34665976040          ENVIADO      recordatorio FALLIDO (chat_input_not_found) -
9/5_19:00_maf/csi         34%C2%A0628%C2%A061%C2%A027%C2%A078%E2%80%AC ENVIADO      recordatorio FALLIDO (chat_input_not_found) -
9/5_20:30_4e              34747414084          ENVIADO      recordatorio FALLIDO (chat_input_not_found) -
9/5_19:00_4e              34675651585          ENVIADO      recordatorio FALLIDO (chat_input_not_found) -
10/5_17:30_maf            34722714718          ENVIADO      recordatorio FALLIDO (chat_input_not_found) -
10/5_17:30_4e             34653197010          ENVIADO      recordatorio FALLIDO (chat_input_not_found) -

[2026-05-13 16:39:02] POSITIVO | Fotos nuevas: 0 | Envios OK: 0 | Envios FAIL: 0 | Reviews negativas: 0 | Fotos borradas: 0

=== SESIÓN 16:40-16:40 (13/05/2026) ===
RESERVA                   TELÉFONO             ESTADO       RESPUESTA                 REVIEW
-----------------------------------------------------------------------------------------------
9/5_14:30_maf             34665976040          ENVIADO      recordatorio FALLIDO (chat_input_not_found) -
9/5_19:00_maf/csi         34%C2%A0628%C2%A061%C2%A027%C2%A078%E2%80%AC ENVIADO      recordatorio FALLIDO (chat_input_not_found) -
9/5_20:30_4e              34747414084          ENVIADO      recordatorio FALLIDO (chat_input_not_found) -
9/5_19:00_4e              34675651585          ENVIADO      recordatorio FALLIDO (chat_input_not_found) -
10/5_17:30_maf            34722714718          ENVIADO      recordatorio FALLIDO (chat_input_not_found) -
10/5_17:30_4e             34653197010          ENVIADO      recordatorio FALLIDO (chat_input_not_found) -

[2026-05-13 16:40:22] POSITIVO | Fotos nuevas: 0 | Envios OK: 0 | Envios FAIL: 0 | Reviews negativas: 0 | Fotos borradas: 0

=== SESIÓN 16:41-16:41 (13/05/2026) ===
RESERVA                   TELÉFONO             ESTADO       RESPUESTA                 REVIEW
-----------------------------------------------------------------------------------------------
9/5_14:30_maf             34665976040          ENVIADO      recordatorio FALLIDO (chat_input_not_found) -
9/5_19:00_maf/csi         34%C2%A0628%C2%A061%C2%A027%C2%A078%E2%80%AC ENVIADO      recordatorio FALLIDO (chat_input_not_found) -
9/5_20:30_4e              34747414084          ENVIADO      recordatorio FALLIDO (chat_input_not_found) -
9/5_19:00_4e              34675651585          ENVIADO      recordatorio FALLIDO (chat_input_not_found) -
10/5_17:30_maf            34722714718          ENVIADO      recordatorio FALLIDO (chat_input_not_found) -
10/5_17:30_4e             34653197010          ENVIADO      recordatorio FALLIDO (chat_input_not_found) -

[2026-05-13 16:41:43] POSITIVO | Fotos nuevas: 0 | Envios OK: 0 | Envios FAIL: 0 | Reviews negativas: 0 | Fotos borradas: 0

=== SESIÓN 16:42-16:43 (13/05/2026) ===
RESERVA                   TELÉFONO             ESTADO       RESPUESTA                 REVIEW
-----------------------------------------------------------------------------------------------
9/5_14:30_maf             34665976040          ENVIADO      recordatorio FALLIDO (chat_input_not_found) -
9/5_19:00_maf/csi         34%C2%A0628%C2%A061%C2%A027%C2%A078%E2%80%AC ENVIADO      recordatorio FALLIDO (chat_input_not_found) -
9/5_20:30_4e              34747414084          ENVIADO      recordatorio FALLIDO (chat_input_not_found) -
9/5_19:00_4e              34675651585          ENVIADO      recordatorio FALLIDO (chat_input_not_found) -
10/5_17:30_maf            34722714718          ENVIADO      recordatorio FALLIDO (chat_input_not_found) -
10/5_17:30_4e             34653197010          ENVIADO      recordatorio FALLIDO (chat_input_not_found) -

[2026-05-13 16:43:02] POSITIVO | Fotos nuevas: 0 | Envios OK: 0 | Envios FAIL: 0 | Reviews negativas: 0 | Fotos borradas: 0

=== SESIÓN 16:40-16:43 (13/05/2026) ===
RESERVA                   TELÉFONO             ESTADO       RESPUESTA                 REVIEW
-----------------------------------------------------------------------------------------------
9/5_14:30_maf             34665976040          ENVIADO      recordatorio FALLIDO (exception: HTTPConnectionPool(host='localhost', port=61101): Max retries exceeded with url: /session/dd287ba6ef1097986e3eade0335e9694/source (Caused by NewConnectionError("HTTPConnection(host='localhost', port=61101): Failed to establish a new connection: [WinError 10061] No connection could be made because the target machine actively refused it"))) -
9/5_19:00_maf/csi         34%C2%A0628%C2%A061%C2%A027%C2%A078%E2%80%AC ENVIADO      recordatorio FALLIDO (exception: HTTPConnectionPool(host='localhost', port=61101): Max retries exceeded with url: /session/dd287ba6ef1097986e3eade0335e9694/source (Caused by NewConnectionError("HTTPConnection(host='localhost', port=61101): Failed to establish a new connection: [WinError 10061] No connection could be made because the target machine actively refused it"))) -
9/5_20:30_4e              34747414084          ENVIADO      recordatorio FALLIDO (exception: HTTPConnectionPool(host='localhost', port=61101): Max retries exceeded with url: /session/dd287ba6ef1097986e3eade0335e9694/source (Caused by NewConnectionError("HTTPConnection(host='localhost', port=61101): Failed to establish a new connection: [WinError 10061] No connection could be made because the target machine actively refused it"))) -
9/5_19:00_4e              34675651585          ENVIADO      recordatorio FALLIDO (exception: HTTPConnectionPool(host='localhost', port=61101): Max retries exceeded with url: /session/dd287ba6ef1097986e3eade0335e9694/source (Caused by NewConnectionError("HTTPConnection(host='localhost', port=61101): Failed to establish a new connection: [WinError 10061] No connection could be made because the target machine actively refused it"))) -
10/5_17:30_maf            34722714718          ENVIADO      recordatorio FALLIDO (exception: HTTPConnectionPool(host='localhost', port=61101): Max retries exceeded with url: /session/dd287ba6ef1097986e3eade0335e9694/source (Caused by NewConnectionError("HTTPConnection(host='localhost', port=61101): Failed to establish a new connection: [WinError 10061] No connection could be made because the target machine actively refused it"))) -
10/5_17:30_4e             34653197010          ENVIADO      recordatorio FALLIDO (exception: HTTPConnectionPool(host='localhost', port=61101): Max retries exceeded with url: /session/dd287ba6ef1097986e3eade0335e9694/source (Caused by NewConnectionError("HTTPConnection(host='localhost', port=61101): Failed to establish a new connection: [WinError 10061] No connection could be made because the target machine actively refused it"))) -

[2026-05-13 16:43:03] POSITIVO | Fotos nuevas: 0 | Envios OK: 0 | Envios FAIL: 0 | Reviews negativas: 0 | Fotos borradas: 0

=== SESIÓN 16:44-16:45 (13/05/2026) ===
RESERVA                   TELÉFONO             ESTADO       RESPUESTA                 REVIEW
-----------------------------------------------------------------------------------------------
9/5_14:30_maf             34665976040          ENVIADO      recordatorio FALLIDO (chat_input_not_found) -
9/5_19:00_maf/csi         34%C2%A0628%C2%A061%C2%A027%C2%A078%E2%80%AC ENVIADO      recordatorio FALLIDO (chat_input_not_found) -
9/5_20:30_4e              34747414084          ENVIADO      recordatorio FALLIDO (chat_input_not_found) -
9/5_19:00_4e              34675651585          ENVIADO      recordatorio FALLIDO (chat_input_not_found) -
10/5_17:30_maf            34722714718          ENVIADO      recordatorio FALLIDO (chat_input_not_found) -
10/5_17:30_4e             34653197010          ENVIADO      recordatorio FALLIDO (chat_input_not_found) -

[2026-05-13 16:45:08] POSITIVO | Fotos nuevas: 0 | Envios OK: 0 | Envios FAIL: 0 | Reviews negativas: 0 | Fotos borradas: 0

=== SESIÓN 16:46-16:46 (13/05/2026) ===
RESERVA                   TELÉFONO             ESTADO       RESPUESTA                 REVIEW
-----------------------------------------------------------------------------------------------
9/5_14:30_maf             34665976040          ENVIADO      recordatorio FALLIDO (chat_input_not_found) -
9/5_19:00_maf/csi         34%C2%A0628%C2%A061%C2%A027%C2%A078%E2%80%AC ENVIADO      recordatorio FALLIDO (chat_input_not_found) -
9/5_20:30_4e              34747414084          ENVIADO      recordatorio FALLIDO (chat_input_not_found) -
9/5_19:00_4e              34675651585          ENVIADO      recordatorio FALLIDO (chat_input_not_found) -
10/5_17:30_maf            34722714718          ENVIADO      recordatorio FALLIDO (chat_input_not_found) -
10/5_17:30_4e             34653197010          ENVIADO      recordatorio FALLIDO (chat_input_not_found) -

[2026-05-13 16:46:27] POSITIVO | Fotos nuevas: 0 | Envios OK: 0 | Envios FAIL: 0 | Reviews negativas: 0 | Fotos borradas: 0

=== SESIÓN 16:47-16:47 (13/05/2026) ===
RESERVA                   TELÉFONO             ESTADO       RESPUESTA                 REVIEW
-----------------------------------------------------------------------------------------------
9/5_14:30_maf             34665976040          ENVIADO      recordatorio FALLIDO (chat_input_not_found) -
9/5_19:00_maf/csi         34%C2%A0628%C2%A061%C2%A027%C2%A078%E2%80%AC ENVIADO      recordatorio FALLIDO (chat_input_not_found) -
9/5_20:30_4e              34747414084          ENVIADO      recordatorio FALLIDO (chat_input_not_found) -
9/5_19:00_4e              34675651585          ENVIADO      recordatorio FALLIDO (chat_input_not_found) -
10/5_17:30_maf            34722714718          ENVIADO      recordatorio FALLIDO (chat_input_not_found) -
10/5_17:30_4e             34653197010          ENVIADO      recordatorio FALLIDO (chat_input_not_found) -

[2026-05-13 16:47:43] POSITIVO | Fotos nuevas: 0 | Envios OK: 0 | Envios FAIL: 0 | Reviews negativas: 0 | Fotos borradas: 0

=== SESIÓN 16:48-16:49 (13/05/2026) ===
RESERVA                   TELÉFONO             ESTADO       RESPUESTA                 REVIEW
-----------------------------------------------------------------------------------------------
9/5_14:30_maf             34665976040          ENVIADO      recordatorio FALLIDO (chat_input_not_found) -
9/5_19:00_maf/csi         34%C2%A0628%C2%A061%C2%A027%C2%A078%E2%80%AC ENVIADO      recordatorio FALLIDO (chat_input_not_found) -
9/5_20:30_4e              34747414084          ENVIADO      recordatorio FALLIDO (chat_input_not_found) -
9/5_19:00_4e              34675651585          ENVIADO      recordatorio FALLIDO (chat_input_not_found) -
10/5_17:30_maf            34722714718          ENVIADO      recordatorio FALLIDO (chat_input_not_found) -
10/5_17:30_4e             34653197010          ENVIADO      recordatorio FALLIDO (chat_input_not_found) -

[2026-05-13 16:49:04] POSITIVO | Fotos nuevas: 0 | Envios OK: 0 | Envios FAIL: 0 | Reviews negativas: 0 | Fotos borradas: 0

=== SESIÓN 16:50-16:50 (13/05/2026) ===
RESERVA                   TELÉFONO             ESTADO       RESPUESTA                 REVIEW
-----------------------------------------------------------------------------------------------
9/5_14:30_maf             34665976040          ENVIADO      recordatorio FALLIDO (chat_input_not_found) -
9/5_19:00_maf/csi         34%C2%A0628%C2%A061%C2%A027%C2%A078%E2%80%AC ENVIADO      recordatorio FALLIDO (chat_input_not_found) -
9/5_20:30_4e              34747414084          ENVIADO      recordatorio FALLIDO (chat_input_not_found) -
9/5_19:00_4e              34675651585          ENVIADO      recordatorio FALLIDO (chat_input_not_found) -
10/5_17:30_maf            34722714718          ENVIADO      recordatorio FALLIDO (chat_input_not_found) -
10/5_17:30_4e             34653197010          ENVIADO      recordatorio FALLIDO (chat_input_not_found) -

[2026-05-13 16:50:24] POSITIVO | Fotos nuevas: 0 | Envios OK: 0 | Envios FAIL: 0 | Reviews negativas: 0 | Fotos borradas: 0

=== SESIÓN 16:51-16:51 (13/05/2026) ===
RESERVA                   TELÉFONO             ESTADO       RESPUESTA                 REVIEW
-----------------------------------------------------------------------------------------------
9/5_14:30_maf             34665976040          ENVIADO      recordatorio FALLIDO (chat_input_not_found) -
9/5_19:00_maf/csi         34%C2%A0628%C2%A061%C2%A027%C2%A078%E2%80%AC ENVIADO      recordatorio FALLIDO (chat_input_not_found) -
9/5_20:30_4e              34747414084          ENVIADO      recordatorio FALLIDO (chat_input_not_found) -
9/5_19:00_4e              34675651585          ENVIADO      recordatorio FALLIDO (chat_input_not_found) -
10/5_17:30_maf            34722714718          ENVIADO      recordatorio FALLIDO (chat_input_not_found) -
10/5_17:30_4e             34653197010          ENVIADO      recordatorio FALLIDO (chat_input_not_found) -

[2026-05-13 16:51:48] POSITIVO | Fotos nuevas: 0 | Envios OK: 0 | Envios FAIL: 0 | Reviews negativas: 0 | Fotos borradas: 0

=== SESIÓN 16:53-16:53 (13/05/2026) ===
RESERVA                   TELÉFONO             ESTADO       RESPUESTA                 REVIEW
-----------------------------------------------------------------------------------------------
9/5_14:30_maf             34665976040          ENVIADO      recordatorio FALLIDO (chat_input_not_found) -
9/5_19:00_maf/csi         34%C2%A0628%C2%A061%C2%A027%C2%A078%E2%80%AC ENVIADO      recordatorio FALLIDO (chat_input_not_found) -
9/5_20:30_4e              34747414084          ENVIADO      recordatorio FALLIDO (chat_input_not_found) -
9/5_19:00_4e              34675651585          ENVIADO      recordatorio FALLIDO (chat_input_not_found) -
10/5_17:30_maf            34722714718          ENVIADO      recordatorio FALLIDO (chat_input_not_found) -
10/5_17:30_4e             34653197010          ENVIADO      recordatorio FALLIDO (chat_input_not_found) -

[2026-05-13 16:53:13] POSITIVO | Fotos nuevas: 0 | Envios OK: 0 | Envios FAIL: 0 | Reviews negativas: 0 | Fotos borradas: 0

=== SESIÓN 16:54-16:54 (13/05/2026) ===
RESERVA                   TELÉFONO             ESTADO       RESPUESTA                 REVIEW
-----------------------------------------------------------------------------------------------
9/5_14:30_maf             34665976040          ENVIADO      recordatorio FALLIDO (chat_input_not_found) -
9/5_19:00_maf/csi         34%C2%A0628%C2%A061%C2%A027%C2%A078%E2%80%AC ENVIADO      recordatorio FALLIDO (chat_input_not_found) -
9/5_20:30_4e              34747414084          ENVIADO      recordatorio FALLIDO (chat_input_not_found) -
9/5_19:00_4e              34675651585          ENVIADO      recordatorio FALLIDO (chat_input_not_found) -
10/5_17:30_maf            34722714718          ENVIADO      recordatorio FALLIDO (chat_input_not_found) -
10/5_17:30_4e             34653197010          ENVIADO      recordatorio FALLIDO (chat_input_not_found) -

[2026-05-13 16:54:33] POSITIVO | Fotos nuevas: 0 | Envios OK: 0 | Envios FAIL: 0 | Reviews negativas: 0 | Fotos borradas: 0

=== SESIÓN 16:55-16:55 (13/05/2026) ===
RESERVA                   TELÉFONO             ESTADO       RESPUESTA                 REVIEW
-----------------------------------------------------------------------------------------------
9/5_14:30_maf             34665976040          ENVIADO      recordatorio FALLIDO (chat_input_not_found) -
9/5_19:00_maf/csi         34%C2%A0628%C2%A061%C2%A027%C2%A078%E2%80%AC ENVIADO      recordatorio FALLIDO (chat_input_not_found) -
9/5_20:30_4e              34747414084          ENVIADO      recordatorio FALLIDO (chat_input_not_found) -
9/5_19:00_4e              34675651585          ENVIADO      recordatorio FALLIDO (chat_input_not_found) -
10/5_17:30_maf            34722714718          ENVIADO      recordatorio FALLIDO (chat_input_not_found) -
10/5_17:30_4e             34653197010          ENVIADO      recordatorio FALLIDO (chat_input_not_found) -

[2026-05-13 16:55:55] POSITIVO | Fotos nuevas: 0 | Envios OK: 0 | Envios FAIL: 0 | Reviews negativas: 0 | Fotos borradas: 0

=== SESIÓN 16:53-16:56 (13/05/2026) ===
RESERVA                   TELÉFONO             ESTADO       RESPUESTA                 REVIEW
-----------------------------------------------------------------------------------------------
9/5_14:30_maf             34665976040          ENVIADO      recordatorio FALLIDO (exception: HTTPConnectionPool(host='localhost', port=61782): Max retries exceeded with url: /session/fe4dedf9de79c0b7a6439fbaa20755c2/source (Caused by NewConnectionError("HTTPConnection(host='localhost', port=61782): Failed to establish a new connection: [WinError 10061] No connection could be made because the target machine actively refused it"))) -
9/5_19:00_maf/csi         34%C2%A0628%C2%A061%C2%A027%C2%A078%E2%80%AC ENVIADO      recordatorio FALLIDO (exception: HTTPConnectionPool(host='localhost', port=61782): Max retries exceeded with url: /session/fe4dedf9de79c0b7a6439fbaa20755c2/source (Caused by NewConnectionError("HTTPConnection(host='localhost', port=61782): Failed to establish a new connection: [WinError 10061] No connection could be made because the target machine actively refused it"))) -
9/5_20:30_4e              34747414084          ENVIADO      recordatorio FALLIDO (exception: HTTPConnectionPool(host='localhost', port=61782): Max retries exceeded with url: /session/fe4dedf9de79c0b7a6439fbaa20755c2/source (Caused by NewConnectionError("HTTPConnection(host='localhost', port=61782): Failed to establish a new connection: [WinError 10061] No connection could be made because the target machine actively refused it"))) -
9/5_19:00_4e              34675651585          ENVIADO      recordatorio FALLIDO (exception: HTTPConnectionPool(host='localhost', port=61782): Max retries exceeded with url: /session/fe4dedf9de79c0b7a6439fbaa20755c2/source (Caused by NewConnectionError("HTTPConnection(host='localhost', port=61782): Failed to establish a new connection: [WinError 10061] No connection could be made because the target machine actively refused it"))) -
10/5_17:30_maf            34722714718          ENVIADO      recordatorio FALLIDO (exception: HTTPConnectionPool(host='localhost', port=61782): Max retries exceeded with url: /session/fe4dedf9de79c0b7a6439fbaa20755c2/source (Caused by NewConnectionError("HTTPConnection(host='localhost', port=61782): Failed to establish a new connection: [WinError 10061] No connection could be made because the target machine actively refused it"))) -
10/5_17:30_4e             34653197010          ENVIADO      recordatorio FALLIDO (exception: HTTPConnectionPool(host='localhost', port=61782): Max retries exceeded with url: /session/fe4dedf9de79c0b7a6439fbaa20755c2/source (Caused by NewConnectionError("HTTPConnection(host='localhost', port=61782): Failed to establish a new connection: [WinError 10061] No connection could be made because the target machine actively refused it"))) -

[2026-05-13 16:56:01] POSITIVO | Fotos nuevas: 0 | Envios OK: 0 | Envios FAIL: 0 | Reviews negativas: 0 | Fotos borradas: 0

=== SESIÓN 16:58-16:58 (13/05/2026) ===
RESERVA                   TELÉFONO             ESTADO       RESPUESTA                 REVIEW
-----------------------------------------------------------------------------------------------
9/5_14:30_maf             34665976040          ENVIADO      recordatorio FALLIDO (chat_input_not_found) -
9/5_19:00_maf/csi         34%C2%A0628%C2%A061%C2%A027%C2%A078%E2%80%AC ENVIADO      recordatorio FALLIDO (chat_input_not_found) -
9/5_20:30_4e              34747414084          ENVIADO      recordatorio FALLIDO (chat_input_not_found) -
9/5_19:00_4e              34675651585          ENVIADO      recordatorio FALLIDO (chat_input_not_found) -
10/5_17:30_maf            34722714718          ENVIADO      recordatorio FALLIDO (chat_input_not_found) -
10/5_17:30_4e             34653197010          ENVIADO      recordatorio FALLIDO (chat_input_not_found) -

[2026-05-13 16:58:08] POSITIVO | Fotos nuevas: 0 | Envios OK: 0 | Envios FAIL: 0 | Reviews negativas: 0 | Fotos borradas: 0

=== SESIÓN 16:59-16:59 (13/05/2026) ===
RESERVA                   TELÉFONO             ESTADO       RESPUESTA                 REVIEW
-----------------------------------------------------------------------------------------------
9/5_14:30_maf             34665976040          ENVIADO      recordatorio FALLIDO (chat_input_not_found) -
9/5_19:00_maf/csi         34%C2%A0628%C2%A061%C2%A027%C2%A078%E2%80%AC ENVIADO      recordatorio FALLIDO (chat_input_not_found) -
9/5_20:30_4e              34747414084          ENVIADO      recordatorio FALLIDO (chat_input_not_found) -
9/5_19:00_4e              34675651585          ENVIADO      recordatorio FALLIDO (chat_input_not_found) -
10/5_17:30_maf            34722714718          ENVIADO      recordatorio FALLIDO (chat_input_not_found) -
10/5_17:30_4e             34653197010          ENVIADO      recordatorio FALLIDO (chat_input_not_found) -

[2026-05-13 16:59:31] POSITIVO | Fotos nuevas: 0 | Envios OK: 0 | Envios FAIL: 0 | Reviews negativas: 0 | Fotos borradas: 0

=== SESIÓN 17:00-17:00 (13/05/2026) ===
RESERVA                   TELÉFONO             ESTADO       RESPUESTA                 REVIEW
-----------------------------------------------------------------------------------------------
9/5_14:30_maf             34665976040          ENVIADO      recordatorio FALLIDO (chat_input_not_found) -
9/5_19:00_maf/csi         34%C2%A0628%C2%A061%C2%A027%C2%A078%E2%80%AC ENVIADO      recordatorio FALLIDO (chat_input_not_found) -
9/5_20:30_4e              34747414084          ENVIADO      recordatorio FALLIDO (chat_input_not_found) -
9/5_19:00_4e              34675651585          ENVIADO      recordatorio FALLIDO (chat_input_not_found) -
10/5_17:30_maf            34722714718          ENVIADO      recordatorio FALLIDO (chat_input_not_found) -
10/5_17:30_4e             34653197010          ENVIADO      recordatorio FALLIDO (chat_input_not_found) -

[2026-05-13 17:00:59] POSITIVO | Fotos nuevas: 0 | Envios OK: 0 | Envios FAIL: 0 | Reviews negativas: 0 | Fotos borradas: 0

=== SESIÓN 17:02-17:02 (13/05/2026) ===
RESERVA                   TELÉFONO             ESTADO       RESPUESTA                 REVIEW
-----------------------------------------------------------------------------------------------
9/5_14:30_maf             34665976040          ENVIADO      recordatorio FALLIDO (chat_input_not_found) -
9/5_19:00_maf/csi         34%C2%A0628%C2%A061%C2%A027%C2%A078%E2%80%AC ENVIADO      recordatorio FALLIDO (chat_input_not_found) -
9/5_20:30_4e              34747414084          ENVIADO      recordatorio FALLIDO (chat_input_not_found) -
9/5_19:00_4e              34675651585          ENVIADO      recordatorio FALLIDO (chat_input_not_found) -
10/5_17:30_maf            34722714718          ENVIADO      recordatorio FALLIDO (chat_input_not_found) -
10/5_17:30_4e             34653197010          ENVIADO      recordatorio FALLIDO (chat_input_not_found) -

[2026-05-13 17:02:24] POSITIVO | Fotos nuevas: 0 | Envios OK: 0 | Envios FAIL: 0 | Reviews negativas: 0 | Fotos borradas: 0

=== SESIÓN 17:03-17:03 (13/05/2026) ===
RESERVA                   TELÉFONO             ESTADO       RESPUESTA                 REVIEW
-----------------------------------------------------------------------------------------------
9/5_14:30_maf             34665976040          ENVIADO      recordatorio FALLIDO (chat_input_not_found) -
9/5_19:00_maf/csi         34%C2%A0628%C2%A061%C2%A027%C2%A078%E2%80%AC ENVIADO      recordatorio FALLIDO (chat_input_not_found) -
9/5_20:30_4e              34747414084          ENVIADO      recordatorio FALLIDO (chat_input_not_found) -
9/5_19:00_4e              34675651585          ENVIADO      recordatorio FALLIDO (chat_input_not_found) -
10/5_17:30_maf            34722714718          ENVIADO      recordatorio FALLIDO (chat_input_not_found) -
10/5_17:30_4e             34653197010          ENVIADO      recordatorio FALLIDO (chat_input_not_found) -

[2026-05-13 17:03:48] POSITIVO | Fotos nuevas: 0 | Envios OK: 0 | Envios FAIL: 0 | Reviews negativas: 0 | Fotos borradas: 0

=== SESIÓN 17:05-17:05 (13/05/2026) ===
RESERVA                   TELÉFONO             ESTADO       RESPUESTA                 REVIEW
-----------------------------------------------------------------------------------------------
9/5_14:30_maf             34665976040          ENVIADO      recordatorio FALLIDO (chat_input_not_found) -
9/5_19:00_maf/csi         34%C2%A0628%C2%A061%C2%A027%C2%A078%E2%80%AC ENVIADO      recordatorio FALLIDO (chat_input_not_found) -
9/5_20:30_4e              34747414084          ENVIADO      recordatorio FALLIDO (chat_input_not_found) -
9/5_19:00_4e              34675651585          ENVIADO      recordatorio FALLIDO (chat_input_not_found) -
10/5_17:30_maf            34722714718          ENVIADO      recordatorio FALLIDO (chat_input_not_found) -
10/5_17:30_4e             34653197010          ENVIADO      recordatorio FALLIDO (chat_input_not_found) -

[2026-05-13 17:05:11] POSITIVO | Fotos nuevas: 0 | Envios OK: 0 | Envios FAIL: 0 | Reviews negativas: 0 | Fotos borradas: 0

=== SESIÓN 17:06-17:06 (13/05/2026) ===
RESERVA                   TELÉFONO             ESTADO       RESPUESTA                 REVIEW
-----------------------------------------------------------------------------------------------
9/5_14:30_maf             34665976040          ENVIADO      recordatorio FALLIDO (chat_input_not_found) -
9/5_19:00_maf/csi         34%C2%A0628%C2%A061%C2%A027%C2%A078%E2%80%AC ENVIADO      recordatorio FALLIDO (chat_input_not_found) -
9/5_20:30_4e              34747414084          ENVIADO      recordatorio FALLIDO (chat_input_not_found) -
9/5_19:00_4e              34675651585          ENVIADO      recordatorio FALLIDO (chat_input_not_found) -
10/5_17:30_maf            34722714718          ENVIADO      recordatorio FALLIDO (chat_input_not_found) -
10/5_17:30_4e             34653197010          ENVIADO      recordatorio FALLIDO (chat_input_not_found) -

[2026-05-13 17:06:35] POSITIVO | Fotos nuevas: 0 | Envios OK: 0 | Envios FAIL: 0 | Reviews negativas: 0 | Fotos borradas: 0

=== SESIÓN 17:03-17:06 (13/05/2026) ===
RESERVA                   TELÉFONO             ESTADO       RESPUESTA                 REVIEW
-----------------------------------------------------------------------------------------------
9/5_14:30_maf             34665976040          ENVIADO      recordatorio FALLIDO (exception: HTTPConnectionPool(host='localhost', port=63076): Max retries exceeded with url: /session/09465572497c32b1dc146f2823ee9943/source (Caused by NewConnectionError("HTTPConnection(host='localhost', port=63076): Failed to establish a new connection: [WinError 10061] No connection could be made because the target machine actively refused it"))) -
9/5_19:00_maf/csi         34%C2%A0628%C2%A061%C2%A027%C2%A078%E2%80%AC ENVIADO      recordatorio FALLIDO (exception: HTTPConnectionPool(host='localhost', port=63076): Max retries exceeded with url: /session/09465572497c32b1dc146f2823ee9943/source (Caused by NewConnectionError("HTTPConnection(host='localhost', port=63076): Failed to establish a new connection: [WinError 10061] No connection could be made because the target machine actively refused it"))) -
9/5_20:30_4e              34747414084          ENVIADO      recordatorio FALLIDO (exception: HTTPConnectionPool(host='localhost', port=63076): Max retries exceeded with url: /session/09465572497c32b1dc146f2823ee9943/source (Caused by NewConnectionError("HTTPConnection(host='localhost', port=63076): Failed to establish a new connection: [WinError 10061] No connection could be made because the target machine actively refused it"))) -
9/5_19:00_4e              34675651585          ENVIADO      recordatorio FALLIDO (exception: HTTPConnectionPool(host='localhost', port=63076): Max retries exceeded with url: /session/09465572497c32b1dc146f2823ee9943/source (Caused by NewConnectionError("HTTPConnection(host='localhost', port=63076): Failed to establish a new connection: [WinError 10061] No connection could be made because the target machine actively refused it"))) -
10/5_17:30_maf            34722714718          ENVIADO      recordatorio FALLIDO (exception: HTTPConnectionPool(host='localhost', port=63076): Max retries exceeded with url: /session/09465572497c32b1dc146f2823ee9943/source (Caused by NewConnectionError("HTTPConnection(host='localhost', port=63076): Failed to establish a new connection: [WinError 10061] No connection could be made because the target machine actively refused it"))) -
10/5_17:30_4e             34653197010          ENVIADO      recordatorio FALLIDO (exception: HTTPConnectionPool(host='localhost', port=63076): Max retries exceeded with url: /session/09465572497c32b1dc146f2823ee9943/source (Caused by NewConnectionError("HTTPConnection(host='localhost', port=63076): Failed to establish a new connection: [WinError 10061] No connection could be made because the target machine actively refused it"))) -

[2026-05-13 17:06:44] POSITIVO | Fotos nuevas: 0 | Envios OK: 0 | Envios FAIL: 0 | Reviews negativas: 0 | Fotos borradas: 0

=== SESIÓN 17:08-17:08 (13/05/2026) ===
RESERVA                   TELÉFONO             ESTADO       RESPUESTA                 REVIEW
-----------------------------------------------------------------------------------------------
9/5_14:30_maf             34665976040          ENVIADO      recordatorio FALLIDO (chat_input_not_found) -
9/5_19:00_maf/csi         34%C2%A0628%C2%A061%C2%A027%C2%A078%E2%80%AC ENVIADO      recordatorio FALLIDO (chat_input_not_found) -
9/5_20:30_4e              34747414084          ENVIADO      recordatorio FALLIDO (chat_input_not_found) -
9/5_19:00_4e              34675651585          ENVIADO      recordatorio FALLIDO (chat_input_not_found) -
10/5_17:30_maf            34722714718          ENVIADO      recordatorio FALLIDO (chat_input_not_found) -
10/5_17:30_4e             34653197010          ENVIADO      recordatorio FALLIDO (chat_input_not_found) -

[2026-05-13 17:08:53] POSITIVO | Fotos nuevas: 0 | Envios OK: 0 | Envios FAIL: 0 | Reviews negativas: 0 | Fotos borradas: 0

=== SESIÓN 17:10-17:10 (13/05/2026) ===
RESERVA                   TELÉFONO             ESTADO       RESPUESTA                 REVIEW
-----------------------------------------------------------------------------------------------
9/5_14:30_maf             34665976040          ENVIADO      recordatorio FALLIDO (chat_input_not_found) -
9/5_19:00_maf/csi         34%C2%A0628%C2%A061%C2%A027%C2%A078%E2%80%AC ENVIADO      recordatorio FALLIDO (chat_input_not_found) -
9/5_20:30_4e              34747414084          ENVIADO      recordatorio FALLIDO (chat_input_not_found) -
9/5_19:00_4e              34675651585          ENVIADO      recordatorio FALLIDO (chat_input_not_found) -
10/5_17:30_maf            34722714718          ENVIADO      recordatorio FALLIDO (chat_input_not_found) -
10/5_17:30_4e             34653197010          ENVIADO      recordatorio FALLIDO (chat_input_not_found) -

[2026-05-13 17:10:15] POSITIVO | Fotos nuevas: 0 | Envios OK: 0 | Envios FAIL: 0 | Reviews negativas: 0 | Fotos borradas: 0

=== SESIÓN 17:11-17:11 (13/05/2026) ===
RESERVA                   TELÉFONO             ESTADO       RESPUESTA                 REVIEW
-----------------------------------------------------------------------------------------------
9/5_14:30_maf             34665976040          ENVIADO      recordatorio FALLIDO (chat_input_not_found) -
9/5_19:00_maf/csi         34%C2%A0628%C2%A061%C2%A027%C2%A078%E2%80%AC ENVIADO      recordatorio FALLIDO (chat_input_not_found) -
9/5_20:30_4e              34747414084          ENVIADO      recordatorio FALLIDO (chat_input_not_found) -
9/5_19:00_4e              34675651585          ENVIADO      recordatorio FALLIDO (chat_input_not_found) -
10/5_17:30_maf            34722714718          ENVIADO      recordatorio FALLIDO (chat_input_not_found) -
10/5_17:30_4e             34653197010          ENVIADO      recordatorio FALLIDO (chat_input_not_found) -

[2026-05-13 17:11:36] POSITIVO | Fotos nuevas: 0 | Envios OK: 0 | Envios FAIL: 0 | Reviews negativas: 0 | Fotos borradas: 0

=== SESIÓN 17:12-17:12 (13/05/2026) ===
RESERVA                   TELÉFONO             ESTADO       RESPUESTA                 REVIEW
-----------------------------------------------------------------------------------------------
9/5_14:30_maf             34665976040          ENVIADO      recordatorio FALLIDO (chat_input_not_found) -
9/5_19:00_maf/csi         34%C2%A0628%C2%A061%C2%A027%C2%A078%E2%80%AC ENVIADO      recordatorio FALLIDO (chat_input_not_found) -
9/5_20:30_4e              34747414084          ENVIADO      recordatorio FALLIDO (chat_input_not_found) -
9/5_19:00_4e              34675651585          ENVIADO      recordatorio FALLIDO (chat_input_not_found) -
10/5_17:30_maf            34722714718          ENVIADO      recordatorio FALLIDO (chat_input_not_found) -
10/5_17:30_4e             34653197010          ENVIADO      recordatorio FALLIDO (chat_input_not_found) -

[2026-05-13 17:12:58] POSITIVO | Fotos nuevas: 0 | Envios OK: 0 | Envios FAIL: 0 | Reviews negativas: 0 | Fotos borradas: 0

=== SESIÓN 17:14-17:14 (13/05/2026) ===
RESERVA                   TELÉFONO             ESTADO       RESPUESTA                 REVIEW
-----------------------------------------------------------------------------------------------
9/5_14:30_maf             34665976040          ENVIADO      recordatorio FALLIDO (chat_input_not_found) -
9/5_19:00_maf/csi         34%C2%A0628%C2%A061%C2%A027%C2%A078%E2%80%AC ENVIADO      recordatorio FALLIDO (chat_input_not_found) -
9/5_20:30_4e              34747414084          ENVIADO      recordatorio FALLIDO (chat_input_not_found) -
9/5_19:00_4e              34675651585          ENVIADO      recordatorio FALLIDO (chat_input_not_found) -
10/5_17:30_maf            34722714718          ENVIADO      recordatorio FALLIDO (chat_input_not_found) -
10/5_17:30_4e             34653197010          ENVIADO      recordatorio FALLIDO (chat_input_not_found) -

[2026-05-13 17:14:22] POSITIVO | Fotos nuevas: 0 | Envios OK: 0 | Envios FAIL: 0 | Reviews negativas: 0 | Fotos borradas: 0

=== SESIÓN 17:15-17:15 (13/05/2026) ===
RESERVA                   TELÉFONO             ESTADO       RESPUESTA                 REVIEW
-----------------------------------------------------------------------------------------------
9/5_14:30_maf             34665976040          ENVIADO      recordatorio FALLIDO (chat_input_not_found) -
9/5_19:00_maf/csi         34%C2%A0628%C2%A061%C2%A027%C2%A078%E2%80%AC ENVIADO      recordatorio FALLIDO (chat_input_not_found) -
9/5_20:30_4e              34747414084          ENVIADO      recordatorio FALLIDO (chat_input_not_found) -
9/5_19:00_4e              34675651585          ENVIADO      recordatorio FALLIDO (chat_input_not_found) -
10/5_17:30_maf            34722714718          ENVIADO      recordatorio FALLIDO (chat_input_not_found) -
10/5_17:30_4e             34653197010          ENVIADO      recordatorio FALLIDO (chat_input_not_found) -

[2026-05-13 17:15:45] POSITIVO | Fotos nuevas: 0 | Envios OK: 0 | Envios FAIL: 0 | Reviews negativas: 0 | Fotos borradas: 0

=== SESIÓN 17:13-17:16 (13/05/2026) ===
RESERVA                   TELÉFONO             ESTADO       RESPUESTA                 REVIEW
-----------------------------------------------------------------------------------------------
9/5_14:30_maf             34665976040          ENVIADO      recordatorio FALLIDO (exception: HTTPConnectionPool(host='localhost', port=63999): Max retries exceeded with url: /session/03eb3fb3e25866ab140868af26e578f0/source (Caused by NewConnectionError("HTTPConnection(host='localhost', port=63999): Failed to establish a new connection: [WinError 10061] No connection could be made because the target machine actively refused it"))) -
9/5_19:00_maf/csi         34%C2%A0628%C2%A061%C2%A027%C2%A078%E2%80%AC ENVIADO      recordatorio FALLIDO (exception: HTTPConnectionPool(host='localhost', port=63999): Max retries exceeded with url: /session/03eb3fb3e25866ab140868af26e578f0/source (Caused by NewConnectionError("HTTPConnection(host='localhost', port=63999): Failed to establish a new connection: [WinError 10061] No connection could be made because the target machine actively refused it"))) -
9/5_20:30_4e              34747414084          ENVIADO      recordatorio FALLIDO (exception: HTTPConnectionPool(host='localhost', port=63999): Max retries exceeded with url: /session/03eb3fb3e25866ab140868af26e578f0/source (Caused by NewConnectionError("HTTPConnection(host='localhost', port=63999): Failed to establish a new connection: [WinError 10061] No connection could be made because the target machine actively refused it"))) -
9/5_19:00_4e              34675651585          ENVIADO      recordatorio FALLIDO (exception: HTTPConnectionPool(host='localhost', port=63999): Max retries exceeded with url: /session/03eb3fb3e25866ab140868af26e578f0/source (Caused by NewConnectionError("HTTPConnection(host='localhost', port=63999): Failed to establish a new connection: [WinError 10061] No connection could be made because the target machine actively refused it"))) -
10/5_17:30_maf            34722714718          ENVIADO      recordatorio FALLIDO (exception: HTTPConnectionPool(host='localhost', port=63999): Max retries exceeded with url: /session/03eb3fb3e25866ab140868af26e578f0/source (Caused by NewConnectionError("HTTPConnection(host='localhost', port=63999): Failed to establish a new connection: [WinError 10061] No connection could be made because the target machine actively refused it"))) -
10/5_17:30_4e             34653197010          ENVIADO      recordatorio FALLIDO (exception: HTTPConnectionPool(host='localhost', port=63999): Max retries exceeded with url: /session/03eb3fb3e25866ab140868af26e578f0/source (Caused by NewConnectionError("HTTPConnection(host='localhost', port=63999): Failed to establish a new connection: [WinError 10061] No connection could be made because the target machine actively refused it"))) -

[2026-05-13 17:16:19] POSITIVO | Fotos nuevas: 0 | Envios OK: 0 | Envios FAIL: 0 | Reviews negativas: 0 | Fotos borradas: 0

=== SESIÓN 17:19-17:19 (13/05/2026) ===
RESERVA                   TELÉFONO             ESTADO       RESPUESTA                 REVIEW
-----------------------------------------------------------------------------------------------
9/5_14:30_maf             34665976040          ENVIADO      recordatorio FALLIDO (chat_input_not_found) -
9/5_19:00_maf/csi         34%C2%A0628%C2%A061%C2%A027%C2%A078%E2%80%AC ENVIADO      recordatorio FALLIDO (chat_input_not_found) -
9/5_20:30_4e              34747414084          ENVIADO      recordatorio FALLIDO (chat_input_not_found) -
9/5_19:00_4e              34675651585          ENVIADO      recordatorio FALLIDO (chat_input_not_found) -
10/5_17:30_maf            34722714718          ENVIADO      recordatorio FALLIDO (chat_input_not_found) -
10/5_17:30_4e             34653197010          ENVIADO      recordatorio FALLIDO (chat_input_not_found) -

[2026-05-13 17:19:13] POSITIVO | Fotos nuevas: 0 | Envios OK: 0 | Envios FAIL: 0 | Reviews negativas: 0 | Fotos borradas: 0
[2026-05-13 17:19:32] NEGATIVO | WhatsApp no conectado (QR visible) — ciclo abortado

=== SESIÓN 17:21-17:21 (13/05/2026) ===
RESERVA                   TELÉFONO             ESTADO       RESPUESTA                 REVIEW
-----------------------------------------------------------------------------------------------
9/5_14:30_maf             34665976040          ENVIADO      recordatorio FALLIDO (chat_input_not_found) -
9/5_19:00_maf/csi         34%C2%A0628%C2%A061%C2%A027%C2%A078%E2%80%AC ENVIADO      recordatorio FALLIDO (chat_input_not_found) -
9/5_20:30_4e              34747414084          ENVIADO      recordatorio FALLIDO (chat_input_not_found) -
9/5_19:00_4e              34675651585          ENVIADO      recordatorio FALLIDO (chat_input_not_found) -
10/5_17:30_maf            34722714718          ENVIADO      recordatorio FALLIDO (chat_input_not_found) -
10/5_17:30_4e             34653197010          ENVIADO      recordatorio FALLIDO (chat_input_not_found) -

[2026-05-13 17:21:39] POSITIVO | Fotos nuevas: 0 | Envios OK: 0 | Envios FAIL: 0 | Reviews negativas: 0 | Fotos borradas: 0

=== SESIÓN 17:22-17:23 (13/05/2026) ===
RESERVA                   TELÉFONO             ESTADO       RESPUESTA                 REVIEW
-----------------------------------------------------------------------------------------------
9/5_14:30_maf             34665976040          ENVIADO      recordatorio FALLIDO (chat_input_not_found) -
9/5_19:00_maf/csi         34%C2%A0628%C2%A061%C2%A027%C2%A078%E2%80%AC ENVIADO      recordatorio FALLIDO (chat_input_not_found) -
9/5_20:30_4e              34747414084          ENVIADO      recordatorio FALLIDO (chat_input_not_found) -
9/5_19:00_4e              34675651585          ENVIADO      recordatorio FALLIDO (chat_input_not_found) -
10/5_17:30_maf            34722714718          ENVIADO      recordatorio FALLIDO (chat_input_not_found) -
10/5_17:30_4e             34653197010          ENVIADO      recordatorio FALLIDO (chat_input_not_found) -

[2026-05-13 17:23:02] POSITIVO | Fotos nuevas: 0 | Envios OK: 0 | Envios FAIL: 0 | Reviews negativas: 0 | Fotos borradas: 0

=== SESIÓN 17:24-17:24 (13/05/2026) ===
RESERVA                   TELÉFONO             ESTADO       RESPUESTA                 REVIEW
-----------------------------------------------------------------------------------------------
9/5_14:30_maf             34665976040          ENVIADO      recordatorio FALLIDO (chat_input_not_found) -
9/5_19:00_maf/csi         34%C2%A0628%C2%A061%C2%A027%C2%A078%E2%80%AC ENVIADO      recordatorio FALLIDO (chat_input_not_found) -
9/5_20:30_4e              34747414084          ENVIADO      recordatorio FALLIDO (chat_input_not_found) -
9/5_19:00_4e              34675651585          ENVIADO      recordatorio FALLIDO (chat_input_not_found) -
10/5_17:30_maf            34722714718          ENVIADO      recordatorio FALLIDO (chat_input_not_found) -
10/5_17:30_4e             34653197010          ENVIADO      recordatorio FALLIDO (chat_input_not_found) -

[2026-05-13 17:24:24] POSITIVO | Fotos nuevas: 0 | Envios OK: 0 | Envios FAIL: 0 | Reviews negativas: 0 | Fotos borradas: 0

=== SESIÓN 17:22-17:24 (13/05/2026) ===
RESERVA                   TELÉFONO             ESTADO       RESPUESTA                 REVIEW
-----------------------------------------------------------------------------------------------
9/5_14:30_maf             34665976040          ENVIADO      recordatorio FALLIDO (exception: HTTPConnectionPool(host='localhost', port=65053): Max retries exceeded with url: /session/fb7a8cb51b90a2315d93c6930aa45a6e/source (Caused by NewConnectionError("HTTPConnection(host='localhost', port=65053): Failed to establish a new connection: [WinError 10061] No connection could be made because the target machine actively refused it"))) -
9/5_19:00_maf/csi         34%C2%A0628%C2%A061%C2%A027%C2%A078%E2%80%AC ENVIADO      recordatorio FALLIDO (exception: HTTPConnectionPool(host='localhost', port=65053): Max retries exceeded with url: /session/fb7a8cb51b90a2315d93c6930aa45a6e/source (Caused by NewConnectionError("HTTPConnection(host='localhost', port=65053): Failed to establish a new connection: [WinError 10061] No connection could be made because the target machine actively refused it"))) -
9/5_20:30_4e              34747414084          ENVIADO      recordatorio FALLIDO (exception: HTTPConnectionPool(host='localhost', port=65053): Max retries exceeded with url: /session/fb7a8cb51b90a2315d93c6930aa45a6e/source (Caused by NewConnectionError("HTTPConnection(host='localhost', port=65053): Failed to establish a new connection: [WinError 10061] No connection could be made because the target machine actively refused it"))) -
9/5_19:00_4e              34675651585          ENVIADO      recordatorio FALLIDO (exception: HTTPConnectionPool(host='localhost', port=65053): Max retries exceeded with url: /session/fb7a8cb51b90a2315d93c6930aa45a6e/source (Caused by NewConnectionError("HTTPConnection(host='localhost', port=65053): Failed to establish a new connection: [WinError 10061] No connection could be made because the target machine actively refused it"))) -
10/5_17:30_maf            34722714718          ENVIADO      recordatorio FALLIDO (exception: HTTPConnectionPool(host='localhost', port=65053): Max retries exceeded with url: /session/fb7a8cb51b90a2315d93c6930aa45a6e/source (Caused by NewConnectionError("HTTPConnection(host='localhost', port=65053): Failed to establish a new connection: [WinError 10061] No connection could be made because the target machine actively refused it"))) -
10/5_17:30_4e             34653197010          ENVIADO      recordatorio FALLIDO (exception: HTTPConnectionPool(host='localhost', port=65053): Max retries exceeded with url: /session/fb7a8cb51b90a2315d93c6930aa45a6e/source (Caused by NewConnectionError("HTTPConnection(host='localhost', port=65053): Failed to establish a new connection: [WinError 10061] No connection could be made because the target machine actively refused it"))) -

[2026-05-13 17:24:51] POSITIVO | Fotos nuevas: 0 | Envios OK: 0 | Envios FAIL: 0 | Reviews negativas: 0 | Fotos borradas: 0

=== SESIÓN 17:25-17:25 (13/05/2026) ===
RESERVA                   TELÉFONO             ESTADO       RESPUESTA                 REVIEW
-----------------------------------------------------------------------------------------------
9/5_14:30_maf             34665976040          ENVIADO      recordatorio FALLIDO (chat_input_not_found) -
9/5_19:00_maf/csi         34%C2%A0628%C2%A061%C2%A027%C2%A078%E2%80%AC ENVIADO      recordatorio FALLIDO (exception: Message: invalid session id; For documentation on this error, please visit: https://www.selenium.dev/documentation/webdriver/troubleshooting/errors#invalidsessionidexception
Stacktrace:
	chromedriver!GetHandleVerifier [0xb4b373+10553]
	chromedriver!GetHandleVerifier [0xb4b4a4+10684]
	chromedriver!(No symbol) [0x951c4e]
	chromedriver!(No symbol) [0x98f2c5]
	chromedriver!(No symbol) [0x9bd726]
	chromedriver!(No symbol) [0x9b8c62]
	chromedriver!(No symbol) [0x9b8281]
	chromedriver!(No symbol) [0x92501e]
	chromedriver!(No symbol) [0x9255be]
	chromedriver!(No symbol) [0x925a9d]
	chromedriver!GetHandleVerifier [0xdcddb4+292f94]
	chromedriver!GetHandleVerifier [0xdc937d+28e55d]
	chromedriver!GetHandleVerifier [0xde8215+2ad3f5]
	chromedriver!GetHandleVerifier [0xb64c18+29df8]
	chromedriver!GetHandleVerifier [0xb6c6fd+318dd]
	chromedriver!(No symbol) [0x924b99]
	chromedriver!(No symbol) [0x9241e0]
	chromedriver!GetHandleVerifier [0xf32bef+3f7dcf]
	KERNEL32!BaseThreadInitThunk [0x765562c4+24]
	ntdll!RtlSubscribeWnfStateChangeNotification [0x770a0aa9+439]
	ntdll!RtlSubscribeWnfStateChangeNotification [0x770a0a74+404]
) -
9/5_20:30_4e              34747414084          ENVIADO      recordatorio FALLIDO (exception: Message: invalid session id; For documentation on this error, please visit: https://www.selenium.dev/documentation/webdriver/troubleshooting/errors#invalidsessionidexception
Stacktrace:
	chromedriver!GetHandleVerifier [0xb4b373+10553]
	chromedriver!GetHandleVerifier [0xb4b4a4+10684]
	chromedriver!(No symbol) [0x951c4e]
	chromedriver!(No symbol) [0x98f2c5]
	chromedriver!(No symbol) [0x9bd726]
	chromedriver!(No symbol) [0x9b8c62]
	chromedriver!(No symbol) [0x9b8281]
	chromedriver!(No symbol) [0x92501e]
	chromedriver!(No symbol) [0x9255be]
	chromedriver!(No symbol) [0x925a9d]
	chromedriver!GetHandleVerifier [0xdcddb4+292f94]
	chromedriver!GetHandleVerifier [0xdc937d+28e55d]
	chromedriver!GetHandleVerifier [0xde8215+2ad3f5]
	chromedriver!GetHandleVerifier [0xb64c18+29df8]
	chromedriver!GetHandleVerifier [0xb6c6fd+318dd]
	chromedriver!(No symbol) [0x924b99]
	chromedriver!(No symbol) [0x9241e0]
	chromedriver!GetHandleVerifier [0xf32bef+3f7dcf]
	KERNEL32!BaseThreadInitThunk [0x765562c4+24]
	ntdll!RtlSubscribeWnfStateChangeNotification [0x770a0aa9+439]
	ntdll!RtlSubscribeWnfStateChangeNotification [0x770a0a74+404]
) -
9/5_19:00_4e              34675651585          ENVIADO      recordatorio FALLIDO (exception: Message: invalid session id; For documentation on this error, please visit: https://www.selenium.dev/documentation/webdriver/troubleshooting/errors#invalidsessionidexception
Stacktrace:
	chromedriver!GetHandleVerifier [0xb4b373+10553]
	chromedriver!GetHandleVerifier [0xb4b4a4+10684]
	chromedriver!(No symbol) [0x951c4e]
	chromedriver!(No symbol) [0x98f2c5]
	chromedriver!(No symbol) [0x9bd726]
	chromedriver!(No symbol) [0x9b8c62]
	chromedriver!(No symbol) [0x9b8281]
	chromedriver!(No symbol) [0x92501e]
	chromedriver!(No symbol) [0x9255be]
	chromedriver!(No symbol) [0x925a9d]
	chromedriver!GetHandleVerifier [0xdcddb4+292f94]
	chromedriver!GetHandleVerifier [0xdc937d+28e55d]
	chromedriver!GetHandleVerifier [0xde8215+2ad3f5]
	chromedriver!GetHandleVerifier [0xb64c18+29df8]
	chromedriver!GetHandleVerifier [0xb6c6fd+318dd]
	chromedriver!(No symbol) [0x924b99]
	chromedriver!(No symbol) [0x9241e0]
	chromedriver!GetHandleVerifier [0xf32bef+3f7dcf]
	KERNEL32!BaseThreadInitThunk [0x765562c4+24]
	ntdll!RtlSubscribeWnfStateChangeNotification [0x770a0aa9+439]
	ntdll!RtlSubscribeWnfStateChangeNotification [0x770a0a74+404]
) -
10/5_17:30_maf            34722714718          ENVIADO      recordatorio FALLIDO (exception: Message: invalid session id; For documentation on this error, please visit: https://www.selenium.dev/documentation/webdriver/troubleshooting/errors#invalidsessionidexception
Stacktrace:
	chromedriver!GetHandleVerifier [0xb4b373+10553]
	chromedriver!GetHandleVerifier [0xb4b4a4+10684]
	chromedriver!(No symbol) [0x951c4e]
	chromedriver!(No symbol) [0x98f2c5]
	chromedriver!(No symbol) [0x9bd726]
	chromedriver!(No symbol) [0x9b8c62]
	chromedriver!(No symbol) [0x9b8281]
	chromedriver!(No symbol) [0x92501e]
	chromedriver!(No symbol) [0x9255be]
	chromedriver!(No symbol) [0x925a9d]
	chromedriver!GetHandleVerifier [0xdcddb4+292f94]
	chromedriver!GetHandleVerifier [0xdc937d+28e55d]
	chromedriver!GetHandleVerifier [0xde8215+2ad3f5]
	chromedriver!GetHandleVerifier [0xb64c18+29df8]
	chromedriver!GetHandleVerifier [0xb6c6fd+318dd]
	chromedriver!(No symbol) [0x924b99]
	chromedriver!(No symbol) [0x9241e0]
	chromedriver!GetHandleVerifier [0xf32bef+3f7dcf]
	KERNEL32!BaseThreadInitThunk [0x765562c4+24]
	ntdll!RtlSubscribeWnfStateChangeNotification [0x770a0aa9+439]
	ntdll!RtlSubscribeWnfStateChangeNotification [0x770a0a74+404]
) -
10/5_17:30_4e             34653197010          ENVIADO      recordatorio FALLIDO (exception: Message: invalid session id; For documentation on this error, please visit: https://www.selenium.dev/documentation/webdriver/troubleshooting/errors#invalidsessionidexception
Stacktrace:
	chromedriver!GetHandleVerifier [0xb4b373+10553]
	chromedriver!GetHandleVerifier [0xb4b4a4+10684]
	chromedriver!(No symbol) [0x951c4e]
	chromedriver!(No symbol) [0x98f2c5]
	chromedriver!(No symbol) [0x9bd726]
	chromedriver!(No symbol) [0x9b8c62]
	chromedriver!(No symbol) [0x9b8281]
	chromedriver!(No symbol) [0x92501e]
	chromedriver!(No symbol) [0x9255be]
	chromedriver!(No symbol) [0x925a9d]
	chromedriver!GetHandleVerifier [0xdcddb4+292f94]
	chromedriver!GetHandleVerifier [0xdc937d+28e55d]
	chromedriver!GetHandleVerifier [0xde8215+2ad3f5]
	chromedriver!GetHandleVerifier [0xb64c18+29df8]
	chromedriver!GetHandleVerifier [0xb6c6fd+318dd]
	chromedriver!(No symbol) [0x924b99]
	chromedriver!(No symbol) [0x9241e0]
	chromedriver!GetHandleVerifier [0xf32bef+3f7dcf]
	KERNEL32!BaseThreadInitThunk [0x765562c4+24]
	ntdll!RtlSubscribeWnfStateChangeNotification [0x770a0aa9+439]
	ntdll!RtlSubscribeWnfStateChangeNotification [0x770a0a74+404]
) -

[2026-05-13 17:25:42] POSITIVO | Fotos nuevas: 0 | Envios OK: 0 | Envios FAIL: 0 | Reviews negativas: 0 | Fotos borradas: 0

=== SESIÓN 17:27-17:27 (13/05/2026) ===
RESERVA                   TELÉFONO             ESTADO       RESPUESTA                 REVIEW
-----------------------------------------------------------------------------------------------
9/5_14:30_maf             34665976040          ENVIADO      recordatorio FALLIDO (chat_input_not_found) -
9/5_19:00_maf/csi         34%C2%A0628%C2%A061%C2%A027%C2%A078%E2%80%AC ENVIADO      recordatorio FALLIDO (chat_input_not_found) -
9/5_20:30_4e              34747414084          ENVIADO      recordatorio FALLIDO (chat_input_not_found) -
9/5_19:00_4e              34675651585          ENVIADO      recordatorio FALLIDO (chat_input_not_found) -
10/5_17:30_maf            34722714718          ENVIADO      recordatorio FALLIDO (chat_input_not_found) -
10/5_17:30_4e             34653197010          ENVIADO      recordatorio FALLIDO (chat_input_not_found) -

[2026-05-13 17:27:44] POSITIVO | Fotos nuevas: 0 | Envios OK: 0 | Envios FAIL: 0 | Reviews negativas: 0 | Fotos borradas: 0
[2026-05-13 17:27:47] NEGATIVO | WhatsApp no conectado (QR visible) — ciclo abortado

=== SESIÓN 17:29-17:29 (13/05/2026) ===
RESERVA                   TELÉFONO             ESTADO       RESPUESTA                 REVIEW
-----------------------------------------------------------------------------------------------
9/5_14:30_maf             34665976040          ENVIADO      recordatorio FALLIDO (chat_input_not_found) -
9/5_19:00_maf/csi         34%C2%A0628%C2%A061%C2%A027%C2%A078%E2%80%AC ENVIADO      recordatorio FALLIDO (chat_input_not_found) -
9/5_20:30_4e              34747414084          ENVIADO      recordatorio FALLIDO (chat_input_not_found) -
9/5_19:00_4e              34675651585          ENVIADO      recordatorio FALLIDO (chat_input_not_found) -
10/5_17:30_maf            34722714718          ENVIADO      recordatorio FALLIDO (chat_input_not_found) -
10/5_17:30_4e             34653197010          ENVIADO      recordatorio FALLIDO (chat_input_not_found) -

[2026-05-13 17:29:51] POSITIVO | Fotos nuevas: 0 | Envios OK: 0 | Envios FAIL: 0 | Reviews negativas: 0 | Fotos borradas: 0
[2026-05-13 17:29:54] NEGATIVO | WhatsApp no conectado (QR visible) — ciclo abortado

=== SESIÓN 17:31-17:32 (13/05/2026) ===
RESERVA                   TELÉFONO             ESTADO       RESPUESTA                 REVIEW
-----------------------------------------------------------------------------------------------
9/5_14:30_maf             34665976040          ENVIADO      recordatorio FALLIDO (chat_input_not_found) -
9/5_19:00_maf/csi         34%C2%A0628%C2%A061%C2%A027%C2%A078%E2%80%AC ENVIADO      recordatorio FALLIDO (chat_input_not_found) -
9/5_20:30_4e              34747414084          ENVIADO      recordatorio FALLIDO (chat_input_not_found) -
9/5_19:00_4e              34675651585          ENVIADO      recordatorio FALLIDO (chat_input_not_found) -
10/5_17:30_maf            34722714718          ENVIADO      recordatorio FALLIDO (chat_input_not_found) -
10/5_17:30_4e             34653197010          ENVIADO      recordatorio FALLIDO (chat_input_not_found) -

[2026-05-13 17:32:02] POSITIVO | Fotos nuevas: 0 | Envios OK: 0 | Envios FAIL: 0 | Reviews negativas: 0 | Fotos borradas: 0

=== SESIÓN 17:33-17:33 (13/05/2026) ===
RESERVA                   TELÉFONO             ESTADO       RESPUESTA                 REVIEW
-----------------------------------------------------------------------------------------------
9/5_14:30_maf             34665976040          ENVIADO      recordatorio FALLIDO (chat_input_not_found) -
9/5_19:00_maf/csi         34%C2%A0628%C2%A061%C2%A027%C2%A078%E2%80%AC ENVIADO      recordatorio FALLIDO (chat_input_not_found) -
9/5_20:30_4e              34747414084          ENVIADO      recordatorio FALLIDO (chat_input_not_found) -
9/5_19:00_4e              34675651585          ENVIADO      recordatorio FALLIDO (chat_input_not_found) -
10/5_17:30_maf            34722714718          ENVIADO      recordatorio FALLIDO (chat_input_not_found) -
10/5_17:30_4e             34653197010          ENVIADO      recordatorio FALLIDO (chat_input_not_found) -

[2026-05-13 17:33:22] POSITIVO | Fotos nuevas: 0 | Envios OK: 0 | Envios FAIL: 0 | Reviews negativas: 0 | Fotos borradas: 0

=== SESIÓN 17:34-17:34 (13/05/2026) ===
RESERVA                   TELÉFONO             ESTADO       RESPUESTA                 REVIEW
-----------------------------------------------------------------------------------------------
9/5_14:30_maf             34665976040          ENVIADO      recordatorio FALLIDO (chat_input_not_found) -
9/5_19:00_maf/csi         34%C2%A0628%C2%A061%C2%A027%C2%A078%E2%80%AC ENVIADO      recordatorio FALLIDO (chat_input_not_found) -
9/5_20:30_4e              34747414084          ENVIADO      recordatorio FALLIDO (chat_input_not_found) -
9/5_19:00_4e              34675651585          ENVIADO      recordatorio FALLIDO (chat_input_not_found) -
10/5_17:30_maf            34722714718          ENVIADO      recordatorio FALLIDO (chat_input_not_found) -
10/5_17:30_4e             34653197010          ENVIADO      recordatorio FALLIDO (chat_input_not_found) -

[2026-05-13 17:34:46] POSITIVO | Fotos nuevas: 0 | Envios OK: 0 | Envios FAIL: 0 | Reviews negativas: 0 | Fotos borradas: 0

=== SESIÓN 17:36-17:36 (13/05/2026) ===
RESERVA                   TELÉFONO             ESTADO       RESPUESTA                 REVIEW
-----------------------------------------------------------------------------------------------
9/5_14:30_maf             34665976040          ENVIADO      recordatorio FALLIDO (chat_input_not_found) -
9/5_19:00_maf/csi         34%C2%A0628%C2%A061%C2%A027%C2%A078%E2%80%AC ENVIADO      recordatorio FALLIDO (chat_input_not_found) -
9/5_20:30_4e              34747414084          ENVIADO      recordatorio FALLIDO (chat_input_not_found) -
9/5_19:00_4e              34675651585          ENVIADO      recordatorio FALLIDO (chat_input_not_found) -
10/5_17:30_maf            34722714718          ENVIADO      recordatorio FALLIDO (chat_input_not_found) -
10/5_17:30_4e             34653197010          ENVIADO      recordatorio FALLIDO (chat_input_not_found) -

[2026-05-13 17:36:10] POSITIVO | Fotos nuevas: 0 | Envios OK: 0 | Envios FAIL: 0 | Reviews negativas: 0 | Fotos borradas: 0

=== SESIÓN 17:37-17:37 (13/05/2026) ===
RESERVA                   TELÉFONO             ESTADO       RESPUESTA                 REVIEW
-----------------------------------------------------------------------------------------------
9/5_14:30_maf             34665976040          ENVIADO      recordatorio FALLIDO (chat_input_not_found) -
9/5_19:00_maf/csi         34%C2%A0628%C2%A061%C2%A027%C2%A078%E2%80%AC ENVIADO      recordatorio FALLIDO (chat_input_not_found) -
9/5_20:30_4e              34747414084          ENVIADO      recordatorio FALLIDO (chat_input_not_found) -
9/5_19:00_4e              34675651585          ENVIADO      recordatorio FALLIDO (chat_input_not_found) -
10/5_17:30_maf            34722714718          ENVIADO      recordatorio FALLIDO (chat_input_not_found) -
10/5_17:30_4e             34653197010          ENVIADO      recordatorio FALLIDO (chat_input_not_found) -

[2026-05-13 17:37:33] POSITIVO | Fotos nuevas: 0 | Envios OK: 0 | Envios FAIL: 0 | Reviews negativas: 0 | Fotos borradas: 0

=== SESIÓN 17:38-17:38 (13/05/2026) ===
RESERVA                   TELÉFONO             ESTADO       RESPUESTA                 REVIEW
-----------------------------------------------------------------------------------------------
9/5_14:30_maf             34665976040          ENVIADO      recordatorio FALLIDO (chat_input_not_found) -
9/5_19:00_maf/csi         34%C2%A0628%C2%A061%C2%A027%C2%A078%E2%80%AC ENVIADO      recordatorio FALLIDO (chat_input_not_found) -
9/5_20:30_4e              34747414084          ENVIADO      recordatorio FALLIDO (chat_input_not_found) -
9/5_19:00_4e              34675651585          ENVIADO      recordatorio FALLIDO (chat_input_not_found) -
10/5_17:30_maf            34722714718          ENVIADO      recordatorio FALLIDO (chat_input_not_found) -
10/5_17:30_4e             34653197010          ENVIADO      recordatorio FALLIDO (chat_input_not_found) -

[2026-05-13 17:38:59] POSITIVO | Fotos nuevas: 0 | Envios OK: 0 | Envios FAIL: 0 | Reviews negativas: 0 | Fotos borradas: 0

=== SESIÓN 17:40-17:40 (13/05/2026) ===
RESERVA                   TELÉFONO             ESTADO       RESPUESTA                 REVIEW
-----------------------------------------------------------------------------------------------
9/5_14:30_maf             34665976040          ENVIADO      recordatorio FALLIDO (chat_input_not_found) -
9/5_19:00_maf/csi         34%C2%A0628%C2%A061%C2%A027%C2%A078%E2%80%AC ENVIADO      recordatorio FALLIDO (chat_input_not_found) -
9/5_20:30_4e              34747414084          ENVIADO      recordatorio FALLIDO (chat_input_not_found) -
9/5_19:00_4e              34675651585          ENVIADO      recordatorio FALLIDO (chat_input_not_found) -
10/5_17:30_maf            34722714718          ENVIADO      recordatorio FALLIDO (chat_input_not_found) -
10/5_17:30_4e             34653197010          ENVIADO      recordatorio FALLIDO (chat_input_not_found) -

[2026-05-13 17:40:19] POSITIVO | Fotos nuevas: 0 | Envios OK: 0 | Envios FAIL: 0 | Reviews negativas: 0 | Fotos borradas: 0

=== SESIÓN 17:38-17:41 (13/05/2026) ===
RESERVA                   TELÉFONO             ESTADO       RESPUESTA                 REVIEW
-----------------------------------------------------------------------------------------------
9/5_14:30_maf             34665976040          ENVIADO      recordatorio FALLIDO (exception: HTTPConnectionPool(host='localhost', port=49573): Max retries exceeded with url: /session/c12c6ae5c2d223fe0e87a9f0e1533e24/source (Caused by NewConnectionError("HTTPConnection(host='localhost', port=49573): Failed to establish a new connection: [WinError 10061] No connection could be made because the target machine actively refused it"))) -
9/5_19:00_maf/csi         34%C2%A0628%C2%A061%C2%A027%C2%A078%E2%80%AC ENVIADO      recordatorio FALLIDO (exception: HTTPConnectionPool(host='localhost', port=49573): Max retries exceeded with url: /session/c12c6ae5c2d223fe0e87a9f0e1533e24/source (Caused by NewConnectionError("HTTPConnection(host='localhost', port=49573): Failed to establish a new connection: [WinError 10061] No connection could be made because the target machine actively refused it"))) -
9/5_20:30_4e              34747414084          ENVIADO      recordatorio FALLIDO (exception: HTTPConnectionPool(host='localhost', port=49573): Max retries exceeded with url: /session/c12c6ae5c2d223fe0e87a9f0e1533e24/source (Caused by NewConnectionError("HTTPConnection(host='localhost', port=49573): Failed to establish a new connection: [WinError 10061] No connection could be made because the target machine actively refused it"))) -
9/5_19:00_4e              34675651585          ENVIADO      recordatorio FALLIDO (exception: HTTPConnectionPool(host='localhost', port=49573): Max retries exceeded with url: /session/c12c6ae5c2d223fe0e87a9f0e1533e24/source (Caused by NewConnectionError("HTTPConnection(host='localhost', port=49573): Failed to establish a new connection: [WinError 10061] No connection could be made because the target machine actively refused it"))) -
10/5_17:30_maf            34722714718          ENVIADO      recordatorio FALLIDO (exception: HTTPConnectionPool(host='localhost', port=49573): Max retries exceeded with url: /session/c12c6ae5c2d223fe0e87a9f0e1533e24/source (Caused by NewConnectionError("HTTPConnection(host='localhost', port=49573): Failed to establish a new connection: [WinError 10061] No connection could be made because the target machine actively refused it"))) -
10/5_17:30_4e             34653197010          ENVIADO      recordatorio FALLIDO (exception: HTTPConnectionPool(host='localhost', port=49573): Max retries exceeded with url: /session/c12c6ae5c2d223fe0e87a9f0e1533e24/source (Caused by NewConnectionError("HTTPConnection(host='localhost', port=49573): Failed to establish a new connection: [WinError 10061] No connection could be made because the target machine actively refused it"))) -

[2026-05-13 17:41:31] POSITIVO | Fotos nuevas: 0 | Envios OK: 0 | Envios FAIL: 0 | Reviews negativas: 0 | Fotos borradas: 0

=== SESIÓN 17:41-17:41 (13/05/2026) ===
RESERVA                   TELÉFONO             ESTADO       RESPUESTA                 REVIEW
-----------------------------------------------------------------------------------------------
9/5_14:30_maf             34665976040          ENVIADO      recordatorio FALLIDO (chat_input_not_found) -
9/5_19:00_maf/csi         34%C2%A0628%C2%A061%C2%A027%C2%A078%E2%80%AC ENVIADO      recordatorio FALLIDO (chat_input_not_found) -
9/5_20:30_4e              34747414084          ENVIADO      recordatorio FALLIDO (chat_input_not_found) -
9/5_19:00_4e              34675651585          ENVIADO      recordatorio FALLIDO (chat_input_not_found) -
10/5_17:30_maf            34722714718          ENVIADO      recordatorio FALLIDO (chat_input_not_found) -
10/5_17:30_4e             34653197010          ENVIADO      recordatorio FALLIDO (chat_input_not_found) -

[2026-05-13 17:41:38] POSITIVO | Fotos nuevas: 0 | Envios OK: 0 | Envios FAIL: 0 | Reviews negativas: 0 | Fotos borradas: 0

=== SESIÓN 17:43-17:43 (13/05/2026) ===
RESERVA                   TELÉFONO             ESTADO       RESPUESTA                 REVIEW
-----------------------------------------------------------------------------------------------
9/5_14:30_maf             34665976040          ENVIADO      recordatorio FALLIDO (chat_input_not_found) -
9/5_19:00_maf/csi         34%C2%A0628%C2%A061%C2%A027%C2%A078%E2%80%AC ENVIADO      recordatorio FALLIDO (chat_input_not_found) -
9/5_20:30_4e              34747414084          ENVIADO      recordatorio FALLIDO (chat_input_not_found) -
9/5_19:00_4e              34675651585          ENVIADO      recordatorio FALLIDO (chat_input_not_found) -
10/5_17:30_maf            34722714718          ENVIADO      recordatorio FALLIDO (chat_input_not_found) -
10/5_17:30_4e             34653197010          ENVIADO      recordatorio FALLIDO (chat_input_not_found) -

[2026-05-13 17:43:35] POSITIVO | Fotos nuevas: 0 | Envios OK: 0 | Envios FAIL: 0 | Reviews negativas: 0 | Fotos borradas: 0
[2026-05-13 17:44:00] NEGATIVO | WhatsApp no conectado (QR visible) — ciclo abortado

=== SESIÓN 17:46-17:46 (13/05/2026) ===
RESERVA                   TELÉFONO             ESTADO       RESPUESTA                 REVIEW
-----------------------------------------------------------------------------------------------
9/5_14:30_maf             34665976040          ENVIADO      recordatorio FALLIDO (chat_input_not_found) -
9/5_19:00_maf/csi         34%C2%A0628%C2%A061%C2%A027%C2%A078%E2%80%AC ENVIADO      recordatorio FALLIDO (chat_input_not_found) -
9/5_20:30_4e              34747414084          ENVIADO      recordatorio FALLIDO (chat_input_not_found) -
9/5_19:00_4e              34675651585          ENVIADO      recordatorio FALLIDO (chat_input_not_found) -
10/5_17:30_maf            34722714718          ENVIADO      recordatorio FALLIDO (chat_input_not_found) -
10/5_17:30_4e             34653197010          ENVIADO      recordatorio FALLIDO (chat_input_not_found) -

[2026-05-13 17:46:08] POSITIVO | Fotos nuevas: 0 | Envios OK: 0 | Envios FAIL: 0 | Reviews negativas: 0 | Fotos borradas: 0

=== SESIÓN 17:44-17:46 (13/05/2026) ===
RESERVA                   TELÉFONO             ESTADO       RESPUESTA                 REVIEW
-----------------------------------------------------------------------------------------------
9/5_14:30_maf             34665976040          ENVIADO      recordatorio FALLIDO (chat_input_not_found) -
9/5_19:00_maf/csi         34%C2%A0628%C2%A061%C2%A027%C2%A078%E2%80%AC ENVIADO      recordatorio FALLIDO (exception: Message: invalid session id; For documentation on this error, please visit: https://www.selenium.dev/documentation/webdriver/troubleshooting/errors#invalidsessionidexception
Stacktrace:
	chromedriver!GetHandleVerifier [0xb4b373+10553]
	chromedriver!GetHandleVerifier [0xb4b4a4+10684]
	chromedriver!(No symbol) [0x951c4e]
	chromedriver!(No symbol) [0x98f2c5]
	chromedriver!(No symbol) [0x9bd726]
	chromedriver!(No symbol) [0x9b8c62]
	chromedriver!(No symbol) [0x9b8281]
	chromedriver!(No symbol) [0x92501e]
	chromedriver!(No symbol) [0x9255be]
	chromedriver!(No symbol) [0x925a9d]
	chromedriver!GetHandleVerifier [0xdcddb4+292f94]
	chromedriver!GetHandleVerifier [0xdc937d+28e55d]
	chromedriver!GetHandleVerifier [0xde8215+2ad3f5]
	chromedriver!GetHandleVerifier [0xb64c18+29df8]
	chromedriver!GetHandleVerifier [0xb6c6fd+318dd]
	chromedriver!(No symbol) [0x924b99]
	chromedriver!(No symbol) [0x9241e0]
	chromedriver!GetHandleVerifier [0xf32bef+3f7dcf]
	KERNEL32!BaseThreadInitThunk [0x765562c4+24]
	ntdll!RtlSubscribeWnfStateChangeNotification [0x770a0aa9+439]
	ntdll!RtlSubscribeWnfStateChangeNotification [0x770a0a74+404]
) -
9/5_20:30_4e              34747414084          ENVIADO      recordatorio FALLIDO (exception: Message: invalid session id; For documentation on this error, please visit: https://www.selenium.dev/documentation/webdriver/troubleshooting/errors#invalidsessionidexception
Stacktrace:
	chromedriver!GetHandleVerifier [0xb4b373+10553]
	chromedriver!GetHandleVerifier [0xb4b4a4+10684]
	chromedriver!(No symbol) [0x951c4e]
	chromedriver!(No symbol) [0x98f2c5]
	chromedriver!(No symbol) [0x9bd726]
	chromedriver!(No symbol) [0x9b8c62]
	chromedriver!(No symbol) [0x9b8281]
	chromedriver!(No symbol) [0x92501e]
	chromedriver!(No symbol) [0x9255be]
	chromedriver!(No symbol) [0x925a9d]
	chromedriver!GetHandleVerifier [0xdcddb4+292f94]
	chromedriver!GetHandleVerifier [0xdc937d+28e55d]
	chromedriver!GetHandleVerifier [0xde8215+2ad3f5]
	chromedriver!GetHandleVerifier [0xb64c18+29df8]
	chromedriver!GetHandleVerifier [0xb6c6fd+318dd]
	chromedriver!(No symbol) [0x924b99]
	chromedriver!(No symbol) [0x9241e0]
	chromedriver!GetHandleVerifier [0xf32bef+3f7dcf]
	KERNEL32!BaseThreadInitThunk [0x765562c4+24]
	ntdll!RtlSubscribeWnfStateChangeNotification [0x770a0aa9+439]
	ntdll!RtlSubscribeWnfStateChangeNotification [0x770a0a74+404]
) -
9/5_19:00_4e              34675651585          ENVIADO      recordatorio FALLIDO (exception: HTTPConnectionPool(host='localhost', port=50835): Max retries exceeded with url: /session/bd122b0f000cf2d20a330d652d048ad0/source (Caused by NewConnectionError("HTTPConnection(host='localhost', port=50835): Failed to establish a new connection: [WinError 10061] No connection could be made because the target machine actively refused it"))) -
10/5_17:30_maf            34722714718          ENVIADO      recordatorio FALLIDO (exception: HTTPConnectionPool(host='localhost', port=50835): Max retries exceeded with url: /session/bd122b0f000cf2d20a330d652d048ad0/source (Caused by NewConnectionError("HTTPConnection(host='localhost', port=50835): Failed to establish a new connection: [WinError 10061] No connection could be made because the target machine actively refused it"))) -
10/5_17:30_4e             34653197010          ENVIADO      recordatorio FALLIDO (exception: HTTPConnectionPool(host='localhost', port=50835): Max retries exceeded with url: /session/bd122b0f000cf2d20a330d652d048ad0/source (Caused by NewConnectionError("HTTPConnection(host='localhost', port=50835): Failed to establish a new connection: [WinError 10061] No connection could be made because the target machine actively refused it"))) -

[2026-05-13 17:46:19] POSITIVO | Fotos nuevas: 0 | Envios OK: 0 | Envios FAIL: 0 | Reviews negativas: 0 | Fotos borradas: 0

=== SESIÓN 17:48-17:48 (13/05/2026) ===
RESERVA                   TELÉFONO             ESTADO       RESPUESTA                 REVIEW
-----------------------------------------------------------------------------------------------
9/5_14:30_maf             34665976040          ENVIADO      recordatorio FALLIDO (chat_input_not_found) -
9/5_19:00_maf/csi         34%C2%A0628%C2%A061%C2%A027%C2%A078%E2%80%AC ENVIADO      recordatorio FALLIDO (chat_input_not_found) -
9/5_20:30_4e              34747414084          ENVIADO      recordatorio FALLIDO (chat_input_not_found) -
9/5_19:00_4e              34675651585          ENVIADO      recordatorio FALLIDO (chat_input_not_found) -
10/5_17:30_maf            34722714718          ENVIADO      recordatorio FALLIDO (chat_input_not_found) -
10/5_17:30_4e             34653197010          ENVIADO      recordatorio FALLIDO (chat_input_not_found) -

[2026-05-13 17:48:24] POSITIVO | Fotos nuevas: 0 | Envios OK: 0 | Envios FAIL: 0 | Reviews negativas: 0 | Fotos borradas: 0

=== SESIÓN 17:49-17:49 (13/05/2026) ===
RESERVA                   TELÉFONO             ESTADO       RESPUESTA                 REVIEW
-----------------------------------------------------------------------------------------------
9/5_14:30_maf             34665976040          ENVIADO      recordatorio FALLIDO (chat_input_not_found) -
9/5_19:00_maf/csi         34%C2%A0628%C2%A061%C2%A027%C2%A078%E2%80%AC ENVIADO      recordatorio FALLIDO (chat_input_not_found) -
9/5_20:30_4e              34747414084          ENVIADO      recordatorio FALLIDO (chat_input_not_found) -
9/5_19:00_4e              34675651585          ENVIADO      recordatorio FALLIDO (chat_input_not_found) -
10/5_17:30_maf            34722714718          ENVIADO      recordatorio FALLIDO (chat_input_not_found) -
10/5_17:30_4e             34653197010          ENVIADO      recordatorio FALLIDO (chat_input_not_found) -

[2026-05-13 17:49:45] POSITIVO | Fotos nuevas: 0 | Envios OK: 0 | Envios FAIL: 0 | Reviews negativas: 0 | Fotos borradas: 0

=== SESIÓN 17:50-17:51 (13/05/2026) ===
RESERVA                   TELÉFONO             ESTADO       RESPUESTA                 REVIEW
-----------------------------------------------------------------------------------------------
9/5_14:30_maf             34665976040          ENVIADO      recordatorio FALLIDO (chat_input_not_found) -
9/5_19:00_maf/csi         34%C2%A0628%C2%A061%C2%A027%C2%A078%E2%80%AC ENVIADO      recordatorio FALLIDO (chat_input_not_found) -
9/5_20:30_4e              34747414084          ENVIADO      recordatorio FALLIDO (chat_input_not_found) -
9/5_19:00_4e              34675651585          ENVIADO      recordatorio FALLIDO (chat_input_not_found) -
10/5_17:30_maf            34722714718          ENVIADO      recordatorio FALLIDO (chat_input_not_found) -
10/5_17:30_4e             34653197010          ENVIADO      recordatorio FALLIDO (chat_input_not_found) -

[2026-05-13 17:51:06] POSITIVO | Fotos nuevas: 0 | Envios OK: 0 | Envios FAIL: 0 | Reviews negativas: 0 | Fotos borradas: 0

=== SESIÓN 17:52-17:52 (13/05/2026) ===
RESERVA                   TELÉFONO             ESTADO       RESPUESTA                 REVIEW
-----------------------------------------------------------------------------------------------
9/5_14:30_maf             34665976040          ENVIADO      recordatorio FALLIDO (chat_input_not_found) -
9/5_19:00_maf/csi         34%C2%A0628%C2%A061%C2%A027%C2%A078%E2%80%AC ENVIADO      recordatorio FALLIDO (chat_input_not_found) -
9/5_20:30_4e              34747414084          ENVIADO      recordatorio FALLIDO (chat_input_not_found) -
9/5_19:00_4e              34675651585          ENVIADO      recordatorio FALLIDO (chat_input_not_found) -
10/5_17:30_maf            34722714718          ENVIADO      recordatorio FALLIDO (chat_input_not_found) -
10/5_17:30_4e             34653197010          ENVIADO      recordatorio FALLIDO (chat_input_not_found) -

[2026-05-13 17:52:26] POSITIVO | Fotos nuevas: 0 | Envios OK: 0 | Envios FAIL: 0 | Reviews negativas: 0 | Fotos borradas: 0

=== SESIÓN 17:53-17:53 (13/05/2026) ===
RESERVA                   TELÉFONO             ESTADO       RESPUESTA                 REVIEW
-----------------------------------------------------------------------------------------------
9/5_14:30_maf             34665976040          ENVIADO      recordatorio FALLIDO (chat_input_not_found) -
9/5_19:00_maf/csi         34%C2%A0628%C2%A061%C2%A027%C2%A078%E2%80%AC ENVIADO      recordatorio FALLIDO (chat_input_not_found) -
9/5_20:30_4e              34747414084          ENVIADO      recordatorio FALLIDO (chat_input_not_found) -
9/5_19:00_4e              34675651585          ENVIADO      recordatorio FALLIDO (chat_input_not_found) -
10/5_17:30_maf            34722714718          ENVIADO      recordatorio FALLIDO (chat_input_not_found) -
10/5_17:30_4e             34653197010          ENVIADO      recordatorio FALLIDO (chat_input_not_found) -

[2026-05-13 17:53:45] POSITIVO | Fotos nuevas: 0 | Envios OK: 0 | Envios FAIL: 0 | Reviews negativas: 0 | Fotos borradas: 0

=== SESIÓN 17:52-17:55 (13/05/2026) ===
RESERVA                   TELÉFONO             ESTADO       RESPUESTA                 REVIEW
-----------------------------------------------------------------------------------------------
9/5_14:30_maf             34665976040          ENVIADO      recordatorio FALLIDO (exception: HTTPConnectionPool(host='localhost', port=51123): Max retries exceeded with url: /session/1d3ee53921b528db219fc3e3704c448a/source (Caused by NewConnectionError("HTTPConnection(host='localhost', port=51123): Failed to establish a new connection: [WinError 10061] No connection could be made because the target machine actively refused it"))) -
9/5_19:00_maf/csi         34%C2%A0628%C2%A061%C2%A027%C2%A078%E2%80%AC ENVIADO      recordatorio FALLIDO (exception: HTTPConnectionPool(host='localhost', port=51123): Max retries exceeded with url: /session/1d3ee53921b528db219fc3e3704c448a/source (Caused by NewConnectionError("HTTPConnection(host='localhost', port=51123): Failed to establish a new connection: [WinError 10061] No connection could be made because the target machine actively refused it"))) -
9/5_20:30_4e              34747414084          ENVIADO      recordatorio FALLIDO (exception: HTTPConnectionPool(host='localhost', port=51123): Max retries exceeded with url: /session/1d3ee53921b528db219fc3e3704c448a/source (Caused by NewConnectionError("HTTPConnection(host='localhost', port=51123): Failed to establish a new connection: [WinError 10061] No connection could be made because the target machine actively refused it"))) -
9/5_19:00_4e              34675651585          ENVIADO      recordatorio FALLIDO (exception: HTTPConnectionPool(host='localhost', port=51123): Max retries exceeded with url: /session/1d3ee53921b528db219fc3e3704c448a/source (Caused by NewConnectionError("HTTPConnection(host='localhost', port=51123): Failed to establish a new connection: [WinError 10061] No connection could be made because the target machine actively refused it"))) -
10/5_17:30_maf            34722714718          ENVIADO      recordatorio FALLIDO (exception: HTTPConnectionPool(host='localhost', port=51123): Max retries exceeded with url: /session/1d3ee53921b528db219fc3e3704c448a/source (Caused by NewConnectionError("HTTPConnection(host='localhost', port=51123): Failed to establish a new connection: [WinError 10061] No connection could be made because the target machine actively refused it"))) -
10/5_17:30_4e             34653197010          ENVIADO      recordatorio FALLIDO (exception: HTTPConnectionPool(host='localhost', port=51123): Max retries exceeded with url: /session/1d3ee53921b528db219fc3e3704c448a/source (Caused by NewConnectionError("HTTPConnection(host='localhost', port=51123): Failed to establish a new connection: [WinError 10061] No connection could be made because the target machine actively refused it"))) -

[2026-05-13 17:55:02] POSITIVO | Fotos nuevas: 0 | Envios OK: 0 | Envios FAIL: 0 | Reviews negativas: 0 | Fotos borradas: 0

=== SESIÓN 17:54-17:55 (13/05/2026) ===
RESERVA                   TELÉFONO             ESTADO       RESPUESTA                 REVIEW
-----------------------------------------------------------------------------------------------
9/5_14:30_maf             34665976040          ENVIADO      recordatorio FALLIDO (chat_input_not_found) -
9/5_19:00_maf/csi         34%C2%A0628%C2%A061%C2%A027%C2%A078%E2%80%AC ENVIADO      recordatorio FALLIDO (chat_input_not_found) -
9/5_20:30_4e              34747414084          ENVIADO      recordatorio FALLIDO (chat_input_not_found) -
9/5_19:00_4e              34675651585          ENVIADO      recordatorio FALLIDO (chat_input_not_found) -
10/5_17:30_maf            34722714718          ENVIADO      recordatorio FALLIDO (chat_input_not_found) -
10/5_17:30_4e             34653197010          ENVIADO      recordatorio FALLIDO (chat_input_not_found) -

[2026-05-13 17:55:07] POSITIVO | Fotos nuevas: 0 | Envios OK: 0 | Envios FAIL: 0 | Reviews negativas: 0 | Fotos borradas: 0

=== SESIÓN 17:56-17:57 (13/05/2026) ===
RESERVA                   TELÉFONO             ESTADO       RESPUESTA                 REVIEW
-----------------------------------------------------------------------------------------------
9/5_14:30_maf             34665976040          ENVIADO      recordatorio FALLIDO (chat_input_not_found) -
9/5_19:00_maf/csi         34%C2%A0628%C2%A061%C2%A027%C2%A078%E2%80%AC ENVIADO      recordatorio FALLIDO (chat_input_not_found) -
9/5_20:30_4e              34747414084          ENVIADO      recordatorio FALLIDO (chat_input_not_found) -
9/5_19:00_4e              34675651585          ENVIADO      recordatorio FALLIDO (chat_input_not_found) -
10/5_17:30_maf            34722714718          ENVIADO      recordatorio FALLIDO (chat_input_not_found) -
10/5_17:30_4e             34653197010          ENVIADO      recordatorio FALLIDO (chat_input_not_found) -

[2026-05-13 17:57:06] POSITIVO | Fotos nuevas: 0 | Envios OK: 0 | Envios FAIL: 0 | Reviews negativas: 0 | Fotos borradas: 0
[2026-05-13 17:57:27] NEGATIVO | WhatsApp no conectado (QR visible) — ciclo abortado

=== SESIÓN 17:59-17:59 (13/05/2026) ===
RESERVA                   TELÉFONO             ESTADO       RESPUESTA                 REVIEW
-----------------------------------------------------------------------------------------------
9/5_14:30_maf             34665976040          ENVIADO      recordatorio FALLIDO (chat_input_not_found) -
9/5_19:00_maf/csi         34%C2%A0628%C2%A061%C2%A027%C2%A078%E2%80%AC ENVIADO      recordatorio FALLIDO (chat_input_not_found) -
9/5_20:30_4e              34747414084          ENVIADO      recordatorio FALLIDO (chat_input_not_found) -
9/5_19:00_4e              34675651585          ENVIADO      recordatorio FALLIDO (chat_input_not_found) -
10/5_17:30_maf            34722714718          ENVIADO      recordatorio FALLIDO (chat_input_not_found) -
10/5_17:30_4e             34653197010          ENVIADO      recordatorio FALLIDO (chat_input_not_found) -

[2026-05-13 17:59:30] POSITIVO | Fotos nuevas: 0 | Envios OK: 0 | Envios FAIL: 0 | Reviews negativas: 0 | Fotos borradas: 0

=== SESIÓN 18:00-18:00 (13/05/2026) ===
RESERVA                   TELÉFONO             ESTADO       RESPUESTA                 REVIEW
-----------------------------------------------------------------------------------------------
9/5_14:30_maf             34665976040          ENVIADO      recordatorio FALLIDO (chat_input_not_found) -
9/5_19:00_maf/csi         34%C2%A0628%C2%A061%C2%A027%C2%A078%E2%80%AC ENVIADO      recordatorio FALLIDO (chat_input_not_found) -
9/5_20:30_4e              34747414084          ENVIADO      recordatorio FALLIDO (chat_input_not_found) -
9/5_19:00_4e              34675651585          ENVIADO      recordatorio FALLIDO (chat_input_not_found) -
10/5_17:30_maf            34722714718          ENVIADO      recordatorio FALLIDO (chat_input_not_found) -
10/5_17:30_4e             34653197010          ENVIADO      recordatorio FALLIDO (chat_input_not_found) -

[2026-05-13 18:00:49] POSITIVO | Fotos nuevas: 0 | Envios OK: 0 | Envios FAIL: 0 | Reviews negativas: 0 | Fotos borradas: 0

=== SESIÓN 17:59-18:02 (13/05/2026) ===
RESERVA                   TELÉFONO             ESTADO       RESPUESTA                 REVIEW
-----------------------------------------------------------------------------------------------
9/5_14:30_maf             34665976040          ENVIADO      recordatorio FALLIDO (exception: HTTPConnectionPool(host='localhost', port=51937): Max retries exceeded with url: /session/71ed62c86b0f72fa48805df26c413fc2/source (Caused by NewConnectionError("HTTPConnection(host='localhost', port=51937): Failed to establish a new connection: [WinError 10061] No connection could be made because the target machine actively refused it"))) -
9/5_19:00_maf/csi         34%C2%A0628%C2%A061%C2%A027%C2%A078%E2%80%AC ENVIADO      recordatorio FALLIDO (exception: HTTPConnectionPool(host='localhost', port=51937): Max retries exceeded with url: /session/71ed62c86b0f72fa48805df26c413fc2/source (Caused by NewConnectionError("HTTPConnection(host='localhost', port=51937): Failed to establish a new connection: [WinError 10061] No connection could be made because the target machine actively refused it"))) -
9/5_20:30_4e              34747414084          ENVIADO      recordatorio FALLIDO (exception: HTTPConnectionPool(host='localhost', port=51937): Max retries exceeded with url: /session/71ed62c86b0f72fa48805df26c413fc2/source (Caused by NewConnectionError("HTTPConnection(host='localhost', port=51937): Failed to establish a new connection: [WinError 10061] No connection could be made because the target machine actively refused it"))) -
9/5_19:00_4e              34675651585          ENVIADO      recordatorio FALLIDO (exception: HTTPConnectionPool(host='localhost', port=51937): Max retries exceeded with url: /session/71ed62c86b0f72fa48805df26c413fc2/source (Caused by NewConnectionError("HTTPConnection(host='localhost', port=51937): Failed to establish a new connection: [WinError 10061] No connection could be made because the target machine actively refused it"))) -
10/5_17:30_maf            34722714718          ENVIADO      recordatorio FALLIDO (exception: HTTPConnectionPool(host='localhost', port=51937): Max retries exceeded with url: /session/71ed62c86b0f72fa48805df26c413fc2/source (Caused by NewConnectionError("HTTPConnection(host='localhost', port=51937): Failed to establish a new connection: [WinError 10061] No connection could be made because the target machine actively refused it"))) -
10/5_17:30_4e             34653197010          ENVIADO      recordatorio FALLIDO (exception: HTTPConnectionPool(host='localhost', port=51937): Max retries exceeded with url: /session/71ed62c86b0f72fa48805df26c413fc2/source (Caused by NewConnectionError("HTTPConnection(host='localhost', port=51937): Failed to establish a new connection: [WinError 10061] No connection could be made because the target machine actively refused it"))) -

[2026-05-13 18:02:07] POSITIVO | Fotos nuevas: 0 | Envios OK: 0 | Envios FAIL: 0 | Reviews negativas: 0 | Fotos borradas: 0

=== SESIÓN 18:02-18:02 (13/05/2026) ===
RESERVA                   TELÉFONO             ESTADO       RESPUESTA                 REVIEW
-----------------------------------------------------------------------------------------------
9/5_14:30_maf             34665976040          ENVIADO      recordatorio FALLIDO (chat_input_not_found) -
9/5_19:00_maf/csi         34%C2%A0628%C2%A061%C2%A027%C2%A078%E2%80%AC ENVIADO      recordatorio FALLIDO (chat_input_not_found) -
9/5_20:30_4e              34747414084          ENVIADO      recordatorio FALLIDO (chat_input_not_found) -
9/5_19:00_4e              34675651585          ENVIADO      recordatorio FALLIDO (chat_input_not_found) -
10/5_17:30_maf            34722714718          ENVIADO      recordatorio FALLIDO (chat_input_not_found) -
10/5_17:30_4e             34653197010          ENVIADO      recordatorio FALLIDO (chat_input_not_found) -

[2026-05-13 18:02:09] POSITIVO | Fotos nuevas: 0 | Envios OK: 0 | Envios FAIL: 0 | Reviews negativas: 0 | Fotos borradas: 0

=== SESIÓN 18:04-18:04 (13/05/2026) ===
RESERVA                   TELÉFONO             ESTADO       RESPUESTA                 REVIEW
-----------------------------------------------------------------------------------------------
9/5_14:30_maf             34665976040          ENVIADO      recordatorio FALLIDO (chat_input_not_found) -
9/5_19:00_maf/csi         34%C2%A0628%C2%A061%C2%A027%C2%A078%E2%80%AC ENVIADO      recordatorio FALLIDO (chat_input_not_found) -
9/5_20:30_4e              34747414084          ENVIADO      recordatorio FALLIDO (chat_input_not_found) -
9/5_19:00_4e              34675651585          ENVIADO      recordatorio FALLIDO (chat_input_not_found) -
10/5_17:30_maf            34722714718          ENVIADO      recordatorio FALLIDO (chat_input_not_found) -
10/5_17:30_4e             34653197010          ENVIADO      recordatorio FALLIDO (chat_input_not_found) -

[2026-05-13 18:04:16] POSITIVO | Fotos nuevas: 0 | Envios OK: 0 | Envios FAIL: 0 | Reviews negativas: 0 | Fotos borradas: 0
[2026-05-13 18:04:33] NEGATIVO | WhatsApp no conectado (QR visible) — ciclo abortado

=== SESIÓN 18:06-18:06 (13/05/2026) ===
RESERVA                   TELÉFONO             ESTADO       RESPUESTA                 REVIEW
-----------------------------------------------------------------------------------------------
9/5_14:30_maf             34665976040          ENVIADO      recordatorio FALLIDO (chat_input_not_found) -
9/5_19:00_maf/csi         34%C2%A0628%C2%A061%C2%A027%C2%A078%E2%80%AC ENVIADO      recordatorio FALLIDO (chat_input_not_found) -
9/5_20:30_4e              34747414084          ENVIADO      recordatorio FALLIDO (chat_input_not_found) -
9/5_19:00_4e              34675651585          ENVIADO      recordatorio FALLIDO (chat_input_not_found) -
10/5_17:30_maf            34722714718          ENVIADO      recordatorio FALLIDO (chat_input_not_found) -
10/5_17:30_4e             34653197010          ENVIADO      recordatorio FALLIDO (chat_input_not_found) -

[2026-05-13 18:06:35] POSITIVO | Fotos nuevas: 0 | Envios OK: 0 | Envios FAIL: 0 | Reviews negativas: 0 | Fotos borradas: 0

=== SESIÓN 18:07-18:07 (13/05/2026) ===
RESERVA                   TELÉFONO             ESTADO       RESPUESTA                 REVIEW
-----------------------------------------------------------------------------------------------
9/5_14:30_maf             34665976040          ENVIADO      recordatorio FALLIDO (chat_input_not_found) -
9/5_19:00_maf/csi         34%C2%A0628%C2%A061%C2%A027%C2%A078%E2%80%AC ENVIADO      recordatorio FALLIDO (chat_input_not_found) -
9/5_20:30_4e              34747414084          ENVIADO      recordatorio FALLIDO (chat_input_not_found) -
9/5_19:00_4e              34675651585          ENVIADO      recordatorio FALLIDO (chat_input_not_found) -
10/5_17:30_maf            34722714718          ENVIADO      recordatorio FALLIDO (chat_input_not_found) -
10/5_17:30_4e             34653197010          ENVIADO      recordatorio FALLIDO (chat_input_not_found) -

[2026-05-13 18:07:53] POSITIVO | Fotos nuevas: 0 | Envios OK: 0 | Envios FAIL: 0 | Reviews negativas: 0 | Fotos borradas: 0

=== SESIÓN 18:09-18:09 (13/05/2026) ===
RESERVA                   TELÉFONO             ESTADO       RESPUESTA                 REVIEW
-----------------------------------------------------------------------------------------------
9/5_14:30_maf             34665976040          ENVIADO      recordatorio FALLIDO (chat_input_not_found) -
9/5_19:00_maf/csi         34%C2%A0628%C2%A061%C2%A027%C2%A078%E2%80%AC ENVIADO      recordatorio FALLIDO (chat_input_not_found) -
9/5_20:30_4e              34747414084          ENVIADO      recordatorio FALLIDO (chat_input_not_found) -
9/5_19:00_4e              34675651585          ENVIADO      recordatorio FALLIDO (chat_input_not_found) -
10/5_17:30_maf            34722714718          ENVIADO      recordatorio FALLIDO (chat_input_not_found) -
10/5_17:30_4e             34653197010          ENVIADO      recordatorio FALLIDO (chat_input_not_found) -

[2026-05-13 18:09:12] POSITIVO | Fotos nuevas: 0 | Envios OK: 0 | Envios FAIL: 0 | Reviews negativas: 0 | Fotos borradas: 0

=== SESIÓN 18:07-18:09 (13/05/2026) ===
RESERVA                   TELÉFONO             ESTADO       RESPUESTA                 REVIEW
-----------------------------------------------------------------------------------------------
9/5_14:30_maf             34665976040          ENVIADO      recordatorio FALLIDO (exception: HTTPConnectionPool(host='localhost', port=52499): Max retries exceeded with url: /session/9c3b8d974a9df34b5fae36bd6ba65ad7/source (Caused by NewConnectionError("HTTPConnection(host='localhost', port=52499): Failed to establish a new connection: [WinError 10061] No connection could be made because the target machine actively refused it"))) -
9/5_19:00_maf/csi         34%C2%A0628%C2%A061%C2%A027%C2%A078%E2%80%AC ENVIADO      recordatorio FALLIDO (exception: HTTPConnectionPool(host='localhost', port=52499): Max retries exceeded with url: /session/9c3b8d974a9df34b5fae36bd6ba65ad7/source (Caused by NewConnectionError("HTTPConnection(host='localhost', port=52499): Failed to establish a new connection: [WinError 10061] No connection could be made because the target machine actively refused it"))) -
9/5_20:30_4e              34747414084          ENVIADO      recordatorio FALLIDO (exception: HTTPConnectionPool(host='localhost', port=52499): Max retries exceeded with url: /session/9c3b8d974a9df34b5fae36bd6ba65ad7/source (Caused by NewConnectionError("HTTPConnection(host='localhost', port=52499): Failed to establish a new connection: [WinError 10061] No connection could be made because the target machine actively refused it"))) -
9/5_19:00_4e              34675651585          ENVIADO      recordatorio FALLIDO (exception: HTTPConnectionPool(host='localhost', port=52499): Max retries exceeded with url: /session/9c3b8d974a9df34b5fae36bd6ba65ad7/source (Caused by NewConnectionError("HTTPConnection(host='localhost', port=52499): Failed to establish a new connection: [WinError 10061] No connection could be made because the target machine actively refused it"))) -
10/5_17:30_maf            34722714718          ENVIADO      recordatorio FALLIDO (exception: HTTPConnectionPool(host='localhost', port=52499): Max retries exceeded with url: /session/9c3b8d974a9df34b5fae36bd6ba65ad7/source (Caused by NewConnectionError("HTTPConnection(host='localhost', port=52499): Failed to establish a new connection: [WinError 10061] No connection could be made because the target machine actively refused it"))) -
10/5_17:30_4e             34653197010          ENVIADO      recordatorio FALLIDO (exception: HTTPConnectionPool(host='localhost', port=52499): Max retries exceeded with url: /session/9c3b8d974a9df34b5fae36bd6ba65ad7/source (Caused by NewConnectionError("HTTPConnection(host='localhost', port=52499): Failed to establish a new connection: [WinError 10061] No connection could be made because the target machine actively refused it"))) -

[2026-05-13 18:09:58] POSITIVO | Fotos nuevas: 0 | Envios OK: 0 | Envios FAIL: 0 | Reviews negativas: 0 | Fotos borradas: 0

=== SESIÓN 18:11-18:11 (13/05/2026) ===
RESERVA                   TELÉFONO             ESTADO       RESPUESTA                 REVIEW
-----------------------------------------------------------------------------------------------
9/5_14:30_maf             34665976040          ENVIADO      recordatorio FALLIDO (chat_input_not_found) -
9/5_19:00_maf/csi         34%C2%A0628%C2%A061%C2%A027%C2%A078%E2%80%AC ENVIADO      recordatorio FALLIDO (chat_input_not_found) -
9/5_20:30_4e              34747414084          ENVIADO      recordatorio FALLIDO (chat_input_not_found) -
9/5_19:00_4e              34675651585          ENVIADO      recordatorio FALLIDO (chat_input_not_found) -
10/5_17:30_maf            34722714718          ENVIADO      recordatorio FALLIDO (chat_input_not_found) -
10/5_17:30_4e             34653197010          ENVIADO      recordatorio FALLIDO (chat_input_not_found) -

[2026-05-13 18:11:24] POSITIVO | Fotos nuevas: 0 | Envios OK: 0 | Envios FAIL: 0 | Reviews negativas: 0 | Fotos borradas: 0

=== SESIÓN 18:12-18:12 (13/05/2026) ===
RESERVA                   TELÉFONO             ESTADO       RESPUESTA                 REVIEW
-----------------------------------------------------------------------------------------------
9/5_14:30_maf             34665976040          ENVIADO      recordatorio FALLIDO (chat_input_not_found) -
9/5_19:00_maf/csi         34%C2%A0628%C2%A061%C2%A027%C2%A078%E2%80%AC ENVIADO      recordatorio FALLIDO (chat_input_not_found) -
9/5_20:30_4e              34747414084          ENVIADO      recordatorio FALLIDO (chat_input_not_found) -
9/5_19:00_4e              34675651585          ENVIADO      recordatorio FALLIDO (chat_input_not_found) -
10/5_17:30_maf            34722714718          ENVIADO      recordatorio FALLIDO (chat_input_not_found) -
10/5_17:30_4e             34653197010          ENVIADO      recordatorio FALLIDO (chat_input_not_found) -

[2026-05-13 18:12:48] POSITIVO | Fotos nuevas: 0 | Envios OK: 0 | Envios FAIL: 0 | Reviews negativas: 0 | Fotos borradas: 0

=== SESIÓN 18:14-18:14 (13/05/2026) ===
RESERVA                   TELÉFONO             ESTADO       RESPUESTA                 REVIEW
-----------------------------------------------------------------------------------------------
9/5_14:30_maf             34665976040          ENVIADO      recordatorio FALLIDO (chat_input_not_found) -
9/5_19:00_maf/csi         34%C2%A0628%C2%A061%C2%A027%C2%A078%E2%80%AC ENVIADO      recordatorio FALLIDO (chat_input_not_found) -
9/5_20:30_4e              34747414084          ENVIADO      recordatorio FALLIDO (chat_input_not_found) -
9/5_19:00_4e              34675651585          ENVIADO      recordatorio FALLIDO (chat_input_not_found) -
10/5_17:30_maf            34722714718          ENVIADO      recordatorio FALLIDO (chat_input_not_found) -
10/5_17:30_4e             34653197010          ENVIADO      recordatorio FALLIDO (chat_input_not_found) -

[2026-05-13 18:14:08] POSITIVO | Fotos nuevas: 0 | Envios OK: 0 | Envios FAIL: 0 | Reviews negativas: 0 | Fotos borradas: 0

=== SESIÓN 18:15-18:15 (13/05/2026) ===
RESERVA                   TELÉFONO             ESTADO       RESPUESTA                 REVIEW
-----------------------------------------------------------------------------------------------
9/5_14:30_maf             34665976040          ENVIADO      recordatorio FALLIDO (chat_input_not_found) -
9/5_19:00_maf/csi         34%C2%A0628%C2%A061%C2%A027%C2%A078%E2%80%AC ENVIADO      recordatorio FALLIDO (chat_input_not_found) -
9/5_20:30_4e              34747414084          ENVIADO      recordatorio FALLIDO (chat_input_not_found) -
9/5_19:00_4e              34675651585          ENVIADO      recordatorio FALLIDO (chat_input_not_found) -
10/5_17:30_maf            34722714718          ENVIADO      recordatorio FALLIDO (chat_input_not_found) -
10/5_17:30_4e             34653197010          ENVIADO      recordatorio FALLIDO (chat_input_not_found) -

[2026-05-13 18:15:26] POSITIVO | Fotos nuevas: 0 | Envios OK: 0 | Envios FAIL: 0 | Reviews negativas: 0 | Fotos borradas: 0

=== SESIÓN 18:16-18:16 (13/05/2026) ===
RESERVA                   TELÉFONO             ESTADO       RESPUESTA                 REVIEW
-----------------------------------------------------------------------------------------------
9/5_14:30_maf             34665976040          ENVIADO      recordatorio FALLIDO (chat_input_not_found) -
9/5_19:00_maf/csi         34%C2%A0628%C2%A061%C2%A027%C2%A078%E2%80%AC ENVIADO      recordatorio FALLIDO (chat_input_not_found) -
9/5_20:30_4e              34747414084          ENVIADO      recordatorio FALLIDO (chat_input_not_found) -
9/5_19:00_4e              34675651585          ENVIADO      recordatorio FALLIDO (chat_input_not_found) -
10/5_17:30_maf            34722714718          ENVIADO      recordatorio FALLIDO (chat_input_not_found) -
10/5_17:30_4e             34653197010          ENVIADO      recordatorio FALLIDO (chat_input_not_found) -

[2026-05-13 18:16:49] POSITIVO | Fotos nuevas: 0 | Envios OK: 0 | Envios FAIL: 0 | Reviews negativas: 0 | Fotos borradas: 0

=== SESIÓN 18:14-18:17 (13/05/2026) ===
RESERVA                   TELÉFONO             ESTADO       RESPUESTA                 REVIEW
-----------------------------------------------------------------------------------------------
9/5_14:30_maf             34665976040          ENVIADO      recordatorio FALLIDO (exception: HTTPConnectionPool(host='localhost', port=53185): Max retries exceeded with url: /session/3b14ffcec4ff191ef3a2f5c7586e713f/source (Caused by NewConnectionError("HTTPConnection(host='localhost', port=53185): Failed to establish a new connection: [WinError 10061] No connection could be made because the target machine actively refused it"))) -
9/5_19:00_maf/csi         34%C2%A0628%C2%A061%C2%A027%C2%A078%E2%80%AC ENVIADO      recordatorio FALLIDO (exception: HTTPConnectionPool(host='localhost', port=53185): Max retries exceeded with url: /session/3b14ffcec4ff191ef3a2f5c7586e713f/source (Caused by NewConnectionError("HTTPConnection(host='localhost', port=53185): Failed to establish a new connection: [WinError 10061] No connection could be made because the target machine actively refused it"))) -
9/5_20:30_4e              34747414084          ENVIADO      recordatorio FALLIDO (exception: HTTPConnectionPool(host='localhost', port=53185): Max retries exceeded with url: /session/3b14ffcec4ff191ef3a2f5c7586e713f/source (Caused by NewConnectionError("HTTPConnection(host='localhost', port=53185): Failed to establish a new connection: [WinError 10061] No connection could be made because the target machine actively refused it"))) -
9/5_19:00_4e              34675651585          ENVIADO      recordatorio FALLIDO (exception: HTTPConnectionPool(host='localhost', port=53185): Max retries exceeded with url: /session/3b14ffcec4ff191ef3a2f5c7586e713f/source (Caused by NewConnectionError("HTTPConnection(host='localhost', port=53185): Failed to establish a new connection: [WinError 10061] No connection could be made because the target machine actively refused it"))) -
10/5_17:30_maf            34722714718          ENVIADO      recordatorio FALLIDO (exception: HTTPConnectionPool(host='localhost', port=53185): Max retries exceeded with url: /session/3b14ffcec4ff191ef3a2f5c7586e713f/source (Caused by NewConnectionError("HTTPConnection(host='localhost', port=53185): Failed to establish a new connection: [WinError 10061] No connection could be made because the target machine actively refused it"))) -
10/5_17:30_4e             34653197010          ENVIADO      recordatorio FALLIDO (exception: HTTPConnectionPool(host='localhost', port=53185): Max retries exceeded with url: /session/3b14ffcec4ff191ef3a2f5c7586e713f/source (Caused by NewConnectionError("HTTPConnection(host='localhost', port=53185): Failed to establish a new connection: [WinError 10061] No connection could be made because the target machine actively refused it"))) -

[2026-05-13 18:17:10] POSITIVO | Fotos nuevas: 0 | Envios OK: 0 | Envios FAIL: 0 | Reviews negativas: 0 | Fotos borradas: 0

=== SESIÓN 18:19-18:19 (13/05/2026) ===
RESERVA                   TELÉFONO             ESTADO       RESPUESTA                 REVIEW
-----------------------------------------------------------------------------------------------
9/5_14:30_maf             34665976040          ENVIADO      recordatorio FALLIDO (chat_input_not_found) -
9/5_19:00_maf/csi         34%C2%A0628%C2%A061%C2%A027%C2%A078%E2%80%AC ENVIADO      recordatorio FALLIDO (chat_input_not_found) -
9/5_20:30_4e              34747414084          ENVIADO      recordatorio FALLIDO (chat_input_not_found) -
9/5_19:00_4e              34675651585          ENVIADO      recordatorio FALLIDO (chat_input_not_found) -
10/5_17:30_maf            34722714718          ENVIADO      recordatorio FALLIDO (chat_input_not_found) -
10/5_17:30_4e             34653197010          ENVIADO      recordatorio FALLIDO (chat_input_not_found) -

[2026-05-13 18:19:15] POSITIVO | Fotos nuevas: 0 | Envios OK: 0 | Envios FAIL: 0 | Reviews negativas: 0 | Fotos borradas: 0

=== SESIÓN 18:20-18:20 (13/05/2026) ===
RESERVA                   TELÉFONO             ESTADO       RESPUESTA                 REVIEW
-----------------------------------------------------------------------------------------------
9/5_14:30_maf             34665976040          ENVIADO      recordatorio FALLIDO (chat_input_not_found) -
9/5_19:00_maf/csi         34%C2%A0628%C2%A061%C2%A027%C2%A078%E2%80%AC ENVIADO      recordatorio FALLIDO (chat_input_not_found) -
9/5_20:30_4e              34747414084          ENVIADO      recordatorio FALLIDO (chat_input_not_found) -
9/5_19:00_4e              34675651585          ENVIADO      recordatorio FALLIDO (chat_input_not_found) -
10/5_17:30_maf            34722714718          ENVIADO      recordatorio FALLIDO (chat_input_not_found) -
10/5_17:30_4e             34653197010          ENVIADO      recordatorio FALLIDO (chat_input_not_found) -

[2026-05-13 18:20:38] POSITIVO | Fotos nuevas: 0 | Envios OK: 0 | Envios FAIL: 0 | Reviews negativas: 0 | Fotos borradas: 0

=== SESIÓN 18:19-18:21 (13/05/2026) ===
RESERVA                   TELÉFONO             ESTADO       RESPUESTA                 REVIEW
-----------------------------------------------------------------------------------------------
9/5_14:30_maf             34665976040          ENVIADO      recordatorio FALLIDO (exception: HTTPConnectionPool(host='localhost', port=53777): Max retries exceeded with url: /session/36474d71bd78192118e712849ecf16b1/source (Caused by NewConnectionError("HTTPConnection(host='localhost', port=53777): Failed to establish a new connection: [WinError 10061] No connection could be made because the target machine actively refused it"))) -
9/5_19:00_maf/csi         34%C2%A0628%C2%A061%C2%A027%C2%A078%E2%80%AC ENVIADO      recordatorio FALLIDO (exception: HTTPConnectionPool(host='localhost', port=53777): Max retries exceeded with url: /session/36474d71bd78192118e712849ecf16b1/source (Caused by NewConnectionError("HTTPConnection(host='localhost', port=53777): Failed to establish a new connection: [WinError 10061] No connection could be made because the target machine actively refused it"))) -
9/5_20:30_4e              34747414084          ENVIADO      recordatorio FALLIDO (exception: HTTPConnectionPool(host='localhost', port=53777): Max retries exceeded with url: /session/36474d71bd78192118e712849ecf16b1/source (Caused by NewConnectionError("HTTPConnection(host='localhost', port=53777): Failed to establish a new connection: [WinError 10061] No connection could be made because the target machine actively refused it"))) -
9/5_19:00_4e              34675651585          ENVIADO      recordatorio FALLIDO (exception: HTTPConnectionPool(host='localhost', port=53777): Max retries exceeded with url: /session/36474d71bd78192118e712849ecf16b1/source (Caused by NewConnectionError("HTTPConnection(host='localhost', port=53777): Failed to establish a new connection: [WinError 10061] No connection could be made because the target machine actively refused it"))) -
10/5_17:30_maf            34722714718          ENVIADO      recordatorio FALLIDO (exception: HTTPConnectionPool(host='localhost', port=53777): Max retries exceeded with url: /session/36474d71bd78192118e712849ecf16b1/source (Caused by NewConnectionError("HTTPConnection(host='localhost', port=53777): Failed to establish a new connection: [WinError 10061] No connection could be made because the target machine actively refused it"))) -
10/5_17:30_4e             34653197010          ENVIADO      recordatorio FALLIDO (exception: HTTPConnectionPool(host='localhost', port=53777): Max retries exceeded with url: /session/36474d71bd78192118e712849ecf16b1/source (Caused by NewConnectionError("HTTPConnection(host='localhost', port=53777): Failed to establish a new connection: [WinError 10061] No connection could be made because the target machine actively refused it"))) -

[2026-05-13 18:21:50] POSITIVO | Fotos nuevas: 0 | Envios OK: 0 | Envios FAIL: 0 | Reviews negativas: 0 | Fotos borradas: 0

=== SESIÓN 18:21-18:21 (13/05/2026) ===
RESERVA                   TELÉFONO             ESTADO       RESPUESTA                 REVIEW
-----------------------------------------------------------------------------------------------
9/5_14:30_maf             34665976040          ENVIADO      recordatorio FALLIDO (chat_input_not_found) -
9/5_19:00_maf/csi         34%C2%A0628%C2%A061%C2%A027%C2%A078%E2%80%AC ENVIADO      recordatorio FALLIDO (chat_input_not_found) -
9/5_20:30_4e              34747414084          ENVIADO      recordatorio FALLIDO (chat_input_not_found) -
9/5_19:00_4e              34675651585          ENVIADO      recordatorio FALLIDO (chat_input_not_found) -
10/5_17:30_maf            34722714718          ENVIADO      recordatorio FALLIDO (chat_input_not_found) -
10/5_17:30_4e             34653197010          ENVIADO      recordatorio FALLIDO (chat_input_not_found) -

[2026-05-13 18:21:56] POSITIVO | Fotos nuevas: 0 | Envios OK: 0 | Envios FAIL: 0 | Reviews negativas: 0 | Fotos borradas: 0

=== SESIÓN 18:23-18:23 (13/05/2026) ===
RESERVA                   TELÉFONO             ESTADO       RESPUESTA                 REVIEW
-----------------------------------------------------------------------------------------------
9/5_14:30_maf             34665976040          ENVIADO      recordatorio FALLIDO (chat_input_not_found) -
9/5_19:00_maf/csi         34%C2%A0628%C2%A061%C2%A027%C2%A078%E2%80%AC ENVIADO      recordatorio FALLIDO (chat_input_not_found) -
9/5_20:30_4e              34747414084          ENVIADO      recordatorio FALLIDO (chat_input_not_found) -
9/5_19:00_4e              34675651585          ENVIADO      recordatorio FALLIDO (chat_input_not_found) -
10/5_17:30_maf            34722714718          ENVIADO      recordatorio FALLIDO (chat_input_not_found) -
10/5_17:30_4e             34653197010          ENVIADO      recordatorio FALLIDO (chat_input_not_found) -

[2026-05-13 18:23:16] POSITIVO | Fotos nuevas: 0 | Envios OK: 0 | Envios FAIL: 0 | Reviews negativas: 0 | Fotos borradas: 0

=== SESIÓN 18:23-18:23 (13/05/2026) ===
RESERVA                   TELÉFONO             ESTADO       RESPUESTA                 REVIEW
-----------------------------------------------------------------------------------------------
9/5_14:30_maf             34665976040          ENVIADO      recordatorio FALLIDO (chat_input_not_found) -
9/5_19:00_maf/csi         34%C2%A0628%C2%A061%C2%A027%C2%A078%E2%80%AC ENVIADO      recordatorio FALLIDO (chat_input_not_found) -
9/5_20:30_4e              34747414084          ENVIADO      recordatorio FALLIDO (chat_input_not_found) -
9/5_19:00_4e              34675651585          ENVIADO      recordatorio FALLIDO (chat_input_not_found) -
10/5_17:30_maf            34722714718          ENVIADO      recordatorio FALLIDO (chat_input_not_found) -
10/5_17:30_4e             34653197010          ENVIADO      recordatorio FALLIDO (exception: Message: no such window: target window already closed
from unknown error: web view not found
  (Session info: chrome=147.0.7727.101)
Stacktrace:
	chromedriver!GetHandleVerifier [0xb4b373+10553]
	chromedriver!GetHandleVerifier [0xb4b4a4+10684]
	chromedriver!(No symbol) [0x951e10]
	chromedriver!(No symbol) [0x930923]
	chromedriver!(No symbol) [0x9c3bcb]
	chromedriver!(No symbol) [0x9da3a9]
	chromedriver!(No symbol) [0x9bd606]
	chromedriver!(No symbol) [0x990039]
	chromedriver!(No symbol) [0x990df4]
	chromedriver!GetHandleVerifier [0xdcddb4+292f94]
	chromedriver!GetHandleVerifier [0xdc937d+28e55d]
	chromedriver!GetHandleVerifier [0xde8215+2ad3f5]
	chromedriver!GetHandleVerifier [0xb64c18+29df8]
	chromedriver!GetHandleVerifier [0xb6c6fd+318dd]
	chromedriver!GetHandleVerifier [0xb53c78+18e58]
	chromedriver!GetHandleVerifier [0xb53e42+19022]
	chromedriver!GetHandleVerifier [0xb3d45f+263f]
	KERNEL32!BaseThreadInitThunk [0x765562c4+24]
	ntdll!RtlSubscribeWnfStateChangeNotification [0x770a0aa9+439]
	ntdll!RtlSubscribeWnfStateChangeNotification [0x770a0a74+404]
) -

[2026-05-13 18:23:17] POSITIVO | Fotos nuevas: 0 | Envios OK: 0 | Envios FAIL: 0 | Reviews negativas: 0 | Fotos borradas: 0

=== SESIÓN 18:25-18:25 (13/05/2026) ===
RESERVA                   TELÉFONO             ESTADO       RESPUESTA                 REVIEW
-----------------------------------------------------------------------------------------------
9/5_14:30_maf             34665976040          ENVIADO      recordatorio FALLIDO (chat_input_not_found) -
9/5_19:00_maf/csi         34%C2%A0628%C2%A061%C2%A027%C2%A078%E2%80%AC ENVIADO      recordatorio FALLIDO (chat_input_not_found) -
9/5_20:30_4e              34747414084          ENVIADO      recordatorio FALLIDO (chat_input_not_found) -
9/5_19:00_4e              34675651585          ENVIADO      recordatorio FALLIDO (chat_input_not_found) -
10/5_17:30_maf            34722714718          ENVIADO      recordatorio FALLIDO (chat_input_not_found) -
10/5_17:30_4e             34653197010          ENVIADO      recordatorio FALLIDO (chat_input_not_found) -

[2026-05-13 18:25:18] POSITIVO | Fotos nuevas: 0 | Envios OK: 0 | Envios FAIL: 0 | Reviews negativas: 0 | Fotos borradas: 0
[2026-05-13 18:25:38] NEGATIVO | WhatsApp no conectado (QR visible) — ciclo abortado

=== SESIÓN 18:27-18:27 (13/05/2026) ===
RESERVA                   TELÉFONO             ESTADO       RESPUESTA                 REVIEW
-----------------------------------------------------------------------------------------------
9/5_14:30_maf             34665976040          ENVIADO      recordatorio FALLIDO (chat_input_not_found) -
9/5_19:00_maf/csi         34%C2%A0628%C2%A061%C2%A027%C2%A078%E2%80%AC ENVIADO      recordatorio FALLIDO (chat_input_not_found) -
9/5_20:30_4e              34747414084          ENVIADO      recordatorio FALLIDO (chat_input_not_found) -
9/5_19:00_4e              34675651585          ENVIADO      recordatorio FALLIDO (chat_input_not_found) -
10/5_17:30_maf            34722714718          ENVIADO      recordatorio FALLIDO (chat_input_not_found) -
10/5_17:30_4e             34653197010          ENVIADO      recordatorio FALLIDO (chat_input_not_found) -

[2026-05-13 18:27:49] POSITIVO | Fotos nuevas: 0 | Envios OK: 0 | Envios FAIL: 0 | Reviews negativas: 0 | Fotos borradas: 0

=== SESIÓN 18:29-18:29 (13/05/2026) ===
RESERVA                   TELÉFONO             ESTADO       RESPUESTA                 REVIEW
-----------------------------------------------------------------------------------------------
9/5_14:30_maf             34665976040          ENVIADO      recordatorio FALLIDO (chat_input_not_found) -
9/5_19:00_maf/csi         34%C2%A0628%C2%A061%C2%A027%C2%A078%E2%80%AC ENVIADO      recordatorio FALLIDO (chat_input_not_found) -
9/5_20:30_4e              34747414084          ENVIADO      recordatorio FALLIDO (chat_input_not_found) -
9/5_19:00_4e              34675651585          ENVIADO      recordatorio FALLIDO (chat_input_not_found) -
10/5_17:30_maf            34722714718          ENVIADO      recordatorio FALLIDO (chat_input_not_found) -
10/5_17:30_4e             34653197010          ENVIADO      recordatorio FALLIDO (chat_input_not_found) -

[2026-05-13 18:29:10] POSITIVO | Fotos nuevas: 0 | Envios OK: 0 | Envios FAIL: 0 | Reviews negativas: 0 | Fotos borradas: 0

=== SESIÓN 18:30-18:30 (13/05/2026) ===
RESERVA                   TELÉFONO             ESTADO       RESPUESTA                 REVIEW
-----------------------------------------------------------------------------------------------
9/5_14:30_maf             34665976040          ENVIADO      recordatorio FALLIDO (chat_input_not_found) -
9/5_19:00_maf/csi         34%C2%A0628%C2%A061%C2%A027%C2%A078%E2%80%AC ENVIADO      recordatorio FALLIDO (chat_input_not_found) -
9/5_20:30_4e              34747414084          ENVIADO      recordatorio FALLIDO (chat_input_not_found) -
9/5_19:00_4e              34675651585          ENVIADO      recordatorio FALLIDO (chat_input_not_found) -
10/5_17:30_maf            34722714718          ENVIADO      recordatorio FALLIDO (chat_input_not_found) -
10/5_17:30_4e             34653197010          ENVIADO      recordatorio FALLIDO (chat_input_not_found) -

[2026-05-13 18:30:30] POSITIVO | Fotos nuevas: 0 | Envios OK: 0 | Envios FAIL: 0 | Reviews negativas: 0 | Fotos borradas: 0

=== SESIÓN 18:28-18:30 (13/05/2026) ===
RESERVA                   TELÉFONO             ESTADO       RESPUESTA                 REVIEW
-----------------------------------------------------------------------------------------------
9/5_14:30_maf             34665976040          ENVIADO      recordatorio FALLIDO (exception: HTTPConnectionPool(host='localhost', port=54333): Max retries exceeded with url: /session/4e9bbf63eb32bd1f86994c167a0494bf/source (Caused by NewConnectionError("HTTPConnection(host='localhost', port=54333): Failed to establish a new connection: [WinError 10061] No connection could be made because the target machine actively refused it"))) -
9/5_19:00_maf/csi         34%C2%A0628%C2%A061%C2%A027%C2%A078%E2%80%AC ENVIADO      recordatorio FALLIDO (exception: HTTPConnectionPool(host='localhost', port=54333): Max retries exceeded with url: /session/4e9bbf63eb32bd1f86994c167a0494bf/source (Caused by NewConnectionError("HTTPConnection(host='localhost', port=54333): Failed to establish a new connection: [WinError 10061] No connection could be made because the target machine actively refused it"))) -
9/5_20:30_4e              34747414084          ENVIADO      recordatorio FALLIDO (exception: HTTPConnectionPool(host='localhost', port=54333): Max retries exceeded with url: /session/4e9bbf63eb32bd1f86994c167a0494bf/source (Caused by NewConnectionError("HTTPConnection(host='localhost', port=54333): Failed to establish a new connection: [WinError 10061] No connection could be made because the target machine actively refused it"))) -
9/5_19:00_4e              34675651585          ENVIADO      recordatorio FALLIDO (exception: HTTPConnectionPool(host='localhost', port=54333): Max retries exceeded with url: /session/4e9bbf63eb32bd1f86994c167a0494bf/source (Caused by NewConnectionError("HTTPConnection(host='localhost', port=54333): Failed to establish a new connection: [WinError 10061] No connection could be made because the target machine actively refused it"))) -
10/5_17:30_maf            34722714718          ENVIADO      recordatorio FALLIDO (exception: HTTPConnectionPool(host='localhost', port=54333): Max retries exceeded with url: /session/4e9bbf63eb32bd1f86994c167a0494bf/source (Caused by NewConnectionError("HTTPConnection(host='localhost', port=54333): Failed to establish a new connection: [WinError 10061] No connection could be made because the target machine actively refused it"))) -
10/5_17:30_4e             34653197010          ENVIADO      recordatorio FALLIDO (exception: HTTPConnectionPool(host='localhost', port=54333): Max retries exceeded with url: /session/4e9bbf63eb32bd1f86994c167a0494bf/source (Caused by NewConnectionError("HTTPConnection(host='localhost', port=54333): Failed to establish a new connection: [WinError 10061] No connection could be made because the target machine actively refused it"))) -

[2026-05-13 18:30:48] POSITIVO | Fotos nuevas: 0 | Envios OK: 0 | Envios FAIL: 0 | Reviews negativas: 0 | Fotos borradas: 0

=== SESIÓN 18:32-18:32 (13/05/2026) ===
RESERVA                   TELÉFONO             ESTADO       RESPUESTA                 REVIEW
-----------------------------------------------------------------------------------------------
9/5_14:30_maf             34665976040          ENVIADO      recordatorio FALLIDO (chat_input_not_found) -
9/5_19:00_maf/csi         34%C2%A0628%C2%A061%C2%A027%C2%A078%E2%80%AC ENVIADO      recordatorio FALLIDO (chat_input_not_found) -
9/5_20:30_4e              34747414084          ENVIADO      recordatorio FALLIDO (chat_input_not_found) -
9/5_19:00_4e              34675651585          ENVIADO      recordatorio FALLIDO (chat_input_not_found) -
10/5_17:30_maf            34722714718          ENVIADO      recordatorio FALLIDO (chat_input_not_found) -
10/5_17:30_4e             34653197010          ENVIADO      recordatorio FALLIDO (chat_input_not_found) -

[2026-05-13 18:32:54] POSITIVO | Fotos nuevas: 0 | Envios OK: 0 | Envios FAIL: 0 | Reviews negativas: 0 | Fotos borradas: 0

=== SESIÓN 18:34-18:34 (13/05/2026) ===
RESERVA                   TELÉFONO             ESTADO       RESPUESTA                 REVIEW
-----------------------------------------------------------------------------------------------
9/5_14:30_maf             34665976040          ENVIADO      recordatorio FALLIDO (chat_input_not_found) -
9/5_19:00_maf/csi         34%C2%A0628%C2%A061%C2%A027%C2%A078%E2%80%AC ENVIADO      recordatorio FALLIDO (chat_input_not_found) -
9/5_20:30_4e              34747414084          ENVIADO      recordatorio FALLIDO (chat_input_not_found) -
9/5_19:00_4e              34675651585          ENVIADO      recordatorio FALLIDO (chat_input_not_found) -
10/5_17:30_maf            34722714718          ENVIADO      recordatorio FALLIDO (chat_input_not_found) -
10/5_17:30_4e             34653197010          ENVIADO      recordatorio FALLIDO (chat_input_not_found) -

[2026-05-13 18:34:12] POSITIVO | Fotos nuevas: 0 | Envios OK: 0 | Envios FAIL: 0 | Reviews negativas: 0 | Fotos borradas: 0

=== SESIÓN 18:35-18:35 (13/05/2026) ===
RESERVA                   TELÉFONO             ESTADO       RESPUESTA                 REVIEW
-----------------------------------------------------------------------------------------------
9/5_14:30_maf             34665976040          ENVIADO      recordatorio FALLIDO (chat_input_not_found) -
9/5_19:00_maf/csi         34%C2%A0628%C2%A061%C2%A027%C2%A078%E2%80%AC ENVIADO      recordatorio FALLIDO (chat_input_not_found) -
9/5_20:30_4e              34747414084          ENVIADO      recordatorio FALLIDO (chat_input_not_found) -
9/5_19:00_4e              34675651585          ENVIADO      recordatorio FALLIDO (chat_input_not_found) -
10/5_17:30_maf            34722714718          ENVIADO      recordatorio FALLIDO (chat_input_not_found) -
10/5_17:30_4e             34653197010          ENVIADO      recordatorio FALLIDO (chat_input_not_found) -

[2026-05-13 18:35:32] POSITIVO | Fotos nuevas: 0 | Envios OK: 0 | Envios FAIL: 0 | Reviews negativas: 0 | Fotos borradas: 0

=== SESIÓN 18:33-18:36 (13/05/2026) ===
RESERVA                   TELÉFONO             ESTADO       RESPUESTA                 REVIEW
-----------------------------------------------------------------------------------------------
9/5_14:30_maf             34665976040          ENVIADO      recordatorio FALLIDO (exception: HTTPConnectionPool(host='localhost', port=54918): Max retries exceeded with url: /session/39706d4d2259baf4fbae8e04c42afbde/source (Caused by NewConnectionError("HTTPConnection(host='localhost', port=54918): Failed to establish a new connection: [WinError 10061] No connection could be made because the target machine actively refused it"))) -
9/5_19:00_maf/csi         34%C2%A0628%C2%A061%C2%A027%C2%A078%E2%80%AC ENVIADO      recordatorio FALLIDO (exception: HTTPConnectionPool(host='localhost', port=54918): Max retries exceeded with url: /session/39706d4d2259baf4fbae8e04c42afbde/source (Caused by NewConnectionError("HTTPConnection(host='localhost', port=54918): Failed to establish a new connection: [WinError 10061] No connection could be made because the target machine actively refused it"))) -
9/5_20:30_4e              34747414084          ENVIADO      recordatorio FALLIDO (exception: HTTPConnectionPool(host='localhost', port=54918): Max retries exceeded with url: /session/39706d4d2259baf4fbae8e04c42afbde/source (Caused by NewConnectionError("HTTPConnection(host='localhost', port=54918): Failed to establish a new connection: [WinError 10061] No connection could be made because the target machine actively refused it"))) -
9/5_19:00_4e              34675651585          ENVIADO      recordatorio FALLIDO (exception: HTTPConnectionPool(host='localhost', port=54918): Max retries exceeded with url: /session/39706d4d2259baf4fbae8e04c42afbde/source (Caused by NewConnectionError("HTTPConnection(host='localhost', port=54918): Failed to establish a new connection: [WinError 10061] No connection could be made because the target machine actively refused it"))) -
10/5_17:30_maf            34722714718          ENVIADO      recordatorio FALLIDO (exception: HTTPConnectionPool(host='localhost', port=54918): Max retries exceeded with url: /session/39706d4d2259baf4fbae8e04c42afbde/source (Caused by NewConnectionError("HTTPConnection(host='localhost', port=54918): Failed to establish a new connection: [WinError 10061] No connection could be made because the target machine actively refused it"))) -
10/5_17:30_4e             34653197010          ENVIADO      recordatorio FALLIDO (exception: HTTPConnectionPool(host='localhost', port=54918): Max retries exceeded with url: /session/39706d4d2259baf4fbae8e04c42afbde/source (Caused by NewConnectionError("HTTPConnection(host='localhost', port=54918): Failed to establish a new connection: [WinError 10061] No connection could be made because the target machine actively refused it"))) -

[2026-05-13 18:36:22] POSITIVO | Fotos nuevas: 0 | Envios OK: 0 | Envios FAIL: 0 | Reviews negativas: 0 | Fotos borradas: 0

=== SESIÓN 18:37-18:37 (13/05/2026) ===
RESERVA                   TELÉFONO             ESTADO       RESPUESTA                 REVIEW
-----------------------------------------------------------------------------------------------
9/5_14:30_maf             34665976040          ENVIADO      recordatorio FALLIDO (chat_input_not_found) -
9/5_19:00_maf/csi         34%C2%A0628%C2%A061%C2%A027%C2%A078%E2%80%AC ENVIADO      recordatorio FALLIDO (chat_input_not_found) -
9/5_20:30_4e              34747414084          ENVIADO      recordatorio FALLIDO (chat_input_not_found) -
9/5_19:00_4e              34675651585          ENVIADO      recordatorio FALLIDO (chat_input_not_found) -
10/5_17:30_maf            34722714718          ENVIADO      recordatorio FALLIDO (chat_input_not_found) -
10/5_17:30_4e             34653197010          ENVIADO      recordatorio FALLIDO (chat_input_not_found) -

[2026-05-13 18:37:51] POSITIVO | Fotos nuevas: 0 | Envios OK: 0 | Envios FAIL: 0 | Reviews negativas: 0 | Fotos borradas: 0

=== SESIÓN 18:39-18:39 (13/05/2026) ===
RESERVA                   TELÉFONO             ESTADO       RESPUESTA                 REVIEW
-----------------------------------------------------------------------------------------------
9/5_14:30_maf             34665976040          ENVIADO      recordatorio FALLIDO (chat_input_not_found) -
9/5_19:00_maf/csi         34%C2%A0628%C2%A061%C2%A027%C2%A078%E2%80%AC ENVIADO      recordatorio FALLIDO (chat_input_not_found) -
9/5_20:30_4e              34747414084          ENVIADO      recordatorio FALLIDO (chat_input_not_found) -
9/5_19:00_4e              34675651585          ENVIADO      recordatorio FALLIDO (chat_input_not_found) -
10/5_17:30_maf            34722714718          ENVIADO      recordatorio FALLIDO (chat_input_not_found) -
10/5_17:30_4e             34653197010          ENVIADO      recordatorio FALLIDO (chat_input_not_found) -

[2026-05-13 18:39:09] POSITIVO | Fotos nuevas: 0 | Envios OK: 0 | Envios FAIL: 0 | Reviews negativas: 0 | Fotos borradas: 0
[2026-05-13 18:40:59] NEGATIVO | WhatsApp no conectado (QR visible) — ciclo abortado

=== SESIÓN 18:42-18:42 (13/05/2026) ===
RESERVA                   TELÉFONO             ESTADO       RESPUESTA                 REVIEW
-----------------------------------------------------------------------------------------------
9/5_14:30_maf             34665976040          ENVIADO      recordatorio FALLIDO (chat_input_not_found) -
9/5_19:00_maf/csi         34%C2%A0628%C2%A061%C2%A027%C2%A078%E2%80%AC ENVIADO      recordatorio FALLIDO (chat_input_not_found) -
9/5_20:30_4e              34747414084          ENVIADO      recordatorio FALLIDO (chat_input_not_found) -
9/5_19:00_4e              34675651585          ENVIADO      recordatorio FALLIDO (chat_input_not_found) -
10/5_17:30_maf            34722714718          ENVIADO      recordatorio FALLIDO (chat_input_not_found) -
10/5_17:30_4e             34653197010          ENVIADO      recordatorio FALLIDO (chat_input_not_found) -

[2026-05-13 18:42:17] POSITIVO | Fotos nuevas: 0 | Envios OK: 0 | Envios FAIL: 0 | Reviews negativas: 0 | Fotos borradas: 0

=== SESIÓN 18:40-18:43 (13/05/2026) ===
RESERVA                   TELÉFONO             ESTADO       RESPUESTA                 REVIEW
-----------------------------------------------------------------------------------------------
9/5_14:30_maf             34665976040          ENVIADO      recordatorio FALLIDO (exception: HTTPConnectionPool(host='localhost', port=55458): Max retries exceeded with url: /session/2d7a6bc72f00f5eb4f07c2899a66a980/source (Caused by NewConnectionError("HTTPConnection(host='localhost', port=55458): Failed to establish a new connection: [WinError 10061] No connection could be made because the target machine actively refused it"))) -
9/5_19:00_maf/csi         34%C2%A0628%C2%A061%C2%A027%C2%A078%E2%80%AC ENVIADO      recordatorio FALLIDO (exception: HTTPConnectionPool(host='localhost', port=55458): Max retries exceeded with url: /session/2d7a6bc72f00f5eb4f07c2899a66a980/source (Caused by NewConnectionError("HTTPConnection(host='localhost', port=55458): Failed to establish a new connection: [WinError 10061] No connection could be made because the target machine actively refused it"))) -
9/5_20:30_4e              34747414084          ENVIADO      recordatorio FALLIDO (exception: HTTPConnectionPool(host='localhost', port=55458): Max retries exceeded with url: /session/2d7a6bc72f00f5eb4f07c2899a66a980/source (Caused by NewConnectionError("HTTPConnection(host='localhost', port=55458): Failed to establish a new connection: [WinError 10061] No connection could be made because the target machine actively refused it"))) -
9/5_19:00_4e              34675651585          ENVIADO      recordatorio FALLIDO (exception: HTTPConnectionPool(host='localhost', port=55458): Max retries exceeded with url: /session/2d7a6bc72f00f5eb4f07c2899a66a980/source (Caused by NewConnectionError("HTTPConnection(host='localhost', port=55458): Failed to establish a new connection: [WinError 10061] No connection could be made because the target machine actively refused it"))) -
10/5_17:30_maf            34722714718          ENVIADO      recordatorio FALLIDO (exception: HTTPConnectionPool(host='localhost', port=55458): Max retries exceeded with url: /session/2d7a6bc72f00f5eb4f07c2899a66a980/source (Caused by NewConnectionError("HTTPConnection(host='localhost', port=55458): Failed to establish a new connection: [WinError 10061] No connection could be made because the target machine actively refused it"))) -
10/5_17:30_4e             34653197010          ENVIADO      recordatorio FALLIDO (exception: HTTPConnectionPool(host='localhost', port=55458): Max retries exceeded with url: /session/2d7a6bc72f00f5eb4f07c2899a66a980/source (Caused by NewConnectionError("HTTPConnection(host='localhost', port=55458): Failed to establish a new connection: [WinError 10061] No connection could be made because the target machine actively refused it"))) -

[2026-05-13 18:43:16] POSITIVO | Fotos nuevas: 0 | Envios OK: 0 | Envios FAIL: 0 | Reviews negativas: 0 | Fotos borradas: 0

=== SESIÓN 18:44-18:44 (13/05/2026) ===
RESERVA                   TELÉFONO             ESTADO       RESPUESTA                 REVIEW
-----------------------------------------------------------------------------------------------
9/5_14:30_maf             34665976040          ENVIADO      recordatorio FALLIDO (chat_input_not_found) -
9/5_19:00_maf/csi         34%C2%A0628%C2%A061%C2%A027%C2%A078%E2%80%AC ENVIADO      recordatorio FALLIDO (chat_input_not_found) -
9/5_20:30_4e              34747414084          ENVIADO      recordatorio FALLIDO (chat_input_not_found) -
9/5_19:00_4e              34675651585          ENVIADO      recordatorio FALLIDO (chat_input_not_found) -
10/5_17:30_maf            34722714718          ENVIADO      recordatorio FALLIDO (chat_input_not_found) -
10/5_17:30_4e             34653197010          ENVIADO      recordatorio FALLIDO (chat_input_not_found) -

[2026-05-13 18:44:40] POSITIVO | Fotos nuevas: 0 | Envios OK: 0 | Envios FAIL: 0 | Reviews negativas: 0 | Fotos borradas: 0

=== SESIÓN 18:46-18:46 (13/05/2026) ===
RESERVA                   TELÉFONO             ESTADO       RESPUESTA                 REVIEW
-----------------------------------------------------------------------------------------------
9/5_14:30_maf             34665976040          ENVIADO      recordatorio FALLIDO (chat_input_not_found) -
9/5_19:00_maf/csi         34%C2%A0628%C2%A061%C2%A027%C2%A078%E2%80%AC ENVIADO      recordatorio FALLIDO (chat_input_not_found) -
9/5_20:30_4e              34747414084          ENVIADO      recordatorio FALLIDO (chat_input_not_found) -
9/5_19:00_4e              34675651585          ENVIADO      recordatorio FALLIDO (chat_input_not_found) -
10/5_17:30_maf            34722714718          ENVIADO      recordatorio FALLIDO (chat_input_not_found) -
10/5_17:30_4e             34653197010          ENVIADO      recordatorio FALLIDO (chat_input_not_found) -

[2026-05-13 18:46:17] POSITIVO | Fotos nuevas: 0 | Envios OK: 0 | Envios FAIL: 0 | Reviews negativas: 0 | Fotos borradas: 0

=== SESIÓN 18:44-18:47 (13/05/2026) ===
RESERVA                   TELÉFONO             ESTADO       RESPUESTA                 REVIEW
-----------------------------------------------------------------------------------------------
9/5_14:30_maf             34665976040          ENVIADO      recordatorio FALLIDO (exception: HTTPConnectionPool(host='localhost', port=55995): Max retries exceeded with url: /session/32b5d203169ad66b1754b90c1e0eb8cd/source (Caused by NewConnectionError("HTTPConnection(host='localhost', port=55995): Failed to establish a new connection: [WinError 10061] No connection could be made because the target machine actively refused it"))) -
9/5_19:00_maf/csi         34%C2%A0628%C2%A061%C2%A027%C2%A078%E2%80%AC ENVIADO      recordatorio FALLIDO (exception: HTTPConnectionPool(host='localhost', port=55995): Max retries exceeded with url: /session/32b5d203169ad66b1754b90c1e0eb8cd/source (Caused by NewConnectionError("HTTPConnection(host='localhost', port=55995): Failed to establish a new connection: [WinError 10061] No connection could be made because the target machine actively refused it"))) -
9/5_20:30_4e              34747414084          ENVIADO      recordatorio FALLIDO (exception: HTTPConnectionPool(host='localhost', port=55995): Max retries exceeded with url: /session/32b5d203169ad66b1754b90c1e0eb8cd/source (Caused by NewConnectionError("HTTPConnection(host='localhost', port=55995): Failed to establish a new connection: [WinError 10061] No connection could be made because the target machine actively refused it"))) -
9/5_19:00_4e              34675651585          ENVIADO      recordatorio FALLIDO (exception: HTTPConnectionPool(host='localhost', port=55995): Max retries exceeded with url: /session/32b5d203169ad66b1754b90c1e0eb8cd/source (Caused by NewConnectionError("HTTPConnection(host='localhost', port=55995): Failed to establish a new connection: [WinError 10061] No connection could be made because the target machine actively refused it"))) -
10/5_17:30_maf            34722714718          ENVIADO      recordatorio FALLIDO (exception: HTTPConnectionPool(host='localhost', port=55995): Max retries exceeded with url: /session/32b5d203169ad66b1754b90c1e0eb8cd/source (Caused by NewConnectionError("HTTPConnection(host='localhost', port=55995): Failed to establish a new connection: [WinError 10061] No connection could be made because the target machine actively refused it"))) -
10/5_17:30_4e             34653197010          ENVIADO      recordatorio FALLIDO (exception: HTTPConnectionPool(host='localhost', port=55995): Max retries exceeded with url: /session/32b5d203169ad66b1754b90c1e0eb8cd/source (Caused by NewConnectionError("HTTPConnection(host='localhost', port=55995): Failed to establish a new connection: [WinError 10061] No connection could be made because the target machine actively refused it"))) -

[2026-05-13 18:47:17] POSITIVO | Fotos nuevas: 0 | Envios OK: 0 | Envios FAIL: 0 | Reviews negativas: 0 | Fotos borradas: 0

=== SESIÓN 18:48-18:48 (13/05/2026) ===
RESERVA                   TELÉFONO             ESTADO       RESPUESTA                 REVIEW
-----------------------------------------------------------------------------------------------
9/5_14:30_maf             34665976040          ENVIADO      recordatorio FALLIDO (chat_input_not_found) -
9/5_19:00_maf/csi         34%C2%A0628%C2%A061%C2%A027%C2%A078%E2%80%AC ENVIADO      recordatorio FALLIDO (chat_input_not_found) -
9/5_20:30_4e              34747414084          ENVIADO      recordatorio FALLIDO (chat_input_not_found) -
9/5_19:00_4e              34675651585          ENVIADO      recordatorio FALLIDO (chat_input_not_found) -
10/5_17:30_maf            34722714718          ENVIADO      recordatorio FALLIDO (chat_input_not_found) -
10/5_17:30_4e             34653197010          ENVIADO      recordatorio FALLIDO (chat_input_not_found) -

[2026-05-13 18:48:43] POSITIVO | Fotos nuevas: 0 | Envios OK: 0 | Envios FAIL: 0 | Reviews negativas: 0 | Fotos borradas: 0

=== SESIÓN 18:49-18:50 (13/05/2026) ===
RESERVA                   TELÉFONO             ESTADO       RESPUESTA                 REVIEW
-----------------------------------------------------------------------------------------------
9/5_14:30_maf             34665976040          ENVIADO      recordatorio FALLIDO (chat_input_not_found) -
9/5_19:00_maf/csi         34%C2%A0628%C2%A061%C2%A027%C2%A078%E2%80%AC ENVIADO      recordatorio FALLIDO (chat_input_not_found) -
9/5_20:30_4e              34747414084          ENVIADO      recordatorio FALLIDO (chat_input_not_found) -
9/5_19:00_4e              34675651585          ENVIADO      recordatorio FALLIDO (chat_input_not_found) -
10/5_17:30_maf            34722714718          ENVIADO      recordatorio FALLIDO (chat_input_not_found) -
10/5_17:30_4e             34653197010          ENVIADO      recordatorio FALLIDO (chat_input_not_found) -

[2026-05-13 18:50:00] POSITIVO | Fotos nuevas: 0 | Envios OK: 0 | Envios FAIL: 0 | Reviews negativas: 0 | Fotos borradas: 0

=== SESIÓN 18:48-18:51 (13/05/2026) ===
RESERVA                   TELÉFONO             ESTADO       RESPUESTA                 REVIEW
-----------------------------------------------------------------------------------------------
9/5_14:30_maf             34665976040          ENVIADO      recordatorio FALLIDO (exception: HTTPConnectionPool(host='localhost', port=56309): Max retries exceeded with url: /session/c79c8d3461112b8c02a049b829c0063e/source (Caused by NewConnectionError("HTTPConnection(host='localhost', port=56309): Failed to establish a new connection: [WinError 10061] No connection could be made because the target machine actively refused it"))) -
9/5_19:00_maf/csi         34%C2%A0628%C2%A061%C2%A027%C2%A078%E2%80%AC ENVIADO      recordatorio FALLIDO (exception: HTTPConnectionPool(host='localhost', port=56309): Max retries exceeded with url: /session/c79c8d3461112b8c02a049b829c0063e/source (Caused by NewConnectionError("HTTPConnection(host='localhost', port=56309): Failed to establish a new connection: [WinError 10061] No connection could be made because the target machine actively refused it"))) -
9/5_20:30_4e              34747414084          ENVIADO      recordatorio FALLIDO (exception: HTTPConnectionPool(host='localhost', port=56309): Max retries exceeded with url: /session/c79c8d3461112b8c02a049b829c0063e/source (Caused by NewConnectionError("HTTPConnection(host='localhost', port=56309): Failed to establish a new connection: [WinError 10061] No connection could be made because the target machine actively refused it"))) -
9/5_19:00_4e              34675651585          ENVIADO      recordatorio FALLIDO (exception: HTTPConnectionPool(host='localhost', port=56309): Max retries exceeded with url: /session/c79c8d3461112b8c02a049b829c0063e/source (Caused by NewConnectionError("HTTPConnection(host='localhost', port=56309): Failed to establish a new connection: [WinError 10061] No connection could be made because the target machine actively refused it"))) -
10/5_17:30_maf            34722714718          ENVIADO      recordatorio FALLIDO (exception: HTTPConnectionPool(host='localhost', port=56309): Max retries exceeded with url: /session/c79c8d3461112b8c02a049b829c0063e/source (Caused by NewConnectionError("HTTPConnection(host='localhost', port=56309): Failed to establish a new connection: [WinError 10061] No connection could be made because the target machine actively refused it"))) -
10/5_17:30_4e             34653197010          ENVIADO      recordatorio FALLIDO (exception: HTTPConnectionPool(host='localhost', port=56309): Max retries exceeded with url: /session/c79c8d3461112b8c02a049b829c0063e/source (Caused by NewConnectionError("HTTPConnection(host='localhost', port=56309): Failed to establish a new connection: [WinError 10061] No connection could be made because the target machine actively refused it"))) -

[2026-05-13 18:51:16] POSITIVO | Fotos nuevas: 0 | Envios OK: 0 | Envios FAIL: 0 | Reviews negativas: 0 | Fotos borradas: 0

=== SESIÓN 18:51-18:51 (13/05/2026) ===
RESERVA                   TELÉFONO             ESTADO       RESPUESTA                 REVIEW
-----------------------------------------------------------------------------------------------
9/5_14:30_maf             34665976040          ENVIADO      recordatorio FALLIDO (chat_input_not_found) -
9/5_19:00_maf/csi         34%C2%A0628%C2%A061%C2%A027%C2%A078%E2%80%AC ENVIADO      recordatorio FALLIDO (chat_input_not_found) -
9/5_20:30_4e              34747414084          ENVIADO      recordatorio FALLIDO (chat_input_not_found) -
9/5_19:00_4e              34675651585          ENVIADO      recordatorio FALLIDO (chat_input_not_found) -
10/5_17:30_maf            34722714718          ENVIADO      recordatorio FALLIDO (chat_input_not_found) -
10/5_17:30_4e             34653197010          ENVIADO      recordatorio FALLIDO (chat_input_not_found) -

[2026-05-13 18:51:16] POSITIVO | Fotos nuevas: 0 | Envios OK: 0 | Envios FAIL: 0 | Reviews negativas: 0 | Fotos borradas: 0

=== SESIÓN 18:53-18:53 (13/05/2026) ===
RESERVA                   TELÉFONO             ESTADO       RESPUESTA                 REVIEW
-----------------------------------------------------------------------------------------------
9/5_14:30_maf             34665976040          ENVIADO      recordatorio FALLIDO (chat_input_not_found) -
9/5_19:00_maf/csi         34%C2%A0628%C2%A061%C2%A027%C2%A078%E2%80%AC ENVIADO      recordatorio FALLIDO (chat_input_not_found) -
9/5_20:30_4e              34747414084          ENVIADO      recordatorio FALLIDO (chat_input_not_found) -
9/5_19:00_4e              34675651585          ENVIADO      recordatorio FALLIDO (chat_input_not_found) -
10/5_17:30_maf            34722714718          ENVIADO      recordatorio FALLIDO (chat_input_not_found) -
10/5_17:30_4e             34653197010          ENVIADO      recordatorio FALLIDO (chat_input_not_found) -

[2026-05-13 18:53:20] POSITIVO | Fotos nuevas: 0 | Envios OK: 0 | Envios FAIL: 0 | Reviews negativas: 0 | Fotos borradas: 0
[2026-05-13 18:53:22] NEGATIVO | WhatsApp no conectado (QR visible) — ciclo abortado

=== SESIÓN 18:55-18:55 (13/05/2026) ===
RESERVA                   TELÉFONO             ESTADO       RESPUESTA                 REVIEW
-----------------------------------------------------------------------------------------------
9/5_14:30_maf             34665976040          ENVIADO      recordatorio FALLIDO (chat_input_not_found) -
9/5_19:00_maf/csi         34%C2%A0628%C2%A061%C2%A027%C2%A078%E2%80%AC ENVIADO      recordatorio FALLIDO (chat_input_not_found) -
9/5_20:30_4e              34747414084          ENVIADO      recordatorio FALLIDO (chat_input_not_found) -
9/5_19:00_4e              34675651585          ENVIADO      recordatorio FALLIDO (chat_input_not_found) -
10/5_17:30_maf            34722714718          ENVIADO      recordatorio FALLIDO (chat_input_not_found) -
10/5_17:30_4e             34653197010          ENVIADO      recordatorio FALLIDO (chat_input_not_found) -

[2026-05-13 18:55:19] POSITIVO | Fotos nuevas: 0 | Envios OK: 0 | Envios FAIL: 0 | Reviews negativas: 0 | Fotos borradas: 0

=== SESIÓN 18:56-18:56 (13/05/2026) ===
RESERVA                   TELÉFONO             ESTADO       RESPUESTA                 REVIEW
-----------------------------------------------------------------------------------------------
9/5_14:30_maf             34665976040          ENVIADO      recordatorio FALLIDO (chat_input_not_found) -
9/5_19:00_maf/csi         34%C2%A0628%C2%A061%C2%A027%C2%A078%E2%80%AC ENVIADO      recordatorio FALLIDO (chat_input_not_found) -
9/5_20:30_4e              34747414084          ENVIADO      recordatorio FALLIDO (chat_input_not_found) -
9/5_19:00_4e              34675651585          ENVIADO      recordatorio FALLIDO (chat_input_not_found) -
10/5_17:30_maf            34722714718          ENVIADO      recordatorio FALLIDO (chat_input_not_found) -
10/5_17:30_4e             34653197010          ENVIADO      recordatorio FALLIDO (chat_input_not_found) -

[2026-05-13 18:56:36] POSITIVO | Fotos nuevas: 0 | Envios OK: 0 | Envios FAIL: 0 | Reviews negativas: 0 | Fotos borradas: 0

=== SESIÓN 18:57-18:57 (13/05/2026) ===
RESERVA                   TELÉFONO             ESTADO       RESPUESTA                 REVIEW
-----------------------------------------------------------------------------------------------
9/5_14:30_maf             34665976040          ENVIADO      recordatorio FALLIDO (chat_input_not_found) -
9/5_19:00_maf/csi         34%C2%A0628%C2%A061%C2%A027%C2%A078%E2%80%AC ENVIADO      recordatorio FALLIDO (chat_input_not_found) -
9/5_20:30_4e              34747414084          ENVIADO      recordatorio FALLIDO (chat_input_not_found) -
9/5_19:00_4e              34675651585          ENVIADO      recordatorio FALLIDO (chat_input_not_found) -
10/5_17:30_maf            34722714718          ENVIADO      recordatorio FALLIDO (chat_input_not_found) -
10/5_17:30_4e             34653197010          ENVIADO      recordatorio FALLIDO (chat_input_not_found) -

[2026-05-13 18:57:55] POSITIVO | Fotos nuevas: 0 | Envios OK: 0 | Envios FAIL: 0 | Reviews negativas: 0 | Fotos borradas: 0

=== SESIÓN 18:59-18:59 (13/05/2026) ===
RESERVA                   TELÉFONO             ESTADO       RESPUESTA                 REVIEW
-----------------------------------------------------------------------------------------------
9/5_14:30_maf             34665976040          ENVIADO      recordatorio FALLIDO (chat_input_not_found) -
9/5_19:00_maf/csi         34%C2%A0628%C2%A061%C2%A027%C2%A078%E2%80%AC ENVIADO      recordatorio FALLIDO (chat_input_not_found) -
9/5_20:30_4e              34747414084          ENVIADO      recordatorio FALLIDO (chat_input_not_found) -
9/5_19:00_4e              34675651585          ENVIADO      recordatorio FALLIDO (chat_input_not_found) -
10/5_17:30_maf            34722714718          ENVIADO      recordatorio FALLIDO (chat_input_not_found) -
10/5_17:30_4e             34653197010          ENVIADO      recordatorio FALLIDO (chat_input_not_found) -

[2026-05-13 18:59:15] POSITIVO | Fotos nuevas: 0 | Envios OK: 0 | Envios FAIL: 0 | Reviews negativas: 0 | Fotos borradas: 0

=== SESIÓN 19:00-19:00 (13/05/2026) ===
RESERVA                   TELÉFONO             ESTADO       RESPUESTA                 REVIEW
-----------------------------------------------------------------------------------------------
9/5_14:30_maf             34665976040          ENVIADO      recordatorio FALLIDO (chat_input_not_found) -
9/5_19:00_maf/csi         34%C2%A0628%C2%A061%C2%A027%C2%A078%E2%80%AC ENVIADO      recordatorio FALLIDO (chat_input_not_found) -
9/5_20:30_4e              34747414084          ENVIADO      recordatorio FALLIDO (chat_input_not_found) -
9/5_19:00_4e              34675651585          ENVIADO      recordatorio FALLIDO (chat_input_not_found) -
10/5_17:30_maf            34722714718          ENVIADO      recordatorio FALLIDO (chat_input_not_found) -
10/5_17:30_4e             34653197010          ENVIADO      recordatorio FALLIDO (chat_input_not_found) -

[2026-05-13 19:00:32] POSITIVO | Fotos nuevas: 0 | Envios OK: 0 | Envios FAIL: 0 | Reviews negativas: 0 | Fotos borradas: 0

=== SESIÓN 19:01-19:01 (13/05/2026) ===
RESERVA                   TELÉFONO             ESTADO       RESPUESTA                 REVIEW
-----------------------------------------------------------------------------------------------
9/5_14:30_maf             34665976040          ENVIADO      recordatorio FALLIDO (chat_input_not_found) -
9/5_19:00_maf/csi         34%C2%A0628%C2%A061%C2%A027%C2%A078%E2%80%AC ENVIADO      recordatorio FALLIDO (chat_input_not_found) -
9/5_20:30_4e              34747414084          ENVIADO      recordatorio FALLIDO (chat_input_not_found) -
9/5_19:00_4e              34675651585          ENVIADO      recordatorio FALLIDO (chat_input_not_found) -
10/5_17:30_maf            34722714718          ENVIADO      recordatorio FALLIDO (chat_input_not_found) -
10/5_17:30_4e             34653197010          ENVIADO      recordatorio FALLIDO (chat_input_not_found) -

[2026-05-13 19:01:48] POSITIVO | Fotos nuevas: 0 | Envios OK: 0 | Envios FAIL: 0 | Reviews negativas: 0 | Fotos borradas: 0

=== SESIÓN 19:02-19:03 (13/05/2026) ===
RESERVA                   TELÉFONO             ESTADO       RESPUESTA                 REVIEW
-----------------------------------------------------------------------------------------------
9/5_14:30_maf             34665976040          ENVIADO      recordatorio FALLIDO (chat_input_not_found) -
9/5_19:00_maf/csi         34%C2%A0628%C2%A061%C2%A027%C2%A078%E2%80%AC ENVIADO      recordatorio FALLIDO (chat_input_not_found) -
9/5_20:30_4e              34747414084          ENVIADO      recordatorio FALLIDO (chat_input_not_found) -
9/5_19:00_4e              34675651585          ENVIADO      recordatorio FALLIDO (chat_input_not_found) -
10/5_17:30_maf            34722714718          ENVIADO      recordatorio FALLIDO (chat_input_not_found) -
10/5_17:30_4e             34653197010          ENVIADO      recordatorio FALLIDO (chat_input_not_found) -

[2026-05-13 19:03:05] POSITIVO | Fotos nuevas: 0 | Envios OK: 0 | Envios FAIL: 0 | Reviews negativas: 0 | Fotos borradas: 0

=== SESIÓN 19:01-19:04 (13/05/2026) ===
RESERVA                   TELÉFONO             ESTADO       RESPUESTA                 REVIEW
-----------------------------------------------------------------------------------------------
9/5_14:30_maf             34665976040          ENVIADO      recordatorio FALLIDO (exception: HTTPConnectionPool(host='localhost', port=57028): Max retries exceeded with url: /session/6da58d501ab95a4dabf8bd10c97c5125/source (Caused by NewConnectionError("HTTPConnection(host='localhost', port=57028): Failed to establish a new connection: [WinError 10061] No connection could be made because the target machine actively refused it"))) -
9/5_19:00_maf/csi         34%C2%A0628%C2%A061%C2%A027%C2%A078%E2%80%AC ENVIADO      recordatorio FALLIDO (exception: HTTPConnectionPool(host='localhost', port=57028): Max retries exceeded with url: /session/6da58d501ab95a4dabf8bd10c97c5125/source (Caused by NewConnectionError("HTTPConnection(host='localhost', port=57028): Failed to establish a new connection: [WinError 10061] No connection could be made because the target machine actively refused it"))) -
9/5_20:30_4e              34747414084          ENVIADO      recordatorio FALLIDO (exception: HTTPConnectionPool(host='localhost', port=57028): Max retries exceeded with url: /session/6da58d501ab95a4dabf8bd10c97c5125/source (Caused by NewConnectionError("HTTPConnection(host='localhost', port=57028): Failed to establish a new connection: [WinError 10061] No connection could be made because the target machine actively refused it"))) -
9/5_19:00_4e              34675651585          ENVIADO      recordatorio FALLIDO (exception: HTTPConnectionPool(host='localhost', port=57028): Max retries exceeded with url: /session/6da58d501ab95a4dabf8bd10c97c5125/source (Caused by NewConnectionError("HTTPConnection(host='localhost', port=57028): Failed to establish a new connection: [WinError 10061] No connection could be made because the target machine actively refused it"))) -
10/5_17:30_maf            34722714718          ENVIADO      recordatorio FALLIDO (exception: HTTPConnectionPool(host='localhost', port=57028): Max retries exceeded with url: /session/6da58d501ab95a4dabf8bd10c97c5125/source (Caused by NewConnectionError("HTTPConnection(host='localhost', port=57028): Failed to establish a new connection: [WinError 10061] No connection could be made because the target machine actively refused it"))) -
10/5_17:30_4e             34653197010          ENVIADO      recordatorio FALLIDO (exception: HTTPConnectionPool(host='localhost', port=57028): Max retries exceeded with url: /session/6da58d501ab95a4dabf8bd10c97c5125/source (Caused by NewConnectionError("HTTPConnection(host='localhost', port=57028): Failed to establish a new connection: [WinError 10061] No connection could be made because the target machine actively refused it"))) -

[2026-05-13 19:04:18] POSITIVO | Fotos nuevas: 0 | Envios OK: 0 | Envios FAIL: 0 | Reviews negativas: 0 | Fotos borradas: 0

=== SESIÓN 19:04-19:04 (13/05/2026) ===
RESERVA                   TELÉFONO             ESTADO       RESPUESTA                 REVIEW
-----------------------------------------------------------------------------------------------
9/5_14:30_maf             34665976040          ENVIADO      recordatorio FALLIDO (chat_input_not_found) -
9/5_19:00_maf/csi         34%C2%A0628%C2%A061%C2%A027%C2%A078%E2%80%AC ENVIADO      recordatorio FALLIDO (chat_input_not_found) -
9/5_20:30_4e              34747414084          ENVIADO      recordatorio FALLIDO (chat_input_not_found) -
9/5_19:00_4e              34675651585          ENVIADO      recordatorio FALLIDO (chat_input_not_found) -
10/5_17:30_maf            34722714718          ENVIADO      recordatorio FALLIDO (chat_input_not_found) -
10/5_17:30_4e             34653197010          ENVIADO      recordatorio FALLIDO (chat_input_not_found) -

[2026-05-13 19:04:26] POSITIVO | Fotos nuevas: 0 | Envios OK: 0 | Envios FAIL: 0 | Reviews negativas: 0 | Fotos borradas: 0

=== SESIÓN 19:06-19:06 (13/05/2026) ===
RESERVA                   TELÉFONO             ESTADO       RESPUESTA                 REVIEW
-----------------------------------------------------------------------------------------------
9/5_14:30_maf             34665976040          ENVIADO      recordatorio FALLIDO (chat_input_not_found) -
9/5_19:00_maf/csi         34%C2%A0628%C2%A061%C2%A027%C2%A078%E2%80%AC ENVIADO      recordatorio FALLIDO (chat_input_not_found) -
9/5_20:30_4e              34747414084          ENVIADO      recordatorio FALLIDO (chat_input_not_found) -
9/5_19:00_4e              34675651585          ENVIADO      recordatorio FALLIDO (chat_input_not_found) -
10/5_17:30_maf            34722714718          ENVIADO      recordatorio FALLIDO (chat_input_not_found) -
10/5_17:30_4e             34653197010          ENVIADO      recordatorio FALLIDO (chat_input_not_found) -

[2026-05-13 19:06:22] POSITIVO | Fotos nuevas: 0 | Envios OK: 0 | Envios FAIL: 0 | Reviews negativas: 0 | Fotos borradas: 0
[2026-05-13 19:06:45] NEGATIVO | WhatsApp no conectado (QR visible) — ciclo abortado

=== SESIÓN 19:07-19:08 (13/05/2026) ===
RESERVA                   TELÉFONO             ESTADO       RESPUESTA                 REVIEW
-----------------------------------------------------------------------------------------------
9/5_14:30_maf             34665976040          ENVIADO      recordatorio FALLIDO (exception: Message: invalid session id; For documentation on this error, please visit: https://www.selenium.dev/documentation/webdriver/troubleshooting/errors#invalidsessionidexception
Stacktrace:
	chromedriver!GetHandleVerifier [0xb4b373+10553]
	chromedriver!GetHandleVerifier [0xb4b4a4+10684]
	chromedriver!(No symbol) [0x951c4e]
	chromedriver!(No symbol) [0x98f2c5]
	chromedriver!(No symbol) [0x9bd726]
	chromedriver!(No symbol) [0x9b8c62]
	chromedriver!(No symbol) [0x9b8281]
	chromedriver!(No symbol) [0x92501e]
	chromedriver!(No symbol) [0x9255be]
	chromedriver!(No symbol) [0x925a9d]
	chromedriver!GetHandleVerifier [0xdcddb4+292f94]
	chromedriver!GetHandleVerifier [0xdc937d+28e55d]
	chromedriver!GetHandleVerifier [0xde8215+2ad3f5]
	chromedriver!GetHandleVerifier [0xb64c18+29df8]
	chromedriver!GetHandleVerifier [0xb6c6fd+318dd]
	chromedriver!(No symbol) [0x924b99]
	chromedriver!(No symbol) [0x9241e0]
	chromedriver!GetHandleVerifier [0xf32bef+3f7dcf]
	KERNEL32!BaseThreadInitThunk [0x765562c4+24]
	ntdll!RtlSubscribeWnfStateChangeNotification [0x770a0aa9+439]
	ntdll!RtlSubscribeWnfStateChangeNotification [0x770a0a74+404]
) -
9/5_19:00_maf/csi         34%C2%A0628%C2%A061%C2%A027%C2%A078%E2%80%AC ENVIADO      recordatorio FALLIDO (exception: Message: invalid session id; For documentation on this error, please visit: https://www.selenium.dev/documentation/webdriver/troubleshooting/errors#invalidsessionidexception
Stacktrace:
	chromedriver!GetHandleVerifier [0xb4b373+10553]
	chromedriver!GetHandleVerifier [0xb4b4a4+10684]
	chromedriver!(No symbol) [0x951c4e]
	chromedriver!(No symbol) [0x98f2c5]
	chromedriver!(No symbol) [0x9bd726]
	chromedriver!(No symbol) [0x9b8c62]
	chromedriver!(No symbol) [0x9b8281]
	chromedriver!(No symbol) [0x92501e]
	chromedriver!(No symbol) [0x9255be]
	chromedriver!(No symbol) [0x925a9d]
	chromedriver!GetHandleVerifier [0xdcddb4+292f94]
	chromedriver!GetHandleVerifier [0xdc937d+28e55d]
	chromedriver!GetHandleVerifier [0xde8215+2ad3f5]
	chromedriver!GetHandleVerifier [0xb64c18+29df8]
	chromedriver!GetHandleVerifier [0xb6c6fd+318dd]
	chromedriver!(No symbol) [0x924b99]
	chromedriver!(No symbol) [0x9241e0]
	chromedriver!GetHandleVerifier [0xf32bef+3f7dcf]
	KERNEL32!BaseThreadInitThunk [0x765562c4+24]
	ntdll!RtlSubscribeWnfStateChangeNotification [0x770a0aa9+439]
	ntdll!RtlSubscribeWnfStateChangeNotification [0x770a0a74+404]
) -
9/5_20:30_4e              34747414084          ENVIADO      recordatorio FALLIDO (exception: Message: invalid session id; For documentation on this error, please visit: https://www.selenium.dev/documentation/webdriver/troubleshooting/errors#invalidsessionidexception
Stacktrace:
	chromedriver!GetHandleVerifier [0xb4b373+10553]
	chromedriver!GetHandleVerifier [0xb4b4a4+10684]
	chromedriver!(No symbol) [0x951c4e]
	chromedriver!(No symbol) [0x98f2c5]
	chromedriver!(No symbol) [0x9bd726]
	chromedriver!(No symbol) [0x9b8c62]
	chromedriver!(No symbol) [0x9b8281]
	chromedriver!(No symbol) [0x92501e]
	chromedriver!(No symbol) [0x9255be]
	chromedriver!(No symbol) [0x925a9d]
	chromedriver!GetHandleVerifier [0xdcddb4+292f94]
	chromedriver!GetHandleVerifier [0xdc937d+28e55d]
	chromedriver!GetHandleVerifier [0xde8215+2ad3f5]
	chromedriver!GetHandleVerifier [0xb64c18+29df8]
	chromedriver!GetHandleVerifier [0xb6c6fd+318dd]
	chromedriver!(No symbol) [0x924b99]
	chromedriver!(No symbol) [0x9241e0]
	chromedriver!GetHandleVerifier [0xf32bef+3f7dcf]
	KERNEL32!BaseThreadInitThunk [0x765562c4+24]
	ntdll!RtlSubscribeWnfStateChangeNotification [0x770a0aa9+439]
	ntdll!RtlSubscribeWnfStateChangeNotification [0x770a0a74+404]
) -
9/5_19:00_4e              34675651585          ENVIADO      recordatorio FALLIDO (exception: Message: invalid session id; For documentation on this error, please visit: https://www.selenium.dev/documentation/webdriver/troubleshooting/errors#invalidsessionidexception
Stacktrace:
	chromedriver!GetHandleVerifier [0xb4b373+10553]
	chromedriver!GetHandleVerifier [0xb4b4a4+10684]
	chromedriver!(No symbol) [0x951c4e]
	chromedriver!(No symbol) [0x98f2c5]
	chromedriver!(No symbol) [0x9bd726]
	chromedriver!(No symbol) [0x9b8c62]
	chromedriver!(No symbol) [0x9b8281]
	chromedriver!(No symbol) [0x92501e]
	chromedriver!(No symbol) [0x9255be]
	chromedriver!(No symbol) [0x925a9d]
	chromedriver!GetHandleVerifier [0xdcddb4+292f94]
	chromedriver!GetHandleVerifier [0xdc937d+28e55d]
	chromedriver!GetHandleVerifier [0xde8215+2ad3f5]
	chromedriver!GetHandleVerifier [0xb64c18+29df8]
	chromedriver!GetHandleVerifier [0xb6c6fd+318dd]
	chromedriver!(No symbol) [0x924b99]
	chromedriver!(No symbol) [0x9241e0]
	chromedriver!GetHandleVerifier [0xf32bef+3f7dcf]
	KERNEL32!BaseThreadInitThunk [0x765562c4+24]
	ntdll!RtlSubscribeWnfStateChangeNotification [0x770a0aa9+439]
	ntdll!RtlSubscribeWnfStateChangeNotification [0x770a0a74+404]
) -
10/5_17:30_maf            34722714718          ENVIADO      recordatorio FALLIDO (exception: HTTPConnectionPool(host='localhost', port=58170): Max retries exceeded with url: /session/819907ae946a5b47a68b8074129ff06a/source (Caused by NewConnectionError("HTTPConnection(host='localhost', port=58170): Failed to establish a new connection: [WinError 10061] No connection could be made because the target machine actively refused it"))) -
10/5_17:30_4e             34653197010          ENVIADO      recordatorio FALLIDO (exception: HTTPConnectionPool(host='localhost', port=58170): Max retries exceeded with url: /session/819907ae946a5b47a68b8074129ff06a/source (Caused by NewConnectionError("HTTPConnection(host='localhost', port=58170): Failed to establish a new connection: [WinError 10061] No connection could be made because the target machine actively refused it"))) -

[2026-05-13 19:08:21] POSITIVO | Fotos nuevas: 0 | Envios OK: 0 | Envios FAIL: 0 | Reviews negativas: 0 | Fotos borradas: 0

=== SESIÓN 19:09-19:09 (13/05/2026) ===
RESERVA                   TELÉFONO             ESTADO       RESPUESTA                 REVIEW
-----------------------------------------------------------------------------------------------
9/5_14:30_maf             34665976040          ENVIADO      recordatorio FALLIDO (chat_input_not_found) -
9/5_19:00_maf/csi         34%C2%A0628%C2%A061%C2%A027%C2%A078%E2%80%AC ENVIADO      recordatorio FALLIDO (chat_input_not_found) -
9/5_20:30_4e              34747414084          ENVIADO      recordatorio FALLIDO (chat_input_not_found) -
9/5_19:00_4e              34675651585          ENVIADO      recordatorio FALLIDO (chat_input_not_found) -
10/5_17:30_maf            34722714718          ENVIADO      recordatorio FALLIDO (chat_input_not_found) -
10/5_17:30_4e             34653197010          ENVIADO      recordatorio FALLIDO (chat_input_not_found) -

[2026-05-13 19:09:46] POSITIVO | Fotos nuevas: 0 | Envios OK: 0 | Envios FAIL: 0 | Reviews negativas: 0 | Fotos borradas: 0

=== SESIÓN 19:10-19:11 (13/05/2026) ===
RESERVA                   TELÉFONO             ESTADO       RESPUESTA                 REVIEW
-----------------------------------------------------------------------------------------------
9/5_14:30_maf             34665976040          ENVIADO      recordatorio FALLIDO (chat_input_not_found) -
9/5_19:00_maf/csi         34%C2%A0628%C2%A061%C2%A027%C2%A078%E2%80%AC ENVIADO      recordatorio FALLIDO (chat_input_not_found) -
9/5_20:30_4e              34747414084          ENVIADO      recordatorio FALLIDO (chat_input_not_found) -
9/5_19:00_4e              34675651585          ENVIADO      recordatorio FALLIDO (chat_input_not_found) -
10/5_17:30_maf            34722714718          ENVIADO      recordatorio FALLIDO (chat_input_not_found) -
10/5_17:30_4e             34653197010          ENVIADO      recordatorio FALLIDO (chat_input_not_found) -

[2026-05-13 19:11:07] POSITIVO | Fotos nuevas: 0 | Envios OK: 0 | Envios FAIL: 0 | Reviews negativas: 0 | Fotos borradas: 0

=== SESIÓN 19:12-19:12 (13/05/2026) ===
RESERVA                   TELÉFONO             ESTADO       RESPUESTA                 REVIEW
-----------------------------------------------------------------------------------------------
9/5_14:30_maf             34665976040          ENVIADO      recordatorio FALLIDO (chat_input_not_found) -
9/5_19:00_maf/csi         34%C2%A0628%C2%A061%C2%A027%C2%A078%E2%80%AC ENVIADO      recordatorio FALLIDO (chat_input_not_found) -
9/5_20:30_4e              34747414084          ENVIADO      recordatorio FALLIDO (chat_input_not_found) -
9/5_19:00_4e              34675651585          ENVIADO      recordatorio FALLIDO (chat_input_not_found) -
10/5_17:30_maf            34722714718          ENVIADO      recordatorio FALLIDO (chat_input_not_found) -
10/5_17:30_4e             34653197010          ENVIADO      recordatorio FALLIDO (chat_input_not_found) -

[2026-05-13 19:12:23] POSITIVO | Fotos nuevas: 0 | Envios OK: 0 | Envios FAIL: 0 | Reviews negativas: 0 | Fotos borradas: 0

=== SESIÓN 19:13-19:13 (13/05/2026) ===
RESERVA                   TELÉFONO             ESTADO       RESPUESTA                 REVIEW
-----------------------------------------------------------------------------------------------
9/5_14:30_maf             34665976040          ENVIADO      recordatorio FALLIDO (chat_input_not_found) -
9/5_19:00_maf/csi         34%C2%A0628%C2%A061%C2%A027%C2%A078%E2%80%AC ENVIADO      recordatorio FALLIDO (chat_input_not_found) -
9/5_20:30_4e              34747414084          ENVIADO      recordatorio FALLIDO (chat_input_not_found) -
9/5_19:00_4e              34675651585          ENVIADO      recordatorio FALLIDO (chat_input_not_found) -
10/5_17:30_maf            34722714718          ENVIADO      recordatorio FALLIDO (chat_input_not_found) -
10/5_17:30_4e             34653197010          ENVIADO      recordatorio FALLIDO (chat_input_not_found) -

[2026-05-13 19:13:42] POSITIVO | Fotos nuevas: 0 | Envios OK: 0 | Envios FAIL: 0 | Reviews negativas: 0 | Fotos borradas: 0

=== SESIÓN 19:14-19:15 (13/05/2026) ===
RESERVA                   TELÉFONO             ESTADO       RESPUESTA                 REVIEW
-----------------------------------------------------------------------------------------------
9/5_14:30_maf             34665976040          ENVIADO      recordatorio FALLIDO (chat_input_not_found) -
9/5_19:00_maf/csi         34%C2%A0628%C2%A061%C2%A027%C2%A078%E2%80%AC ENVIADO      recordatorio FALLIDO (chat_input_not_found) -
9/5_20:30_4e              34747414084          ENVIADO      recordatorio FALLIDO (chat_input_not_found) -
9/5_19:00_4e              34675651585          ENVIADO      recordatorio FALLIDO (chat_input_not_found) -
10/5_17:30_maf            34722714718          ENVIADO      recordatorio FALLIDO (chat_input_not_found) -
10/5_17:30_4e             34653197010          ENVIADO      recordatorio FALLIDO (chat_input_not_found) -

[2026-05-13 19:15:02] POSITIVO | Fotos nuevas: 0 | Envios OK: 0 | Envios FAIL: 0 | Reviews negativas: 0 | Fotos borradas: 0

=== SESIÓN 19:12-19:15 (13/05/2026) ===
RESERVA                   TELÉFONO             ESTADO       RESPUESTA                 REVIEW
-----------------------------------------------------------------------------------------------
9/5_14:30_maf             34665976040          ENVIADO      recordatorio FALLIDO (exception: HTTPConnectionPool(host='localhost', port=58241): Max retries exceeded with url: /session/b8e0f5e39e72cf7a335a436cc1b99db9/source (Caused by NewConnectionError("HTTPConnection(host='localhost', port=58241): Failed to establish a new connection: [WinError 10061] No connection could be made because the target machine actively refused it"))) -
9/5_19:00_maf/csi         34%C2%A0628%C2%A061%C2%A027%C2%A078%E2%80%AC ENVIADO      recordatorio FALLIDO (exception: HTTPConnectionPool(host='localhost', port=58241): Max retries exceeded with url: /session/b8e0f5e39e72cf7a335a436cc1b99db9/source (Caused by NewConnectionError("HTTPConnection(host='localhost', port=58241): Failed to establish a new connection: [WinError 10061] No connection could be made because the target machine actively refused it"))) -
9/5_20:30_4e              34747414084          ENVIADO      recordatorio FALLIDO (exception: HTTPConnectionPool(host='localhost', port=58241): Max retries exceeded with url: /session/b8e0f5e39e72cf7a335a436cc1b99db9/source (Caused by NewConnectionError("HTTPConnection(host='localhost', port=58241): Failed to establish a new connection: [WinError 10061] No connection could be made because the target machine actively refused it"))) -
9/5_19:00_4e              34675651585          ENVIADO      recordatorio FALLIDO (exception: HTTPConnectionPool(host='localhost', port=58241): Max retries exceeded with url: /session/b8e0f5e39e72cf7a335a436cc1b99db9/source (Caused by NewConnectionError("HTTPConnection(host='localhost', port=58241): Failed to establish a new connection: [WinError 10061] No connection could be made because the target machine actively refused it"))) -
10/5_17:30_maf            34722714718          ENVIADO      recordatorio FALLIDO (exception: HTTPConnectionPool(host='localhost', port=58241): Max retries exceeded with url: /session/b8e0f5e39e72cf7a335a436cc1b99db9/source (Caused by NewConnectionError("HTTPConnection(host='localhost', port=58241): Failed to establish a new connection: [WinError 10061] No connection could be made because the target machine actively refused it"))) -
10/5_17:30_4e             34653197010          ENVIADO      recordatorio FALLIDO (exception: HTTPConnectionPool(host='localhost', port=58241): Max retries exceeded with url: /session/b8e0f5e39e72cf7a335a436cc1b99db9/source (Caused by NewConnectionError("HTTPConnection(host='localhost', port=58241): Failed to establish a new connection: [WinError 10061] No connection could be made because the target machine actively refused it"))) -

[2026-05-13 19:15:14] POSITIVO | Fotos nuevas: 0 | Envios OK: 0 | Envios FAIL: 0 | Reviews negativas: 0 | Fotos borradas: 0

=== SESIÓN 19:17-19:17 (13/05/2026) ===
RESERVA                   TELÉFONO             ESTADO       RESPUESTA                 REVIEW
-----------------------------------------------------------------------------------------------
9/5_14:30_maf             34665976040          ENVIADO      recordatorio FALLIDO (chat_input_not_found) -
9/5_19:00_maf/csi         34%C2%A0628%C2%A061%C2%A027%C2%A078%E2%80%AC ENVIADO      recordatorio FALLIDO (chat_input_not_found) -
9/5_20:30_4e              34747414084          ENVIADO      recordatorio FALLIDO (chat_input_not_found) -
9/5_19:00_4e              34675651585          ENVIADO      recordatorio FALLIDO (chat_input_not_found) -
10/5_17:30_maf            34722714718          ENVIADO      recordatorio FALLIDO (chat_input_not_found) -
10/5_17:30_4e             34653197010          ENVIADO      recordatorio FALLIDO (chat_input_not_found) -

[2026-05-13 19:17:20] POSITIVO | Fotos nuevas: 0 | Envios OK: 0 | Envios FAIL: 0 | Reviews negativas: 0 | Fotos borradas: 0

=== SESIÓN 19:18-19:18 (13/05/2026) ===
RESERVA                   TELÉFONO             ESTADO       RESPUESTA                 REVIEW
-----------------------------------------------------------------------------------------------
9/5_14:30_maf             34665976040          ENVIADO      recordatorio FALLIDO (chat_input_not_found) -
9/5_19:00_maf/csi         34%C2%A0628%C2%A061%C2%A027%C2%A078%E2%80%AC ENVIADO      recordatorio FALLIDO (chat_input_not_found) -
9/5_20:30_4e              34747414084          ENVIADO      recordatorio FALLIDO (chat_input_not_found) -
9/5_19:00_4e              34675651585          ENVIADO      recordatorio FALLIDO (chat_input_not_found) -
10/5_17:30_maf            34722714718          ENVIADO      recordatorio FALLIDO (chat_input_not_found) -
10/5_17:30_4e             34653197010          ENVIADO      recordatorio FALLIDO (chat_input_not_found) -

[2026-05-13 19:18:38] POSITIVO | Fotos nuevas: 0 | Envios OK: 0 | Envios FAIL: 0 | Reviews negativas: 0 | Fotos borradas: 0

=== SESIÓN 19:19-19:19 (13/05/2026) ===
RESERVA                   TELÉFONO             ESTADO       RESPUESTA                 REVIEW
-----------------------------------------------------------------------------------------------
9/5_14:30_maf             34665976040          ENVIADO      recordatorio FALLIDO (chat_input_not_found) -
9/5_19:00_maf/csi         34%C2%A0628%C2%A061%C2%A027%C2%A078%E2%80%AC ENVIADO      recordatorio FALLIDO (chat_input_not_found) -
9/5_20:30_4e              34747414084          ENVIADO      recordatorio FALLIDO (chat_input_not_found) -
9/5_19:00_4e              34675651585          ENVIADO      recordatorio FALLIDO (chat_input_not_found) -
10/5_17:30_maf            34722714718          ENVIADO      recordatorio FALLIDO (chat_input_not_found) -
10/5_17:30_4e             34653197010          ENVIADO      recordatorio FALLIDO (chat_input_not_found) -

[2026-05-13 19:19:56] POSITIVO | Fotos nuevas: 0 | Envios OK: 0 | Envios FAIL: 0 | Reviews negativas: 0 | Fotos borradas: 0

=== SESIÓN 19:21-19:21 (13/05/2026) ===
RESERVA                   TELÉFONO             ESTADO       RESPUESTA                 REVIEW
-----------------------------------------------------------------------------------------------
9/5_14:30_maf             34665976040          ENVIADO      recordatorio FALLIDO (chat_input_not_found) -
9/5_19:00_maf/csi         34%C2%A0628%C2%A061%C2%A027%C2%A078%E2%80%AC ENVIADO      recordatorio FALLIDO (chat_input_not_found) -
9/5_20:30_4e              34747414084          ENVIADO      recordatorio FALLIDO (chat_input_not_found) -
9/5_19:00_4e              34675651585          ENVIADO      recordatorio FALLIDO (chat_input_not_found) -
10/5_17:30_maf            34722714718          ENVIADO      recordatorio FALLIDO (chat_input_not_found) -
10/5_17:30_4e             34653197010          ENVIADO      recordatorio FALLIDO (chat_input_not_found) -

[2026-05-13 19:21:16] POSITIVO | Fotos nuevas: 0 | Envios OK: 0 | Envios FAIL: 0 | Reviews negativas: 0 | Fotos borradas: 0

=== SESIÓN 19:19-19:22 (13/05/2026) ===
RESERVA                   TELÉFONO             ESTADO       RESPUESTA                 REVIEW
-----------------------------------------------------------------------------------------------
9/5_14:30_maf             34665976040          ENVIADO      recordatorio FALLIDO (exception: HTTPConnectionPool(host='localhost', port=58922): Max retries exceeded with url: /session/b01370820624bcac72b4658076fa6533/source (Caused by NewConnectionError("HTTPConnection(host='localhost', port=58922): Failed to establish a new connection: [WinError 10061] No connection could be made because the target machine actively refused it"))) -
9/5_19:00_maf/csi         34%C2%A0628%C2%A061%C2%A027%C2%A078%E2%80%AC ENVIADO      recordatorio FALLIDO (exception: HTTPConnectionPool(host='localhost', port=58922): Max retries exceeded with url: /session/b01370820624bcac72b4658076fa6533/source (Caused by NewConnectionError("HTTPConnection(host='localhost', port=58922): Failed to establish a new connection: [WinError 10061] No connection could be made because the target machine actively refused it"))) -
9/5_20:30_4e              34747414084          ENVIADO      recordatorio FALLIDO (exception: HTTPConnectionPool(host='localhost', port=58922): Max retries exceeded with url: /session/b01370820624bcac72b4658076fa6533/source (Caused by NewConnectionError("HTTPConnection(host='localhost', port=58922): Failed to establish a new connection: [WinError 10061] No connection could be made because the target machine actively refused it"))) -
9/5_19:00_4e              34675651585          ENVIADO      recordatorio FALLIDO (exception: HTTPConnectionPool(host='localhost', port=58922): Max retries exceeded with url: /session/b01370820624bcac72b4658076fa6533/source (Caused by NewConnectionError("HTTPConnection(host='localhost', port=58922): Failed to establish a new connection: [WinError 10061] No connection could be made because the target machine actively refused it"))) -
10/5_17:30_maf            34722714718          ENVIADO      recordatorio FALLIDO (exception: HTTPConnectionPool(host='localhost', port=58922): Max retries exceeded with url: /session/b01370820624bcac72b4658076fa6533/source (Caused by NewConnectionError("HTTPConnection(host='localhost', port=58922): Failed to establish a new connection: [WinError 10061] No connection could be made because the target machine actively refused it"))) -
10/5_17:30_4e             34653197010          ENVIADO      recordatorio FALLIDO (exception: HTTPConnectionPool(host='localhost', port=58922): Max retries exceeded with url: /session/b01370820624bcac72b4658076fa6533/source (Caused by NewConnectionError("HTTPConnection(host='localhost', port=58922): Failed to establish a new connection: [WinError 10061] No connection could be made because the target machine actively refused it"))) -

[2026-05-13 19:22:31] POSITIVO | Fotos nuevas: 0 | Envios OK: 0 | Envios FAIL: 0 | Reviews negativas: 0 | Fotos borradas: 0

=== SESIÓN 19:22-19:22 (13/05/2026) ===
RESERVA                   TELÉFONO             ESTADO       RESPUESTA                 REVIEW
-----------------------------------------------------------------------------------------------
9/5_14:30_maf             34665976040          ENVIADO      recordatorio FALLIDO (chat_input_not_found) -
9/5_19:00_maf/csi         34%C2%A0628%C2%A061%C2%A027%C2%A078%E2%80%AC ENVIADO      recordatorio FALLIDO (chat_input_not_found) -
9/5_20:30_4e              34747414084          ENVIADO      recordatorio FALLIDO (chat_input_not_found) -
9/5_19:00_4e              34675651585          ENVIADO      recordatorio FALLIDO (chat_input_not_found) -
10/5_17:30_maf            34722714718          ENVIADO      recordatorio FALLIDO (chat_input_not_found) -
10/5_17:30_4e             34653197010          ENVIADO      recordatorio FALLIDO (chat_input_not_found) -

[2026-05-13 19:22:37] POSITIVO | Fotos nuevas: 0 | Envios OK: 0 | Envios FAIL: 0 | Reviews negativas: 0 | Fotos borradas: 0

=== SESIÓN 19:24-19:24 (13/05/2026) ===
RESERVA                   TELÉFONO             ESTADO       RESPUESTA                 REVIEW
-----------------------------------------------------------------------------------------------
9/5_14:30_maf             34665976040          ENVIADO      recordatorio FALLIDO (chat_input_not_found) -
9/5_19:00_maf/csi         34%C2%A0628%C2%A061%C2%A027%C2%A078%E2%80%AC ENVIADO      recordatorio FALLIDO (chat_input_not_found) -
9/5_20:30_4e              34747414084          ENVIADO      recordatorio FALLIDO (chat_input_not_found) -
9/5_19:00_4e              34675651585          ENVIADO      recordatorio FALLIDO (chat_input_not_found) -
10/5_17:30_maf            34722714718          ENVIADO      recordatorio FALLIDO (chat_input_not_found) -
10/5_17:30_4e             34653197010          ENVIADO      recordatorio FALLIDO (chat_input_not_found) -

[2026-05-13 19:24:39] POSITIVO | Fotos nuevas: 0 | Envios OK: 0 | Envios FAIL: 0 | Reviews negativas: 0 | Fotos borradas: 0
[2026-05-13 19:24:59] NEGATIVO | WhatsApp no conectado (QR visible) — ciclo abortado

=== SESIÓN 19:26-19:27 (13/05/2026) ===
RESERVA                   TELÉFONO             ESTADO       RESPUESTA                 REVIEW
-----------------------------------------------------------------------------------------------
9/5_14:30_maf             34665976040          ENVIADO      recordatorio FALLIDO (chat_input_not_found) -
9/5_19:00_maf/csi         34%C2%A0628%C2%A061%C2%A027%C2%A078%E2%80%AC ENVIADO      recordatorio FALLIDO (chat_input_not_found) -
9/5_20:30_4e              34747414084          ENVIADO      recordatorio FALLIDO (chat_input_not_found) -
9/5_19:00_4e              34675651585          ENVIADO      recordatorio FALLIDO (chat_input_not_found) -
10/5_17:30_maf            34722714718          ENVIADO      recordatorio FALLIDO (chat_input_not_found) -
10/5_17:30_4e             34653197010          ENVIADO      recordatorio FALLIDO (chat_input_not_found) -

[2026-05-13 19:27:02] POSITIVO | Fotos nuevas: 0 | Envios OK: 0 | Envios FAIL: 0 | Reviews negativas: 0 | Fotos borradas: 0

=== SESIÓN 19:28-19:28 (13/05/2026) ===
RESERVA                   TELÉFONO             ESTADO       RESPUESTA                 REVIEW
-----------------------------------------------------------------------------------------------
9/5_14:30_maf             34665976040          ENVIADO      recordatorio FALLIDO (chat_input_not_found) -
9/5_19:00_maf/csi         34%C2%A0628%C2%A061%C2%A027%C2%A078%E2%80%AC ENVIADO      recordatorio FALLIDO (chat_input_not_found) -
9/5_20:30_4e              34747414084          ENVIADO      recordatorio FALLIDO (chat_input_not_found) -
9/5_19:00_4e              34675651585          ENVIADO      recordatorio FALLIDO (chat_input_not_found) -
10/5_17:30_maf            34722714718          ENVIADO      recordatorio FALLIDO (chat_input_not_found) -
10/5_17:30_4e             34653197010          ENVIADO      recordatorio FALLIDO (chat_input_not_found) -

[2026-05-13 19:28:23] POSITIVO | Fotos nuevas: 0 | Envios OK: 0 | Envios FAIL: 0 | Reviews negativas: 0 | Fotos borradas: 0

=== SESIÓN 19:29-19:29 (13/05/2026) ===
RESERVA                   TELÉFONO             ESTADO       RESPUESTA                 REVIEW
-----------------------------------------------------------------------------------------------
9/5_14:30_maf             34665976040          ENVIADO      recordatorio FALLIDO (chat_input_not_found) -
9/5_19:00_maf/csi         34%C2%A0628%C2%A061%C2%A027%C2%A078%E2%80%AC ENVIADO      recordatorio FALLIDO (chat_input_not_found) -
9/5_20:30_4e              34747414084          ENVIADO      recordatorio FALLIDO (chat_input_not_found) -
9/5_19:00_4e              34675651585          ENVIADO      recordatorio FALLIDO (chat_input_not_found) -
10/5_17:30_maf            34722714718          ENVIADO      recordatorio FALLIDO (chat_input_not_found) -
10/5_17:30_4e             34653197010          ENVIADO      recordatorio FALLIDO (chat_input_not_found) -

[2026-05-13 19:29:42] POSITIVO | Fotos nuevas: 0 | Envios OK: 0 | Envios FAIL: 0 | Reviews negativas: 0 | Fotos borradas: 0

=== SESIÓN 19:27-19:29 (13/05/2026) ===
RESERVA                   TELÉFONO             ESTADO       RESPUESTA                 REVIEW
-----------------------------------------------------------------------------------------------
9/5_14:30_maf             34665976040          ENVIADO      recordatorio FALLIDO (exception: HTTPConnectionPool(host='localhost', port=59913): Max retries exceeded with url: /session/5c977920126c16218f87bad0ed6f1fce/source (Caused by NewConnectionError("HTTPConnection(host='localhost', port=59913): Failed to establish a new connection: [WinError 10061] No connection could be made because the target machine actively refused it"))) -
9/5_19:00_maf/csi         34%C2%A0628%C2%A061%C2%A027%C2%A078%E2%80%AC ENVIADO      recordatorio FALLIDO (exception: HTTPConnectionPool(host='localhost', port=59913): Max retries exceeded with url: /session/5c977920126c16218f87bad0ed6f1fce/source (Caused by NewConnectionError("HTTPConnection(host='localhost', port=59913): Failed to establish a new connection: [WinError 10061] No connection could be made because the target machine actively refused it"))) -
9/5_20:30_4e              34747414084          ENVIADO      recordatorio FALLIDO (exception: HTTPConnectionPool(host='localhost', port=59913): Max retries exceeded with url: /session/5c977920126c16218f87bad0ed6f1fce/source (Caused by NewConnectionError("HTTPConnection(host='localhost', port=59913): Failed to establish a new connection: [WinError 10061] No connection could be made because the target machine actively refused it"))) -
9/5_19:00_4e              34675651585          ENVIADO      recordatorio FALLIDO (exception: HTTPConnectionPool(host='localhost', port=59913): Max retries exceeded with url: /session/5c977920126c16218f87bad0ed6f1fce/source (Caused by NewConnectionError("HTTPConnection(host='localhost', port=59913): Failed to establish a new connection: [WinError 10061] No connection could be made because the target machine actively refused it"))) -
10/5_17:30_maf            34722714718          ENVIADO      recordatorio FALLIDO (exception: HTTPConnectionPool(host='localhost', port=59913): Max retries exceeded with url: /session/5c977920126c16218f87bad0ed6f1fce/source (Caused by NewConnectionError("HTTPConnection(host='localhost', port=59913): Failed to establish a new connection: [WinError 10061] No connection could be made because the target machine actively refused it"))) -
10/5_17:30_4e             34653197010          ENVIADO      recordatorio FALLIDO (exception: HTTPConnectionPool(host='localhost', port=59913): Max retries exceeded with url: /session/5c977920126c16218f87bad0ed6f1fce/source (Caused by NewConnectionError("HTTPConnection(host='localhost', port=59913): Failed to establish a new connection: [WinError 10061] No connection could be made because the target machine actively refused it"))) -

[2026-05-13 19:29:57] POSITIVO | Fotos nuevas: 0 | Envios OK: 0 | Envios FAIL: 0 | Reviews negativas: 0 | Fotos borradas: 0

=== SESIÓN 19:31-19:31 (13/05/2026) ===
RESERVA                   TELÉFONO             ESTADO       RESPUESTA                 REVIEW
-----------------------------------------------------------------------------------------------
9/5_14:30_maf             34665976040          ENVIADO      recordatorio FALLIDO (chat_input_not_found) -
9/5_19:00_maf/csi         34%C2%A0628%C2%A061%C2%A027%C2%A078%E2%80%AC ENVIADO      recordatorio FALLIDO (chat_input_not_found) -
9/5_20:30_4e              34747414084          ENVIADO      recordatorio FALLIDO (chat_input_not_found) -
9/5_19:00_4e              34675651585          ENVIADO      recordatorio FALLIDO (chat_input_not_found) -
10/5_17:30_maf            34722714718          ENVIADO      recordatorio FALLIDO (chat_input_not_found) -
10/5_17:30_4e             34653197010          ENVIADO      recordatorio FALLIDO (chat_input_not_found) -

[2026-05-13 19:31:56] POSITIVO | Fotos nuevas: 0 | Envios OK: 0 | Envios FAIL: 0 | Reviews negativas: 0 | Fotos borradas: 0

=== SESIÓN 19:33-19:33 (13/05/2026) ===
RESERVA                   TELÉFONO             ESTADO       RESPUESTA                 REVIEW
-----------------------------------------------------------------------------------------------
9/5_14:30_maf             34665976040          ENVIADO      recordatorio FALLIDO (chat_input_not_found) -
9/5_19:00_maf/csi         34%C2%A0628%C2%A061%C2%A027%C2%A078%E2%80%AC ENVIADO      recordatorio FALLIDO (chat_input_not_found) -
9/5_20:30_4e              34747414084          ENVIADO      recordatorio FALLIDO (chat_input_not_found) -
9/5_19:00_4e              34675651585          ENVIADO      recordatorio FALLIDO (chat_input_not_found) -
10/5_17:30_maf            34722714718          ENVIADO      recordatorio FALLIDO (chat_input_not_found) -
10/5_17:30_4e             34653197010          ENVIADO      recordatorio FALLIDO (chat_input_not_found) -

[2026-05-13 19:33:16] POSITIVO | Fotos nuevas: 0 | Envios OK: 0 | Envios FAIL: 0 | Reviews negativas: 0 | Fotos borradas: 0

=== SESIÓN 19:34-19:34 (13/05/2026) ===
RESERVA                   TELÉFONO             ESTADO       RESPUESTA                 REVIEW
-----------------------------------------------------------------------------------------------
9/5_14:30_maf             34665976040          ENVIADO      recordatorio FALLIDO (chat_input_not_found) -
9/5_19:00_maf/csi         34%C2%A0628%C2%A061%C2%A027%C2%A078%E2%80%AC ENVIADO      recordatorio FALLIDO (chat_input_not_found) -
9/5_20:30_4e              34747414084          ENVIADO      recordatorio FALLIDO (chat_input_not_found) -
9/5_19:00_4e              34675651585          ENVIADO      recordatorio FALLIDO (chat_input_not_found) -
10/5_17:30_maf            34722714718          ENVIADO      recordatorio FALLIDO (chat_input_not_found) -
10/5_17:30_4e             34653197010          ENVIADO      recordatorio FALLIDO (chat_input_not_found) -

[2026-05-13 19:34:32] POSITIVO | Fotos nuevas: 0 | Envios OK: 0 | Envios FAIL: 0 | Reviews negativas: 0 | Fotos borradas: 0

=== SESIÓN 19:35-19:35 (13/05/2026) ===
RESERVA                   TELÉFONO             ESTADO       RESPUESTA                 REVIEW
-----------------------------------------------------------------------------------------------
9/5_14:30_maf             34665976040          ENVIADO      recordatorio FALLIDO (chat_input_not_found) -
9/5_19:00_maf/csi         34%C2%A0628%C2%A061%C2%A027%C2%A078%E2%80%AC ENVIADO      recordatorio FALLIDO (chat_input_not_found) -
9/5_20:30_4e              34747414084          ENVIADO      recordatorio FALLIDO (chat_input_not_found) -
9/5_19:00_4e              34675651585          ENVIADO      recordatorio FALLIDO (chat_input_not_found) -
10/5_17:30_maf            34722714718          ENVIADO      recordatorio FALLIDO (chat_input_not_found) -
10/5_17:30_4e             34653197010          ENVIADO      recordatorio FALLIDO (chat_input_not_found) -

[2026-05-13 19:35:48] POSITIVO | Fotos nuevas: 0 | Envios OK: 0 | Envios FAIL: 0 | Reviews negativas: 0 | Fotos borradas: 0

=== SESIÓN 19:33-19:36 (13/05/2026) ===
RESERVA                   TELÉFONO             ESTADO       RESPUESTA                 REVIEW
-----------------------------------------------------------------------------------------------
9/5_14:30_maf             34665976040          ENVIADO      recordatorio FALLIDO (exception: HTTPConnectionPool(host='localhost', port=60298): Max retries exceeded with url: /session/0a9e48ede9c7a21f7404e78bd611d778/source (Caused by NewConnectionError("HTTPConnection(host='localhost', port=60298): Failed to establish a new connection: [WinError 10061] No connection could be made because the target machine actively refused it"))) -
9/5_19:00_maf/csi         34%C2%A0628%C2%A061%C2%A027%C2%A078%E2%80%AC ENVIADO      recordatorio FALLIDO (exception: HTTPConnectionPool(host='localhost', port=60298): Max retries exceeded with url: /session/0a9e48ede9c7a21f7404e78bd611d778/source (Caused by NewConnectionError("HTTPConnection(host='localhost', port=60298): Failed to establish a new connection: [WinError 10061] No connection could be made because the target machine actively refused it"))) -
9/5_20:30_4e              34747414084          ENVIADO      recordatorio FALLIDO (exception: HTTPConnectionPool(host='localhost', port=60298): Max retries exceeded with url: /session/0a9e48ede9c7a21f7404e78bd611d778/source (Caused by NewConnectionError("HTTPConnection(host='localhost', port=60298): Failed to establish a new connection: [WinError 10061] No connection could be made because the target machine actively refused it"))) -
9/5_19:00_4e              34675651585          ENVIADO      recordatorio FALLIDO (exception: HTTPConnectionPool(host='localhost', port=60298): Max retries exceeded with url: /session/0a9e48ede9c7a21f7404e78bd611d778/source (Caused by NewConnectionError("HTTPConnection(host='localhost', port=60298): Failed to establish a new connection: [WinError 10061] No connection could be made because the target machine actively refused it"))) -
10/5_17:30_maf            34722714718          ENVIADO      recordatorio FALLIDO (exception: HTTPConnectionPool(host='localhost', port=60298): Max retries exceeded with url: /session/0a9e48ede9c7a21f7404e78bd611d778/source (Caused by NewConnectionError("HTTPConnection(host='localhost', port=60298): Failed to establish a new connection: [WinError 10061] No connection could be made because the target machine actively refused it"))) -
10/5_17:30_4e             34653197010          ENVIADO      recordatorio FALLIDO (exception: HTTPConnectionPool(host='localhost', port=60298): Max retries exceeded with url: /session/0a9e48ede9c7a21f7404e78bd611d778/source (Caused by NewConnectionError("HTTPConnection(host='localhost', port=60298): Failed to establish a new connection: [WinError 10061] No connection could be made because the target machine actively refused it"))) -

[2026-05-13 19:36:37] POSITIVO | Fotos nuevas: 0 | Envios OK: 0 | Envios FAIL: 0 | Reviews negativas: 0 | Fotos borradas: 0

=== SESIÓN 19:37-19:38 (13/05/2026) ===
RESERVA                   TELÉFONO             ESTADO       RESPUESTA                 REVIEW
-----------------------------------------------------------------------------------------------
9/5_14:30_maf             34665976040          ENVIADO      recordatorio FALLIDO (chat_input_not_found) -
9/5_19:00_maf/csi         34%C2%A0628%C2%A061%C2%A027%C2%A078%E2%80%AC ENVIADO      recordatorio FALLIDO (chat_input_not_found) -
9/5_20:30_4e              34747414084          ENVIADO      recordatorio FALLIDO (chat_input_not_found) -
9/5_19:00_4e              34675651585          ENVIADO      recordatorio FALLIDO (chat_input_not_found) -
10/5_17:30_maf            34722714718          ENVIADO      recordatorio FALLIDO (chat_input_not_found) -
10/5_17:30_4e             34653197010          ENVIADO      recordatorio FALLIDO (chat_input_not_found) -

[2026-05-13 19:38:03] POSITIVO | Fotos nuevas: 0 | Envios OK: 0 | Envios FAIL: 0 | Reviews negativas: 0 | Fotos borradas: 0

=== SESIÓN 19:39-19:39 (13/05/2026) ===
RESERVA                   TELÉFONO             ESTADO       RESPUESTA                 REVIEW
-----------------------------------------------------------------------------------------------
9/5_14:30_maf             34665976040          ENVIADO      recordatorio FALLIDO (chat_input_not_found) -
9/5_19:00_maf/csi         34%C2%A0628%C2%A061%C2%A027%C2%A078%E2%80%AC ENVIADO      recordatorio FALLIDO (chat_input_not_found) -
9/5_20:30_4e              34747414084          ENVIADO      recordatorio FALLIDO (chat_input_not_found) -
9/5_19:00_4e              34675651585          ENVIADO      recordatorio FALLIDO (chat_input_not_found) -
10/5_17:30_maf            34722714718          ENVIADO      recordatorio FALLIDO (chat_input_not_found) -
10/5_17:30_4e             34653197010          ENVIADO      recordatorio FALLIDO (chat_input_not_found) -

[2026-05-13 19:39:19] POSITIVO | Fotos nuevas: 0 | Envios OK: 0 | Envios FAIL: 0 | Reviews negativas: 0 | Fotos borradas: 0

=== SESIÓN 19:40-19:40 (13/05/2026) ===
RESERVA                   TELÉFONO             ESTADO       RESPUESTA                 REVIEW
-----------------------------------------------------------------------------------------------
9/5_14:30_maf             34665976040          ENVIADO      recordatorio FALLIDO (chat_input_not_found) -
9/5_19:00_maf/csi         34%C2%A0628%C2%A061%C2%A027%C2%A078%E2%80%AC ENVIADO      recordatorio FALLIDO (chat_input_not_found) -
9/5_20:30_4e              34747414084          ENVIADO      recordatorio FALLIDO (chat_input_not_found) -
9/5_19:00_4e              34675651585          ENVIADO      recordatorio FALLIDO (chat_input_not_found) -
10/5_17:30_maf            34722714718          ENVIADO      recordatorio FALLIDO (chat_input_not_found) -
10/5_17:30_4e             34653197010          ENVIADO      recordatorio FALLIDO (chat_input_not_found) -

[2026-05-13 19:40:35] POSITIVO | Fotos nuevas: 0 | Envios OK: 0 | Envios FAIL: 0 | Reviews negativas: 0 | Fotos borradas: 0

=== SESIÓN 19:41-19:41 (13/05/2026) ===
RESERVA                   TELÉFONO             ESTADO       RESPUESTA                 REVIEW
-----------------------------------------------------------------------------------------------
9/5_14:30_maf             34665976040          ENVIADO      recordatorio FALLIDO (chat_input_not_found) -
9/5_19:00_maf/csi         34%C2%A0628%C2%A061%C2%A027%C2%A078%E2%80%AC ENVIADO      recordatorio FALLIDO (chat_input_not_found) -
9/5_20:30_4e              34747414084          ENVIADO      recordatorio FALLIDO (chat_input_not_found) -
9/5_19:00_4e              34675651585          ENVIADO      recordatorio FALLIDO (chat_input_not_found) -
10/5_17:30_maf            34722714718          ENVIADO      recordatorio FALLIDO (chat_input_not_found) -
10/5_17:30_4e             34653197010          ENVIADO      recordatorio FALLIDO (chat_input_not_found) -

[2026-05-13 19:41:51] POSITIVO | Fotos nuevas: 0 | Envios OK: 0 | Envios FAIL: 0 | Reviews negativas: 0 | Fotos borradas: 0

=== SESIÓN 19:42-19:43 (13/05/2026) ===
RESERVA                   TELÉFONO             ESTADO       RESPUESTA                 REVIEW
-----------------------------------------------------------------------------------------------
9/5_14:30_maf             34665976040          ENVIADO      recordatorio FALLIDO (chat_input_not_found) -
9/5_19:00_maf/csi         34%C2%A0628%C2%A061%C2%A027%C2%A078%E2%80%AC ENVIADO      recordatorio FALLIDO (chat_input_not_found) -
9/5_20:30_4e              34747414084          ENVIADO      recordatorio FALLIDO (chat_input_not_found) -
9/5_19:00_4e              34675651585          ENVIADO      recordatorio FALLIDO (chat_input_not_found) -
10/5_17:30_maf            34722714718          ENVIADO      recordatorio FALLIDO (chat_input_not_found) -
10/5_17:30_4e             34653197010          ENVIADO      recordatorio FALLIDO (chat_input_not_found) -

[2026-05-13 19:43:07] POSITIVO | Fotos nuevas: 0 | Envios OK: 0 | Envios FAIL: 0 | Reviews negativas: 0 | Fotos borradas: 0

=== SESIÓN 19:41-19:44 (13/05/2026) ===
RESERVA                   TELÉFONO             ESTADO       RESPUESTA                 REVIEW
-----------------------------------------------------------------------------------------------
9/5_14:30_maf             34665976040          ENVIADO      recordatorio FALLIDO (exception: HTTPConnectionPool(host='localhost', port=60769): Max retries exceeded with url: /session/ddfc10cb53fac10fc4d6b31f1726d0cb/source (Caused by NewConnectionError("HTTPConnection(host='localhost', port=60769): Failed to establish a new connection: [WinError 10061] No connection could be made because the target machine actively refused it"))) -
9/5_19:00_maf/csi         34%C2%A0628%C2%A061%C2%A027%C2%A078%E2%80%AC ENVIADO      recordatorio FALLIDO (exception: HTTPConnectionPool(host='localhost', port=60769): Max retries exceeded with url: /session/ddfc10cb53fac10fc4d6b31f1726d0cb/source (Caused by NewConnectionError("HTTPConnection(host='localhost', port=60769): Failed to establish a new connection: [WinError 10061] No connection could be made because the target machine actively refused it"))) -
9/5_20:30_4e              34747414084          ENVIADO      recordatorio FALLIDO (exception: HTTPConnectionPool(host='localhost', port=60769): Max retries exceeded with url: /session/ddfc10cb53fac10fc4d6b31f1726d0cb/source (Caused by NewConnectionError("HTTPConnection(host='localhost', port=60769): Failed to establish a new connection: [WinError 10061] No connection could be made because the target machine actively refused it"))) -
9/5_19:00_4e              34675651585          ENVIADO      recordatorio FALLIDO (exception: HTTPConnectionPool(host='localhost', port=60769): Max retries exceeded with url: /session/ddfc10cb53fac10fc4d6b31f1726d0cb/source (Caused by NewConnectionError("HTTPConnection(host='localhost', port=60769): Failed to establish a new connection: [WinError 10061] No connection could be made because the target machine actively refused it"))) -
10/5_17:30_maf            34722714718          ENVIADO      recordatorio FALLIDO (exception: HTTPConnectionPool(host='localhost', port=60769): Max retries exceeded with url: /session/ddfc10cb53fac10fc4d6b31f1726d0cb/source (Caused by NewConnectionError("HTTPConnection(host='localhost', port=60769): Failed to establish a new connection: [WinError 10061] No connection could be made because the target machine actively refused it"))) -
10/5_17:30_4e             34653197010          ENVIADO      recordatorio FALLIDO (exception: HTTPConnectionPool(host='localhost', port=60769): Max retries exceeded with url: /session/ddfc10cb53fac10fc4d6b31f1726d0cb/source (Caused by NewConnectionError("HTTPConnection(host='localhost', port=60769): Failed to establish a new connection: [WinError 10061] No connection could be made because the target machine actively refused it"))) -

[2026-05-13 19:44:21] POSITIVO | Fotos nuevas: 0 | Envios OK: 0 | Envios FAIL: 0 | Reviews negativas: 0 | Fotos borradas: 0

=== SESIÓN 19:45-19:45 (13/05/2026) ===
RESERVA                   TELÉFONO             ESTADO       RESPUESTA                 REVIEW
-----------------------------------------------------------------------------------------------
9/5_14:30_maf             34665976040          ENVIADO      recordatorio FALLIDO (chat_input_not_found) -
9/5_19:00_maf/csi         34%C2%A0628%C2%A061%C2%A027%C2%A078%E2%80%AC ENVIADO      recordatorio FALLIDO (chat_input_not_found) -
9/5_20:30_4e              34747414084          ENVIADO      recordatorio FALLIDO (chat_input_not_found) -
9/5_19:00_4e              34675651585          ENVIADO      recordatorio FALLIDO (chat_input_not_found) -
10/5_17:30_maf            34722714718          ENVIADO      recordatorio FALLIDO (chat_input_not_found) -
10/5_17:30_4e             34653197010          ENVIADO      recordatorio FALLIDO (chat_input_not_found) -

[2026-05-13 19:45:44] POSITIVO | Fotos nuevas: 0 | Envios OK: 0 | Envios FAIL: 0 | Reviews negativas: 0 | Fotos borradas: 0

=== SESIÓN 19:46-19:47 (13/05/2026) ===
RESERVA                   TELÉFONO             ESTADO       RESPUESTA                 REVIEW
-----------------------------------------------------------------------------------------------
9/5_14:30_maf             34665976040          ENVIADO      recordatorio FALLIDO (chat_input_not_found) -
9/5_19:00_maf/csi         34%C2%A0628%C2%A061%C2%A027%C2%A078%E2%80%AC ENVIADO      recordatorio FALLIDO (chat_input_not_found) -
9/5_20:30_4e              34747414084          ENVIADO      recordatorio FALLIDO (chat_input_not_found) -
9/5_19:00_4e              34675651585          ENVIADO      recordatorio FALLIDO (chat_input_not_found) -
10/5_17:30_maf            34722714718          ENVIADO      recordatorio FALLIDO (chat_input_not_found) -
10/5_17:30_4e             34653197010          ENVIADO      recordatorio FALLIDO (chat_input_not_found) -

[2026-05-13 19:47:04] POSITIVO | Fotos nuevas: 0 | Envios OK: 0 | Envios FAIL: 0 | Reviews negativas: 0 | Fotos borradas: 0

=== SESIÓN 19:48-19:48 (13/05/2026) ===
RESERVA                   TELÉFONO             ESTADO       RESPUESTA                 REVIEW
-----------------------------------------------------------------------------------------------
9/5_14:30_maf             34665976040          ENVIADO      recordatorio FALLIDO (chat_input_not_found) -
9/5_19:00_maf/csi         34%C2%A0628%C2%A061%C2%A027%C2%A078%E2%80%AC ENVIADO      recordatorio FALLIDO (chat_input_not_found) -
9/5_20:30_4e              34747414084          ENVIADO      recordatorio FALLIDO (chat_input_not_found) -
9/5_19:00_4e              34675651585          ENVIADO      recordatorio FALLIDO (chat_input_not_found) -
10/5_17:30_maf            34722714718          ENVIADO      recordatorio FALLIDO (chat_input_not_found) -
10/5_17:30_4e             34653197010          ENVIADO      recordatorio FALLIDO (chat_input_not_found) -

[2026-05-13 19:48:21] POSITIVO | Fotos nuevas: 0 | Envios OK: 0 | Envios FAIL: 0 | Reviews negativas: 0 | Fotos borradas: 0

=== SESIÓN 19:46-19:49 (13/05/2026) ===
RESERVA                   TELÉFONO             ESTADO       RESPUESTA                 REVIEW
-----------------------------------------------------------------------------------------------
9/5_14:30_maf             34665976040          ENVIADO      recordatorio FALLIDO (exception: HTTPConnectionPool(host='localhost', port=61764): Max retries exceeded with url: /session/551ed192f02263f6a291496bd79e7456/source (Caused by NewConnectionError("HTTPConnection(host='localhost', port=61764): Failed to establish a new connection: [WinError 10061] No connection could be made because the target machine actively refused it"))) -
9/5_19:00_maf/csi         34%C2%A0628%C2%A061%C2%A027%C2%A078%E2%80%AC ENVIADO      recordatorio FALLIDO (exception: HTTPConnectionPool(host='localhost', port=61764): Max retries exceeded with url: /session/551ed192f02263f6a291496bd79e7456/source (Caused by NewConnectionError("HTTPConnection(host='localhost', port=61764): Failed to establish a new connection: [WinError 10061] No connection could be made because the target machine actively refused it"))) -
9/5_20:30_4e              34747414084          ENVIADO      recordatorio FALLIDO (exception: HTTPConnectionPool(host='localhost', port=61764): Max retries exceeded with url: /session/551ed192f02263f6a291496bd79e7456/source (Caused by NewConnectionError("HTTPConnection(host='localhost', port=61764): Failed to establish a new connection: [WinError 10061] No connection could be made because the target machine actively refused it"))) -
9/5_19:00_4e              34675651585          ENVIADO      recordatorio FALLIDO (exception: HTTPConnectionPool(host='localhost', port=61764): Max retries exceeded with url: /session/551ed192f02263f6a291496bd79e7456/source (Caused by NewConnectionError("HTTPConnection(host='localhost', port=61764): Failed to establish a new connection: [WinError 10061] No connection could be made because the target machine actively refused it"))) -
10/5_17:30_maf            34722714718          ENVIADO      recordatorio FALLIDO (exception: HTTPConnectionPool(host='localhost', port=61764): Max retries exceeded with url: /session/551ed192f02263f6a291496bd79e7456/source (Caused by NewConnectionError("HTTPConnection(host='localhost', port=61764): Failed to establish a new connection: [WinError 10061] No connection could be made because the target machine actively refused it"))) -
10/5_17:30_4e             34653197010          ENVIADO      recordatorio FALLIDO (exception: HTTPConnectionPool(host='localhost', port=61764): Max retries exceeded with url: /session/551ed192f02263f6a291496bd79e7456/source (Caused by NewConnectionError("HTTPConnection(host='localhost', port=61764): Failed to establish a new connection: [WinError 10061] No connection could be made because the target machine actively refused it"))) -

[2026-05-13 19:49:06] POSITIVO | Fotos nuevas: 0 | Envios OK: 0 | Envios FAIL: 0 | Reviews negativas: 0 | Fotos borradas: 0

=== SESIÓN 19:50-19:50 (13/05/2026) ===
RESERVA                   TELÉFONO             ESTADO       RESPUESTA                 REVIEW
-----------------------------------------------------------------------------------------------
9/5_14:30_maf             34665976040          ENVIADO      recordatorio FALLIDO (chat_input_not_found) -
9/5_19:00_maf/csi         34%C2%A0628%C2%A061%C2%A027%C2%A078%E2%80%AC ENVIADO      recordatorio FALLIDO (chat_input_not_found) -
9/5_20:30_4e              34747414084          ENVIADO      recordatorio FALLIDO (chat_input_not_found) -
9/5_19:00_4e              34675651585          ENVIADO      recordatorio FALLIDO (chat_input_not_found) -
10/5_17:30_maf            34722714718          ENVIADO      recordatorio FALLIDO (chat_input_not_found) -
10/5_17:30_4e             34653197010          ENVIADO      recordatorio FALLIDO (chat_input_not_found) -

[2026-05-13 19:50:28] POSITIVO | Fotos nuevas: 0 | Envios OK: 0 | Envios FAIL: 0 | Reviews negativas: 0 | Fotos borradas: 0

=== SESIÓN 19:51-19:51 (13/05/2026) ===
RESERVA                   TELÉFONO             ESTADO       RESPUESTA                 REVIEW
-----------------------------------------------------------------------------------------------
9/5_14:30_maf             34665976040          ENVIADO      recordatorio FALLIDO (chat_input_not_found) -
9/5_19:00_maf/csi         34%C2%A0628%C2%A061%C2%A027%C2%A078%E2%80%AC ENVIADO      recordatorio FALLIDO (chat_input_not_found) -
9/5_20:30_4e              34747414084          ENVIADO      recordatorio FALLIDO (chat_input_not_found) -
9/5_19:00_4e              34675651585          ENVIADO      recordatorio FALLIDO (chat_input_not_found) -
10/5_17:30_maf            34722714718          ENVIADO      recordatorio FALLIDO (chat_input_not_found) -
10/5_17:30_4e             34653197010          ENVIADO      recordatorio FALLIDO (chat_input_not_found) -

[2026-05-13 19:51:48] POSITIVO | Fotos nuevas: 0 | Envios OK: 0 | Envios FAIL: 0 | Reviews negativas: 0 | Fotos borradas: 0

=== SESIÓN 19:52-19:53 (13/05/2026) ===
RESERVA                   TELÉFONO             ESTADO       RESPUESTA                 REVIEW
-----------------------------------------------------------------------------------------------
9/5_14:30_maf             34665976040          ENVIADO      recordatorio FALLIDO (chat_input_not_found) -
9/5_19:00_maf/csi         34%C2%A0628%C2%A061%C2%A027%C2%A078%E2%80%AC ENVIADO      recordatorio FALLIDO (chat_input_not_found) -
9/5_20:30_4e              34747414084          ENVIADO      recordatorio FALLIDO (chat_input_not_found) -
9/5_19:00_4e              34675651585          ENVIADO      recordatorio FALLIDO (chat_input_not_found) -
10/5_17:30_maf            34722714718          ENVIADO      recordatorio FALLIDO (chat_input_not_found) -
10/5_17:30_4e             34653197010          ENVIADO      recordatorio FALLIDO (chat_input_not_found) -

[2026-05-13 19:53:09] POSITIVO | Fotos nuevas: 0 | Envios OK: 0 | Envios FAIL: 0 | Reviews negativas: 0 | Fotos borradas: 0

=== SESIÓN 19:54-19:54 (13/05/2026) ===
RESERVA                   TELÉFONO             ESTADO       RESPUESTA                 REVIEW
-----------------------------------------------------------------------------------------------
9/5_14:30_maf             34665976040          ENVIADO      recordatorio FALLIDO (chat_input_not_found) -
9/5_19:00_maf/csi         34%C2%A0628%C2%A061%C2%A027%C2%A078%E2%80%AC ENVIADO      recordatorio FALLIDO (chat_input_not_found) -
9/5_20:30_4e              34747414084          ENVIADO      recordatorio FALLIDO (chat_input_not_found) -
9/5_19:00_4e              34675651585          ENVIADO      recordatorio FALLIDO (chat_input_not_found) -
10/5_17:30_maf            34722714718          ENVIADO      recordatorio FALLIDO (chat_input_not_found) -
10/5_17:30_4e             34653197010          ENVIADO      recordatorio FALLIDO (chat_input_not_found) -

[2026-05-13 19:54:25] POSITIVO | Fotos nuevas: 0 | Envios OK: 0 | Envios FAIL: 0 | Reviews negativas: 0 | Fotos borradas: 0

=== SESIÓN 19:55-19:55 (13/05/2026) ===
RESERVA                   TELÉFONO             ESTADO       RESPUESTA                 REVIEW
-----------------------------------------------------------------------------------------------
9/5_14:30_maf             34665976040          ENVIADO      recordatorio FALLIDO (chat_input_not_found) -
9/5_19:00_maf/csi         34%C2%A0628%C2%A061%C2%A027%C2%A078%E2%80%AC ENVIADO      recordatorio FALLIDO (chat_input_not_found) -
9/5_20:30_4e              34747414084          ENVIADO      recordatorio FALLIDO (chat_input_not_found) -
9/5_19:00_4e              34675651585          ENVIADO      recordatorio FALLIDO (chat_input_not_found) -
10/5_17:30_maf            34722714718          ENVIADO      recordatorio FALLIDO (chat_input_not_found) -
10/5_17:30_4e             34653197010          ENVIADO      recordatorio FALLIDO (chat_input_not_found) -

[2026-05-13 19:55:42] POSITIVO | Fotos nuevas: 0 | Envios OK: 0 | Envios FAIL: 0 | Reviews negativas: 0 | Fotos borradas: 0

=== SESIÓN 19:56-19:56 (13/05/2026) ===
RESERVA                   TELÉFONO             ESTADO       RESPUESTA                 REVIEW
-----------------------------------------------------------------------------------------------
9/5_14:30_maf             34665976040          ENVIADO      recordatorio FALLIDO (chat_input_not_found) -
9/5_19:00_maf/csi         34%C2%A0628%C2%A061%C2%A027%C2%A078%E2%80%AC ENVIADO      recordatorio FALLIDO (chat_input_not_found) -
9/5_20:30_4e              34747414084          ENVIADO      recordatorio FALLIDO (chat_input_not_found) -
9/5_19:00_4e              34675651585          ENVIADO      recordatorio FALLIDO (chat_input_not_found) -
10/5_17:30_maf            34722714718          ENVIADO      recordatorio FALLIDO (chat_input_not_found) -
10/5_17:30_4e             34653197010          ENVIADO      recordatorio FALLIDO (chat_input_not_found) -

[2026-05-13 19:56:58] POSITIVO | Fotos nuevas: 0 | Envios OK: 0 | Envios FAIL: 0 | Reviews negativas: 0 | Fotos borradas: 0

=== SESIÓN 19:55-19:58 (13/05/2026) ===
RESERVA                   TELÉFONO             ESTADO       RESPUESTA                 REVIEW
-----------------------------------------------------------------------------------------------
9/5_14:30_maf             34665976040          ENVIADO      recordatorio FALLIDO (exception: HTTPConnectionPool(host='localhost', port=62177): Max retries exceeded with url: /session/4887f881ee8ba0241f7fd59ed7bfd88f/source (Caused by NewConnectionError("HTTPConnection(host='localhost', port=62177): Failed to establish a new connection: [WinError 10061] No connection could be made because the target machine actively refused it"))) -
9/5_19:00_maf/csi         34%C2%A0628%C2%A061%C2%A027%C2%A078%E2%80%AC ENVIADO      recordatorio FALLIDO (exception: HTTPConnectionPool(host='localhost', port=62177): Max retries exceeded with url: /session/4887f881ee8ba0241f7fd59ed7bfd88f/source (Caused by NewConnectionError("HTTPConnection(host='localhost', port=62177): Failed to establish a new connection: [WinError 10061] No connection could be made because the target machine actively refused it"))) -
9/5_20:30_4e              34747414084          ENVIADO      recordatorio FALLIDO (exception: HTTPConnectionPool(host='localhost', port=62177): Max retries exceeded with url: /session/4887f881ee8ba0241f7fd59ed7bfd88f/source (Caused by NewConnectionError("HTTPConnection(host='localhost', port=62177): Failed to establish a new connection: [WinError 10061] No connection could be made because the target machine actively refused it"))) -
9/5_19:00_4e              34675651585          ENVIADO      recordatorio FALLIDO (exception: HTTPConnectionPool(host='localhost', port=62177): Max retries exceeded with url: /session/4887f881ee8ba0241f7fd59ed7bfd88f/source (Caused by NewConnectionError("HTTPConnection(host='localhost', port=62177): Failed to establish a new connection: [WinError 10061] No connection could be made because the target machine actively refused it"))) -
10/5_17:30_maf            34722714718          ENVIADO      recordatorio FALLIDO (exception: HTTPConnectionPool(host='localhost', port=62177): Max retries exceeded with url: /session/4887f881ee8ba0241f7fd59ed7bfd88f/source (Caused by NewConnectionError("HTTPConnection(host='localhost', port=62177): Failed to establish a new connection: [WinError 10061] No connection could be made because the target machine actively refused it"))) -
10/5_17:30_4e             34653197010          ENVIADO      recordatorio FALLIDO (exception: HTTPConnectionPool(host='localhost', port=62177): Max retries exceeded with url: /session/4887f881ee8ba0241f7fd59ed7bfd88f/source (Caused by NewConnectionError("HTTPConnection(host='localhost', port=62177): Failed to establish a new connection: [WinError 10061] No connection could be made because the target machine actively refused it"))) -

[2026-05-13 19:58:32] POSITIVO | Fotos nuevas: 0 | Envios OK: 0 | Envios FAIL: 0 | Reviews negativas: 0 | Fotos borradas: 0
[2026-05-13 19:58:52] NEGATIVO | WhatsApp no conectado (QR visible) — ciclo abortado

=== SESIÓN 20:00-20:00 (13/05/2026) ===
RESERVA                   TELÉFONO             ESTADO       RESPUESTA                 REVIEW
-----------------------------------------------------------------------------------------------
9/5_14:30_maf             34665976040          ENVIADO      recordatorio FALLIDO (chat_input_not_found) -
9/5_19:00_maf/csi         34%C2%A0628%C2%A061%C2%A027%C2%A078%E2%80%AC ENVIADO      recordatorio FALLIDO (chat_input_not_found) -
9/5_20:30_4e              34747414084          ENVIADO      recordatorio FALLIDO (chat_input_not_found) -
9/5_19:00_4e              34675651585          ENVIADO      recordatorio FALLIDO (chat_input_not_found) -
10/5_17:30_maf            34722714718          ENVIADO      recordatorio FALLIDO (chat_input_not_found) -
10/5_17:30_4e             34653197010          ENVIADO      recordatorio FALLIDO (chat_input_not_found) -

[2026-05-13 20:00:57] POSITIVO | Fotos nuevas: 0 | Envios OK: 0 | Envios FAIL: 0 | Reviews negativas: 0 | Fotos borradas: 0

=== SESIÓN 20:02-20:02 (13/05/2026) ===
RESERVA                   TELÉFONO             ESTADO       RESPUESTA                 REVIEW
-----------------------------------------------------------------------------------------------
9/5_14:30_maf             34665976040          ENVIADO      recordatorio FALLIDO (chat_input_not_found) -
9/5_19:00_maf/csi         34%C2%A0628%C2%A061%C2%A027%C2%A078%E2%80%AC ENVIADO      recordatorio FALLIDO (chat_input_not_found) -
9/5_20:30_4e              34747414084          ENVIADO      recordatorio FALLIDO (chat_input_not_found) -
9/5_19:00_4e              34675651585          ENVIADO      recordatorio FALLIDO (chat_input_not_found) -
10/5_17:30_maf            34722714718          ENVIADO      recordatorio FALLIDO (chat_input_not_found) -
10/5_17:30_4e             34653197010          ENVIADO      recordatorio FALLIDO (chat_input_not_found) -

[2026-05-13 20:02:14] POSITIVO | Fotos nuevas: 0 | Envios OK: 0 | Envios FAIL: 0 | Reviews negativas: 0 | Fotos borradas: 0

=== SESIÓN 20:03-20:03 (13/05/2026) ===
RESERVA                   TELÉFONO             ESTADO       RESPUESTA                 REVIEW
-----------------------------------------------------------------------------------------------
9/5_14:30_maf             34665976040          ENVIADO      recordatorio FALLIDO (chat_input_not_found) -
9/5_19:00_maf/csi         34%C2%A0628%C2%A061%C2%A027%C2%A078%E2%80%AC ENVIADO      recordatorio FALLIDO (chat_input_not_found) -
9/5_20:30_4e              34747414084          ENVIADO      recordatorio FALLIDO (chat_input_not_found) -
9/5_19:00_4e              34675651585          ENVIADO      recordatorio FALLIDO (chat_input_not_found) -
10/5_17:30_maf            34722714718          ENVIADO      recordatorio FALLIDO (chat_input_not_found) -
10/5_17:30_4e             34653197010          ENVIADO      recordatorio FALLIDO (chat_input_not_found) -

[2026-05-13 20:03:33] POSITIVO | Fotos nuevas: 0 | Envios OK: 0 | Envios FAIL: 0 | Reviews negativas: 0 | Fotos borradas: 0

=== SESIÓN 20:04-20:04 (13/05/2026) ===
RESERVA                   TELÉFONO             ESTADO       RESPUESTA                 REVIEW
-----------------------------------------------------------------------------------------------
9/5_14:30_maf             34665976040          ENVIADO      recordatorio FALLIDO (chat_input_not_found) -
9/5_19:00_maf/csi         34%C2%A0628%C2%A061%C2%A027%C2%A078%E2%80%AC ENVIADO      recordatorio FALLIDO (chat_input_not_found) -
9/5_20:30_4e              34747414084          ENVIADO      recordatorio FALLIDO (chat_input_not_found) -
9/5_19:00_4e              34675651585          ENVIADO      recordatorio FALLIDO (chat_input_not_found) -
10/5_17:30_maf            34722714718          ENVIADO      recordatorio FALLIDO (chat_input_not_found) -
10/5_17:30_4e             34653197010          ENVIADO      recordatorio FALLIDO (chat_input_not_found) -

[2026-05-13 20:04:48] POSITIVO | Fotos nuevas: 0 | Envios OK: 0 | Envios FAIL: 0 | Reviews negativas: 0 | Fotos borradas: 0

=== SESIÓN 20:02-20:04 (13/05/2026) ===
RESERVA                   TELÉFONO             ESTADO       RESPUESTA                 REVIEW
-----------------------------------------------------------------------------------------------
9/5_14:30_maf             34665976040          ENVIADO      recordatorio FALLIDO (exception: HTTPConnectionPool(host='localhost', port=62991): Max retries exceeded with url: /session/1ae3493e3dcd583b2ed604a66dc53ff5/source (Caused by NewConnectionError("HTTPConnection(host='localhost', port=62991): Failed to establish a new connection: [WinError 10061] No connection could be made because the target machine actively refused it"))) -
9/5_19:00_maf/csi         34%C2%A0628%C2%A061%C2%A027%C2%A078%E2%80%AC ENVIADO      recordatorio FALLIDO (exception: HTTPConnectionPool(host='localhost', port=62991): Max retries exceeded with url: /session/1ae3493e3dcd583b2ed604a66dc53ff5/source (Caused by NewConnectionError("HTTPConnection(host='localhost', port=62991): Failed to establish a new connection: [WinError 10061] No connection could be made because the target machine actively refused it"))) -
9/5_20:30_4e              34747414084          ENVIADO      recordatorio FALLIDO (exception: HTTPConnectionPool(host='localhost', port=62991): Max retries exceeded with url: /session/1ae3493e3dcd583b2ed604a66dc53ff5/source (Caused by NewConnectionError("HTTPConnection(host='localhost', port=62991): Failed to establish a new connection: [WinError 10061] No connection could be made because the target machine actively refused it"))) -
9/5_19:00_4e              34675651585          ENVIADO      recordatorio FALLIDO (exception: HTTPConnectionPool(host='localhost', port=62991): Max retries exceeded with url: /session/1ae3493e3dcd583b2ed604a66dc53ff5/source (Caused by NewConnectionError("HTTPConnection(host='localhost', port=62991): Failed to establish a new connection: [WinError 10061] No connection could be made because the target machine actively refused it"))) -
10/5_17:30_maf            34722714718          ENVIADO      recordatorio FALLIDO (exception: HTTPConnectionPool(host='localhost', port=62991): Max retries exceeded with url: /session/1ae3493e3dcd583b2ed604a66dc53ff5/source (Caused by NewConnectionError("HTTPConnection(host='localhost', port=62991): Failed to establish a new connection: [WinError 10061] No connection could be made because the target machine actively refused it"))) -
10/5_17:30_4e             34653197010          ENVIADO      recordatorio FALLIDO (exception: HTTPConnectionPool(host='localhost', port=62991): Max retries exceeded with url: /session/1ae3493e3dcd583b2ed604a66dc53ff5/source (Caused by NewConnectionError("HTTPConnection(host='localhost', port=62991): Failed to establish a new connection: [WinError 10061] No connection could be made because the target machine actively refused it"))) -

[2026-05-13 20:04:53] POSITIVO | Fotos nuevas: 0 | Envios OK: 0 | Envios FAIL: 0 | Reviews negativas: 0 | Fotos borradas: 0

=== SESIÓN 20:06-20:07 (13/05/2026) ===
RESERVA                   TELÉFONO             ESTADO       RESPUESTA                 REVIEW
-----------------------------------------------------------------------------------------------
9/5_14:30_maf             34665976040          ENVIADO      recordatorio FALLIDO (chat_input_not_found) -
9/5_19:00_maf/csi         34%C2%A0628%C2%A061%C2%A027%C2%A078%E2%80%AC ENVIADO      recordatorio FALLIDO (chat_input_not_found) -
9/5_20:30_4e              34747414084          ENVIADO      recordatorio FALLIDO (chat_input_not_found) -
9/5_19:00_4e              34675651585          ENVIADO      recordatorio FALLIDO (chat_input_not_found) -
10/5_17:30_maf            34722714718          ENVIADO      recordatorio FALLIDO (chat_input_not_found) -
10/5_17:30_4e             34653197010          ENVIADO      recordatorio FALLIDO (chat_input_not_found) -

[2026-05-13 20:07:03] POSITIVO | Fotos nuevas: 0 | Envios OK: 0 | Envios FAIL: 0 | Reviews negativas: 0 | Fotos borradas: 0

=== SESIÓN 20:08-20:08 (13/05/2026) ===
RESERVA                   TELÉFONO             ESTADO       RESPUESTA                 REVIEW
-----------------------------------------------------------------------------------------------
9/5_14:30_maf             34665976040          ENVIADO      recordatorio FALLIDO (chat_input_not_found) -
9/5_19:00_maf/csi         34%C2%A0628%C2%A061%C2%A027%C2%A078%E2%80%AC ENVIADO      recordatorio FALLIDO (chat_input_not_found) -
9/5_20:30_4e              34747414084          ENVIADO      recordatorio FALLIDO (chat_input_not_found) -
9/5_19:00_4e              34675651585          ENVIADO      recordatorio FALLIDO (chat_input_not_found) -
10/5_17:30_maf            34722714718          ENVIADO      recordatorio FALLIDO (chat_input_not_found) -
10/5_17:30_4e             34653197010          ENVIADO      recordatorio FALLIDO (chat_input_not_found) -

[2026-05-13 20:08:20] POSITIVO | Fotos nuevas: 0 | Envios OK: 0 | Envios FAIL: 0 | Reviews negativas: 0 | Fotos borradas: 0

=== SESIÓN 20:09-20:09 (13/05/2026) ===
RESERVA                   TELÉFONO             ESTADO       RESPUESTA                 REVIEW
-----------------------------------------------------------------------------------------------
9/5_14:30_maf             34665976040          ENVIADO      recordatorio FALLIDO (chat_input_not_found) -
9/5_19:00_maf/csi         34%C2%A0628%C2%A061%C2%A027%C2%A078%E2%80%AC ENVIADO      recordatorio FALLIDO (chat_input_not_found) -
9/5_20:30_4e              34747414084          ENVIADO      recordatorio FALLIDO (chat_input_not_found) -
9/5_19:00_4e              34675651585          ENVIADO      recordatorio FALLIDO (chat_input_not_found) -
10/5_17:30_maf            34722714718          ENVIADO      recordatorio FALLIDO (chat_input_not_found) -
10/5_17:30_4e             34653197010          ENVIADO      recordatorio FALLIDO (chat_input_not_found) -

[2026-05-13 20:09:37] POSITIVO | Fotos nuevas: 0 | Envios OK: 0 | Envios FAIL: 0 | Reviews negativas: 0 | Fotos borradas: 0

=== SESIÓN 20:10-20:11 (13/05/2026) ===
RESERVA                   TELÉFONO             ESTADO       RESPUESTA                 REVIEW
-----------------------------------------------------------------------------------------------
9/5_14:30_maf             34665976040          ENVIADO      recordatorio FALLIDO (chat_input_not_found) -
9/5_19:00_maf/csi         34%C2%A0628%C2%A061%C2%A027%C2%A078%E2%80%AC ENVIADO      recordatorio FALLIDO (chat_input_not_found) -
9/5_20:30_4e              34747414084          ENVIADO      recordatorio FALLIDO (chat_input_not_found) -
9/5_19:00_4e              34675651585          ENVIADO      recordatorio FALLIDO (chat_input_not_found) -
10/5_17:30_maf            34722714718          ENVIADO      recordatorio FALLIDO (chat_input_not_found) -
10/5_17:30_4e             34653197010          ENVIADO      recordatorio FALLIDO (chat_input_not_found) -

[2026-05-13 20:11:00] POSITIVO | Fotos nuevas: 0 | Envios OK: 0 | Envios FAIL: 0 | Reviews negativas: 0 | Fotos borradas: 0

=== SESIÓN 20:12-20:12 (13/05/2026) ===
RESERVA                   TELÉFONO             ESTADO       RESPUESTA                 REVIEW
-----------------------------------------------------------------------------------------------
9/5_14:30_maf             34665976040          ENVIADO      recordatorio FALLIDO (chat_input_not_found) -
9/5_19:00_maf/csi         34%C2%A0628%C2%A061%C2%A027%C2%A078%E2%80%AC ENVIADO      recordatorio FALLIDO (chat_input_not_found) -
9/5_20:30_4e              34747414084          ENVIADO      recordatorio FALLIDO (chat_input_not_found) -
9/5_19:00_4e              34675651585          ENVIADO      recordatorio FALLIDO (chat_input_not_found) -
10/5_17:30_maf            34722714718          ENVIADO      recordatorio FALLIDO (chat_input_not_found) -
10/5_17:30_4e             34653197010          ENVIADO      recordatorio FALLIDO (chat_input_not_found) -

[2026-05-13 20:12:19] POSITIVO | Fotos nuevas: 0 | Envios OK: 0 | Envios FAIL: 0 | Reviews negativas: 0 | Fotos borradas: 0

=== SESIÓN 20:13-20:13 (13/05/2026) ===
RESERVA                   TELÉFONO             ESTADO       RESPUESTA                 REVIEW
-----------------------------------------------------------------------------------------------
9/5_14:30_maf             34665976040          ENVIADO      recordatorio FALLIDO (chat_input_not_found) -
9/5_19:00_maf/csi         34%C2%A0628%C2%A061%C2%A027%C2%A078%E2%80%AC ENVIADO      recordatorio FALLIDO (chat_input_not_found) -
9/5_20:30_4e              34747414084          ENVIADO      recordatorio FALLIDO (chat_input_not_found) -
9/5_19:00_4e              34675651585          ENVIADO      recordatorio FALLIDO (chat_input_not_found) -
10/5_17:30_maf            34722714718          ENVIADO      recordatorio FALLIDO (chat_input_not_found) -
10/5_17:30_4e             34653197010          ENVIADO      recordatorio FALLIDO (chat_input_not_found) -

[2026-05-13 20:13:36] POSITIVO | Fotos nuevas: 0 | Envios OK: 0 | Envios FAIL: 0 | Reviews negativas: 0 | Fotos borradas: 0

=== SESIÓN 20:14-20:14 (13/05/2026) ===
RESERVA                   TELÉFONO             ESTADO       RESPUESTA                 REVIEW
-----------------------------------------------------------------------------------------------
9/5_14:30_maf             34665976040          ENVIADO      recordatorio FALLIDO (chat_input_not_found) -
9/5_19:00_maf/csi         34%C2%A0628%C2%A061%C2%A027%C2%A078%E2%80%AC ENVIADO      recordatorio FALLIDO (chat_input_not_found) -
9/5_20:30_4e              34747414084          ENVIADO      recordatorio FALLIDO (chat_input_not_found) -
9/5_19:00_4e              34675651585          ENVIADO      recordatorio FALLIDO (chat_input_not_found) -
10/5_17:30_maf            34722714718          ENVIADO      recordatorio FALLIDO (chat_input_not_found) -
10/5_17:30_4e             34653197010          ENVIADO      recordatorio FALLIDO (chat_input_not_found) -

[2026-05-13 20:14:55] POSITIVO | Fotos nuevas: 0 | Envios OK: 0 | Envios FAIL: 0 | Reviews negativas: 0 | Fotos borradas: 0

=== SESIÓN 20:12-20:15 (13/05/2026) ===
RESERVA                   TELÉFONO             ESTADO       RESPUESTA                 REVIEW
-----------------------------------------------------------------------------------------------
9/5_14:30_maf             34665976040          ENVIADO      recordatorio FALLIDO (exception: HTTPConnectionPool(host='localhost', port=63822): Max retries exceeded with url: /session/58da77e6cfd8d1e99d81e862d22ca459/source (Caused by NewConnectionError("HTTPConnection(host='localhost', port=63822): Failed to establish a new connection: [WinError 10061] No connection could be made because the target machine actively refused it"))) -
9/5_19:00_maf/csi         34%C2%A0628%C2%A061%C2%A027%C2%A078%E2%80%AC ENVIADO      recordatorio FALLIDO (exception: HTTPConnectionPool(host='localhost', port=63822): Max retries exceeded with url: /session/58da77e6cfd8d1e99d81e862d22ca459/source (Caused by NewConnectionError("HTTPConnection(host='localhost', port=63822): Failed to establish a new connection: [WinError 10061] No connection could be made because the target machine actively refused it"))) -
9/5_20:30_4e              34747414084          ENVIADO      recordatorio FALLIDO (exception: HTTPConnectionPool(host='localhost', port=63822): Max retries exceeded with url: /session/58da77e6cfd8d1e99d81e862d22ca459/source (Caused by NewConnectionError("HTTPConnection(host='localhost', port=63822): Failed to establish a new connection: [WinError 10061] No connection could be made because the target machine actively refused it"))) -
9/5_19:00_4e              34675651585          ENVIADO      recordatorio FALLIDO (exception: HTTPConnectionPool(host='localhost', port=63822): Max retries exceeded with url: /session/58da77e6cfd8d1e99d81e862d22ca459/source (Caused by NewConnectionError("HTTPConnection(host='localhost', port=63822): Failed to establish a new connection: [WinError 10061] No connection could be made because the target machine actively refused it"))) -
10/5_17:30_maf            34722714718          ENVIADO      recordatorio FALLIDO (exception: HTTPConnectionPool(host='localhost', port=63822): Max retries exceeded with url: /session/58da77e6cfd8d1e99d81e862d22ca459/source (Caused by NewConnectionError("HTTPConnection(host='localhost', port=63822): Failed to establish a new connection: [WinError 10061] No connection could be made because the target machine actively refused it"))) -
10/5_17:30_4e             34653197010          ENVIADO      recordatorio FALLIDO (exception: HTTPConnectionPool(host='localhost', port=63822): Max retries exceeded with url: /session/58da77e6cfd8d1e99d81e862d22ca459/source (Caused by NewConnectionError("HTTPConnection(host='localhost', port=63822): Failed to establish a new connection: [WinError 10061] No connection could be made because the target machine actively refused it"))) -

[2026-05-13 20:15:18] POSITIVO | Fotos nuevas: 0 | Envios OK: 0 | Envios FAIL: 0 | Reviews negativas: 0 | Fotos borradas: 0

=== SESIÓN 20:17-20:17 (13/05/2026) ===
RESERVA                   TELÉFONO             ESTADO       RESPUESTA                 REVIEW
-----------------------------------------------------------------------------------------------
9/5_14:30_maf             34665976040          ENVIADO      recordatorio FALLIDO (chat_input_not_found) -
9/5_19:00_maf/csi         34%C2%A0628%C2%A061%C2%A027%C2%A078%E2%80%AC ENVIADO      recordatorio FALLIDO (chat_input_not_found) -
9/5_20:30_4e              34747414084          ENVIADO      recordatorio FALLIDO (chat_input_not_found) -
9/5_19:00_4e              34675651585          ENVIADO      recordatorio FALLIDO (chat_input_not_found) -
10/5_17:30_maf            34722714718          ENVIADO      recordatorio FALLIDO (chat_input_not_found) -
10/5_17:30_4e             34653197010          ENVIADO      recordatorio FALLIDO (chat_input_not_found) -

[2026-05-13 20:17:24] POSITIVO | Fotos nuevas: 0 | Envios OK: 0 | Envios FAIL: 0 | Reviews negativas: 0 | Fotos borradas: 0

=== SESIÓN 20:18-20:18 (13/05/2026) ===
RESERVA                   TELÉFONO             ESTADO       RESPUESTA                 REVIEW
-----------------------------------------------------------------------------------------------
9/5_14:30_maf             34665976040          ENVIADO      recordatorio FALLIDO (chat_input_not_found) -
9/5_19:00_maf/csi         34%C2%A0628%C2%A061%C2%A027%C2%A078%E2%80%AC ENVIADO      recordatorio FALLIDO (chat_input_not_found) -
9/5_20:30_4e              34747414084          ENVIADO      recordatorio FALLIDO (chat_input_not_found) -
9/5_19:00_4e              34675651585          ENVIADO      recordatorio FALLIDO (chat_input_not_found) -
10/5_17:30_maf            34722714718          ENVIADO      recordatorio FALLIDO (chat_input_not_found) -
10/5_17:30_4e             34653197010          ENVIADO      recordatorio FALLIDO (chat_input_not_found) -

[2026-05-13 20:18:43] POSITIVO | Fotos nuevas: 0 | Envios OK: 0 | Envios FAIL: 0 | Reviews negativas: 0 | Fotos borradas: 0

=== SESIÓN 20:17-20:19 (13/05/2026) ===
RESERVA                   TELÉFONO             ESTADO       RESPUESTA                 REVIEW
-----------------------------------------------------------------------------------------------
9/5_14:30_maf             34665976040          ENVIADO      recordatorio FALLIDO (exception: HTTPConnectionPool(host='localhost', port=64650): Max retries exceeded with url: /session/3568c19d066c997102d00bf8016f9e1d/source (Caused by NewConnectionError("HTTPConnection(host='localhost', port=64650): Failed to establish a new connection: [WinError 10061] No connection could be made because the target machine actively refused it"))) -
9/5_19:00_maf/csi         34%C2%A0628%C2%A061%C2%A027%C2%A078%E2%80%AC ENVIADO      recordatorio FALLIDO (exception: HTTPConnectionPool(host='localhost', port=64650): Max retries exceeded with url: /session/3568c19d066c997102d00bf8016f9e1d/source (Caused by NewConnectionError("HTTPConnection(host='localhost', port=64650): Failed to establish a new connection: [WinError 10061] No connection could be made because the target machine actively refused it"))) -
9/5_20:30_4e              34747414084          ENVIADO      recordatorio FALLIDO (exception: HTTPConnectionPool(host='localhost', port=64650): Max retries exceeded with url: /session/3568c19d066c997102d00bf8016f9e1d/source (Caused by NewConnectionError("HTTPConnection(host='localhost', port=64650): Failed to establish a new connection: [WinError 10061] No connection could be made because the target machine actively refused it"))) -
9/5_19:00_4e              34675651585          ENVIADO      recordatorio FALLIDO (exception: HTTPConnectionPool(host='localhost', port=64650): Max retries exceeded with url: /session/3568c19d066c997102d00bf8016f9e1d/source (Caused by NewConnectionError("HTTPConnection(host='localhost', port=64650): Failed to establish a new connection: [WinError 10061] No connection could be made because the target machine actively refused it"))) -
10/5_17:30_maf            34722714718          ENVIADO      recordatorio FALLIDO (exception: HTTPConnectionPool(host='localhost', port=64650): Max retries exceeded with url: /session/3568c19d066c997102d00bf8016f9e1d/source (Caused by NewConnectionError("HTTPConnection(host='localhost', port=64650): Failed to establish a new connection: [WinError 10061] No connection could be made because the target machine actively refused it"))) -
10/5_17:30_4e             34653197010          ENVIADO      recordatorio FALLIDO (exception: HTTPConnectionPool(host='localhost', port=64650): Max retries exceeded with url: /session/3568c19d066c997102d00bf8016f9e1d/source (Caused by NewConnectionError("HTTPConnection(host='localhost', port=64650): Failed to establish a new connection: [WinError 10061] No connection could be made because the target machine actively refused it"))) -

[2026-05-13 20:19:58] POSITIVO | Fotos nuevas: 0 | Envios OK: 0 | Envios FAIL: 0 | Reviews negativas: 0 | Fotos borradas: 0

=== SESIÓN 20:19-20:20 (13/05/2026) ===
RESERVA                   TELÉFONO             ESTADO       RESPUESTA                 REVIEW
-----------------------------------------------------------------------------------------------
9/5_14:30_maf             34665976040          ENVIADO      recordatorio FALLIDO (chat_input_not_found) -
9/5_19:00_maf/csi         34%C2%A0628%C2%A061%C2%A027%C2%A078%E2%80%AC ENVIADO      recordatorio FALLIDO (chat_input_not_found) -
9/5_20:30_4e              34747414084          ENVIADO      recordatorio FALLIDO (chat_input_not_found) -
9/5_19:00_4e              34675651585          ENVIADO      recordatorio FALLIDO (chat_input_not_found) -
10/5_17:30_maf            34722714718          ENVIADO      recordatorio FALLIDO (chat_input_not_found) -
10/5_17:30_4e             34653197010          ENVIADO      recordatorio FALLIDO (chat_input_not_found) -

[2026-05-13 20:20:02] POSITIVO | Fotos nuevas: 0 | Envios OK: 0 | Envios FAIL: 0 | Reviews negativas: 0 | Fotos borradas: 0

=== SESIÓN 20:21-20:22 (13/05/2026) ===
RESERVA                   TELÉFONO             ESTADO       RESPUESTA                 REVIEW
-----------------------------------------------------------------------------------------------
9/5_14:30_maf             34665976040          ENVIADO      recordatorio FALLIDO (chat_input_not_found) -
9/5_19:00_maf/csi         34%C2%A0628%C2%A061%C2%A027%C2%A078%E2%80%AC ENVIADO      recordatorio FALLIDO (chat_input_not_found) -
9/5_20:30_4e              34747414084          ENVIADO      recordatorio FALLIDO (chat_input_not_found) -
9/5_19:00_4e              34675651585          ENVIADO      recordatorio FALLIDO (chat_input_not_found) -
10/5_17:30_maf            34722714718          ENVIADO      recordatorio FALLIDO (chat_input_not_found) -
10/5_17:30_4e             34653197010          ENVIADO      recordatorio FALLIDO (chat_input_not_found) -

[2026-05-13 20:22:02] POSITIVO | Fotos nuevas: 0 | Envios OK: 0 | Envios FAIL: 0 | Reviews negativas: 0 | Fotos borradas: 0
[2026-05-13 20:22:23] NEGATIVO | WhatsApp no conectado (QR visible) — ciclo abortado

=== SESIÓN 20:23-20:23 (13/05/2026) ===
RESERVA                   TELÉFONO             ESTADO       RESPUESTA                 REVIEW
-----------------------------------------------------------------------------------------------
9/5_14:30_maf             34665976040          ENVIADO      recordatorio FALLIDO (chat_input_not_found) -
9/5_19:00_maf/csi         34%C2%A0628%C2%A061%C2%A027%C2%A078%E2%80%AC ENVIADO      recordatorio FALLIDO (exception: Message: invalid session id: session deleted as the browser has closed the connection
from disconnected: Unable to receive message from renderer
  (Session info: chrome=147.0.7727.101); For documentation on this error, please visit: https://www.selenium.dev/documentation/webdriver/troubleshooting/errors#invalidsessionidexception
Stacktrace:
	chromedriver!GetHandleVerifier [0xb4b373+10553]
	chromedriver!GetHandleVerifier [0xb4b4a4+10684]
	chromedriver!(No symbol) [0x951e10]
	chromedriver!(No symbol) [0x9421b3]
	chromedriver!(No symbol) [0x941ee5]
	chromedriver!(No symbol) [0x93fff8]
	chromedriver!(No symbol) [0x940846]
	chromedriver!(No symbol) [0x96454e]
	chromedriver!(No symbol) [0x95a8fb]
	chromedriver!(No symbol) [0x95a80d]
	chromedriver!(No symbol) [0x9dd0cf]
	chromedriver!(No symbol) [0x9bd86c]
	chromedriver!(No symbol) [0x9daa36]
	chromedriver!(No symbol) [0x9bd606]
	chromedriver!(No symbol) [0x990039]
	chromedriver!(No symbol) [0x990df4]
	chromedriver!GetHandleVerifier [0xdcddb4+292f94]
	chromedriver!GetHandleVerifier [0xdc937d+28e55d]
	chromedriver!GetHandleVerifier [0xde8215+2ad3f5]
	chromedriver!GetHandleVerifier [0xb64c18+29df8]
	chromedriver!GetHandleVerifier [0xb6c6fd+318dd]
	chromedriver!GetHandleVerifier [0xb53c78+18e58]
	chromedriver!GetHandleVerifier [0xb53e42+19022]
	chromedriver!GetHandleVerifier [0xb3d45f+263f]
	KERNEL32!BaseThreadInitThunk [0x765562c4+24]
	ntdll!RtlSubscribeWnfStateChangeNotification [0x770a0aa9+439]
	ntdll!RtlSubscribeWnfStateChangeNotification [0x770a0a74+404]
) -
9/5_20:30_4e              34747414084          ENVIADO      recordatorio FALLIDO (exception: Message: invalid session id; For documentation on this error, please visit: https://www.selenium.dev/documentation/webdriver/troubleshooting/errors#invalidsessionidexception
Stacktrace:
	chromedriver!GetHandleVerifier [0xb4b373+10553]
	chromedriver!GetHandleVerifier [0xb4b4a4+10684]
	chromedriver!(No symbol) [0x951c4e]
	chromedriver!(No symbol) [0x98f2c5]
	chromedriver!(No symbol) [0x9bd726]
	chromedriver!(No symbol) [0x9b8c62]
	chromedriver!(No symbol) [0x9b8281]
	chromedriver!(No symbol) [0x92501e]
	chromedriver!(No symbol) [0x9255be]
	chromedriver!(No symbol) [0x925a9d]
	chromedriver!GetHandleVerifier [0xdcddb4+292f94]
	chromedriver!GetHandleVerifier [0xdc937d+28e55d]
	chromedriver!GetHandleVerifier [0xde8215+2ad3f5]
	chromedriver!GetHandleVerifier [0xb64c18+29df8]
	chromedriver!GetHandleVerifier [0xb6c6fd+318dd]
	chromedriver!(No symbol) [0x924b99]
	chromedriver!(No symbol) [0x9241e0]
	chromedriver!GetHandleVerifier [0xf32bef+3f7dcf]
	KERNEL32!BaseThreadInitThunk [0x765562c4+24]
	ntdll!RtlSubscribeWnfStateChangeNotification [0x770a0aa9+439]
	ntdll!RtlSubscribeWnfStateChangeNotification [0x770a0a74+404]
) -
9/5_19:00_4e              34675651585          ENVIADO      recordatorio FALLIDO (exception: Message: invalid session id; For documentation on this error, please visit: https://www.selenium.dev/documentation/webdriver/troubleshooting/errors#invalidsessionidexception
Stacktrace:
	chromedriver!GetHandleVerifier [0xb4b373+10553]
	chromedriver!GetHandleVerifier [0xb4b4a4+10684]
	chromedriver!(No symbol) [0x951c4e]
	chromedriver!(No symbol) [0x98f2c5]
	chromedriver!(No symbol) [0x9bd726]
	chromedriver!(No symbol) [0x9b8c62]
	chromedriver!(No symbol) [0x9b8281]
	chromedriver!(No symbol) [0x92501e]
	chromedriver!(No symbol) [0x9255be]
	chromedriver!(No symbol) [0x925a9d]
	chromedriver!GetHandleVerifier [0xdcddb4+292f94]
	chromedriver!GetHandleVerifier [0xdc937d+28e55d]
	chromedriver!GetHandleVerifier [0xde8215+2ad3f5]
	chromedriver!GetHandleVerifier [0xb64c18+29df8]
	chromedriver!GetHandleVerifier [0xb6c6fd+318dd]
	chromedriver!(No symbol) [0x924b99]
	chromedriver!(No symbol) [0x9241e0]
	chromedriver!GetHandleVerifier [0xf32bef+3f7dcf]
	KERNEL32!BaseThreadInitThunk [0x765562c4+24]
	ntdll!RtlSubscribeWnfStateChangeNotification [0x770a0aa9+439]
	ntdll!RtlSubscribeWnfStateChangeNotification [0x770a0a74+404]
) -
10/5_17:30_maf            34722714718          ENVIADO      recordatorio FALLIDO (exception: Message: invalid session id; For documentation on this error, please visit: https://www.selenium.dev/documentation/webdriver/troubleshooting/errors#invalidsessionidexception
Stacktrace:
	chromedriver!GetHandleVerifier [0xb4b373+10553]
	chromedriver!GetHandleVerifier [0xb4b4a4+10684]
	chromedriver!(No symbol) [0x951c4e]
	chromedriver!(No symbol) [0x98f2c5]
	chromedriver!(No symbol) [0x9bd726]
	chromedriver!(No symbol) [0x9b8c62]
	chromedriver!(No symbol) [0x9b8281]
	chromedriver!(No symbol) [0x92501e]
	chromedriver!(No symbol) [0x9255be]
	chromedriver!(No symbol) [0x925a9d]
	chromedriver!GetHandleVerifier [0xdcddb4+292f94]
	chromedriver!GetHandleVerifier [0xdc937d+28e55d]
	chromedriver!GetHandleVerifier [0xde8215+2ad3f5]
	chromedriver!GetHandleVerifier [0xb64c18+29df8]
	chromedriver!GetHandleVerifier [0xb6c6fd+318dd]
	chromedriver!(No symbol) [0x924b99]
	chromedriver!(No symbol) [0x9241e0]
	chromedriver!GetHandleVerifier [0xf32bef+3f7dcf]
	KERNEL32!BaseThreadInitThunk [0x765562c4+24]
	ntdll!RtlSubscribeWnfStateChangeNotification [0x770a0aa9+439]
	ntdll!RtlSubscribeWnfStateChangeNotification [0x770a0a74+404]
) -
10/5_17:30_4e             34653197010          ENVIADO      recordatorio FALLIDO (exception: Message: invalid session id; For documentation on this error, please visit: https://www.selenium.dev/documentation/webdriver/troubleshooting/errors#invalidsessionidexception
Stacktrace:
	chromedriver!GetHandleVerifier [0xb4b373+10553]
	chromedriver!GetHandleVerifier [0xb4b4a4+10684]
	chromedriver!(No symbol) [0x951c4e]
	chromedriver!(No symbol) [0x98f2c5]
	chromedriver!(No symbol) [0x9bd726]
	chromedriver!(No symbol) [0x9b8c62]
	chromedriver!(No symbol) [0x9b8281]
	chromedriver!(No symbol) [0x92501e]
	chromedriver!(No symbol) [0x9255be]
	chromedriver!(No symbol) [0x925a9d]
	chromedriver!GetHandleVerifier [0xdcddb4+292f94]
	chromedriver!GetHandleVerifier [0xdc937d+28e55d]
	chromedriver!GetHandleVerifier [0xde8215+2ad3f5]
	chromedriver!GetHandleVerifier [0xb64c18+29df8]
	chromedriver!GetHandleVerifier [0xb6c6fd+318dd]
	chromedriver!(No symbol) [0x924b99]
	chromedriver!(No symbol) [0x9241e0]
	chromedriver!GetHandleVerifier [0xf32bef+3f7dcf]
	KERNEL32!BaseThreadInitThunk [0x765562c4+24]
	ntdll!RtlSubscribeWnfStateChangeNotification [0x770a0aa9+439]
	ntdll!RtlSubscribeWnfStateChangeNotification [0x770a0a74+404]
) -

[2026-05-13 20:23:12] POSITIVO | Fotos nuevas: 0 | Envios OK: 0 | Envios FAIL: 0 | Reviews negativas: 0 | Fotos borradas: 0

=== SESIÓN 20:25-20:25 (13/05/2026) ===
RESERVA                   TELÉFONO             ESTADO       RESPUESTA                 REVIEW
-----------------------------------------------------------------------------------------------
9/5_14:30_maf             34665976040          ENVIADO      recordatorio FALLIDO (chat_input_not_found) -
9/5_19:00_maf/csi         34%C2%A0628%C2%A061%C2%A027%C2%A078%E2%80%AC ENVIADO      recordatorio FALLIDO (chat_input_not_found) -
9/5_20:30_4e              34747414084          ENVIADO      recordatorio FALLIDO (chat_input_not_found) -
9/5_19:00_4e              34675651585          ENVIADO      recordatorio FALLIDO (chat_input_not_found) -
10/5_17:30_maf            34722714718          ENVIADO      recordatorio FALLIDO (chat_input_not_found) -
10/5_17:30_4e             34653197010          ENVIADO      recordatorio FALLIDO (chat_input_not_found) -

[2026-05-13 20:25:12] POSITIVO | Fotos nuevas: 0 | Envios OK: 0 | Envios FAIL: 0 | Reviews negativas: 0 | Fotos borradas: 0
[2026-05-13 20:25:32] NEGATIVO | WhatsApp no conectado (QR visible) — ciclo abortado

=== SESIÓN 20:27-20:27 (13/05/2026) ===
RESERVA                   TELÉFONO             ESTADO       RESPUESTA                 REVIEW
-----------------------------------------------------------------------------------------------
9/5_14:30_maf             34665976040          ENVIADO      recordatorio FALLIDO (chat_input_not_found) -
9/5_19:00_maf/csi         34%C2%A0628%C2%A061%C2%A027%C2%A078%E2%80%AC ENVIADO      recordatorio FALLIDO (chat_input_not_found) -
9/5_20:30_4e              34747414084          ENVIADO      recordatorio FALLIDO (chat_input_not_found) -
9/5_19:00_4e              34675651585          ENVIADO      recordatorio FALLIDO (chat_input_not_found) -
10/5_17:30_maf            34722714718          ENVIADO      recordatorio FALLIDO (chat_input_not_found) -
10/5_17:30_4e             34653197010          ENVIADO      recordatorio FALLIDO (chat_input_not_found) -

[2026-05-13 20:27:30] POSITIVO | Fotos nuevas: 0 | Envios OK: 0 | Envios FAIL: 0 | Reviews negativas: 0 | Fotos borradas: 0

=== SESIÓN 20:28-20:28 (13/05/2026) ===
RESERVA                   TELÉFONO             ESTADO       RESPUESTA                 REVIEW
-----------------------------------------------------------------------------------------------
9/5_14:30_maf             34665976040          ENVIADO      recordatorio FALLIDO (chat_input_not_found) -
9/5_19:00_maf/csi         34%C2%A0628%C2%A061%C2%A027%C2%A078%E2%80%AC ENVIADO      recordatorio FALLIDO (chat_input_not_found) -
9/5_20:30_4e              34747414084          ENVIADO      recordatorio FALLIDO (chat_input_not_found) -
9/5_19:00_4e              34675651585          ENVIADO      recordatorio FALLIDO (chat_input_not_found) -
10/5_17:30_maf            34722714718          ENVIADO      recordatorio FALLIDO (chat_input_not_found) -
10/5_17:30_4e             34653197010          ENVIADO      recordatorio FALLIDO (chat_input_not_found) -

[2026-05-13 20:28:47] POSITIVO | Fotos nuevas: 0 | Envios OK: 0 | Envios FAIL: 0 | Reviews negativas: 0 | Fotos borradas: 0

=== SESIÓN 20:29-20:30 (13/05/2026) ===
RESERVA                   TELÉFONO             ESTADO       RESPUESTA                 REVIEW
-----------------------------------------------------------------------------------------------
9/5_14:30_maf             34665976040          ENVIADO      recordatorio FALLIDO (chat_input_not_found) -
9/5_19:00_maf/csi         34%C2%A0628%C2%A061%C2%A027%C2%A078%E2%80%AC ENVIADO      recordatorio FALLIDO (chat_input_not_found) -
9/5_20:30_4e              34747414084          ENVIADO      recordatorio FALLIDO (chat_input_not_found) -
9/5_19:00_4e              34675651585          ENVIADO      recordatorio FALLIDO (chat_input_not_found) -
10/5_17:30_maf            34722714718          ENVIADO      recordatorio FALLIDO (chat_input_not_found) -
10/5_17:30_4e             34653197010          ENVIADO      recordatorio FALLIDO (chat_input_not_found) -

[2026-05-13 20:30:07] POSITIVO | Fotos nuevas: 0 | Envios OK: 0 | Envios FAIL: 0 | Reviews negativas: 0 | Fotos borradas: 0

=== SESIÓN 20:27-20:30 (13/05/2026) ===
RESERVA                   TELÉFONO             ESTADO       RESPUESTA                 REVIEW
-----------------------------------------------------------------------------------------------
9/5_14:30_maf             34665976040          ENVIADO      recordatorio FALLIDO (exception: HTTPConnectionPool(host='localhost', port=65506): Max retries exceeded with url: /session/6036e108f3aefe95973ada0da7d00d8d/source (Caused by NewConnectionError("HTTPConnection(host='localhost', port=65506): Failed to establish a new connection: [WinError 10061] No connection could be made because the target machine actively refused it"))) -
9/5_19:00_maf/csi         34%C2%A0628%C2%A061%C2%A027%C2%A078%E2%80%AC ENVIADO      recordatorio FALLIDO (exception: HTTPConnectionPool(host='localhost', port=65506): Max retries exceeded with url: /session/6036e108f3aefe95973ada0da7d00d8d/source (Caused by NewConnectionError("HTTPConnection(host='localhost', port=65506): Failed to establish a new connection: [WinError 10061] No connection could be made because the target machine actively refused it"))) -
9/5_20:30_4e              34747414084          ENVIADO      recordatorio FALLIDO (exception: HTTPConnectionPool(host='localhost', port=65506): Max retries exceeded with url: /session/6036e108f3aefe95973ada0da7d00d8d/source (Caused by NewConnectionError("HTTPConnection(host='localhost', port=65506): Failed to establish a new connection: [WinError 10061] No connection could be made because the target machine actively refused it"))) -
9/5_19:00_4e              34675651585          ENVIADO      recordatorio FALLIDO (exception: HTTPConnectionPool(host='localhost', port=65506): Max retries exceeded with url: /session/6036e108f3aefe95973ada0da7d00d8d/source (Caused by NewConnectionError("HTTPConnection(host='localhost', port=65506): Failed to establish a new connection: [WinError 10061] No connection could be made because the target machine actively refused it"))) -
10/5_17:30_maf            34722714718          ENVIADO      recordatorio FALLIDO (exception: HTTPConnectionPool(host='localhost', port=65506): Max retries exceeded with url: /session/6036e108f3aefe95973ada0da7d00d8d/source (Caused by NewConnectionError("HTTPConnection(host='localhost', port=65506): Failed to establish a new connection: [WinError 10061] No connection could be made because the target machine actively refused it"))) -
10/5_17:30_4e             34653197010          ENVIADO      recordatorio FALLIDO (exception: HTTPConnectionPool(host='localhost', port=65506): Max retries exceeded with url: /session/6036e108f3aefe95973ada0da7d00d8d/source (Caused by NewConnectionError("HTTPConnection(host='localhost', port=65506): Failed to establish a new connection: [WinError 10061] No connection could be made because the target machine actively refused it"))) -

[2026-05-13 20:30:21] POSITIVO | Fotos nuevas: 0 | Envios OK: 0 | Envios FAIL: 0 | Reviews negativas: 0 | Fotos borradas: 0

=== SESIÓN 20:32-20:32 (13/05/2026) ===
RESERVA                   TELÉFONO             ESTADO       RESPUESTA                 REVIEW
-----------------------------------------------------------------------------------------------
9/5_14:30_maf             34665976040          ENVIADO      recordatorio FALLIDO (chat_input_not_found) -
9/5_19:00_maf/csi         34%C2%A0628%C2%A061%C2%A027%C2%A078%E2%80%AC ENVIADO      recordatorio FALLIDO (chat_input_not_found) -
9/5_20:30_4e              34747414084          ENVIADO      recordatorio FALLIDO (chat_input_not_found) -
9/5_19:00_4e              34675651585          ENVIADO      recordatorio FALLIDO (chat_input_not_found) -
10/5_17:30_maf            34722714718          ENVIADO      recordatorio FALLIDO (chat_input_not_found) -
10/5_17:30_4e             34653197010          ENVIADO      recordatorio FALLIDO (chat_input_not_found) -

[2026-05-13 20:32:28] POSITIVO | Fotos nuevas: 0 | Envios OK: 0 | Envios FAIL: 0 | Reviews negativas: 0 | Fotos borradas: 0

=== SESIÓN 20:33-20:33 (13/05/2026) ===
RESERVA                   TELÉFONO             ESTADO       RESPUESTA                 REVIEW
-----------------------------------------------------------------------------------------------
9/5_14:30_maf             34665976040          ENVIADO      recordatorio FALLIDO (chat_input_not_found) -
9/5_19:00_maf/csi         34%C2%A0628%C2%A061%C2%A027%C2%A078%E2%80%AC ENVIADO      recordatorio FALLIDO (chat_input_not_found) -
9/5_20:30_4e              34747414084          ENVIADO      recordatorio FALLIDO (chat_input_not_found) -
9/5_19:00_4e              34675651585          ENVIADO      recordatorio FALLIDO (chat_input_not_found) -
10/5_17:30_maf            34722714718          ENVIADO      recordatorio FALLIDO (chat_input_not_found) -
10/5_17:30_4e             34653197010          ENVIADO      recordatorio FALLIDO (chat_input_not_found) -

[2026-05-13 20:33:45] POSITIVO | Fotos nuevas: 0 | Envios OK: 0 | Envios FAIL: 0 | Reviews negativas: 0 | Fotos borradas: 0

=== SESIÓN 20:34-20:35 (13/05/2026) ===
RESERVA                   TELÉFONO             ESTADO       RESPUESTA                 REVIEW
-----------------------------------------------------------------------------------------------
9/5_14:30_maf             34665976040          ENVIADO      recordatorio FALLIDO (chat_input_not_found) -
9/5_19:00_maf/csi         34%C2%A0628%C2%A061%C2%A027%C2%A078%E2%80%AC ENVIADO      recordatorio FALLIDO (chat_input_not_found) -
9/5_20:30_4e              34747414084          ENVIADO      recordatorio FALLIDO (chat_input_not_found) -
9/5_19:00_4e              34675651585          ENVIADO      recordatorio FALLIDO (chat_input_not_found) -
10/5_17:30_maf            34722714718          ENVIADO      recordatorio FALLIDO (chat_input_not_found) -
10/5_17:30_4e             34653197010          ENVIADO      recordatorio FALLIDO (chat_input_not_found) -

[2026-05-13 20:35:05] POSITIVO | Fotos nuevas: 0 | Envios OK: 0 | Envios FAIL: 0 | Reviews negativas: 0 | Fotos borradas: 0

=== SESIÓN 20:33-20:36 (13/05/2026) ===
RESERVA                   TELÉFONO             ESTADO       RESPUESTA                 REVIEW
-----------------------------------------------------------------------------------------------
9/5_14:30_maf             34665976040          ENVIADO      recordatorio FALLIDO (exception: HTTPConnectionPool(host='localhost', port=49705): Max retries exceeded with url: /session/43b0859bbbfe7069e0c35c8cd8412320/source (Caused by NewConnectionError("HTTPConnection(host='localhost', port=49705): Failed to establish a new connection: [WinError 10061] No connection could be made because the target machine actively refused it"))) -
9/5_19:00_maf/csi         34%C2%A0628%C2%A061%C2%A027%C2%A078%E2%80%AC ENVIADO      recordatorio FALLIDO (exception: HTTPConnectionPool(host='localhost', port=49705): Max retries exceeded with url: /session/43b0859bbbfe7069e0c35c8cd8412320/source (Caused by NewConnectionError("HTTPConnection(host='localhost', port=49705): Failed to establish a new connection: [WinError 10061] No connection could be made because the target machine actively refused it"))) -
9/5_20:30_4e              34747414084          ENVIADO      recordatorio FALLIDO (exception: HTTPConnectionPool(host='localhost', port=49705): Max retries exceeded with url: /session/43b0859bbbfe7069e0c35c8cd8412320/source (Caused by NewConnectionError("HTTPConnection(host='localhost', port=49705): Failed to establish a new connection: [WinError 10061] No connection could be made because the target machine actively refused it"))) -
9/5_19:00_4e              34675651585          ENVIADO      recordatorio FALLIDO (exception: HTTPConnectionPool(host='localhost', port=49705): Max retries exceeded with url: /session/43b0859bbbfe7069e0c35c8cd8412320/source (Caused by NewConnectionError("HTTPConnection(host='localhost', port=49705): Failed to establish a new connection: [WinError 10061] No connection could be made because the target machine actively refused it"))) -
10/5_17:30_maf            34722714718          ENVIADO      recordatorio FALLIDO (exception: HTTPConnectionPool(host='localhost', port=49705): Max retries exceeded with url: /session/43b0859bbbfe7069e0c35c8cd8412320/source (Caused by NewConnectionError("HTTPConnection(host='localhost', port=49705): Failed to establish a new connection: [WinError 10061] No connection could be made because the target machine actively refused it"))) -
10/5_17:30_4e             34653197010          ENVIADO      recordatorio FALLIDO (exception: HTTPConnectionPool(host='localhost', port=49705): Max retries exceeded with url: /session/43b0859bbbfe7069e0c35c8cd8412320/source (Caused by NewConnectionError("HTTPConnection(host='localhost', port=49705): Failed to establish a new connection: [WinError 10061] No connection could be made because the target machine actively refused it"))) -

[2026-05-13 20:36:13] POSITIVO | Fotos nuevas: 0 | Envios OK: 0 | Envios FAIL: 0 | Reviews negativas: 0 | Fotos borradas: 0

=== SESIÓN 20:36-20:36 (13/05/2026) ===
RESERVA                   TELÉFONO             ESTADO       RESPUESTA                 REVIEW
-----------------------------------------------------------------------------------------------
9/5_14:30_maf             34665976040          ENVIADO      recordatorio FALLIDO (chat_input_not_found) -
9/5_19:00_maf/csi         34%C2%A0628%C2%A061%C2%A027%C2%A078%E2%80%AC ENVIADO      recordatorio FALLIDO (chat_input_not_found) -
9/5_20:30_4e              34747414084          ENVIADO      recordatorio FALLIDO (chat_input_not_found) -
9/5_19:00_4e              34675651585          ENVIADO      recordatorio FALLIDO (chat_input_not_found) -
10/5_17:30_maf            34722714718          ENVIADO      recordatorio FALLIDO (chat_input_not_found) -
10/5_17:30_4e             34653197010          ENVIADO      recordatorio FALLIDO (exception: HTTPConnectionPool(host='localhost', port=50083): Max retries exceeded with url: /session/304a165a44c70ac6f875b8557e42c835/source (Caused by NewConnectionError("HTTPConnection(host='localhost', port=50083): Failed to establish a new connection: [WinError 10061] No connection could be made because the target machine actively refused it"))) -

[2026-05-13 20:36:46] POSITIVO | Fotos nuevas: 0 | Envios OK: 0 | Envios FAIL: 0 | Reviews negativas: 0 | Fotos borradas: 0

=== SESIÓN 20:37-20:37 (13/05/2026) ===
RESERVA                   TELÉFONO             ESTADO       RESPUESTA                 REVIEW
-----------------------------------------------------------------------------------------------
9/5_14:30_maf             34665976040          ENVIADO      recordatorio FALLIDO (chat_input_not_found) -
9/5_19:00_maf/csi         34%C2%A0628%C2%A061%C2%A027%C2%A078%E2%80%AC ENVIADO      recordatorio FALLIDO (chat_input_not_found) -
9/5_20:30_4e              34747414084          ENVIADO      recordatorio FALLIDO (chat_input_not_found) -
9/5_19:00_4e              34675651585          ENVIADO      recordatorio FALLIDO (exception: Message: invalid session id; For documentation on this error, please visit: https://www.selenium.dev/documentation/webdriver/troubleshooting/errors#invalidsessionidexception
Stacktrace:
	chromedriver!GetHandleVerifier [0xb4b373+10553]
	chromedriver!GetHandleVerifier [0xb4b4a4+10684]
	chromedriver!(No symbol) [0x951c4e]
	chromedriver!(No symbol) [0x98f2c5]
	chromedriver!(No symbol) [0x9bd726]
	chromedriver!(No symbol) [0x9b8c62]
	chromedriver!(No symbol) [0x9b8281]
	chromedriver!(No symbol) [0x92501e]
	chromedriver!(No symbol) [0x9255be]
	chromedriver!(No symbol) [0x925a9d]
	chromedriver!GetHandleVerifier [0xdcddb4+292f94]
	chromedriver!GetHandleVerifier [0xdc937d+28e55d]
	chromedriver!GetHandleVerifier [0xde8215+2ad3f5]
	chromedriver!GetHandleVerifier [0xb64c18+29df8]
	chromedriver!GetHandleVerifier [0xb6c6fd+318dd]
	chromedriver!(No symbol) [0x924b99]
	chromedriver!(No symbol) [0x9241e0]
	chromedriver!GetHandleVerifier [0xf32bef+3f7dcf]
	KERNEL32!BaseThreadInitThunk [0x765562c4+24]
	ntdll!RtlSubscribeWnfStateChangeNotification [0x770a0aa9+439]
	ntdll!RtlSubscribeWnfStateChangeNotification [0x770a0a74+404]
) -
10/5_17:30_maf            34722714718          ENVIADO      recordatorio FALLIDO (exception: Message: invalid session id; For documentation on this error, please visit: https://www.selenium.dev/documentation/webdriver/troubleshooting/errors#invalidsessionidexception
Stacktrace:
	chromedriver!GetHandleVerifier [0xb4b373+10553]
	chromedriver!GetHandleVerifier [0xb4b4a4+10684]
	chromedriver!(No symbol) [0x951c4e]
	chromedriver!(No symbol) [0x98f2c5]
	chromedriver!(No symbol) [0x9bd726]
	chromedriver!(No symbol) [0x9b8c62]
	chromedriver!(No symbol) [0x9b8281]
	chromedriver!(No symbol) [0x92501e]
	chromedriver!(No symbol) [0x9255be]
	chromedriver!(No symbol) [0x925a9d]
	chromedriver!GetHandleVerifier [0xdcddb4+292f94]
	chromedriver!GetHandleVerifier [0xdc937d+28e55d]
	chromedriver!GetHandleVerifier [0xde8215+2ad3f5]
	chromedriver!GetHandleVerifier [0xb64c18+29df8]
	chromedriver!GetHandleVerifier [0xb6c6fd+318dd]
	chromedriver!(No symbol) [0x924b99]
	chromedriver!(No symbol) [0x9241e0]
	chromedriver!GetHandleVerifier [0xf32bef+3f7dcf]
	KERNEL32!BaseThreadInitThunk [0x765562c4+24]
	ntdll!RtlSubscribeWnfStateChangeNotification [0x770a0aa9+439]
	ntdll!RtlSubscribeWnfStateChangeNotification [0x770a0a74+404]
) -
10/5_17:30_4e             34653197010          ENVIADO      recordatorio FALLIDO (exception: Message: invalid session id; For documentation on this error, please visit: https://www.selenium.dev/documentation/webdriver/troubleshooting/errors#invalidsessionidexception
Stacktrace:
	chromedriver!GetHandleVerifier [0xb4b373+10553]
	chromedriver!GetHandleVerifier [0xb4b4a4+10684]
	chromedriver!(No symbol) [0x951c4e]
	chromedriver!(No symbol) [0x98f2c5]
	chromedriver!(No symbol) [0x9bd726]
	chromedriver!(No symbol) [0x9b8c62]
	chromedriver!(No symbol) [0x9b8281]
	chromedriver!(No symbol) [0x92501e]
	chromedriver!(No symbol) [0x9255be]
	chromedriver!(No symbol) [0x925a9d]
	chromedriver!GetHandleVerifier [0xdcddb4+292f94]
	chromedriver!GetHandleVerifier [0xdc937d+28e55d]
	chromedriver!GetHandleVerifier [0xde8215+2ad3f5]
	chromedriver!GetHandleVerifier [0xb64c18+29df8]
	chromedriver!GetHandleVerifier [0xb6c6fd+318dd]
	chromedriver!(No symbol) [0x924b99]
	chromedriver!(No symbol) [0x9241e0]
	chromedriver!GetHandleVerifier [0xf32bef+3f7dcf]
	KERNEL32!BaseThreadInitThunk [0x765562c4+24]
	ntdll!RtlSubscribeWnfStateChangeNotification [0x770a0aa9+439]
	ntdll!RtlSubscribeWnfStateChangeNotification [0x770a0a74+404]
) -

[2026-05-13 20:37:34] POSITIVO | Fotos nuevas: 0 | Envios OK: 0 | Envios FAIL: 0 | Reviews negativas: 0 | Fotos borradas: 0

=== SESIÓN 20:39-20:39 (13/05/2026) ===
RESERVA                   TELÉFONO             ESTADO       RESPUESTA                 REVIEW
-----------------------------------------------------------------------------------------------
9/5_14:30_maf             34665976040          ENVIADO      recordatorio FALLIDO (chat_input_not_found) -
9/5_19:00_maf/csi         34%C2%A0628%C2%A061%C2%A027%C2%A078%E2%80%AC ENVIADO      recordatorio FALLIDO (chat_input_not_found) -
9/5_20:30_4e              34747414084          ENVIADO      recordatorio FALLIDO (chat_input_not_found) -
9/5_19:00_4e              34675651585          ENVIADO      recordatorio FALLIDO (chat_input_not_found) -
10/5_17:30_maf            34722714718          ENVIADO      recordatorio FALLIDO (chat_input_not_found) -
10/5_17:30_4e             34653197010          ENVIADO      recordatorio FALLIDO (chat_input_not_found) -

[2026-05-13 20:39:29] POSITIVO | Fotos nuevas: 0 | Envios OK: 0 | Envios FAIL: 0 | Reviews negativas: 0 | Fotos borradas: 0
[2026-05-13 20:39:52] NEGATIVO | WhatsApp no conectado (QR visible) — ciclo abortado

=== SESIÓN 20:40-20:40 (13/05/2026) ===
RESERVA                   TELÉFONO             ESTADO       RESPUESTA                 REVIEW
-----------------------------------------------------------------------------------------------
9/5_14:30_maf             34665976040          ENVIADO      recordatorio FALLIDO (chat_input_not_found) -
9/5_19:00_maf/csi         34%C2%A0628%C2%A061%C2%A027%C2%A078%E2%80%AC ENVIADO      recordatorio FALLIDO (chat_input_not_found) -
9/5_20:30_4e              34747414084          ENVIADO      recordatorio FALLIDO (exception: Message: invalid session id; For documentation on this error, please visit: https://www.selenium.dev/documentation/webdriver/troubleshooting/errors#invalidsessionidexception
Stacktrace:
	chromedriver!GetHandleVerifier [0xb4b373+10553]
	chromedriver!GetHandleVerifier [0xb4b4a4+10684]
	chromedriver!(No symbol) [0x951c4e]
	chromedriver!(No symbol) [0x98f2c5]
	chromedriver!(No symbol) [0x9bd726]
	chromedriver!(No symbol) [0x9b8c62]
	chromedriver!(No symbol) [0x9b8281]
	chromedriver!(No symbol) [0x92501e]
	chromedriver!(No symbol) [0x9255be]
	chromedriver!(No symbol) [0x925a9d]
	chromedriver!GetHandleVerifier [0xdcddb4+292f94]
	chromedriver!GetHandleVerifier [0xdc937d+28e55d]
	chromedriver!GetHandleVerifier [0xde8215+2ad3f5]
	chromedriver!GetHandleVerifier [0xb64c18+29df8]
	chromedriver!GetHandleVerifier [0xb6c6fd+318dd]
	chromedriver!(No symbol) [0x924b99]
	chromedriver!(No symbol) [0x9241e0]
	chromedriver!GetHandleVerifier [0xf32bef+3f7dcf]
	KERNEL32!BaseThreadInitThunk [0x765562c4+24]
	ntdll!RtlSubscribeWnfStateChangeNotification [0x770a0aa9+439]
	ntdll!RtlSubscribeWnfStateChangeNotification [0x770a0a74+404]
) -
9/5_19:00_4e              34675651585          ENVIADO      recordatorio FALLIDO (exception: Message: invalid session id; For documentation on this error, please visit: https://www.selenium.dev/documentation/webdriver/troubleshooting/errors#invalidsessionidexception
Stacktrace:
	chromedriver!GetHandleVerifier [0xb4b373+10553]
	chromedriver!GetHandleVerifier [0xb4b4a4+10684]
	chromedriver!(No symbol) [0x951c4e]
	chromedriver!(No symbol) [0x98f2c5]
	chromedriver!(No symbol) [0x9bd726]
	chromedriver!(No symbol) [0x9b8c62]
	chromedriver!(No symbol) [0x9b8281]
	chromedriver!(No symbol) [0x92501e]
	chromedriver!(No symbol) [0x9255be]
	chromedriver!(No symbol) [0x925a9d]
	chromedriver!GetHandleVerifier [0xdcddb4+292f94]
	chromedriver!GetHandleVerifier [0xdc937d+28e55d]
	chromedriver!GetHandleVerifier [0xde8215+2ad3f5]
	chromedriver!GetHandleVerifier [0xb64c18+29df8]
	chromedriver!GetHandleVerifier [0xb6c6fd+318dd]
	chromedriver!(No symbol) [0x924b99]
	chromedriver!(No symbol) [0x9241e0]
	chromedriver!GetHandleVerifier [0xf32bef+3f7dcf]
	KERNEL32!BaseThreadInitThunk [0x765562c4+24]
	ntdll!RtlSubscribeWnfStateChangeNotification [0x770a0aa9+439]
	ntdll!RtlSubscribeWnfStateChangeNotification [0x770a0a74+404]
) -
10/5_17:30_maf            34722714718          ENVIADO      recordatorio FALLIDO (exception: Message: invalid session id; For documentation on this error, please visit: https://www.selenium.dev/documentation/webdriver/troubleshooting/errors#invalidsessionidexception
Stacktrace:
	chromedriver!GetHandleVerifier [0xb4b373+10553]
	chromedriver!GetHandleVerifier [0xb4b4a4+10684]
	chromedriver!(No symbol) [0x951c4e]
	chromedriver!(No symbol) [0x98f2c5]
	chromedriver!(No symbol) [0x9bd726]
	chromedriver!(No symbol) [0x9b8c62]
	chromedriver!(No symbol) [0x9b8281]
	chromedriver!(No symbol) [0x92501e]
	chromedriver!(No symbol) [0x9255be]
	chromedriver!(No symbol) [0x925a9d]
	chromedriver!GetHandleVerifier [0xdcddb4+292f94]
	chromedriver!GetHandleVerifier [0xdc937d+28e55d]
	chromedriver!GetHandleVerifier [0xde8215+2ad3f5]
	chromedriver!GetHandleVerifier [0xb64c18+29df8]
	chromedriver!GetHandleVerifier [0xb6c6fd+318dd]
	chromedriver!(No symbol) [0x924b99]
	chromedriver!(No symbol) [0x9241e0]
	chromedriver!GetHandleVerifier [0xf32bef+3f7dcf]
	KERNEL32!BaseThreadInitThunk [0x765562c4+24]
	ntdll!RtlSubscribeWnfStateChangeNotification [0x770a0aa9+439]
	ntdll!RtlSubscribeWnfStateChangeNotification [0x770a0a74+404]
) -
10/5_17:30_4e             34653197010          ENVIADO      recordatorio FALLIDO (exception: HTTPConnectionPool(host='localhost', port=50355): Max retries exceeded with url: /session/9a5aaef889bfd9f4dc17142b5857a376/source (Caused by NewConnectionError("HTTPConnection(host='localhost', port=50355): Failed to establish a new connection: [WinError 10061] No connection could be made because the target machine actively refused it"))) -

[2026-05-13 20:40:46] POSITIVO | Fotos nuevas: 0 | Envios OK: 0 | Envios FAIL: 0 | Reviews negativas: 0 | Fotos borradas: 0

=== SESIÓN 20:42-20:42 (13/05/2026) ===
RESERVA                   TELÉFONO             ESTADO       RESPUESTA                 REVIEW
-----------------------------------------------------------------------------------------------
9/5_14:30_maf             34665976040          ENVIADO      recordatorio FALLIDO (chat_input_not_found) -
9/5_19:00_maf/csi         34%C2%A0628%C2%A061%C2%A027%C2%A078%E2%80%AC ENVIADO      recordatorio FALLIDO (chat_input_not_found) -
9/5_20:30_4e              34747414084          ENVIADO      recordatorio FALLIDO (chat_input_not_found) -
9/5_19:00_4e              34675651585          ENVIADO      recordatorio FALLIDO (chat_input_not_found) -
10/5_17:30_maf            34722714718          ENVIADO      recordatorio FALLIDO (chat_input_not_found) -
10/5_17:30_4e             34653197010          ENVIADO      recordatorio FALLIDO (chat_input_not_found) -

[2026-05-13 20:42:49] POSITIVO | Fotos nuevas: 0 | Envios OK: 0 | Envios FAIL: 0 | Reviews negativas: 0 | Fotos borradas: 0

=== SESIÓN 20:43-20:44 (13/05/2026) ===
RESERVA                   TELÉFONO             ESTADO       RESPUESTA                 REVIEW
-----------------------------------------------------------------------------------------------
9/5_14:30_maf             34665976040          ENVIADO      recordatorio FALLIDO (chat_input_not_found) -
9/5_19:00_maf/csi         34%C2%A0628%C2%A061%C2%A027%C2%A078%E2%80%AC ENVIADO      recordatorio FALLIDO (chat_input_not_found) -
9/5_20:30_4e              34747414084          ENVIADO      recordatorio FALLIDO (chat_input_not_found) -
9/5_19:00_4e              34675651585          ENVIADO      recordatorio FALLIDO (chat_input_not_found) -
10/5_17:30_maf            34722714718          ENVIADO      recordatorio FALLIDO (chat_input_not_found) -
10/5_17:30_4e             34653197010          ENVIADO      recordatorio FALLIDO (chat_input_not_found) -

[2026-05-13 20:44:05] POSITIVO | Fotos nuevas: 0 | Envios OK: 0 | Envios FAIL: 0 | Reviews negativas: 0 | Fotos borradas: 0

=== SESIÓN 20:45-20:45 (13/05/2026) ===
RESERVA                   TELÉFONO             ESTADO       RESPUESTA                 REVIEW
-----------------------------------------------------------------------------------------------
9/5_14:30_maf             34665976040          ENVIADO      recordatorio FALLIDO (chat_input_not_found) -
9/5_19:00_maf/csi         34%C2%A0628%C2%A061%C2%A027%C2%A078%E2%80%AC ENVIADO      recordatorio FALLIDO (chat_input_not_found) -
9/5_20:30_4e              34747414084          ENVIADO      recordatorio FALLIDO (chat_input_not_found) -
9/5_19:00_4e              34675651585          ENVIADO      recordatorio FALLIDO (chat_input_not_found) -
10/5_17:30_maf            34722714718          ENVIADO      recordatorio FALLIDO (chat_input_not_found) -
10/5_17:30_4e             34653197010          ENVIADO      recordatorio FALLIDO (chat_input_not_found) -

[2026-05-13 20:45:24] POSITIVO | Fotos nuevas: 0 | Envios OK: 0 | Envios FAIL: 0 | Reviews negativas: 0 | Fotos borradas: 0

=== SESIÓN 20:46-20:46 (13/05/2026) ===
RESERVA                   TELÉFONO             ESTADO       RESPUESTA                 REVIEW
-----------------------------------------------------------------------------------------------
9/5_14:30_maf             34665976040          ENVIADO      recordatorio FALLIDO (chat_input_not_found) -
9/5_19:00_maf/csi         34%C2%A0628%C2%A061%C2%A027%C2%A078%E2%80%AC ENVIADO      recordatorio FALLIDO (chat_input_not_found) -
9/5_20:30_4e              34747414084          ENVIADO      recordatorio FALLIDO (chat_input_not_found) -
9/5_19:00_4e              34675651585          ENVIADO      recordatorio FALLIDO (chat_input_not_found) -
10/5_17:30_maf            34722714718          ENVIADO      recordatorio FALLIDO (chat_input_not_found) -
10/5_17:30_4e             34653197010          ENVIADO      recordatorio FALLIDO (chat_input_not_found) -

[2026-05-13 20:46:42] POSITIVO | Fotos nuevas: 0 | Envios OK: 0 | Envios FAIL: 0 | Reviews negativas: 0 | Fotos borradas: 0

=== SESIÓN 20:47-20:48 (13/05/2026) ===
RESERVA                   TELÉFONO             ESTADO       RESPUESTA                 REVIEW
-----------------------------------------------------------------------------------------------
9/5_14:30_maf             34665976040          ENVIADO      recordatorio FALLIDO (chat_input_not_found) -
9/5_19:00_maf/csi         34%C2%A0628%C2%A061%C2%A027%C2%A078%E2%80%AC ENVIADO      recordatorio FALLIDO (chat_input_not_found) -
9/5_20:30_4e              34747414084          ENVIADO      recordatorio FALLIDO (chat_input_not_found) -
9/5_19:00_4e              34675651585          ENVIADO      recordatorio FALLIDO (chat_input_not_found) -
10/5_17:30_maf            34722714718          ENVIADO      recordatorio FALLIDO (chat_input_not_found) -
10/5_17:30_4e             34653197010          ENVIADO      recordatorio FALLIDO (chat_input_not_found) -

[2026-05-13 20:48:01] POSITIVO | Fotos nuevas: 0 | Envios OK: 0 | Envios FAIL: 0 | Reviews negativas: 0 | Fotos borradas: 0

=== SESIÓN 20:49-20:49 (13/05/2026) ===
RESERVA                   TELÉFONO             ESTADO       RESPUESTA                 REVIEW
-----------------------------------------------------------------------------------------------
9/5_14:30_maf             34665976040          ENVIADO      recordatorio FALLIDO (chat_input_not_found) -
9/5_19:00_maf/csi         34%C2%A0628%C2%A061%C2%A027%C2%A078%E2%80%AC ENVIADO      recordatorio FALLIDO (chat_input_not_found) -
9/5_20:30_4e              34747414084          ENVIADO      recordatorio FALLIDO (chat_input_not_found) -
9/5_19:00_4e              34675651585          ENVIADO      recordatorio FALLIDO (chat_input_not_found) -
10/5_17:30_maf            34722714718          ENVIADO      recordatorio FALLIDO (chat_input_not_found) -
10/5_17:30_4e             34653197010          ENVIADO      recordatorio FALLIDO (chat_input_not_found) -

[2026-05-13 20:49:21] POSITIVO | Fotos nuevas: 0 | Envios OK: 0 | Envios FAIL: 0 | Reviews negativas: 0 | Fotos borradas: 0

=== SESIÓN 20:46-20:49 (13/05/2026) ===
RESERVA                   TELÉFONO             ESTADO       RESPUESTA                 REVIEW
-----------------------------------------------------------------------------------------------
9/5_14:30_maf             34665976040          ENVIADO      recordatorio FALLIDO (exception: HTTPConnectionPool(host='localhost', port=50406): Max retries exceeded with url: /session/089f736f3b1475f854ebece660da5682/source (Caused by NewConnectionError("HTTPConnection(host='localhost', port=50406): Failed to establish a new connection: [WinError 10061] No connection could be made because the target machine actively refused it"))) -
9/5_19:00_maf/csi         34%C2%A0628%C2%A061%C2%A027%C2%A078%E2%80%AC ENVIADO      recordatorio FALLIDO (exception: HTTPConnectionPool(host='localhost', port=50406): Max retries exceeded with url: /session/089f736f3b1475f854ebece660da5682/source (Caused by NewConnectionError("HTTPConnection(host='localhost', port=50406): Failed to establish a new connection: [WinError 10061] No connection could be made because the target machine actively refused it"))) -
9/5_20:30_4e              34747414084          ENVIADO      recordatorio FALLIDO (exception: HTTPConnectionPool(host='localhost', port=50406): Max retries exceeded with url: /session/089f736f3b1475f854ebece660da5682/source (Caused by NewConnectionError("HTTPConnection(host='localhost', port=50406): Failed to establish a new connection: [WinError 10061] No connection could be made because the target machine actively refused it"))) -
9/5_19:00_4e              34675651585          ENVIADO      recordatorio FALLIDO (exception: HTTPConnectionPool(host='localhost', port=50406): Max retries exceeded with url: /session/089f736f3b1475f854ebece660da5682/source (Caused by NewConnectionError("HTTPConnection(host='localhost', port=50406): Failed to establish a new connection: [WinError 10061] No connection could be made because the target machine actively refused it"))) -
10/5_17:30_maf            34722714718          ENVIADO      recordatorio FALLIDO (exception: HTTPConnectionPool(host='localhost', port=50406): Max retries exceeded with url: /session/089f736f3b1475f854ebece660da5682/source (Caused by NewConnectionError("HTTPConnection(host='localhost', port=50406): Failed to establish a new connection: [WinError 10061] No connection could be made because the target machine actively refused it"))) -
10/5_17:30_4e             34653197010          ENVIADO      recordatorio FALLIDO (exception: HTTPConnectionPool(host='localhost', port=50406): Max retries exceeded with url: /session/089f736f3b1475f854ebece660da5682/source (Caused by NewConnectionError("HTTPConnection(host='localhost', port=50406): Failed to establish a new connection: [WinError 10061] No connection could be made because the target machine actively refused it"))) -

[2026-05-13 20:49:26] POSITIVO | Fotos nuevas: 0 | Envios OK: 0 | Envios FAIL: 0 | Reviews negativas: 0 | Fotos borradas: 0

=== SESIÓN 20:51-20:51 (13/05/2026) ===
RESERVA                   TELÉFONO             ESTADO       RESPUESTA                 REVIEW
-----------------------------------------------------------------------------------------------
9/5_14:30_maf             34665976040          ENVIADO      recordatorio FALLIDO (chat_input_not_found) -
9/5_19:00_maf/csi         34%C2%A0628%C2%A061%C2%A027%C2%A078%E2%80%AC ENVIADO      recordatorio FALLIDO (chat_input_not_found) -
9/5_20:30_4e              34747414084          ENVIADO      recordatorio FALLIDO (chat_input_not_found) -
9/5_19:00_4e              34675651585          ENVIADO      recordatorio FALLIDO (chat_input_not_found) -
10/5_17:30_maf            34722714718          ENVIADO      recordatorio FALLIDO (chat_input_not_found) -
10/5_17:30_4e             34653197010          ENVIADO      recordatorio FALLIDO (chat_input_not_found) -

[2026-05-13 20:51:34] POSITIVO | Fotos nuevas: 0 | Envios OK: 0 | Envios FAIL: 0 | Reviews negativas: 0 | Fotos borradas: 0

=== SESIÓN 20:52-20:52 (13/05/2026) ===
RESERVA                   TELÉFONO             ESTADO       RESPUESTA                 REVIEW
-----------------------------------------------------------------------------------------------
9/5_14:30_maf             34665976040          ENVIADO      recordatorio FALLIDO (chat_input_not_found) -
9/5_19:00_maf/csi         34%C2%A0628%C2%A061%C2%A027%C2%A078%E2%80%AC ENVIADO      recordatorio FALLIDO (chat_input_not_found) -
9/5_20:30_4e              34747414084          ENVIADO      recordatorio FALLIDO (chat_input_not_found) -
9/5_19:00_4e              34675651585          ENVIADO      recordatorio FALLIDO (chat_input_not_found) -
10/5_17:30_maf            34722714718          ENVIADO      recordatorio FALLIDO (chat_input_not_found) -
10/5_17:30_4e             34653197010          ENVIADO      recordatorio FALLIDO (chat_input_not_found) -

[2026-05-13 20:52:52] POSITIVO | Fotos nuevas: 0 | Envios OK: 0 | Envios FAIL: 0 | Reviews negativas: 0 | Fotos borradas: 0

=== SESIÓN 20:54-20:54 (13/05/2026) ===
RESERVA                   TELÉFONO             ESTADO       RESPUESTA                 REVIEW
-----------------------------------------------------------------------------------------------
9/5_14:30_maf             34665976040          ENVIADO      recordatorio FALLIDO (chat_input_not_found) -
9/5_19:00_maf/csi         34%C2%A0628%C2%A061%C2%A027%C2%A078%E2%80%AC ENVIADO      recordatorio FALLIDO (chat_input_not_found) -
9/5_20:30_4e              34747414084          ENVIADO      recordatorio FALLIDO (chat_input_not_found) -
9/5_19:00_4e              34675651585          ENVIADO      recordatorio FALLIDO (chat_input_not_found) -
10/5_17:30_maf            34722714718          ENVIADO      recordatorio FALLIDO (chat_input_not_found) -
10/5_17:30_4e             34653197010          ENVIADO      recordatorio FALLIDO (chat_input_not_found) -

[2026-05-13 20:54:13] POSITIVO | Fotos nuevas: 0 | Envios OK: 0 | Envios FAIL: 0 | Reviews negativas: 0 | Fotos borradas: 0

=== SESIÓN 20:55-20:55 (13/05/2026) ===
RESERVA                   TELÉFONO             ESTADO       RESPUESTA                 REVIEW
-----------------------------------------------------------------------------------------------
9/5_14:30_maf             34665976040          ENVIADO      recordatorio FALLIDO (chat_input_not_found) -
9/5_19:00_maf/csi         34%C2%A0628%C2%A061%C2%A027%C2%A078%E2%80%AC ENVIADO      recordatorio FALLIDO (chat_input_not_found) -
9/5_20:30_4e              34747414084          ENVIADO      recordatorio FALLIDO (chat_input_not_found) -
9/5_19:00_4e              34675651585          ENVIADO      recordatorio FALLIDO (chat_input_not_found) -
10/5_17:30_maf            34722714718          ENVIADO      recordatorio FALLIDO (chat_input_not_found) -
10/5_17:30_4e             34653197010          ENVIADO      recordatorio FALLIDO (chat_input_not_found) -

[2026-05-13 20:55:33] POSITIVO | Fotos nuevas: 0 | Envios OK: 0 | Envios FAIL: 0 | Reviews negativas: 0 | Fotos borradas: 0

=== SESIÓN 20:56-20:56 (13/05/2026) ===
RESERVA                   TELÉFONO             ESTADO       RESPUESTA                 REVIEW
-----------------------------------------------------------------------------------------------
9/5_14:30_maf             34665976040          ENVIADO      recordatorio FALLIDO (chat_input_not_found) -
9/5_19:00_maf/csi         34%C2%A0628%C2%A061%C2%A027%C2%A078%E2%80%AC ENVIADO      recordatorio FALLIDO (chat_input_not_found) -
9/5_20:30_4e              34747414084          ENVIADO      recordatorio FALLIDO (chat_input_not_found) -
9/5_19:00_4e              34675651585          ENVIADO      recordatorio FALLIDO (chat_input_not_found) -
10/5_17:30_maf            34722714718          ENVIADO      recordatorio FALLIDO (chat_input_not_found) -
10/5_17:30_4e             34653197010          ENVIADO      recordatorio FALLIDO (chat_input_not_found) -

[2026-05-13 20:56:53] POSITIVO | Fotos nuevas: 0 | Envios OK: 0 | Envios FAIL: 0 | Reviews negativas: 0 | Fotos borradas: 0

=== SESIÓN 20:58-20:58 (13/05/2026) ===
RESERVA                   TELÉFONO             ESTADO       RESPUESTA                 REVIEW
-----------------------------------------------------------------------------------------------
9/5_14:30_maf             34665976040          ENVIADO      recordatorio FALLIDO (chat_input_not_found) -
9/5_19:00_maf/csi         34%C2%A0628%C2%A061%C2%A027%C2%A078%E2%80%AC ENVIADO      recordatorio FALLIDO (chat_input_not_found) -
9/5_20:30_4e              34747414084          ENVIADO      recordatorio FALLIDO (chat_input_not_found) -
9/5_19:00_4e              34675651585          ENVIADO      recordatorio FALLIDO (chat_input_not_found) -
10/5_17:30_maf            34722714718          ENVIADO      recordatorio FALLIDO (chat_input_not_found) -
10/5_17:30_4e             34653197010          ENVIADO      recordatorio FALLIDO (chat_input_not_found) -

[2026-05-13 20:58:12] POSITIVO | Fotos nuevas: 0 | Envios OK: 0 | Envios FAIL: 0 | Reviews negativas: 0 | Fotos borradas: 0

=== SESIÓN 20:59-20:59 (13/05/2026) ===
RESERVA                   TELÉFONO             ESTADO       RESPUESTA                 REVIEW
-----------------------------------------------------------------------------------------------
9/5_14:30_maf             34665976040          ENVIADO      recordatorio FALLIDO (chat_input_not_found) -
9/5_19:00_maf/csi         34%C2%A0628%C2%A061%C2%A027%C2%A078%E2%80%AC ENVIADO      recordatorio FALLIDO (chat_input_not_found) -
9/5_20:30_4e              34747414084          ENVIADO      recordatorio FALLIDO (chat_input_not_found) -
9/5_19:00_4e              34675651585          ENVIADO      recordatorio FALLIDO (chat_input_not_found) -
10/5_17:30_maf            34722714718          ENVIADO      recordatorio FALLIDO (chat_input_not_found) -
10/5_17:30_4e             34653197010          ENVIADO      recordatorio FALLIDO (chat_input_not_found) -

[2026-05-13 20:59:33] POSITIVO | Fotos nuevas: 0 | Envios OK: 0 | Envios FAIL: 0 | Reviews negativas: 0 | Fotos borradas: 0

=== SESIÓN 20:57-20:59 (13/05/2026) ===
RESERVA                   TELÉFONO             ESTADO       RESPUESTA                 REVIEW
-----------------------------------------------------------------------------------------------
9/5_14:30_maf             34665976040          ENVIADO      recordatorio FALLIDO (exception: HTTPConnectionPool(host='localhost', port=51304): Max retries exceeded with url: /session/22ecb41599eb46717fef840d462ab091/source (Caused by NewConnectionError("HTTPConnection(host='localhost', port=51304): Failed to establish a new connection: [WinError 10061] No connection could be made because the target machine actively refused it"))) -
9/5_19:00_maf/csi         34%C2%A0628%C2%A061%C2%A027%C2%A078%E2%80%AC ENVIADO      recordatorio FALLIDO (exception: HTTPConnectionPool(host='localhost', port=51304): Max retries exceeded with url: /session/22ecb41599eb46717fef840d462ab091/source (Caused by NewConnectionError("HTTPConnection(host='localhost', port=51304): Failed to establish a new connection: [WinError 10061] No connection could be made because the target machine actively refused it"))) -
9/5_20:30_4e              34747414084          ENVIADO      recordatorio FALLIDO (exception: HTTPConnectionPool(host='localhost', port=51304): Max retries exceeded with url: /session/22ecb41599eb46717fef840d462ab091/source (Caused by NewConnectionError("HTTPConnection(host='localhost', port=51304): Failed to establish a new connection: [WinError 10061] No connection could be made because the target machine actively refused it"))) -
9/5_19:00_4e              34675651585          ENVIADO      recordatorio FALLIDO (exception: HTTPConnectionPool(host='localhost', port=51304): Max retries exceeded with url: /session/22ecb41599eb46717fef840d462ab091/source (Caused by NewConnectionError("HTTPConnection(host='localhost', port=51304): Failed to establish a new connection: [WinError 10061] No connection could be made because the target machine actively refused it"))) -
10/5_17:30_maf            34722714718          ENVIADO      recordatorio FALLIDO (exception: HTTPConnectionPool(host='localhost', port=51304): Max retries exceeded with url: /session/22ecb41599eb46717fef840d462ab091/source (Caused by NewConnectionError("HTTPConnection(host='localhost', port=51304): Failed to establish a new connection: [WinError 10061] No connection could be made because the target machine actively refused it"))) -
10/5_17:30_4e             34653197010          ENVIADO      recordatorio FALLIDO (exception: HTTPConnectionPool(host='localhost', port=51304): Max retries exceeded with url: /session/22ecb41599eb46717fef840d462ab091/source (Caused by NewConnectionError("HTTPConnection(host='localhost', port=51304): Failed to establish a new connection: [WinError 10061] No connection could be made because the target machine actively refused it"))) -

[2026-05-13 20:59:49] POSITIVO | Fotos nuevas: 0 | Envios OK: 0 | Envios FAIL: 0 | Reviews negativas: 0 | Fotos borradas: 0

=== SESIÓN 21:01-21:01 (13/05/2026) ===
RESERVA                   TELÉFONO             ESTADO       RESPUESTA                 REVIEW
-----------------------------------------------------------------------------------------------
9/5_14:30_maf             34665976040          ENVIADO      recordatorio FALLIDO (chat_input_not_found) -
9/5_19:00_maf/csi         34%C2%A0628%C2%A061%C2%A027%C2%A078%E2%80%AC ENVIADO      recordatorio FALLIDO (chat_input_not_found) -
9/5_20:30_4e              34747414084          ENVIADO      recordatorio FALLIDO (chat_input_not_found) -
9/5_19:00_4e              34675651585          ENVIADO      recordatorio FALLIDO (chat_input_not_found) -
10/5_17:30_maf            34722714718          ENVIADO      recordatorio FALLIDO (chat_input_not_found) -
10/5_17:30_4e             34653197010          ENVIADO      recordatorio FALLIDO (chat_input_not_found) -

[2026-05-13 21:01:57] POSITIVO | Fotos nuevas: 0 | Envios OK: 0 | Envios FAIL: 0 | Reviews negativas: 0 | Fotos borradas: 0

=== SESIÓN 21:03-21:03 (13/05/2026) ===
RESERVA                   TELÉFONO             ESTADO       RESPUESTA                 REVIEW
-----------------------------------------------------------------------------------------------
9/5_14:30_maf             34665976040          ENVIADO      recordatorio FALLIDO (chat_input_not_found) -
9/5_19:00_maf/csi         34%C2%A0628%C2%A061%C2%A027%C2%A078%E2%80%AC ENVIADO      recordatorio FALLIDO (chat_input_not_found) -
9/5_20:30_4e              34747414084          ENVIADO      recordatorio FALLIDO (chat_input_not_found) -
9/5_19:00_4e              34675651585          ENVIADO      recordatorio FALLIDO (chat_input_not_found) -
10/5_17:30_maf            34722714718          ENVIADO      recordatorio FALLIDO (chat_input_not_found) -
10/5_17:30_4e             34653197010          ENVIADO      recordatorio FALLIDO (chat_input_not_found) -

[2026-05-13 21:03:17] POSITIVO | Fotos nuevas: 0 | Envios OK: 0 | Envios FAIL: 0 | Reviews negativas: 0 | Fotos borradas: 0

=== SESIÓN 21:04-21:04 (13/05/2026) ===
RESERVA                   TELÉFONO             ESTADO       RESPUESTA                 REVIEW
-----------------------------------------------------------------------------------------------
9/5_14:30_maf             34665976040          ENVIADO      recordatorio FALLIDO (chat_input_not_found) -
9/5_19:00_maf/csi         34%C2%A0628%C2%A061%C2%A027%C2%A078%E2%80%AC ENVIADO      recordatorio FALLIDO (chat_input_not_found) -
9/5_20:30_4e              34747414084          ENVIADO      recordatorio FALLIDO (chat_input_not_found) -
9/5_19:00_4e              34675651585          ENVIADO      recordatorio FALLIDO (chat_input_not_found) -
10/5_17:30_maf            34722714718          ENVIADO      recordatorio FALLIDO (chat_input_not_found) -
10/5_17:30_4e             34653197010          ENVIADO      recordatorio FALLIDO (chat_input_not_found) -

[2026-05-13 21:04:37] POSITIVO | Fotos nuevas: 0 | Envios OK: 0 | Envios FAIL: 0 | Reviews negativas: 0 | Fotos borradas: 0

=== SESIÓN 21:02-21:05 (13/05/2026) ===
RESERVA                   TELÉFONO             ESTADO       RESPUESTA                 REVIEW
-----------------------------------------------------------------------------------------------
9/5_14:30_maf             34665976040          ENVIADO      recordatorio FALLIDO (exception: HTTPConnectionPool(host='localhost', port=52250): Max retries exceeded with url: /session/da9309c0f1dc929ac28ac35311c12927/source (Caused by NewConnectionError("HTTPConnection(host='localhost', port=52250): Failed to establish a new connection: [WinError 10061] No connection could be made because the target machine actively refused it"))) -
9/5_19:00_maf/csi         34%C2%A0628%C2%A061%C2%A027%C2%A078%E2%80%AC ENVIADO      recordatorio FALLIDO (exception: HTTPConnectionPool(host='localhost', port=52250): Max retries exceeded with url: /session/da9309c0f1dc929ac28ac35311c12927/source (Caused by NewConnectionError("HTTPConnection(host='localhost', port=52250): Failed to establish a new connection: [WinError 10061] No connection could be made because the target machine actively refused it"))) -
9/5_20:30_4e              34747414084          ENVIADO      recordatorio FALLIDO (exception: HTTPConnectionPool(host='localhost', port=52250): Max retries exceeded with url: /session/da9309c0f1dc929ac28ac35311c12927/source (Caused by NewConnectionError("HTTPConnection(host='localhost', port=52250): Failed to establish a new connection: [WinError 10061] No connection could be made because the target machine actively refused it"))) -
9/5_19:00_4e              34675651585          ENVIADO      recordatorio FALLIDO (exception: HTTPConnectionPool(host='localhost', port=52250): Max retries exceeded with url: /session/da9309c0f1dc929ac28ac35311c12927/source (Caused by NewConnectionError("HTTPConnection(host='localhost', port=52250): Failed to establish a new connection: [WinError 10061] No connection could be made because the target machine actively refused it"))) -
10/5_17:30_maf            34722714718          ENVIADO      recordatorio FALLIDO (exception: HTTPConnectionPool(host='localhost', port=52250): Max retries exceeded with url: /session/da9309c0f1dc929ac28ac35311c12927/source (Caused by NewConnectionError("HTTPConnection(host='localhost', port=52250): Failed to establish a new connection: [WinError 10061] No connection could be made because the target machine actively refused it"))) -
10/5_17:30_4e             34653197010          ENVIADO      recordatorio FALLIDO (exception: HTTPConnectionPool(host='localhost', port=52250): Max retries exceeded with url: /session/da9309c0f1dc929ac28ac35311c12927/source (Caused by NewConnectionError("HTTPConnection(host='localhost', port=52250): Failed to establish a new connection: [WinError 10061] No connection could be made because the target machine actively refused it"))) -

[2026-05-13 21:05:33] POSITIVO | Fotos nuevas: 0 | Envios OK: 0 | Envios FAIL: 0 | Reviews negativas: 0 | Fotos borradas: 0

=== SESIÓN 21:06-21:07 (13/05/2026) ===
RESERVA                   TELÉFONO             ESTADO       RESPUESTA                 REVIEW
-----------------------------------------------------------------------------------------------
9/5_14:30_maf             34665976040          ENVIADO      recordatorio FALLIDO (chat_input_not_found) -
9/5_19:00_maf/csi         34%C2%A0628%C2%A061%C2%A027%C2%A078%E2%80%AC ENVIADO      recordatorio FALLIDO (chat_input_not_found) -
9/5_20:30_4e              34747414084          ENVIADO      recordatorio FALLIDO (chat_input_not_found) -
9/5_19:00_4e              34675651585          ENVIADO      recordatorio FALLIDO (chat_input_not_found) -
10/5_17:30_maf            34722714718          ENVIADO      recordatorio FALLIDO (chat_input_not_found) -
10/5_17:30_4e             34653197010          ENVIADO      recordatorio FALLIDO (chat_input_not_found) -

[2026-05-13 21:07:00] POSITIVO | Fotos nuevas: 0 | Envios OK: 0 | Envios FAIL: 0 | Reviews negativas: 0 | Fotos borradas: 0

=== SESIÓN 21:08-21:08 (13/05/2026) ===
RESERVA                   TELÉFONO             ESTADO       RESPUESTA                 REVIEW
-----------------------------------------------------------------------------------------------
9/5_14:30_maf             34665976040          ENVIADO      recordatorio FALLIDO (chat_input_not_found) -
9/5_19:00_maf/csi         34%C2%A0628%C2%A061%C2%A027%C2%A078%E2%80%AC ENVIADO      recordatorio FALLIDO (chat_input_not_found) -
9/5_20:30_4e              34747414084          ENVIADO      recordatorio FALLIDO (chat_input_not_found) -
9/5_19:00_4e              34675651585          ENVIADO      recordatorio FALLIDO (chat_input_not_found) -
10/5_17:30_maf            34722714718          ENVIADO      recordatorio FALLIDO (chat_input_not_found) -
10/5_17:30_4e             34653197010          ENVIADO      recordatorio FALLIDO (chat_input_not_found) -

[2026-05-13 21:08:18] POSITIVO | Fotos nuevas: 0 | Envios OK: 0 | Envios FAIL: 0 | Reviews negativas: 0 | Fotos borradas: 0

=== SESIÓN 21:09-21:09 (13/05/2026) ===
RESERVA                   TELÉFONO             ESTADO       RESPUESTA                 REVIEW
-----------------------------------------------------------------------------------------------
9/5_14:30_maf             34665976040          ENVIADO      recordatorio FALLIDO (chat_input_not_found) -
9/5_19:00_maf/csi         34%C2%A0628%C2%A061%C2%A027%C2%A078%E2%80%AC ENVIADO      recordatorio FALLIDO (chat_input_not_found) -
9/5_20:30_4e              34747414084          ENVIADO      recordatorio FALLIDO (chat_input_not_found) -
9/5_19:00_4e              34675651585          ENVIADO      recordatorio FALLIDO (chat_input_not_found) -
10/5_17:30_maf            34722714718          ENVIADO      recordatorio FALLIDO (chat_input_not_found) -
10/5_17:30_4e             34653197010          ENVIADO      recordatorio FALLIDO (chat_input_not_found) -

[2026-05-13 21:09:37] POSITIVO | Fotos nuevas: 0 | Envios OK: 0 | Envios FAIL: 0 | Reviews negativas: 0 | Fotos borradas: 0

=== SESIÓN 21:07-21:10 (13/05/2026) ===
RESERVA                   TELÉFONO             ESTADO       RESPUESTA                 REVIEW
-----------------------------------------------------------------------------------------------
9/5_14:30_maf             34665976040          ENVIADO      recordatorio FALLIDO (exception: HTTPConnectionPool(host='localhost', port=52661): Max retries exceeded with url: /session/d92cbc4db810ab82eab711b61fa9ab03/source (Caused by NewConnectionError("HTTPConnection(host='localhost', port=52661): Failed to establish a new connection: [WinError 10061] No connection could be made because the target machine actively refused it"))) -
9/5_19:00_maf/csi         34%C2%A0628%C2%A061%C2%A027%C2%A078%E2%80%AC ENVIADO      recordatorio FALLIDO (exception: HTTPConnectionPool(host='localhost', port=52661): Max retries exceeded with url: /session/d92cbc4db810ab82eab711b61fa9ab03/source (Caused by NewConnectionError("HTTPConnection(host='localhost', port=52661): Failed to establish a new connection: [WinError 10061] No connection could be made because the target machine actively refused it"))) -
9/5_20:30_4e              34747414084          ENVIADO      recordatorio FALLIDO (exception: HTTPConnectionPool(host='localhost', port=52661): Max retries exceeded with url: /session/d92cbc4db810ab82eab711b61fa9ab03/source (Caused by NewConnectionError("HTTPConnection(host='localhost', port=52661): Failed to establish a new connection: [WinError 10061] No connection could be made because the target machine actively refused it"))) -
9/5_19:00_4e              34675651585          ENVIADO      recordatorio FALLIDO (exception: HTTPConnectionPool(host='localhost', port=52661): Max retries exceeded with url: /session/d92cbc4db810ab82eab711b61fa9ab03/source (Caused by NewConnectionError("HTTPConnection(host='localhost', port=52661): Failed to establish a new connection: [WinError 10061] No connection could be made because the target machine actively refused it"))) -
10/5_17:30_maf            34722714718          ENVIADO      recordatorio FALLIDO (exception: HTTPConnectionPool(host='localhost', port=52661): Max retries exceeded with url: /session/d92cbc4db810ab82eab711b61fa9ab03/source (Caused by NewConnectionError("HTTPConnection(host='localhost', port=52661): Failed to establish a new connection: [WinError 10061] No connection could be made because the target machine actively refused it"))) -
10/5_17:30_4e             34653197010          ENVIADO      recordatorio FALLIDO (exception: HTTPConnectionPool(host='localhost', port=52661): Max retries exceeded with url: /session/d92cbc4db810ab82eab711b61fa9ab03/source (Caused by NewConnectionError("HTTPConnection(host='localhost', port=52661): Failed to establish a new connection: [WinError 10061] No connection could be made because the target machine actively refused it"))) -

[2026-05-13 21:10:26] POSITIVO | Fotos nuevas: 0 | Envios OK: 0 | Envios FAIL: 0 | Reviews negativas: 0 | Fotos borradas: 0

=== SESIÓN 21:11-21:11 (13/05/2026) ===
RESERVA                   TELÉFONO             ESTADO       RESPUESTA                 REVIEW
-----------------------------------------------------------------------------------------------
9/5_14:30_maf             34665976040          ENVIADO      recordatorio FALLIDO (chat_input_not_found) -
9/5_19:00_maf/csi         34%C2%A0628%C2%A061%C2%A027%C2%A078%E2%80%AC ENVIADO      recordatorio FALLIDO (chat_input_not_found) -
9/5_20:30_4e              34747414084          ENVIADO      recordatorio FALLIDO (chat_input_not_found) -
9/5_19:00_4e              34675651585          ENVIADO      recordatorio FALLIDO (chat_input_not_found) -
10/5_17:30_maf            34722714718          ENVIADO      recordatorio FALLIDO (chat_input_not_found) -
10/5_17:30_4e             34653197010          ENVIADO      recordatorio FALLIDO (chat_input_not_found) -

[2026-05-13 21:11:50] POSITIVO | Fotos nuevas: 0 | Envios OK: 0 | Envios FAIL: 0 | Reviews negativas: 0 | Fotos borradas: 0

=== SESIÓN 21:13-21:13 (13/05/2026) ===
RESERVA                   TELÉFONO             ESTADO       RESPUESTA                 REVIEW
-----------------------------------------------------------------------------------------------
9/5_14:30_maf             34665976040          ENVIADO      recordatorio FALLIDO (chat_input_not_found) -
9/5_19:00_maf/csi         34%C2%A0628%C2%A061%C2%A027%C2%A078%E2%80%AC ENVIADO      recordatorio FALLIDO (chat_input_not_found) -
9/5_20:30_4e              34747414084          ENVIADO      recordatorio FALLIDO (chat_input_not_found) -
9/5_19:00_4e              34675651585          ENVIADO      recordatorio FALLIDO (chat_input_not_found) -
10/5_17:30_maf            34722714718          ENVIADO      recordatorio FALLIDO (chat_input_not_found) -
10/5_17:30_4e             34653197010          ENVIADO      recordatorio FALLIDO (chat_input_not_found) -

[2026-05-13 21:13:06] POSITIVO | Fotos nuevas: 0 | Envios OK: 0 | Envios FAIL: 0 | Reviews negativas: 0 | Fotos borradas: 0

=== SESIÓN 21:14-21:14 (13/05/2026) ===
RESERVA                   TELÉFONO             ESTADO       RESPUESTA                 REVIEW
-----------------------------------------------------------------------------------------------
9/5_14:30_maf             34665976040          ENVIADO      recordatorio FALLIDO (chat_input_not_found) -
9/5_19:00_maf/csi         34%C2%A0628%C2%A061%C2%A027%C2%A078%E2%80%AC ENVIADO      recordatorio FALLIDO (chat_input_not_found) -
9/5_20:30_4e              34747414084          ENVIADO      recordatorio FALLIDO (chat_input_not_found) -
9/5_19:00_4e              34675651585          ENVIADO      recordatorio FALLIDO (chat_input_not_found) -
10/5_17:30_maf            34722714718          ENVIADO      recordatorio FALLIDO (chat_input_not_found) -
10/5_17:30_4e             34653197010          ENVIADO      recordatorio FALLIDO (chat_input_not_found) -

[2026-05-13 21:14:24] POSITIVO | Fotos nuevas: 0 | Envios OK: 0 | Envios FAIL: 0 | Reviews negativas: 0 | Fotos borradas: 0

=== SESIÓN 21:15-21:15 (13/05/2026) ===
RESERVA                   TELÉFONO             ESTADO       RESPUESTA                 REVIEW
-----------------------------------------------------------------------------------------------
9/5_14:30_maf             34665976040          ENVIADO      recordatorio FALLIDO (chat_input_not_found) -
9/5_19:00_maf/csi         34%C2%A0628%C2%A061%C2%A027%C2%A078%E2%80%AC ENVIADO      recordatorio FALLIDO (chat_input_not_found) -
9/5_20:30_4e              34747414084          ENVIADO      recordatorio FALLIDO (chat_input_not_found) -
9/5_19:00_4e              34675651585          ENVIADO      recordatorio FALLIDO (chat_input_not_found) -
10/5_17:30_maf            34722714718          ENVIADO      recordatorio FALLIDO (chat_input_not_found) -
10/5_17:30_4e             34653197010          ENVIADO      recordatorio FALLIDO (chat_input_not_found) -

[2026-05-13 21:15:43] POSITIVO | Fotos nuevas: 0 | Envios OK: 0 | Envios FAIL: 0 | Reviews negativas: 0 | Fotos borradas: 0

=== SESIÓN 21:16-21:17 (13/05/2026) ===
RESERVA                   TELÉFONO             ESTADO       RESPUESTA                 REVIEW
-----------------------------------------------------------------------------------------------
9/5_14:30_maf             34665976040          ENVIADO      recordatorio FALLIDO (chat_input_not_found) -
9/5_19:00_maf/csi         34%C2%A0628%C2%A061%C2%A027%C2%A078%E2%80%AC ENVIADO      recordatorio FALLIDO (chat_input_not_found) -
9/5_20:30_4e              34747414084          ENVIADO      recordatorio FALLIDO (chat_input_not_found) -
9/5_19:00_4e              34675651585          ENVIADO      recordatorio FALLIDO (chat_input_not_found) -
10/5_17:30_maf            34722714718          ENVIADO      recordatorio FALLIDO (chat_input_not_found) -
10/5_17:30_4e             34653197010          ENVIADO      recordatorio FALLIDO (chat_input_not_found) -

[2026-05-13 21:17:01] POSITIVO | Fotos nuevas: 0 | Envios OK: 0 | Envios FAIL: 0 | Reviews negativas: 0 | Fotos borradas: 0

=== SESIÓN 21:14-21:17 (13/05/2026) ===
RESERVA                   TELÉFONO             ESTADO       RESPUESTA                 REVIEW
-----------------------------------------------------------------------------------------------
9/5_14:30_maf             34665976040          ENVIADO      recordatorio FALLIDO (exception: HTTPConnectionPool(host='localhost', port=53095): Max retries exceeded with url: /session/933f3c9ec25374f5dcf246ea376b702d/source (Caused by NewConnectionError("HTTPConnection(host='localhost', port=53095): Failed to establish a new connection: [WinError 10061] No connection could be made because the target machine actively refused it"))) -
9/5_19:00_maf/csi         34%C2%A0628%C2%A061%C2%A027%C2%A078%E2%80%AC ENVIADO      recordatorio FALLIDO (exception: HTTPConnectionPool(host='localhost', port=53095): Max retries exceeded with url: /session/933f3c9ec25374f5dcf246ea376b702d/source (Caused by NewConnectionError("HTTPConnection(host='localhost', port=53095): Failed to establish a new connection: [WinError 10061] No connection could be made because the target machine actively refused it"))) -
9/5_20:30_4e              34747414084          ENVIADO      recordatorio FALLIDO (exception: HTTPConnectionPool(host='localhost', port=53095): Max retries exceeded with url: /session/933f3c9ec25374f5dcf246ea376b702d/source (Caused by NewConnectionError("HTTPConnection(host='localhost', port=53095): Failed to establish a new connection: [WinError 10061] No connection could be made because the target machine actively refused it"))) -
9/5_19:00_4e              34675651585          ENVIADO      recordatorio FALLIDO (exception: HTTPConnectionPool(host='localhost', port=53095): Max retries exceeded with url: /session/933f3c9ec25374f5dcf246ea376b702d/source (Caused by NewConnectionError("HTTPConnection(host='localhost', port=53095): Failed to establish a new connection: [WinError 10061] No connection could be made because the target machine actively refused it"))) -
10/5_17:30_maf            34722714718          ENVIADO      recordatorio FALLIDO (exception: HTTPConnectionPool(host='localhost', port=53095): Max retries exceeded with url: /session/933f3c9ec25374f5dcf246ea376b702d/source (Caused by NewConnectionError("HTTPConnection(host='localhost', port=53095): Failed to establish a new connection: [WinError 10061] No connection could be made because the target machine actively refused it"))) -
10/5_17:30_4e             34653197010          ENVIADO      recordatorio FALLIDO (exception: HTTPConnectionPool(host='localhost', port=53095): Max retries exceeded with url: /session/933f3c9ec25374f5dcf246ea376b702d/source (Caused by NewConnectionError("HTTPConnection(host='localhost', port=53095): Failed to establish a new connection: [WinError 10061] No connection could be made because the target machine actively refused it"))) -

[2026-05-13 21:17:37] POSITIVO | Fotos nuevas: 0 | Envios OK: 0 | Envios FAIL: 0 | Reviews negativas: 0 | Fotos borradas: 0

=== SESIÓN 21:18-21:19 (13/05/2026) ===
RESERVA                   TELÉFONO             ESTADO       RESPUESTA                 REVIEW
-----------------------------------------------------------------------------------------------
9/5_14:30_maf             34665976040          ENVIADO      recordatorio FALLIDO (chat_input_not_found) -
9/5_19:00_maf/csi         34%C2%A0628%C2%A061%C2%A027%C2%A078%E2%80%AC ENVIADO      recordatorio FALLIDO (chat_input_not_found) -
9/5_20:30_4e              34747414084          ENVIADO      recordatorio FALLIDO (chat_input_not_found) -
9/5_19:00_4e              34675651585          ENVIADO      recordatorio FALLIDO (chat_input_not_found) -
10/5_17:30_maf            34722714718          ENVIADO      recordatorio FALLIDO (chat_input_not_found) -
10/5_17:30_4e             34653197010          ENVIADO      recordatorio FALLIDO (chat_input_not_found) -

[2026-05-13 21:19:01] POSITIVO | Fotos nuevas: 0 | Envios OK: 0 | Envios FAIL: 0 | Reviews negativas: 0 | Fotos borradas: 0
[2026-05-13 21:19:23] NEGATIVO | WhatsApp no conectado (QR visible) — ciclo abortado

=== SESIÓN 21:20-21:20 (13/05/2026) ===
RESERVA                   TELÉFONO             ESTADO       RESPUESTA                 REVIEW
-----------------------------------------------------------------------------------------------
9/5_14:30_maf             34665976040          ENVIADO      recordatorio FALLIDO (exception: Message: invalid session id: session deleted as the browser has closed the connection
from disconnected: Unable to receive message from renderer
  (Session info: chrome=147.0.7727.101); For documentation on this error, please visit: https://www.selenium.dev/documentation/webdriver/troubleshooting/errors#invalidsessionidexception
Stacktrace:
	chromedriver!GetHandleVerifier [0xb4b373+10553]
	chromedriver!GetHandleVerifier [0xb4b4a4+10684]
	chromedriver!(No symbol) [0x951e10]
	chromedriver!(No symbol) [0x9421b3]
	chromedriver!(No symbol) [0x941ee5]
	chromedriver!(No symbol) [0x93fff8]
	chromedriver!(No symbol) [0x940846]
	chromedriver!(No symbol) [0x94d6bb]
	chromedriver!(No symbol) [0x95f45e]
	chromedriver!(No symbol) [0x964eb6]
	chromedriver!(No symbol) [0x940ecc]
	chromedriver!(No symbol) [0x95ece9]
	chromedriver!(No symbol) [0x9dad52]
	chromedriver!(No symbol) [0x9bd606]
	chromedriver!(No symbol) [0x990039]
	chromedriver!(No symbol) [0x990df4]
	chromedriver!GetHandleVerifier [0xdcddb4+292f94]
	chromedriver!GetHandleVerifier [0xdc937d+28e55d]
	chromedriver!GetHandleVerifier [0xde8215+2ad3f5]
	chromedriver!GetHandleVerifier [0xb64c18+29df8]
	chromedriver!GetHandleVerifier [0xb6c6fd+318dd]
	chromedriver!GetHandleVerifier [0xb53c78+18e58]
	chromedriver!GetHandleVerifier [0xb53e42+19022]
	chromedriver!GetHandleVerifier [0xb3d45f+263f]
	KERNEL32!BaseThreadInitThunk [0x765562c4+24]
	ntdll!RtlSubscribeWnfStateChangeNotification [0x770a0aa9+439]
	ntdll!RtlSubscribeWnfStateChangeNotification [0x770a0a74+404]
) -
9/5_19:00_maf/csi         34%C2%A0628%C2%A061%C2%A027%C2%A078%E2%80%AC ENVIADO      recordatorio FALLIDO (exception: Message: invalid session id; For documentation on this error, please visit: https://www.selenium.dev/documentation/webdriver/troubleshooting/errors#invalidsessionidexception
Stacktrace:
	chromedriver!GetHandleVerifier [0xb4b373+10553]
	chromedriver!GetHandleVerifier [0xb4b4a4+10684]
	chromedriver!(No symbol) [0x951c4e]
	chromedriver!(No symbol) [0x98f2c5]
	chromedriver!(No symbol) [0x9bd726]
	chromedriver!(No symbol) [0x9b8c62]
	chromedriver!(No symbol) [0x9b8281]
	chromedriver!(No symbol) [0x92501e]
	chromedriver!(No symbol) [0x9255be]
	chromedriver!(No symbol) [0x925a9d]
	chromedriver!GetHandleVerifier [0xdcddb4+292f94]
	chromedriver!GetHandleVerifier [0xdc937d+28e55d]
	chromedriver!GetHandleVerifier [0xde8215+2ad3f5]
	chromedriver!GetHandleVerifier [0xb64c18+29df8]
	chromedriver!GetHandleVerifier [0xb6c6fd+318dd]
	chromedriver!(No symbol) [0x924b99]
	chromedriver!(No symbol) [0x9241e0]
	chromedriver!GetHandleVerifier [0xf32bef+3f7dcf]
	KERNEL32!BaseThreadInitThunk [0x765562c4+24]
	ntdll!RtlSubscribeWnfStateChangeNotification [0x770a0aa9+439]
	ntdll!RtlSubscribeWnfStateChangeNotification [0x770a0a74+404]
) -
9/5_20:30_4e              34747414084          ENVIADO      recordatorio FALLIDO (exception: Message: invalid session id; For documentation on this error, please visit: https://www.selenium.dev/documentation/webdriver/troubleshooting/errors#invalidsessionidexception
Stacktrace:
	chromedriver!GetHandleVerifier [0xb4b373+10553]
	chromedriver!GetHandleVerifier [0xb4b4a4+10684]
	chromedriver!(No symbol) [0x951c4e]
	chromedriver!(No symbol) [0x98f2c5]
	chromedriver!(No symbol) [0x9bd726]
	chromedriver!(No symbol) [0x9b8c62]
	chromedriver!(No symbol) [0x9b8281]
	chromedriver!(No symbol) [0x92501e]
	chromedriver!(No symbol) [0x9255be]
	chromedriver!(No symbol) [0x925a9d]
	chromedriver!GetHandleVerifier [0xdcddb4+292f94]
	chromedriver!GetHandleVerifier [0xdc937d+28e55d]
	chromedriver!GetHandleVerifier [0xde8215+2ad3f5]
	chromedriver!GetHandleVerifier [0xb64c18+29df8]
	chromedriver!GetHandleVerifier [0xb6c6fd+318dd]
	chromedriver!(No symbol) [0x924b99]
	chromedriver!(No symbol) [0x9241e0]
	chromedriver!GetHandleVerifier [0xf32bef+3f7dcf]
	KERNEL32!BaseThreadInitThunk [0x765562c4+24]
	ntdll!RtlSubscribeWnfStateChangeNotification [0x770a0aa9+439]
	ntdll!RtlSubscribeWnfStateChangeNotification [0x770a0a74+404]
) -
9/5_19:00_4e              34675651585          ENVIADO      recordatorio FALLIDO (exception: Message: invalid session id; For documentation on this error, please visit: https://www.selenium.dev/documentation/webdriver/troubleshooting/errors#invalidsessionidexception
Stacktrace:
	chromedriver!GetHandleVerifier [0xb4b373+10553]
	chromedriver!GetHandleVerifier [0xb4b4a4+10684]
	chromedriver!(No symbol) [0x951c4e]
	chromedriver!(No symbol) [0x98f2c5]
	chromedriver!(No symbol) [0x9bd726]
	chromedriver!(No symbol) [0x9b8c62]
	chromedriver!(No symbol) [0x9b8281]
	chromedriver!(No symbol) [0x92501e]
	chromedriver!(No symbol) [0x9255be]
	chromedriver!(No symbol) [0x925a9d]
	chromedriver!GetHandleVerifier [0xdcddb4+292f94]
	chromedriver!GetHandleVerifier [0xdc937d+28e55d]
	chromedriver!GetHandleVerifier [0xde8215+2ad3f5]
	chromedriver!GetHandleVerifier [0xb64c18+29df8]
	chromedriver!GetHandleVerifier [0xb6c6fd+318dd]
	chromedriver!(No symbol) [0x924b99]
	chromedriver!(No symbol) [0x9241e0]
	chromedriver!GetHandleVerifier [0xf32bef+3f7dcf]
	KERNEL32!BaseThreadInitThunk [0x765562c4+24]
	ntdll!RtlSubscribeWnfStateChangeNotification [0x770a0aa9+439]
	ntdll!RtlSubscribeWnfStateChangeNotification [0x770a0a74+404]
) -
10/5_17:30_maf            34722714718          ENVIADO      recordatorio FALLIDO (exception: Message: invalid session id; For documentation on this error, please visit: https://www.selenium.dev/documentation/webdriver/troubleshooting/errors#invalidsessionidexception
Stacktrace:
	chromedriver!GetHandleVerifier [0xb4b373+10553]
	chromedriver!GetHandleVerifier [0xb4b4a4+10684]
	chromedriver!(No symbol) [0x951c4e]
	chromedriver!(No symbol) [0x98f2c5]
	chromedriver!(No symbol) [0x9bd726]
	chromedriver!(No symbol) [0x9b8c62]
	chromedriver!(No symbol) [0x9b8281]
	chromedriver!(No symbol) [0x92501e]
	chromedriver!(No symbol) [0x9255be]
	chromedriver!(No symbol) [0x925a9d]
	chromedriver!GetHandleVerifier [0xdcddb4+292f94]
	chromedriver!GetHandleVerifier [0xdc937d+28e55d]
	chromedriver!GetHandleVerifier [0xde8215+2ad3f5]
	chromedriver!GetHandleVerifier [0xb64c18+29df8]
	chromedriver!GetHandleVerifier [0xb6c6fd+318dd]
	chromedriver!(No symbol) [0x924b99]
	chromedriver!(No symbol) [0x9241e0]
	chromedriver!GetHandleVerifier [0xf32bef+3f7dcf]
	KERNEL32!BaseThreadInitThunk [0x765562c4+24]
	ntdll!RtlSubscribeWnfStateChangeNotification [0x770a0aa9+439]
	ntdll!RtlSubscribeWnfStateChangeNotification [0x770a0a74+404]
) -
10/5_17:30_4e             34653197010          ENVIADO      recordatorio FALLIDO (exception: Message: invalid session id; For documentation on this error, please visit: https://www.selenium.dev/documentation/webdriver/troubleshooting/errors#invalidsessionidexception
Stacktrace:
	chromedriver!GetHandleVerifier [0xb4b373+10553]
	chromedriver!GetHandleVerifier [0xb4b4a4+10684]
	chromedriver!(No symbol) [0x951c4e]
	chromedriver!(No symbol) [0x98f2c5]
	chromedriver!(No symbol) [0x9bd726]
	chromedriver!(No symbol) [0x9b8c62]
	chromedriver!(No symbol) [0x9b8281]
	chromedriver!(No symbol) [0x92501e]
	chromedriver!(No symbol) [0x9255be]
	chromedriver!(No symbol) [0x925a9d]
	chromedriver!GetHandleVerifier [0xdcddb4+292f94]
	chromedriver!GetHandleVerifier [0xdc937d+28e55d]
	chromedriver!GetHandleVerifier [0xde8215+2ad3f5]
	chromedriver!GetHandleVerifier [0xb64c18+29df8]
	chromedriver!GetHandleVerifier [0xb6c6fd+318dd]
	chromedriver!(No symbol) [0x924b99]
	chromedriver!(No symbol) [0x9241e0]
	chromedriver!GetHandleVerifier [0xf32bef+3f7dcf]
	KERNEL32!BaseThreadInitThunk [0x765562c4+24]
	ntdll!RtlSubscribeWnfStateChangeNotification [0x770a0aa9+439]
	ntdll!RtlSubscribeWnfStateChangeNotification [0x770a0a74+404]
) -

[2026-05-13 21:20:10] POSITIVO | Fotos nuevas: 0 | Envios OK: 0 | Envios FAIL: 0 | Reviews negativas: 0 | Fotos borradas: 0

=== SESIÓN 21:22-21:22 (13/05/2026) ===
RESERVA                   TELÉFONO             ESTADO       RESPUESTA                 REVIEW
-----------------------------------------------------------------------------------------------
9/5_14:30_maf             34665976040          ENVIADO      recordatorio FALLIDO (chat_input_not_found) -
9/5_19:00_maf/csi         34%C2%A0628%C2%A061%C2%A027%C2%A078%E2%80%AC ENVIADO      recordatorio FALLIDO (chat_input_not_found) -
9/5_20:30_4e              34747414084          ENVIADO      recordatorio FALLIDO (chat_input_not_found) -
9/5_19:00_4e              34675651585          ENVIADO      recordatorio FALLIDO (chat_input_not_found) -
10/5_17:30_maf            34722714718          ENVIADO      recordatorio FALLIDO (chat_input_not_found) -
10/5_17:30_4e             34653197010          ENVIADO      recordatorio FALLIDO (chat_input_not_found) -

[2026-05-13 21:22:14] POSITIVO | Fotos nuevas: 0 | Envios OK: 0 | Envios FAIL: 0 | Reviews negativas: 0 | Fotos borradas: 0

=== SESIÓN 21:23-21:23 (13/05/2026) ===
RESERVA                   TELÉFONO             ESTADO       RESPUESTA                 REVIEW
-----------------------------------------------------------------------------------------------
9/5_14:30_maf             34665976040          ENVIADO      recordatorio FALLIDO (chat_input_not_found) -
9/5_19:00_maf/csi         34%C2%A0628%C2%A061%C2%A027%C2%A078%E2%80%AC ENVIADO      recordatorio FALLIDO (chat_input_not_found) -
9/5_20:30_4e              34747414084          ENVIADO      recordatorio FALLIDO (chat_input_not_found) -
9/5_19:00_4e              34675651585          ENVIADO      recordatorio FALLIDO (chat_input_not_found) -
10/5_17:30_maf            34722714718          ENVIADO      recordatorio FALLIDO (chat_input_not_found) -
10/5_17:30_4e             34653197010          ENVIADO      recordatorio FALLIDO (chat_input_not_found) -

[2026-05-13 21:23:31] POSITIVO | Fotos nuevas: 0 | Envios OK: 0 | Envios FAIL: 0 | Reviews negativas: 0 | Fotos borradas: 0

=== SESIÓN 21:24-21:24 (13/05/2026) ===
RESERVA                   TELÉFONO             ESTADO       RESPUESTA                 REVIEW
-----------------------------------------------------------------------------------------------
9/5_14:30_maf             34665976040          ENVIADO      recordatorio FALLIDO (chat_input_not_found) -
9/5_19:00_maf/csi         34%C2%A0628%C2%A061%C2%A027%C2%A078%E2%80%AC ENVIADO      recordatorio FALLIDO (chat_input_not_found) -
9/5_20:30_4e              34747414084          ENVIADO      recordatorio FALLIDO (chat_input_not_found) -
9/5_19:00_4e              34675651585          ENVIADO      recordatorio FALLIDO (chat_input_not_found) -
10/5_17:30_maf            34722714718          ENVIADO      recordatorio FALLIDO (chat_input_not_found) -
10/5_17:30_4e             34653197010          ENVIADO      recordatorio FALLIDO (chat_input_not_found) -

[2026-05-13 21:24:46] POSITIVO | Fotos nuevas: 0 | Envios OK: 0 | Envios FAIL: 0 | Reviews negativas: 0 | Fotos borradas: 0

=== SESIÓN 21:25-21:26 (13/05/2026) ===
RESERVA                   TELÉFONO             ESTADO       RESPUESTA                 REVIEW
-----------------------------------------------------------------------------------------------
9/5_14:30_maf             34665976040          ENVIADO      recordatorio FALLIDO (chat_input_not_found) -
9/5_19:00_maf/csi         34%C2%A0628%C2%A061%C2%A027%C2%A078%E2%80%AC ENVIADO      recordatorio FALLIDO (chat_input_not_found) -
9/5_20:30_4e              34747414084          ENVIADO      recordatorio FALLIDO (chat_input_not_found) -
9/5_19:00_4e              34675651585          ENVIADO      recordatorio FALLIDO (chat_input_not_found) -
10/5_17:30_maf            34722714718          ENVIADO      recordatorio FALLIDO (chat_input_not_found) -
10/5_17:30_4e             34653197010          ENVIADO      recordatorio FALLIDO (chat_input_not_found) -

[2026-05-13 21:26:04] POSITIVO | Fotos nuevas: 0 | Envios OK: 0 | Envios FAIL: 0 | Reviews negativas: 0 | Fotos borradas: 0

=== SESIÓN 21:27-21:27 (13/05/2026) ===
RESERVA                   TELÉFONO             ESTADO       RESPUESTA                 REVIEW
-----------------------------------------------------------------------------------------------
9/5_14:30_maf             34665976040          ENVIADO      recordatorio FALLIDO (chat_input_not_found) -
9/5_19:00_maf/csi         34%C2%A0628%C2%A061%C2%A027%C2%A078%E2%80%AC ENVIADO      recordatorio FALLIDO (chat_input_not_found) -
9/5_20:30_4e              34747414084          ENVIADO      recordatorio FALLIDO (chat_input_not_found) -
9/5_19:00_4e              34675651585          ENVIADO      recordatorio FALLIDO (chat_input_not_found) -
10/5_17:30_maf            34722714718          ENVIADO      recordatorio FALLIDO (chat_input_not_found) -
10/5_17:30_4e             34653197010          ENVIADO      recordatorio FALLIDO (chat_input_not_found) -

[2026-05-13 21:27:21] POSITIVO | Fotos nuevas: 0 | Envios OK: 0 | Envios FAIL: 0 | Reviews negativas: 0 | Fotos borradas: 0

=== SESIÓN 21:28-21:28 (13/05/2026) ===
RESERVA                   TELÉFONO             ESTADO       RESPUESTA                 REVIEW
-----------------------------------------------------------------------------------------------
9/5_14:30_maf             34665976040          ENVIADO      recordatorio FALLIDO (chat_input_not_found) -
9/5_19:00_maf/csi         34%C2%A0628%C2%A061%C2%A027%C2%A078%E2%80%AC ENVIADO      recordatorio FALLIDO (chat_input_not_found) -
9/5_20:30_4e              34747414084          ENVIADO      recordatorio FALLIDO (chat_input_not_found) -
9/5_19:00_4e              34675651585          ENVIADO      recordatorio FALLIDO (chat_input_not_found) -
10/5_17:30_maf            34722714718          ENVIADO      recordatorio FALLIDO (chat_input_not_found) -
10/5_17:30_4e             34653197010          ENVIADO      recordatorio FALLIDO (chat_input_not_found) -

[2026-05-13 21:28:43] POSITIVO | Fotos nuevas: 0 | Envios OK: 0 | Envios FAIL: 0 | Reviews negativas: 0 | Fotos borradas: 0

=== SESIÓN 21:29-21:29 (13/05/2026) ===
RESERVA                   TELÉFONO             ESTADO       RESPUESTA                 REVIEW
-----------------------------------------------------------------------------------------------
9/5_14:30_maf             34665976040          ENVIADO      recordatorio FALLIDO (chat_input_not_found) -
9/5_19:00_maf/csi         34%C2%A0628%C2%A061%C2%A027%C2%A078%E2%80%AC ENVIADO      recordatorio FALLIDO (chat_input_not_found) -
9/5_20:30_4e              34747414084          ENVIADO      recordatorio FALLIDO (chat_input_not_found) -
9/5_19:00_4e              34675651585          ENVIADO      recordatorio FALLIDO (chat_input_not_found) -
10/5_17:30_maf            34722714718          ENVIADO      recordatorio FALLIDO (chat_input_not_found) -
10/5_17:30_4e             34653197010          ENVIADO      recordatorio FALLIDO (chat_input_not_found) -

[2026-05-13 21:29:58] POSITIVO | Fotos nuevas: 0 | Envios OK: 0 | Envios FAIL: 0 | Reviews negativas: 0 | Fotos borradas: 0

=== SESIÓN 21:31-21:31 (13/05/2026) ===
RESERVA                   TELÉFONO             ESTADO       RESPUESTA                 REVIEW
-----------------------------------------------------------------------------------------------
9/5_14:30_maf             34665976040          ENVIADO      recordatorio FALLIDO (chat_input_not_found) -
9/5_19:00_maf/csi         34%C2%A0628%C2%A061%C2%A027%C2%A078%E2%80%AC ENVIADO      recordatorio FALLIDO (chat_input_not_found) -
9/5_20:30_4e              34747414084          ENVIADO      recordatorio FALLIDO (chat_input_not_found) -
9/5_19:00_4e              34675651585          ENVIADO      recordatorio FALLIDO (chat_input_not_found) -
10/5_17:30_maf            34722714718          ENVIADO      recordatorio FALLIDO (chat_input_not_found) -
10/5_17:30_4e             34653197010          ENVIADO      recordatorio FALLIDO (chat_input_not_found) -

[2026-05-13 21:31:16] POSITIVO | Fotos nuevas: 0 | Envios OK: 0 | Envios FAIL: 0 | Reviews negativas: 0 | Fotos borradas: 0

=== SESIÓN 21:32-21:32 (13/05/2026) ===
RESERVA                   TELÉFONO             ESTADO       RESPUESTA                 REVIEW
-----------------------------------------------------------------------------------------------
9/5_14:30_maf             34665976040          ENVIADO      recordatorio FALLIDO (chat_input_not_found) -
9/5_19:00_maf/csi         34%C2%A0628%C2%A061%C2%A027%C2%A078%E2%80%AC ENVIADO      recordatorio FALLIDO (chat_input_not_found) -
9/5_20:30_4e              34747414084          ENVIADO      recordatorio FALLIDO (chat_input_not_found) -
9/5_19:00_4e              34675651585          ENVIADO      recordatorio FALLIDO (chat_input_not_found) -
10/5_17:30_maf            34722714718          ENVIADO      recordatorio FALLIDO (chat_input_not_found) -
10/5_17:30_4e             34653197010          ENVIADO      recordatorio FALLIDO (chat_input_not_found) -

[2026-05-13 21:32:33] POSITIVO | Fotos nuevas: 0 | Envios OK: 0 | Envios FAIL: 0 | Reviews negativas: 0 | Fotos borradas: 0

=== SESIÓN 21:30-21:32 (13/05/2026) ===
RESERVA                   TELÉFONO             ESTADO       RESPUESTA                 REVIEW
-----------------------------------------------------------------------------------------------
9/5_14:30_maf             34665976040          ENVIADO      recordatorio FALLIDO (exception: HTTPConnectionPool(host='localhost', port=54239): Max retries exceeded with url: /session/2e27e9cb1bf3b7529cee4080d19de972/source (Caused by NewConnectionError("HTTPConnection(host='localhost', port=54239): Failed to establish a new connection: [WinError 10061] No connection could be made because the target machine actively refused it"))) -
9/5_19:00_maf/csi         34%C2%A0628%C2%A061%C2%A027%C2%A078%E2%80%AC ENVIADO      recordatorio FALLIDO (exception: HTTPConnectionPool(host='localhost', port=54239): Max retries exceeded with url: /session/2e27e9cb1bf3b7529cee4080d19de972/source (Caused by NewConnectionError("HTTPConnection(host='localhost', port=54239): Failed to establish a new connection: [WinError 10061] No connection could be made because the target machine actively refused it"))) -
9/5_20:30_4e              34747414084          ENVIADO      recordatorio FALLIDO (exception: HTTPConnectionPool(host='localhost', port=54239): Max retries exceeded with url: /session/2e27e9cb1bf3b7529cee4080d19de972/source (Caused by NewConnectionError("HTTPConnection(host='localhost', port=54239): Failed to establish a new connection: [WinError 10061] No connection could be made because the target machine actively refused it"))) -
9/5_19:00_4e              34675651585          ENVIADO      recordatorio FALLIDO (exception: HTTPConnectionPool(host='localhost', port=54239): Max retries exceeded with url: /session/2e27e9cb1bf3b7529cee4080d19de972/source (Caused by NewConnectionError("HTTPConnection(host='localhost', port=54239): Failed to establish a new connection: [WinError 10061] No connection could be made because the target machine actively refused it"))) -
10/5_17:30_maf            34722714718          ENVIADO      recordatorio FALLIDO (exception: HTTPConnectionPool(host='localhost', port=54239): Max retries exceeded with url: /session/2e27e9cb1bf3b7529cee4080d19de972/source (Caused by NewConnectionError("HTTPConnection(host='localhost', port=54239): Failed to establish a new connection: [WinError 10061] No connection could be made because the target machine actively refused it"))) -
10/5_17:30_4e             34653197010          ENVIADO      recordatorio FALLIDO (exception: HTTPConnectionPool(host='localhost', port=54239): Max retries exceeded with url: /session/2e27e9cb1bf3b7529cee4080d19de972/source (Caused by NewConnectionError("HTTPConnection(host='localhost', port=54239): Failed to establish a new connection: [WinError 10061] No connection could be made because the target machine actively refused it"))) -

[2026-05-13 21:32:46] POSITIVO | Fotos nuevas: 0 | Envios OK: 0 | Envios FAIL: 0 | Reviews negativas: 0 | Fotos borradas: 0

=== SESIÓN 21:34-21:34 (13/05/2026) ===
RESERVA                   TELÉFONO             ESTADO       RESPUESTA                 REVIEW
-----------------------------------------------------------------------------------------------
9/5_14:30_maf             34665976040          ENVIADO      recordatorio FALLIDO (chat_input_not_found) -
9/5_19:00_maf/csi         34%C2%A0628%C2%A061%C2%A027%C2%A078%E2%80%AC ENVIADO      recordatorio FALLIDO (chat_input_not_found) -
9/5_20:30_4e              34747414084          ENVIADO      recordatorio FALLIDO (chat_input_not_found) -
9/5_19:00_4e              34675651585          ENVIADO      recordatorio FALLIDO (chat_input_not_found) -
10/5_17:30_maf            34722714718          ENVIADO      recordatorio FALLIDO (chat_input_not_found) -
10/5_17:30_4e             34653197010          ENVIADO      recordatorio FALLIDO (chat_input_not_found) -

[2026-05-13 21:34:45] POSITIVO | Fotos nuevas: 0 | Envios OK: 0 | Envios FAIL: 0 | Reviews negativas: 0 | Fotos borradas: 0

=== SESIÓN 21:35-21:36 (13/05/2026) ===
RESERVA                   TELÉFONO             ESTADO       RESPUESTA                 REVIEW
-----------------------------------------------------------------------------------------------
9/5_14:30_maf             34665976040          ENVIADO      recordatorio FALLIDO (chat_input_not_found) -
9/5_19:00_maf/csi         34%C2%A0628%C2%A061%C2%A027%C2%A078%E2%80%AC ENVIADO      recordatorio FALLIDO (chat_input_not_found) -
9/5_20:30_4e              34747414084          ENVIADO      recordatorio FALLIDO (chat_input_not_found) -
9/5_19:00_4e              34675651585          ENVIADO      recordatorio FALLIDO (chat_input_not_found) -
10/5_17:30_maf            34722714718          ENVIADO      recordatorio FALLIDO (chat_input_not_found) -
10/5_17:30_4e             34653197010          ENVIADO      recordatorio FALLIDO (chat_input_not_found) -

[2026-05-13 21:36:06] POSITIVO | Fotos nuevas: 0 | Envios OK: 0 | Envios FAIL: 0 | Reviews negativas: 0 | Fotos borradas: 0

=== SESIÓN 21:37-21:37 (13/05/2026) ===
RESERVA                   TELÉFONO             ESTADO       RESPUESTA                 REVIEW
-----------------------------------------------------------------------------------------------
9/5_14:30_maf             34665976040          ENVIADO      recordatorio FALLIDO (chat_input_not_found) -
9/5_19:00_maf/csi         34%C2%A0628%C2%A061%C2%A027%C2%A078%E2%80%AC ENVIADO      recordatorio FALLIDO (chat_input_not_found) -
9/5_20:30_4e              34747414084          ENVIADO      recordatorio FALLIDO (chat_input_not_found) -
9/5_19:00_4e              34675651585          ENVIADO      recordatorio FALLIDO (chat_input_not_found) -
10/5_17:30_maf            34722714718          ENVIADO      recordatorio FALLIDO (chat_input_not_found) -
10/5_17:30_4e             34653197010          ENVIADO      recordatorio FALLIDO (chat_input_not_found) -

[2026-05-13 21:37:21] POSITIVO | Fotos nuevas: 0 | Envios OK: 0 | Envios FAIL: 0 | Reviews negativas: 0 | Fotos borradas: 0

=== SESIÓN 21:38-21:38 (13/05/2026) ===
RESERVA                   TELÉFONO             ESTADO       RESPUESTA                 REVIEW
-----------------------------------------------------------------------------------------------
9/5_14:30_maf             34665976040          ENVIADO      recordatorio FALLIDO (chat_input_not_found) -
9/5_19:00_maf/csi         34%C2%A0628%C2%A061%C2%A027%C2%A078%E2%80%AC ENVIADO      recordatorio FALLIDO (chat_input_not_found) -
9/5_20:30_4e              34747414084          ENVIADO      recordatorio FALLIDO (chat_input_not_found) -
9/5_19:00_4e              34675651585          ENVIADO      recordatorio FALLIDO (chat_input_not_found) -
10/5_17:30_maf            34722714718          ENVIADO      recordatorio FALLIDO (chat_input_not_found) -
10/5_17:30_4e             34653197010          ENVIADO      recordatorio FALLIDO (chat_input_not_found) -

[2026-05-13 21:38:40] POSITIVO | Fotos nuevas: 0 | Envios OK: 0 | Envios FAIL: 0 | Reviews negativas: 0 | Fotos borradas: 0

=== SESIÓN 21:36-21:39 (13/05/2026) ===
RESERVA                   TELÉFONO             ESTADO       RESPUESTA                 REVIEW
-----------------------------------------------------------------------------------------------
9/5_14:30_maf             34665976040          ENVIADO      recordatorio FALLIDO (exception: HTTPConnectionPool(host='localhost', port=55272): Max retries exceeded with url: /session/3d13d6b489a444d303db5e4bceee69c4/source (Caused by NewConnectionError("HTTPConnection(host='localhost', port=55272): Failed to establish a new connection: [WinError 10061] No connection could be made because the target machine actively refused it"))) -
9/5_19:00_maf/csi         34%C2%A0628%C2%A061%C2%A027%C2%A078%E2%80%AC ENVIADO      recordatorio FALLIDO (exception: HTTPConnectionPool(host='localhost', port=55272): Max retries exceeded with url: /session/3d13d6b489a444d303db5e4bceee69c4/source (Caused by NewConnectionError("HTTPConnection(host='localhost', port=55272): Failed to establish a new connection: [WinError 10061] No connection could be made because the target machine actively refused it"))) -
9/5_20:30_4e              34747414084          ENVIADO      recordatorio FALLIDO (exception: HTTPConnectionPool(host='localhost', port=55272): Max retries exceeded with url: /session/3d13d6b489a444d303db5e4bceee69c4/source (Caused by NewConnectionError("HTTPConnection(host='localhost', port=55272): Failed to establish a new connection: [WinError 10061] No connection could be made because the target machine actively refused it"))) -
9/5_19:00_4e              34675651585          ENVIADO      recordatorio FALLIDO (exception: HTTPConnectionPool(host='localhost', port=55272): Max retries exceeded with url: /session/3d13d6b489a444d303db5e4bceee69c4/source (Caused by NewConnectionError("HTTPConnection(host='localhost', port=55272): Failed to establish a new connection: [WinError 10061] No connection could be made because the target machine actively refused it"))) -
10/5_17:30_maf            34722714718          ENVIADO      recordatorio FALLIDO (exception: HTTPConnectionPool(host='localhost', port=55272): Max retries exceeded with url: /session/3d13d6b489a444d303db5e4bceee69c4/source (Caused by NewConnectionError("HTTPConnection(host='localhost', port=55272): Failed to establish a new connection: [WinError 10061] No connection could be made because the target machine actively refused it"))) -
10/5_17:30_4e             34653197010          ENVIADO      recordatorio FALLIDO (exception: HTTPConnectionPool(host='localhost', port=55272): Max retries exceeded with url: /session/3d13d6b489a444d303db5e4bceee69c4/source (Caused by NewConnectionError("HTTPConnection(host='localhost', port=55272): Failed to establish a new connection: [WinError 10061] No connection could be made because the target machine actively refused it"))) -

[2026-05-13 21:39:44] POSITIVO | Fotos nuevas: 0 | Envios OK: 0 | Envios FAIL: 0 | Reviews negativas: 0 | Fotos borradas: 0

=== SESIÓN 21:41-21:41 (13/05/2026) ===
RESERVA                   TELÉFONO             ESTADO       RESPUESTA                 REVIEW
-----------------------------------------------------------------------------------------------
9/5_14:30_maf             34665976040          ENVIADO      recordatorio FALLIDO (chat_input_not_found) -
9/5_19:00_maf/csi         34%C2%A0628%C2%A061%C2%A027%C2%A078%E2%80%AC ENVIADO      recordatorio FALLIDO (chat_input_not_found) -
9/5_20:30_4e              34747414084          ENVIADO      recordatorio FALLIDO (chat_input_not_found) -
9/5_19:00_4e              34675651585          ENVIADO      recordatorio FALLIDO (chat_input_not_found) -
10/5_17:30_maf            34722714718          ENVIADO      recordatorio FALLIDO (chat_input_not_found) -
10/5_17:30_4e             34653197010          ENVIADO      recordatorio FALLIDO (chat_input_not_found) -

[2026-05-13 21:41:11] POSITIVO | Fotos nuevas: 0 | Envios OK: 0 | Envios FAIL: 0 | Reviews negativas: 0 | Fotos borradas: 0

=== SESIÓN 21:39-21:41 (13/05/2026) ===
RESERVA                   TELÉFONO             ESTADO       RESPUESTA                 REVIEW
-----------------------------------------------------------------------------------------------
9/5_14:30_maf             34665976040          ENVIADO      recordatorio FALLIDO (chat_input_not_found) -
9/5_19:00_maf/csi         34%C2%A0628%C2%A061%C2%A027%C2%A078%E2%80%AC ENVIADO      recordatorio FALLIDO (chat_input_not_found) -
9/5_20:30_4e              34747414084          ENVIADO      recordatorio FALLIDO (exception: HTTPConnectionPool(host='localhost', port=56090): Max retries exceeded with url: /session/4ad8cc37ce60c1c899d2f6ffcf0a01f9/source (Caused by NewConnectionError("HTTPConnection(host='localhost', port=56090): Failed to establish a new connection: [WinError 10061] No connection could be made because the target machine actively refused it"))) -
9/5_19:00_4e              34675651585          ENVIADO      recordatorio FALLIDO (exception: HTTPConnectionPool(host='localhost', port=56090): Max retries exceeded with url: /session/4ad8cc37ce60c1c899d2f6ffcf0a01f9/source (Caused by NewConnectionError("HTTPConnection(host='localhost', port=56090): Failed to establish a new connection: [WinError 10061] No connection could be made because the target machine actively refused it"))) -
10/5_17:30_maf            34722714718          ENVIADO      recordatorio FALLIDO (exception: HTTPConnectionPool(host='localhost', port=56090): Max retries exceeded with url: /session/4ad8cc37ce60c1c899d2f6ffcf0a01f9/source (Caused by NewConnectionError("HTTPConnection(host='localhost', port=56090): Failed to establish a new connection: [WinError 10061] No connection could be made because the target machine actively refused it"))) -
10/5_17:30_4e             34653197010          ENVIADO      recordatorio FALLIDO (exception: HTTPConnectionPool(host='localhost', port=56090): Max retries exceeded with url: /session/4ad8cc37ce60c1c899d2f6ffcf0a01f9/source (Caused by NewConnectionError("HTTPConnection(host='localhost', port=56090): Failed to establish a new connection: [WinError 10061] No connection could be made because the target machine actively refused it"))) -

[2026-05-13 21:41:54] POSITIVO | Fotos nuevas: 0 | Envios OK: 0 | Envios FAIL: 0 | Reviews negativas: 0 | Fotos borradas: 0

=== SESIÓN 21:43-21:43 (13/05/2026) ===
RESERVA                   TELÉFONO             ESTADO       RESPUESTA                 REVIEW
-----------------------------------------------------------------------------------------------
9/5_14:30_maf             34665976040          ENVIADO      recordatorio FALLIDO (chat_input_not_found) -
9/5_19:00_maf/csi         34%C2%A0628%C2%A061%C2%A027%C2%A078%E2%80%AC ENVIADO      recordatorio FALLIDO (chat_input_not_found) -
9/5_20:30_4e              34747414084          ENVIADO      recordatorio FALLIDO (chat_input_not_found) -
9/5_19:00_4e              34675651585          ENVIADO      recordatorio FALLIDO (chat_input_not_found) -
10/5_17:30_maf            34722714718          ENVIADO      recordatorio FALLIDO (chat_input_not_found) -
10/5_17:30_4e             34653197010          ENVIADO      recordatorio FALLIDO (chat_input_not_found) -

[2026-05-13 21:43:19] POSITIVO | Fotos nuevas: 0 | Envios OK: 0 | Envios FAIL: 0 | Reviews negativas: 0 | Fotos borradas: 0

=== SESIÓN 21:44-21:44 (13/05/2026) ===
RESERVA                   TELÉFONO             ESTADO       RESPUESTA                 REVIEW
-----------------------------------------------------------------------------------------------
9/5_14:30_maf             34665976040          ENVIADO      recordatorio FALLIDO (chat_input_not_found) -
9/5_19:00_maf/csi         34%C2%A0628%C2%A061%C2%A027%C2%A078%E2%80%AC ENVIADO      recordatorio FALLIDO (chat_input_not_found) -
9/5_20:30_4e              34747414084          ENVIADO      recordatorio FALLIDO (chat_input_not_found) -
9/5_19:00_4e              34675651585          ENVIADO      recordatorio FALLIDO (chat_input_not_found) -
10/5_17:30_maf            34722714718          ENVIADO      recordatorio FALLIDO (chat_input_not_found) -
10/5_17:30_4e             34653197010          ENVIADO      recordatorio FALLIDO (chat_input_not_found) -

[2026-05-13 21:44:39] POSITIVO | Fotos nuevas: 0 | Envios OK: 0 | Envios FAIL: 0 | Reviews negativas: 0 | Fotos borradas: 0

=== SESIÓN 21:45-21:45 (13/05/2026) ===
RESERVA                   TELÉFONO             ESTADO       RESPUESTA                 REVIEW
-----------------------------------------------------------------------------------------------
9/5_14:30_maf             34665976040          ENVIADO      recordatorio FALLIDO (chat_input_not_found) -
9/5_19:00_maf/csi         34%C2%A0628%C2%A061%C2%A027%C2%A078%E2%80%AC ENVIADO      recordatorio FALLIDO (chat_input_not_found) -
9/5_20:30_4e              34747414084          ENVIADO      recordatorio FALLIDO (chat_input_not_found) -
9/5_19:00_4e              34675651585          ENVIADO      recordatorio FALLIDO (chat_input_not_found) -
10/5_17:30_maf            34722714718          ENVIADO      recordatorio FALLIDO (chat_input_not_found) -
10/5_17:30_4e             34653197010          ENVIADO      recordatorio FALLIDO (chat_input_not_found) -

[2026-05-13 21:45:59] POSITIVO | Fotos nuevas: 0 | Envios OK: 0 | Envios FAIL: 0 | Reviews negativas: 0 | Fotos borradas: 0

=== SESIÓN 21:47-21:47 (13/05/2026) ===
RESERVA                   TELÉFONO             ESTADO       RESPUESTA                 REVIEW
-----------------------------------------------------------------------------------------------
9/5_14:30_maf             34665976040          ENVIADO      recordatorio FALLIDO (chat_input_not_found) -
9/5_19:00_maf/csi         34%C2%A0628%C2%A061%C2%A027%C2%A078%E2%80%AC ENVIADO      recordatorio FALLIDO (chat_input_not_found) -
9/5_20:30_4e              34747414084          ENVIADO      recordatorio FALLIDO (chat_input_not_found) -
9/5_19:00_4e              34675651585          ENVIADO      recordatorio FALLIDO (chat_input_not_found) -
10/5_17:30_maf            34722714718          ENVIADO      recordatorio FALLIDO (chat_input_not_found) -
10/5_17:30_4e             34653197010          ENVIADO      recordatorio FALLIDO (chat_input_not_found) -

[2026-05-13 21:47:19] POSITIVO | Fotos nuevas: 0 | Envios OK: 0 | Envios FAIL: 0 | Reviews negativas: 0 | Fotos borradas: 0

=== SESIÓN 21:48-21:48 (13/05/2026) ===
RESERVA                   TELÉFONO             ESTADO       RESPUESTA                 REVIEW
-----------------------------------------------------------------------------------------------
9/5_14:30_maf             34665976040          ENVIADO      recordatorio FALLIDO (chat_input_not_found) -
9/5_19:00_maf/csi         34%C2%A0628%C2%A061%C2%A027%C2%A078%E2%80%AC ENVIADO      recordatorio FALLIDO (chat_input_not_found) -
9/5_20:30_4e              34747414084          ENVIADO      recordatorio FALLIDO (chat_input_not_found) -
9/5_19:00_4e              34675651585          ENVIADO      recordatorio FALLIDO (chat_input_not_found) -
10/5_17:30_maf            34722714718          ENVIADO      recordatorio FALLIDO (chat_input_not_found) -
10/5_17:30_4e             34653197010          ENVIADO      recordatorio FALLIDO (chat_input_not_found) -

[2026-05-13 21:48:38] POSITIVO | Fotos nuevas: 0 | Envios OK: 0 | Envios FAIL: 0 | Reviews negativas: 0 | Fotos borradas: 0

=== SESIÓN 21:49-21:49 (13/05/2026) ===
RESERVA                   TELÉFONO             ESTADO       RESPUESTA                 REVIEW
-----------------------------------------------------------------------------------------------
9/5_14:30_maf             34665976040          ENVIADO      recordatorio FALLIDO (chat_input_not_found) -
9/5_19:00_maf/csi         34%C2%A0628%C2%A061%C2%A027%C2%A078%E2%80%AC ENVIADO      recordatorio FALLIDO (chat_input_not_found) -
9/5_20:30_4e              34747414084          ENVIADO      recordatorio FALLIDO (chat_input_not_found) -
9/5_19:00_4e              34675651585          ENVIADO      recordatorio FALLIDO (chat_input_not_found) -
10/5_17:30_maf            34722714718          ENVIADO      recordatorio FALLIDO (chat_input_not_found) -
10/5_17:30_4e             34653197010          ENVIADO      recordatorio FALLIDO (chat_input_not_found) -

[2026-05-13 21:49:54] POSITIVO | Fotos nuevas: 0 | Envios OK: 0 | Envios FAIL: 0 | Reviews negativas: 0 | Fotos borradas: 0

=== SESIÓN 21:51-21:51 (13/05/2026) ===
RESERVA                   TELÉFONO             ESTADO       RESPUESTA                 REVIEW
-----------------------------------------------------------------------------------------------
9/5_14:30_maf             34665976040          ENVIADO      recordatorio FALLIDO (chat_input_not_found) -
9/5_19:00_maf/csi         34%C2%A0628%C2%A061%C2%A027%C2%A078%E2%80%AC ENVIADO      recordatorio FALLIDO (chat_input_not_found) -
9/5_20:30_4e              34747414084          ENVIADO      recordatorio FALLIDO (chat_input_not_found) -
9/5_19:00_4e              34675651585          ENVIADO      recordatorio FALLIDO (chat_input_not_found) -
10/5_17:30_maf            34722714718          ENVIADO      recordatorio FALLIDO (chat_input_not_found) -
10/5_17:30_4e             34653197010          ENVIADO      recordatorio FALLIDO (chat_input_not_found) -

[2026-05-13 21:51:15] POSITIVO | Fotos nuevas: 0 | Envios OK: 0 | Envios FAIL: 0 | Reviews negativas: 0 | Fotos borradas: 0

=== SESIÓN 21:52-21:52 (13/05/2026) ===
RESERVA                   TELÉFONO             ESTADO       RESPUESTA                 REVIEW
-----------------------------------------------------------------------------------------------
9/5_14:30_maf             34665976040          ENVIADO      recordatorio FALLIDO (chat_input_not_found) -
9/5_19:00_maf/csi         34%C2%A0628%C2%A061%C2%A027%C2%A078%E2%80%AC ENVIADO      recordatorio FALLIDO (chat_input_not_found) -
9/5_20:30_4e              34747414084          ENVIADO      recordatorio FALLIDO (chat_input_not_found) -
9/5_19:00_4e              34675651585          ENVIADO      recordatorio FALLIDO (chat_input_not_found) -
10/5_17:30_maf            34722714718          ENVIADO      recordatorio FALLIDO (chat_input_not_found) -
10/5_17:30_4e             34653197010          ENVIADO      recordatorio FALLIDO (chat_input_not_found) -

[2026-05-13 21:52:36] POSITIVO | Fotos nuevas: 0 | Envios OK: 0 | Envios FAIL: 0 | Reviews negativas: 0 | Fotos borradas: 0

=== SESIÓN 21:50-21:52 (13/05/2026) ===
RESERVA                   TELÉFONO             ESTADO       RESPUESTA                 REVIEW
-----------------------------------------------------------------------------------------------
9/5_14:30_maf             34665976040          ENVIADO      recordatorio FALLIDO (exception: HTTPConnectionPool(host='localhost', port=56295): Max retries exceeded with url: /session/7762f13c6c4794f685d84706e647beba/source (Caused by NewConnectionError("HTTPConnection(host='localhost', port=56295): Failed to establish a new connection: [WinError 10061] No connection could be made because the target machine actively refused it"))) -
9/5_19:00_maf/csi         34%C2%A0628%C2%A061%C2%A027%C2%A078%E2%80%AC ENVIADO      recordatorio FALLIDO (exception: HTTPConnectionPool(host='localhost', port=56295): Max retries exceeded with url: /session/7762f13c6c4794f685d84706e647beba/source (Caused by NewConnectionError("HTTPConnection(host='localhost', port=56295): Failed to establish a new connection: [WinError 10061] No connection could be made because the target machine actively refused it"))) -
9/5_20:30_4e              34747414084          ENVIADO      recordatorio FALLIDO (exception: HTTPConnectionPool(host='localhost', port=56295): Max retries exceeded with url: /session/7762f13c6c4794f685d84706e647beba/source (Caused by NewConnectionError("HTTPConnection(host='localhost', port=56295): Failed to establish a new connection: [WinError 10061] No connection could be made because the target machine actively refused it"))) -
9/5_19:00_4e              34675651585          ENVIADO      recordatorio FALLIDO (exception: HTTPConnectionPool(host='localhost', port=56295): Max retries exceeded with url: /session/7762f13c6c4794f685d84706e647beba/source (Caused by NewConnectionError("HTTPConnection(host='localhost', port=56295): Failed to establish a new connection: [WinError 10061] No connection could be made because the target machine actively refused it"))) -
10/5_17:30_maf            34722714718          ENVIADO      recordatorio FALLIDO (exception: HTTPConnectionPool(host='localhost', port=56295): Max retries exceeded with url: /session/7762f13c6c4794f685d84706e647beba/source (Caused by NewConnectionError("HTTPConnection(host='localhost', port=56295): Failed to establish a new connection: [WinError 10061] No connection could be made because the target machine actively refused it"))) -
10/5_17:30_4e             34653197010          ENVIADO      recordatorio FALLIDO (exception: HTTPConnectionPool(host='localhost', port=56295): Max retries exceeded with url: /session/7762f13c6c4794f685d84706e647beba/source (Caused by NewConnectionError("HTTPConnection(host='localhost', port=56295): Failed to establish a new connection: [WinError 10061] No connection could be made because the target machine actively refused it"))) -

[2026-05-13 21:52:46] POSITIVO | Fotos nuevas: 0 | Envios OK: 0 | Envios FAIL: 0 | Reviews negativas: 0 | Fotos borradas: 0

=== SESIÓN 21:54-21:54 (13/05/2026) ===
RESERVA                   TELÉFONO             ESTADO       RESPUESTA                 REVIEW
-----------------------------------------------------------------------------------------------
9/5_14:30_maf             34665976040          ENVIADO      recordatorio FALLIDO (chat_input_not_found) -
9/5_19:00_maf/csi         34%C2%A0628%C2%A061%C2%A027%C2%A078%E2%80%AC ENVIADO      recordatorio FALLIDO (chat_input_not_found) -
9/5_20:30_4e              34747414084          ENVIADO      recordatorio FALLIDO (chat_input_not_found) -
9/5_19:00_4e              34675651585          ENVIADO      recordatorio FALLIDO (chat_input_not_found) -
10/5_17:30_maf            34722714718          ENVIADO      recordatorio FALLIDO (chat_input_not_found) -
10/5_17:30_4e             34653197010          ENVIADO      recordatorio FALLIDO (chat_input_not_found) -

[2026-05-13 21:54:51] POSITIVO | Fotos nuevas: 0 | Envios OK: 0 | Envios FAIL: 0 | Reviews negativas: 0 | Fotos borradas: 0

=== SESIÓN 21:56-21:56 (13/05/2026) ===
RESERVA                   TELÉFONO             ESTADO       RESPUESTA                 REVIEW
-----------------------------------------------------------------------------------------------
9/5_14:30_maf             34665976040          ENVIADO      recordatorio FALLIDO (chat_input_not_found) -
9/5_19:00_maf/csi         34%C2%A0628%C2%A061%C2%A027%C2%A078%E2%80%AC ENVIADO      recordatorio FALLIDO (chat_input_not_found) -
9/5_20:30_4e              34747414084          ENVIADO      recordatorio FALLIDO (chat_input_not_found) -
9/5_19:00_4e              34675651585          ENVIADO      recordatorio FALLIDO (chat_input_not_found) -
10/5_17:30_maf            34722714718          ENVIADO      recordatorio FALLIDO (chat_input_not_found) -
10/5_17:30_4e             34653197010          ENVIADO      recordatorio FALLIDO (chat_input_not_found) -

[2026-05-13 21:56:10] POSITIVO | Fotos nuevas: 0 | Envios OK: 0 | Envios FAIL: 0 | Reviews negativas: 0 | Fotos borradas: 0

=== SESIÓN 21:57-21:57 (13/05/2026) ===
RESERVA                   TELÉFONO             ESTADO       RESPUESTA                 REVIEW
-----------------------------------------------------------------------------------------------
9/5_14:30_maf             34665976040          ENVIADO      recordatorio FALLIDO (chat_input_not_found) -
9/5_19:00_maf/csi         34%C2%A0628%C2%A061%C2%A027%C2%A078%E2%80%AC ENVIADO      recordatorio FALLIDO (chat_input_not_found) -
9/5_20:30_4e              34747414084          ENVIADO      recordatorio FALLIDO (chat_input_not_found) -
9/5_19:00_4e              34675651585          ENVIADO      recordatorio FALLIDO (chat_input_not_found) -
10/5_17:30_maf            34722714718          ENVIADO      recordatorio FALLIDO (chat_input_not_found) -
10/5_17:30_4e             34653197010          ENVIADO      recordatorio FALLIDO (chat_input_not_found) -

[2026-05-13 21:57:27] POSITIVO | Fotos nuevas: 0 | Envios OK: 0 | Envios FAIL: 0 | Reviews negativas: 0 | Fotos borradas: 0

=== SESIÓN 21:58-21:58 (13/05/2026) ===
RESERVA                   TELÉFONO             ESTADO       RESPUESTA                 REVIEW
-----------------------------------------------------------------------------------------------
9/5_14:30_maf             34665976040          ENVIADO      recordatorio FALLIDO (chat_input_not_found) -
9/5_19:00_maf/csi         34%C2%A0628%C2%A061%C2%A027%C2%A078%E2%80%AC ENVIADO      recordatorio FALLIDO (chat_input_not_found) -
9/5_20:30_4e              34747414084          ENVIADO      recordatorio FALLIDO (chat_input_not_found) -
9/5_19:00_4e              34675651585          ENVIADO      recordatorio FALLIDO (chat_input_not_found) -
10/5_17:30_maf            34722714718          ENVIADO      recordatorio FALLIDO (chat_input_not_found) -
10/5_17:30_4e             34653197010          ENVIADO      recordatorio FALLIDO (chat_input_not_found) -

[2026-05-13 21:58:44] POSITIVO | Fotos nuevas: 0 | Envios OK: 0 | Envios FAIL: 0 | Reviews negativas: 0 | Fotos borradas: 0

=== SESIÓN 21:59-22:00 (13/05/2026) ===
RESERVA                   TELÉFONO             ESTADO       RESPUESTA                 REVIEW
-----------------------------------------------------------------------------------------------
9/5_14:30_maf             34665976040          ENVIADO      recordatorio FALLIDO (chat_input_not_found) -
9/5_19:00_maf/csi         34%C2%A0628%C2%A061%C2%A027%C2%A078%E2%80%AC ENVIADO      recordatorio FALLIDO (chat_input_not_found) -
9/5_20:30_4e              34747414084          ENVIADO      recordatorio FALLIDO (chat_input_not_found) -
9/5_19:00_4e              34675651585          ENVIADO      recordatorio FALLIDO (chat_input_not_found) -
10/5_17:30_maf            34722714718          ENVIADO      recordatorio FALLIDO (chat_input_not_found) -
10/5_17:30_4e             34653197010          ENVIADO      recordatorio FALLIDO (chat_input_not_found) -

[2026-05-13 22:00:04] POSITIVO | Fotos nuevas: 0 | Envios OK: 0 | Envios FAIL: 0 | Reviews negativas: 0 | Fotos borradas: 0

=== SESIÓN 22:01-22:01 (13/05/2026) ===
RESERVA                   TELÉFONO             ESTADO       RESPUESTA                 REVIEW
-----------------------------------------------------------------------------------------------
9/5_14:30_maf             34665976040          ENVIADO      recordatorio FALLIDO (chat_input_not_found) -
9/5_19:00_maf/csi         34%C2%A0628%C2%A061%C2%A027%C2%A078%E2%80%AC ENVIADO      recordatorio FALLIDO (chat_input_not_found) -
9/5_20:30_4e              34747414084          ENVIADO      recordatorio FALLIDO (chat_input_not_found) -
9/5_19:00_4e              34675651585          ENVIADO      recordatorio FALLIDO (chat_input_not_found) -
10/5_17:30_maf            34722714718          ENVIADO      recordatorio FALLIDO (chat_input_not_found) -
10/5_17:30_4e             34653197010          ENVIADO      recordatorio FALLIDO (chat_input_not_found) -

[2026-05-13 22:01:23] POSITIVO | Fotos nuevas: 0 | Envios OK: 0 | Envios FAIL: 0 | Reviews negativas: 0 | Fotos borradas: 0

=== SESIÓN 21:58-22:01 (13/05/2026) ===
RESERVA                   TELÉFONO             ESTADO       RESPUESTA                 REVIEW
-----------------------------------------------------------------------------------------------
9/5_14:30_maf             34665976040          ENVIADO      recordatorio FALLIDO (exception: HTTPConnectionPool(host='localhost', port=57215): Max retries exceeded with url: /session/6d95277b56b26a72a122771618352abf/source (Caused by NewConnectionError("HTTPConnection(host='localhost', port=57215): Failed to establish a new connection: [WinError 10061] No connection could be made because the target machine actively refused it"))) -
9/5_19:00_maf/csi         34%C2%A0628%C2%A061%C2%A027%C2%A078%E2%80%AC ENVIADO      recordatorio FALLIDO (exception: HTTPConnectionPool(host='localhost', port=57215): Max retries exceeded with url: /session/6d95277b56b26a72a122771618352abf/source (Caused by NewConnectionError("HTTPConnection(host='localhost', port=57215): Failed to establish a new connection: [WinError 10061] No connection could be made because the target machine actively refused it"))) -
9/5_20:30_4e              34747414084          ENVIADO      recordatorio FALLIDO (exception: HTTPConnectionPool(host='localhost', port=57215): Max retries exceeded with url: /session/6d95277b56b26a72a122771618352abf/source (Caused by NewConnectionError("HTTPConnection(host='localhost', port=57215): Failed to establish a new connection: [WinError 10061] No connection could be made because the target machine actively refused it"))) -
9/5_19:00_4e              34675651585          ENVIADO      recordatorio FALLIDO (exception: HTTPConnectionPool(host='localhost', port=57215): Max retries exceeded with url: /session/6d95277b56b26a72a122771618352abf/source (Caused by NewConnectionError("HTTPConnection(host='localhost', port=57215): Failed to establish a new connection: [WinError 10061] No connection could be made because the target machine actively refused it"))) -
10/5_17:30_maf            34722714718          ENVIADO      recordatorio FALLIDO (exception: HTTPConnectionPool(host='localhost', port=57215): Max retries exceeded with url: /session/6d95277b56b26a72a122771618352abf/source (Caused by NewConnectionError("HTTPConnection(host='localhost', port=57215): Failed to establish a new connection: [WinError 10061] No connection could be made because the target machine actively refused it"))) -
10/5_17:30_4e             34653197010          ENVIADO      recordatorio FALLIDO (exception: HTTPConnectionPool(host='localhost', port=57215): Max retries exceeded with url: /session/6d95277b56b26a72a122771618352abf/source (Caused by NewConnectionError("HTTPConnection(host='localhost', port=57215): Failed to establish a new connection: [WinError 10061] No connection could be made because the target machine actively refused it"))) -

[2026-05-13 22:01:26] POSITIVO | Fotos nuevas: 0 | Envios OK: 0 | Envios FAIL: 0 | Reviews negativas: 0 | Fotos borradas: 0

=== SESIÓN 22:03-22:03 (13/05/2026) ===
RESERVA                   TELÉFONO             ESTADO       RESPUESTA                 REVIEW
-----------------------------------------------------------------------------------------------
9/5_14:30_maf             34665976040          ENVIADO      recordatorio FALLIDO (chat_input_not_found) -
9/5_19:00_maf/csi         34%C2%A0628%C2%A061%C2%A027%C2%A078%E2%80%AC ENVIADO      recordatorio FALLIDO (chat_input_not_found) -
9/5_20:30_4e              34747414084          ENVIADO      recordatorio FALLIDO (chat_input_not_found) -
9/5_19:00_4e              34675651585          ENVIADO      recordatorio FALLIDO (chat_input_not_found) -
10/5_17:30_maf            34722714718          ENVIADO      recordatorio FALLIDO (chat_input_not_found) -
10/5_17:30_4e             34653197010          ENVIADO      recordatorio FALLIDO (chat_input_not_found) -

[2026-05-13 22:03:27] POSITIVO | Fotos nuevas: 0 | Envios OK: 0 | Envios FAIL: 0 | Reviews negativas: 0 | Fotos borradas: 0

=== SESIÓN 22:04-22:04 (13/05/2026) ===
RESERVA                   TELÉFONO             ESTADO       RESPUESTA                 REVIEW
-----------------------------------------------------------------------------------------------
9/5_14:30_maf             34665976040          ENVIADO      recordatorio FALLIDO (chat_input_not_found) -
9/5_19:00_maf/csi         34%C2%A0628%C2%A061%C2%A027%C2%A078%E2%80%AC ENVIADO      recordatorio FALLIDO (chat_input_not_found) -
9/5_20:30_4e              34747414084          ENVIADO      recordatorio FALLIDO (chat_input_not_found) -
9/5_19:00_4e              34675651585          ENVIADO      recordatorio FALLIDO (chat_input_not_found) -
10/5_17:30_maf            34722714718          ENVIADO      recordatorio FALLIDO (chat_input_not_found) -
10/5_17:30_4e             34653197010          ENVIADO      recordatorio FALLIDO (chat_input_not_found) -

[2026-05-13 22:04:44] POSITIVO | Fotos nuevas: 0 | Envios OK: 0 | Envios FAIL: 0 | Reviews negativas: 0 | Fotos borradas: 0

=== SESIÓN 22:05-22:06 (13/05/2026) ===
RESERVA                   TELÉFONO             ESTADO       RESPUESTA                 REVIEW
-----------------------------------------------------------------------------------------------
9/5_14:30_maf             34665976040          ENVIADO      recordatorio FALLIDO (chat_input_not_found) -
9/5_19:00_maf/csi         34%C2%A0628%C2%A061%C2%A027%C2%A078%E2%80%AC ENVIADO      recordatorio FALLIDO (chat_input_not_found) -
9/5_20:30_4e              34747414084          ENVIADO      recordatorio FALLIDO (chat_input_not_found) -
9/5_19:00_4e              34675651585          ENVIADO      recordatorio FALLIDO (chat_input_not_found) -
10/5_17:30_maf            34722714718          ENVIADO      recordatorio FALLIDO (chat_input_not_found) -
10/5_17:30_4e             34653197010          ENVIADO      recordatorio FALLIDO (chat_input_not_found) -

[2026-05-13 22:06:02] POSITIVO | Fotos nuevas: 0 | Envios OK: 0 | Envios FAIL: 0 | Reviews negativas: 0 | Fotos borradas: 0

=== SESIÓN 22:07-22:07 (13/05/2026) ===
RESERVA                   TELÉFONO             ESTADO       RESPUESTA                 REVIEW
-----------------------------------------------------------------------------------------------
9/5_14:30_maf             34665976040          ENVIADO      recordatorio FALLIDO (chat_input_not_found) -
9/5_19:00_maf/csi         34%C2%A0628%C2%A061%C2%A027%C2%A078%E2%80%AC ENVIADO      recordatorio FALLIDO (chat_input_not_found) -
9/5_20:30_4e              34747414084          ENVIADO      recordatorio FALLIDO (chat_input_not_found) -
9/5_19:00_4e              34675651585          ENVIADO      recordatorio FALLIDO (chat_input_not_found) -
10/5_17:30_maf            34722714718          ENVIADO      recordatorio FALLIDO (chat_input_not_found) -
10/5_17:30_4e             34653197010          ENVIADO      recordatorio FALLIDO (chat_input_not_found) -

[2026-05-13 22:07:18] POSITIVO | Fotos nuevas: 0 | Envios OK: 0 | Envios FAIL: 0 | Reviews negativas: 0 | Fotos borradas: 0

=== SESIÓN 22:08-22:08 (13/05/2026) ===
RESERVA                   TELÉFONO             ESTADO       RESPUESTA                 REVIEW
-----------------------------------------------------------------------------------------------
9/5_14:30_maf             34665976040          ENVIADO      recordatorio FALLIDO (chat_input_not_found) -
9/5_19:00_maf/csi         34%C2%A0628%C2%A061%C2%A027%C2%A078%E2%80%AC ENVIADO      recordatorio FALLIDO (chat_input_not_found) -
9/5_20:30_4e              34747414084          ENVIADO      recordatorio FALLIDO (chat_input_not_found) -
9/5_19:00_4e              34675651585          ENVIADO      recordatorio FALLIDO (chat_input_not_found) -
10/5_17:30_maf            34722714718          ENVIADO      recordatorio FALLIDO (chat_input_not_found) -
10/5_17:30_4e             34653197010          ENVIADO      recordatorio FALLIDO (chat_input_not_found) -

[2026-05-13 22:08:37] POSITIVO | Fotos nuevas: 0 | Envios OK: 0 | Envios FAIL: 0 | Reviews negativas: 0 | Fotos borradas: 0

=== SESIÓN 22:09-22:09 (13/05/2026) ===
RESERVA                   TELÉFONO             ESTADO       RESPUESTA                 REVIEW
-----------------------------------------------------------------------------------------------
9/5_14:30_maf             34665976040          ENVIADO      recordatorio FALLIDO (chat_input_not_found) -
9/5_19:00_maf/csi         34%C2%A0628%C2%A061%C2%A027%C2%A078%E2%80%AC ENVIADO      recordatorio FALLIDO (chat_input_not_found) -
9/5_20:30_4e              34747414084          ENVIADO      recordatorio FALLIDO (chat_input_not_found) -
9/5_19:00_4e              34675651585          ENVIADO      recordatorio FALLIDO (chat_input_not_found) -
10/5_17:30_maf            34722714718          ENVIADO      recordatorio FALLIDO (chat_input_not_found) -
10/5_17:30_4e             34653197010          ENVIADO      recordatorio FALLIDO (chat_input_not_found) -

[2026-05-13 22:09:54] POSITIVO | Fotos nuevas: 0 | Envios OK: 0 | Envios FAIL: 0 | Reviews negativas: 0 | Fotos borradas: 0

=== SESIÓN 22:11-22:11 (13/05/2026) ===
RESERVA                   TELÉFONO             ESTADO       RESPUESTA                 REVIEW
-----------------------------------------------------------------------------------------------
9/5_14:30_maf             34665976040          ENVIADO      recordatorio FALLIDO (chat_input_not_found) -
9/5_19:00_maf/csi         34%C2%A0628%C2%A061%C2%A027%C2%A078%E2%80%AC ENVIADO      recordatorio FALLIDO (chat_input_not_found) -
9/5_20:30_4e              34747414084          ENVIADO      recordatorio FALLIDO (chat_input_not_found) -
9/5_19:00_4e              34675651585          ENVIADO      recordatorio FALLIDO (chat_input_not_found) -
10/5_17:30_maf            34722714718          ENVIADO      recordatorio FALLIDO (chat_input_not_found) -
10/5_17:30_4e             34653197010          ENVIADO      recordatorio FALLIDO (chat_input_not_found) -

[2026-05-13 22:11:14] POSITIVO | Fotos nuevas: 0 | Envios OK: 0 | Envios FAIL: 0 | Reviews negativas: 0 | Fotos borradas: 0

=== SESIÓN 22:12-22:12 (13/05/2026) ===
RESERVA                   TELÉFONO             ESTADO       RESPUESTA                 REVIEW
-----------------------------------------------------------------------------------------------
9/5_14:30_maf             34665976040          ENVIADO      recordatorio FALLIDO (chat_input_not_found) -
9/5_19:00_maf/csi         34%C2%A0628%C2%A061%C2%A027%C2%A078%E2%80%AC ENVIADO      recordatorio FALLIDO (chat_input_not_found) -
9/5_20:30_4e              34747414084          ENVIADO      recordatorio FALLIDO (chat_input_not_found) -
9/5_19:00_4e              34675651585          ENVIADO      recordatorio FALLIDO (chat_input_not_found) -
10/5_17:30_maf            34722714718          ENVIADO      recordatorio FALLIDO (chat_input_not_found) -
10/5_17:30_4e             34653197010          ENVIADO      recordatorio FALLIDO (chat_input_not_found) -

[2026-05-13 22:12:31] POSITIVO | Fotos nuevas: 0 | Envios OK: 0 | Envios FAIL: 0 | Reviews negativas: 0 | Fotos borradas: 0

=== SESIÓN 22:13-22:13 (13/05/2026) ===
RESERVA                   TELÉFONO             ESTADO       RESPUESTA                 REVIEW
-----------------------------------------------------------------------------------------------
9/5_14:30_maf             34665976040          ENVIADO      recordatorio FALLIDO (chat_input_not_found) -
9/5_19:00_maf/csi         34%C2%A0628%C2%A061%C2%A027%C2%A078%E2%80%AC ENVIADO      recordatorio FALLIDO (chat_input_not_found) -
9/5_20:30_4e              34747414084          ENVIADO      recordatorio FALLIDO (chat_input_not_found) -
9/5_19:00_4e              34675651585          ENVIADO      recordatorio FALLIDO (chat_input_not_found) -
10/5_17:30_maf            34722714718          ENVIADO      recordatorio FALLIDO (chat_input_not_found) -
10/5_17:30_4e             34653197010          ENVIADO      recordatorio FALLIDO (chat_input_not_found) -

[2026-05-13 22:13:48] POSITIVO | Fotos nuevas: 0 | Envios OK: 0 | Envios FAIL: 0 | Reviews negativas: 0 | Fotos borradas: 0

=== SESIÓN 22:11-22:14 (13/05/2026) ===
RESERVA                   TELÉFONO             ESTADO       RESPUESTA                 REVIEW
-----------------------------------------------------------------------------------------------
9/5_14:30_maf             34665976040          ENVIADO      recordatorio FALLIDO (exception: HTTPConnectionPool(host='localhost', port=58284): Max retries exceeded with url: /session/48121595bc258c7d6e5a61aef50cddb2/source (Caused by NewConnectionError("HTTPConnection(host='localhost', port=58284): Failed to establish a new connection: [WinError 10061] No connection could be made because the target machine actively refused it"))) -
9/5_19:00_maf/csi         34%C2%A0628%C2%A061%C2%A027%C2%A078%E2%80%AC ENVIADO      recordatorio FALLIDO (exception: HTTPConnectionPool(host='localhost', port=58284): Max retries exceeded with url: /session/48121595bc258c7d6e5a61aef50cddb2/source (Caused by NewConnectionError("HTTPConnection(host='localhost', port=58284): Failed to establish a new connection: [WinError 10061] No connection could be made because the target machine actively refused it"))) -
9/5_20:30_4e              34747414084          ENVIADO      recordatorio FALLIDO (exception: HTTPConnectionPool(host='localhost', port=58284): Max retries exceeded with url: /session/48121595bc258c7d6e5a61aef50cddb2/source (Caused by NewConnectionError("HTTPConnection(host='localhost', port=58284): Failed to establish a new connection: [WinError 10061] No connection could be made because the target machine actively refused it"))) -
9/5_19:00_4e              34675651585          ENVIADO      recordatorio FALLIDO (exception: HTTPConnectionPool(host='localhost', port=58284): Max retries exceeded with url: /session/48121595bc258c7d6e5a61aef50cddb2/source (Caused by NewConnectionError("HTTPConnection(host='localhost', port=58284): Failed to establish a new connection: [WinError 10061] No connection could be made because the target machine actively refused it"))) -
10/5_17:30_maf            34722714718          ENVIADO      recordatorio FALLIDO (exception: HTTPConnectionPool(host='localhost', port=58284): Max retries exceeded with url: /session/48121595bc258c7d6e5a61aef50cddb2/source (Caused by NewConnectionError("HTTPConnection(host='localhost', port=58284): Failed to establish a new connection: [WinError 10061] No connection could be made because the target machine actively refused it"))) -
10/5_17:30_4e             34653197010          ENVIADO      recordatorio FALLIDO (exception: HTTPConnectionPool(host='localhost', port=58284): Max retries exceeded with url: /session/48121595bc258c7d6e5a61aef50cddb2/source (Caused by NewConnectionError("HTTPConnection(host='localhost', port=58284): Failed to establish a new connection: [WinError 10061] No connection could be made because the target machine actively refused it"))) -

[2026-05-13 22:14:03] POSITIVO | Fotos nuevas: 0 | Envios OK: 0 | Envios FAIL: 0 | Reviews negativas: 0 | Fotos borradas: 0

=== SESIÓN 22:16-22:16 (13/05/2026) ===
RESERVA                   TELÉFONO             ESTADO       RESPUESTA                 REVIEW
-----------------------------------------------------------------------------------------------
9/5_14:30_maf             34665976040          ENVIADO      recordatorio FALLIDO (chat_input_not_found) -
9/5_19:00_maf/csi         34%C2%A0628%C2%A061%C2%A027%C2%A078%E2%80%AC ENVIADO      recordatorio FALLIDO (chat_input_not_found) -
9/5_20:30_4e              34747414084          ENVIADO      recordatorio FALLIDO (chat_input_not_found) -
9/5_19:00_4e              34675651585          ENVIADO      recordatorio FALLIDO (chat_input_not_found) -
10/5_17:30_maf            34722714718          ENVIADO      recordatorio FALLIDO (chat_input_not_found) -
10/5_17:30_4e             34653197010          ENVIADO      recordatorio FALLIDO (chat_input_not_found) -

[2026-05-13 22:16:09] POSITIVO | Fotos nuevas: 0 | Envios OK: 0 | Envios FAIL: 0 | Reviews negativas: 0 | Fotos borradas: 0

=== SESIÓN 22:17-22:17 (13/05/2026) ===
RESERVA                   TELÉFONO             ESTADO       RESPUESTA                 REVIEW
-----------------------------------------------------------------------------------------------
9/5_14:30_maf             34665976040          ENVIADO      recordatorio FALLIDO (chat_input_not_found) -
9/5_19:00_maf/csi         34%C2%A0628%C2%A061%C2%A027%C2%A078%E2%80%AC ENVIADO      recordatorio FALLIDO (chat_input_not_found) -
9/5_20:30_4e              34747414084          ENVIADO      recordatorio FALLIDO (chat_input_not_found) -
9/5_19:00_4e              34675651585          ENVIADO      recordatorio FALLIDO (chat_input_not_found) -
10/5_17:30_maf            34722714718          ENVIADO      recordatorio FALLIDO (chat_input_not_found) -
10/5_17:30_4e             34653197010          ENVIADO      recordatorio FALLIDO (chat_input_not_found) -

[2026-05-13 22:17:25] POSITIVO | Fotos nuevas: 0 | Envios OK: 0 | Envios FAIL: 0 | Reviews negativas: 0 | Fotos borradas: 0

=== SESIÓN 22:18-22:18 (13/05/2026) ===
RESERVA                   TELÉFONO             ESTADO       RESPUESTA                 REVIEW
-----------------------------------------------------------------------------------------------
9/5_14:30_maf             34665976040          ENVIADO      recordatorio FALLIDO (chat_input_not_found) -
9/5_19:00_maf/csi         34%C2%A0628%C2%A061%C2%A027%C2%A078%E2%80%AC ENVIADO      recordatorio FALLIDO (chat_input_not_found) -
9/5_20:30_4e              34747414084          ENVIADO      recordatorio FALLIDO (chat_input_not_found) -
9/5_19:00_4e              34675651585          ENVIADO      recordatorio FALLIDO (chat_input_not_found) -
10/5_17:30_maf            34722714718          ENVIADO      recordatorio FALLIDO (chat_input_not_found) -
10/5_17:30_4e             34653197010          ENVIADO      recordatorio FALLIDO (chat_input_not_found) -

[2026-05-13 22:18:43] POSITIVO | Fotos nuevas: 0 | Envios OK: 0 | Envios FAIL: 0 | Reviews negativas: 0 | Fotos borradas: 0

=== SESIÓN 22:19-22:19 (13/05/2026) ===
RESERVA                   TELÉFONO             ESTADO       RESPUESTA                 REVIEW
-----------------------------------------------------------------------------------------------
9/5_14:30_maf             34665976040          ENVIADO      recordatorio FALLIDO (chat_input_not_found) -
9/5_19:00_maf/csi         34%C2%A0628%C2%A061%C2%A027%C2%A078%E2%80%AC ENVIADO      recordatorio FALLIDO (chat_input_not_found) -
9/5_20:30_4e              34747414084          ENVIADO      recordatorio FALLIDO (chat_input_not_found) -
9/5_19:00_4e              34675651585          ENVIADO      recordatorio FALLIDO (chat_input_not_found) -
10/5_17:30_maf            34722714718          ENVIADO      recordatorio FALLIDO (chat_input_not_found) -
10/5_17:30_4e             34653197010          ENVIADO      recordatorio FALLIDO (chat_input_not_found) -

[2026-05-13 22:19:55] POSITIVO | Fotos nuevas: 0 | Envios OK: 0 | Envios FAIL: 0 | Reviews negativas: 0 | Fotos borradas: 0

=== SESIÓN 22:17-22:20 (13/05/2026) ===
RESERVA                   TELÉFONO             ESTADO       RESPUESTA                 REVIEW
-----------------------------------------------------------------------------------------------
9/5_14:30_maf             34665976040          ENVIADO      recordatorio FALLIDO (exception: HTTPConnectionPool(host='localhost', port=59292): Max retries exceeded with url: /session/e285e76159e7c42637738fd6ebe44bd3/source (Caused by NewConnectionError("HTTPConnection(host='localhost', port=59292): Failed to establish a new connection: [WinError 10061] No connection could be made because the target machine actively refused it"))) -
9/5_19:00_maf/csi         34%C2%A0628%C2%A061%C2%A027%C2%A078%E2%80%AC ENVIADO      recordatorio FALLIDO (exception: HTTPConnectionPool(host='localhost', port=59292): Max retries exceeded with url: /session/e285e76159e7c42637738fd6ebe44bd3/source (Caused by NewConnectionError("HTTPConnection(host='localhost', port=59292): Failed to establish a new connection: [WinError 10061] No connection could be made because the target machine actively refused it"))) -
9/5_20:30_4e              34747414084          ENVIADO      recordatorio FALLIDO (exception: HTTPConnectionPool(host='localhost', port=59292): Max retries exceeded with url: /session/e285e76159e7c42637738fd6ebe44bd3/source (Caused by NewConnectionError("HTTPConnection(host='localhost', port=59292): Failed to establish a new connection: [WinError 10061] No connection could be made because the target machine actively refused it"))) -
9/5_19:00_4e              34675651585          ENVIADO      recordatorio FALLIDO (exception: HTTPConnectionPool(host='localhost', port=59292): Max retries exceeded with url: /session/e285e76159e7c42637738fd6ebe44bd3/source (Caused by NewConnectionError("HTTPConnection(host='localhost', port=59292): Failed to establish a new connection: [WinError 10061] No connection could be made because the target machine actively refused it"))) -
10/5_17:30_maf            34722714718          ENVIADO      recordatorio FALLIDO (exception: HTTPConnectionPool(host='localhost', port=59292): Max retries exceeded with url: /session/e285e76159e7c42637738fd6ebe44bd3/source (Caused by NewConnectionError("HTTPConnection(host='localhost', port=59292): Failed to establish a new connection: [WinError 10061] No connection could be made because the target machine actively refused it"))) -
10/5_17:30_4e             34653197010          ENVIADO      recordatorio FALLIDO (exception: HTTPConnectionPool(host='localhost', port=59292): Max retries exceeded with url: /session/e285e76159e7c42637738fd6ebe44bd3/source (Caused by NewConnectionError("HTTPConnection(host='localhost', port=59292): Failed to establish a new connection: [WinError 10061] No connection could be made because the target machine actively refused it"))) -

[2026-05-13 22:20:01] POSITIVO | Fotos nuevas: 0 | Envios OK: 0 | Envios FAIL: 0 | Reviews negativas: 0 | Fotos borradas: 0

=== SESIÓN 22:21-22:22 (13/05/2026) ===
RESERVA                   TELÉFONO             ESTADO       RESPUESTA                 REVIEW
-----------------------------------------------------------------------------------------------
9/5_14:30_maf             34665976040          ENVIADO      recordatorio FALLIDO (chat_input_not_found) -
9/5_19:00_maf/csi         34%C2%A0628%C2%A061%C2%A027%C2%A078%E2%80%AC ENVIADO      recordatorio FALLIDO (chat_input_not_found) -
9/5_20:30_4e              34747414084          ENVIADO      recordatorio FALLIDO (chat_input_not_found) -
9/5_19:00_4e              34675651585          ENVIADO      recordatorio FALLIDO (chat_input_not_found) -
10/5_17:30_maf            34722714718          ENVIADO      recordatorio FALLIDO (chat_input_not_found) -
10/5_17:30_4e             34653197010          ENVIADO      recordatorio FALLIDO (chat_input_not_found) -

[2026-05-13 22:22:02] POSITIVO | Fotos nuevas: 0 | Envios OK: 0 | Envios FAIL: 0 | Reviews negativas: 0 | Fotos borradas: 0

=== SESIÓN 22:23-22:23 (13/05/2026) ===
RESERVA                   TELÉFONO             ESTADO       RESPUESTA                 REVIEW
-----------------------------------------------------------------------------------------------
9/5_14:30_maf             34665976040          ENVIADO      recordatorio FALLIDO (chat_input_not_found) -
9/5_19:00_maf/csi         34%C2%A0628%C2%A061%C2%A027%C2%A078%E2%80%AC ENVIADO      recordatorio FALLIDO (chat_input_not_found) -
9/5_20:30_4e              34747414084          ENVIADO      recordatorio FALLIDO (chat_input_not_found) -
9/5_19:00_4e              34675651585          ENVIADO      recordatorio FALLIDO (chat_input_not_found) -
10/5_17:30_maf            34722714718          ENVIADO      recordatorio FALLIDO (chat_input_not_found) -
10/5_17:30_4e             34653197010          ENVIADO      recordatorio FALLIDO (chat_input_not_found) -

[2026-05-13 22:23:21] POSITIVO | Fotos nuevas: 0 | Envios OK: 0 | Envios FAIL: 0 | Reviews negativas: 0 | Fotos borradas: 0

=== SESIÓN 22:24-22:24 (13/05/2026) ===
RESERVA                   TELÉFONO             ESTADO       RESPUESTA                 REVIEW
-----------------------------------------------------------------------------------------------
9/5_14:30_maf             34665976040          ENVIADO      recordatorio FALLIDO (chat_input_not_found) -
9/5_19:00_maf/csi         34%C2%A0628%C2%A061%C2%A027%C2%A078%E2%80%AC ENVIADO      recordatorio FALLIDO (chat_input_not_found) -
9/5_20:30_4e              34747414084          ENVIADO      recordatorio FALLIDO (chat_input_not_found) -
9/5_19:00_4e              34675651585          ENVIADO      recordatorio FALLIDO (chat_input_not_found) -
10/5_17:30_maf            34722714718          ENVIADO      recordatorio FALLIDO (chat_input_not_found) -
10/5_17:30_4e             34653197010          ENVIADO      recordatorio FALLIDO (chat_input_not_found) -

[2026-05-13 22:24:43] POSITIVO | Fotos nuevas: 0 | Envios OK: 0 | Envios FAIL: 0 | Reviews negativas: 0 | Fotos borradas: 0

=== SESIÓN 22:25-22:26 (13/05/2026) ===
RESERVA                   TELÉFONO             ESTADO       RESPUESTA                 REVIEW
-----------------------------------------------------------------------------------------------
9/5_14:30_maf             34665976040          ENVIADO      recordatorio FALLIDO (chat_input_not_found) -
9/5_19:00_maf/csi         34%C2%A0628%C2%A061%C2%A027%C2%A078%E2%80%AC ENVIADO      recordatorio FALLIDO (chat_input_not_found) -
9/5_20:30_4e              34747414084          ENVIADO      recordatorio FALLIDO (chat_input_not_found) -
9/5_19:00_4e              34675651585          ENVIADO      recordatorio FALLIDO (chat_input_not_found) -
10/5_17:30_maf            34722714718          ENVIADO      recordatorio FALLIDO (chat_input_not_found) -
10/5_17:30_4e             34653197010          ENVIADO      recordatorio FALLIDO (chat_input_not_found) -

[2026-05-13 22:26:01] POSITIVO | Fotos nuevas: 0 | Envios OK: 0 | Envios FAIL: 0 | Reviews negativas: 0 | Fotos borradas: 0

=== SESIÓN 22:27-22:27 (13/05/2026) ===
RESERVA                   TELÉFONO             ESTADO       RESPUESTA                 REVIEW
-----------------------------------------------------------------------------------------------
9/5_14:30_maf             34665976040          ENVIADO      recordatorio FALLIDO (chat_input_not_found) -
9/5_19:00_maf/csi         34%C2%A0628%C2%A061%C2%A027%C2%A078%E2%80%AC ENVIADO      recordatorio FALLIDO (chat_input_not_found) -
9/5_20:30_4e              34747414084          ENVIADO      recordatorio FALLIDO (chat_input_not_found) -
9/5_19:00_4e              34675651585          ENVIADO      recordatorio FALLIDO (chat_input_not_found) -
10/5_17:30_maf            34722714718          ENVIADO      recordatorio FALLIDO (chat_input_not_found) -
10/5_17:30_4e             34653197010          ENVIADO      recordatorio FALLIDO (chat_input_not_found) -

[2026-05-13 22:27:20] POSITIVO | Fotos nuevas: 0 | Envios OK: 0 | Envios FAIL: 0 | Reviews negativas: 0 | Fotos borradas: 0

=== SESIÓN 22:28-22:28 (13/05/2026) ===
RESERVA                   TELÉFONO             ESTADO       RESPUESTA                 REVIEW
-----------------------------------------------------------------------------------------------
9/5_14:30_maf             34665976040          ENVIADO      recordatorio FALLIDO (chat_input_not_found) -
9/5_19:00_maf/csi         34%C2%A0628%C2%A061%C2%A027%C2%A078%E2%80%AC ENVIADO      recordatorio FALLIDO (chat_input_not_found) -
9/5_20:30_4e              34747414084          ENVIADO      recordatorio FALLIDO (chat_input_not_found) -
9/5_19:00_4e              34675651585          ENVIADO      recordatorio FALLIDO (chat_input_not_found) -
10/5_17:30_maf            34722714718          ENVIADO      recordatorio FALLIDO (chat_input_not_found) -
10/5_17:30_4e             34653197010          ENVIADO      recordatorio FALLIDO (chat_input_not_found) -

[2026-05-13 22:28:35] POSITIVO | Fotos nuevas: 0 | Envios OK: 0 | Envios FAIL: 0 | Reviews negativas: 0 | Fotos borradas: 0

=== SESIÓN 22:29-22:29 (13/05/2026) ===
RESERVA                   TELÉFONO             ESTADO       RESPUESTA                 REVIEW
-----------------------------------------------------------------------------------------------
9/5_14:30_maf             34665976040          ENVIADO      recordatorio FALLIDO (chat_input_not_found) -
9/5_19:00_maf/csi         34%C2%A0628%C2%A061%C2%A027%C2%A078%E2%80%AC ENVIADO      recordatorio FALLIDO (chat_input_not_found) -
9/5_20:30_4e              34747414084          ENVIADO      recordatorio FALLIDO (chat_input_not_found) -
9/5_19:00_4e              34675651585          ENVIADO      recordatorio FALLIDO (chat_input_not_found) -
10/5_17:30_maf            34722714718          ENVIADO      recordatorio FALLIDO (chat_input_not_found) -
10/5_17:30_4e             34653197010          ENVIADO      recordatorio FALLIDO (chat_input_not_found) -

[2026-05-13 22:29:54] POSITIVO | Fotos nuevas: 0 | Envios OK: 0 | Envios FAIL: 0 | Reviews negativas: 0 | Fotos borradas: 0

=== SESIÓN 22:27-22:30 (13/05/2026) ===
RESERVA                   TELÉFONO             ESTADO       RESPUESTA                 REVIEW
-----------------------------------------------------------------------------------------------
9/5_14:30_maf             34665976040          ENVIADO      recordatorio FALLIDO (exception: HTTPConnectionPool(host='localhost', port=59834): Max retries exceeded with url: /session/6d193ff8b36a42cba28d3dbe1de76a24/source (Caused by NewConnectionError("HTTPConnection(host='localhost', port=59834): Failed to establish a new connection: [WinError 10061] No connection could be made because the target machine actively refused it"))) -
9/5_19:00_maf/csi         34%C2%A0628%C2%A061%C2%A027%C2%A078%E2%80%AC ENVIADO      recordatorio FALLIDO (exception: HTTPConnectionPool(host='localhost', port=59834): Max retries exceeded with url: /session/6d193ff8b36a42cba28d3dbe1de76a24/source (Caused by NewConnectionError("HTTPConnection(host='localhost', port=59834): Failed to establish a new connection: [WinError 10061] No connection could be made because the target machine actively refused it"))) -
9/5_20:30_4e              34747414084          ENVIADO      recordatorio FALLIDO (exception: HTTPConnectionPool(host='localhost', port=59834): Max retries exceeded with url: /session/6d193ff8b36a42cba28d3dbe1de76a24/source (Caused by NewConnectionError("HTTPConnection(host='localhost', port=59834): Failed to establish a new connection: [WinError 10061] No connection could be made because the target machine actively refused it"))) -
9/5_19:00_4e              34675651585          ENVIADO      recordatorio FALLIDO (exception: HTTPConnectionPool(host='localhost', port=59834): Max retries exceeded with url: /session/6d193ff8b36a42cba28d3dbe1de76a24/source (Caused by NewConnectionError("HTTPConnection(host='localhost', port=59834): Failed to establish a new connection: [WinError 10061] No connection could be made because the target machine actively refused it"))) -
10/5_17:30_maf            34722714718          ENVIADO      recordatorio FALLIDO (exception: HTTPConnectionPool(host='localhost', port=59834): Max retries exceeded with url: /session/6d193ff8b36a42cba28d3dbe1de76a24/source (Caused by NewConnectionError("HTTPConnection(host='localhost', port=59834): Failed to establish a new connection: [WinError 10061] No connection could be made because the target machine actively refused it"))) -
10/5_17:30_4e             34653197010          ENVIADO      recordatorio FALLIDO (exception: HTTPConnectionPool(host='localhost', port=59834): Max retries exceeded with url: /session/6d193ff8b36a42cba28d3dbe1de76a24/source (Caused by NewConnectionError("HTTPConnection(host='localhost', port=59834): Failed to establish a new connection: [WinError 10061] No connection could be made because the target machine actively refused it"))) -

[2026-05-13 22:30:23] POSITIVO | Fotos nuevas: 0 | Envios OK: 0 | Envios FAIL: 0 | Reviews negativas: 0 | Fotos borradas: 0

=== SESIÓN 22:31-22:31 (13/05/2026) ===
RESERVA                   TELÉFONO             ESTADO       RESPUESTA                 REVIEW
-----------------------------------------------------------------------------------------------
9/5_14:30_maf             34665976040          ENVIADO      recordatorio FALLIDO (chat_input_not_found) -
9/5_19:00_maf/csi         34%C2%A0628%C2%A061%C2%A027%C2%A078%E2%80%AC ENVIADO      recordatorio FALLIDO (chat_input_not_found) -
9/5_20:30_4e              34747414084          ENVIADO      recordatorio FALLIDO (chat_input_not_found) -
9/5_19:00_4e              34675651585          ENVIADO      recordatorio FALLIDO (exception: Message: invalid session id: session deleted as the browser has closed the connection
from disconnected: Unable to receive message from renderer
  (Session info: chrome=147.0.7727.101); For documentation on this error, please visit: https://www.selenium.dev/documentation/webdriver/troubleshooting/errors#invalidsessionidexception
Stacktrace:
	chromedriver!GetHandleVerifier [0xb4b373+10553]
	chromedriver!GetHandleVerifier [0xb4b4a4+10684]
	chromedriver!(No symbol) [0x951e10]
	chromedriver!(No symbol) [0x9421b3]
	chromedriver!(No symbol) [0x941ee5]
	chromedriver!(No symbol) [0x93fff8]
	chromedriver!(No symbol) [0x940846]
	chromedriver!(No symbol) [0x96454e]
	chromedriver!(No symbol) [0x95a8fb]
	chromedriver!(No symbol) [0x95a80d]
	chromedriver!(No symbol) [0x9dd0cf]
	chromedriver!(No symbol) [0x9bd86c]
	chromedriver!(No symbol) [0x9daa36]
	chromedriver!(No symbol) [0x9bd606]
	chromedriver!(No symbol) [0x990039]
	chromedriver!(No symbol) [0x990df4]
	chromedriver!GetHandleVerifier [0xdcddb4+292f94]
	chromedriver!GetHandleVerifier [0xdc937d+28e55d]
	chromedriver!GetHandleVerifier [0xde8215+2ad3f5]
	chromedriver!GetHandleVerifier [0xb64c18+29df8]
	chromedriver!GetHandleVerifier [0xb6c6fd+318dd]
	chromedriver!GetHandleVerifier [0xb53c78+18e58]
	chromedriver!GetHandleVerifier [0xb53e42+19022]
	chromedriver!GetHandleVerifier [0xb3d45f+263f]
	KERNEL32!BaseThreadInitThunk [0x765562c4+24]
	ntdll!RtlSubscribeWnfStateChangeNotification [0x770a0aa9+439]
	ntdll!RtlSubscribeWnfStateChangeNotification [0x770a0a74+404]
) -
10/5_17:30_maf            34722714718          ENVIADO      recordatorio FALLIDO (exception: Message: invalid session id; For documentation on this error, please visit: https://www.selenium.dev/documentation/webdriver/troubleshooting/errors#invalidsessionidexception
Stacktrace:
	chromedriver!GetHandleVerifier [0xb4b373+10553]
	chromedriver!GetHandleVerifier [0xb4b4a4+10684]
	chromedriver!(No symbol) [0x951c4e]
	chromedriver!(No symbol) [0x98f2c5]
	chromedriver!(No symbol) [0x9bd726]
	chromedriver!(No symbol) [0x9b8c62]
	chromedriver!(No symbol) [0x9b8281]
	chromedriver!(No symbol) [0x92501e]
	chromedriver!(No symbol) [0x9255be]
	chromedriver!(No symbol) [0x925a9d]
	chromedriver!GetHandleVerifier [0xdcddb4+292f94]
	chromedriver!GetHandleVerifier [0xdc937d+28e55d]
	chromedriver!GetHandleVerifier [0xde8215+2ad3f5]
	chromedriver!GetHandleVerifier [0xb64c18+29df8]
	chromedriver!GetHandleVerifier [0xb6c6fd+318dd]
	chromedriver!(No symbol) [0x924b99]
	chromedriver!(No symbol) [0x9241e0]
	chromedriver!GetHandleVerifier [0xf32bef+3f7dcf]
	KERNEL32!BaseThreadInitThunk [0x765562c4+24]
	ntdll!RtlSubscribeWnfStateChangeNotification [0x770a0aa9+439]
	ntdll!RtlSubscribeWnfStateChangeNotification [0x770a0a74+404]
) -
10/5_17:30_4e             34653197010          ENVIADO      recordatorio FALLIDO (exception: Message: invalid session id; For documentation on this error, please visit: https://www.selenium.dev/documentation/webdriver/troubleshooting/errors#invalidsessionidexception
Stacktrace:
	chromedriver!GetHandleVerifier [0xb4b373+10553]
	chromedriver!GetHandleVerifier [0xb4b4a4+10684]
	chromedriver!(No symbol) [0x951c4e]
	chromedriver!(No symbol) [0x98f2c5]
	chromedriver!(No symbol) [0x9bd726]
	chromedriver!(No symbol) [0x9b8c62]
	chromedriver!(No symbol) [0x9b8281]
	chromedriver!(No symbol) [0x92501e]
	chromedriver!(No symbol) [0x9255be]
	chromedriver!(No symbol) [0x925a9d]
	chromedriver!GetHandleVerifier [0xdcddb4+292f94]
	chromedriver!GetHandleVerifier [0xdc937d+28e55d]
	chromedriver!GetHandleVerifier [0xde8215+2ad3f5]
	chromedriver!GetHandleVerifier [0xb64c18+29df8]
	chromedriver!GetHandleVerifier [0xb6c6fd+318dd]
	chromedriver!(No symbol) [0x924b99]
	chromedriver!(No symbol) [0x9241e0]
	chromedriver!GetHandleVerifier [0xf32bef+3f7dcf]
	KERNEL32!BaseThreadInitThunk [0x765562c4+24]
	ntdll!RtlSubscribeWnfStateChangeNotification [0x770a0aa9+439]
	ntdll!RtlSubscribeWnfStateChangeNotification [0x770a0a74+404]
) -

[2026-05-13 22:31:11] POSITIVO | Fotos nuevas: 0 | Envios OK: 0 | Envios FAIL: 0 | Reviews negativas: 0 | Fotos borradas: 0

=== SESIÓN 22:33-22:33 (13/05/2026) ===
RESERVA                   TELÉFONO             ESTADO       RESPUESTA                 REVIEW
-----------------------------------------------------------------------------------------------
9/5_14:30_maf             34665976040          ENVIADO      recordatorio FALLIDO (chat_input_not_found) -
9/5_19:00_maf/csi         34%C2%A0628%C2%A061%C2%A027%C2%A078%E2%80%AC ENVIADO      recordatorio FALLIDO (chat_input_not_found) -
9/5_20:30_4e              34747414084          ENVIADO      recordatorio FALLIDO (chat_input_not_found) -
9/5_19:00_4e              34675651585          ENVIADO      recordatorio FALLIDO (chat_input_not_found) -
10/5_17:30_maf            34722714718          ENVIADO      recordatorio FALLIDO (chat_input_not_found) -
10/5_17:30_4e             34653197010          ENVIADO      recordatorio FALLIDO (chat_input_not_found) -

[2026-05-13 22:33:10] POSITIVO | Fotos nuevas: 0 | Envios OK: 0 | Envios FAIL: 0 | Reviews negativas: 0 | Fotos borradas: 0
[2026-05-13 22:33:30] NEGATIVO | WhatsApp no conectado (QR visible) — ciclo abortado
[2026-05-13 22:35:07] NEGATIVO | WhatsApp no conectado (QR visible) — ciclo abortado
[2026-05-13 22:36:09] NEGATIVO | WhatsApp no conectado (QR visible) — ciclo abortado

=== SESIÓN 22:37-22:37 (13/05/2026) ===
RESERVA                   TELÉFONO             ESTADO       RESPUESTA                 REVIEW
-----------------------------------------------------------------------------------------------
9/5_14:30_maf             34665976040          ENVIADO      recordatorio FALLIDO (chat_input_not_found) -
9/5_19:00_maf/csi         34%C2%A0628%C2%A061%C2%A027%C2%A078%E2%80%AC ENVIADO      recordatorio FALLIDO (chat_input_not_found) -
9/5_20:30_4e              34747414084          ENVIADO      recordatorio FALLIDO (chat_input_not_found) -
9/5_19:00_4e              34675651585          ENVIADO      recordatorio FALLIDO (chat_input_not_found) -
10/5_17:30_maf            34722714718          ENVIADO      recordatorio FALLIDO (chat_input_not_found) -
10/5_17:30_4e             34653197010          ENVIADO      recordatorio FALLIDO (chat_input_not_found) -

[2026-05-13 22:37:31] POSITIVO | Fotos nuevas: 0 | Envios OK: 0 | Envios FAIL: 0 | Reviews negativas: 0 | Fotos borradas: 0

=== SESIÓN 22:38-22:38 (13/05/2026) ===
RESERVA                   TELÉFONO             ESTADO       RESPUESTA                 REVIEW
-----------------------------------------------------------------------------------------------
9/5_14:30_maf             34665976040          ENVIADO      recordatorio FALLIDO (chat_input_not_found) -
9/5_19:00_maf/csi         34%C2%A0628%C2%A061%C2%A027%C2%A078%E2%80%AC ENVIADO      recordatorio FALLIDO (chat_input_not_found) -
9/5_20:30_4e              34747414084          ENVIADO      recordatorio FALLIDO (chat_input_not_found) -
9/5_19:00_4e              34675651585          ENVIADO      recordatorio FALLIDO (chat_input_not_found) -
10/5_17:30_maf            34722714718          ENVIADO      recordatorio FALLIDO (chat_input_not_found) -
10/5_17:30_4e             34653197010          ENVIADO      recordatorio FALLIDO (chat_input_not_found) -

[2026-05-13 22:38:46] POSITIVO | Fotos nuevas: 0 | Envios OK: 0 | Envios FAIL: 0 | Reviews negativas: 0 | Fotos borradas: 0

=== SESIÓN 22:39-22:40 (13/05/2026) ===
RESERVA                   TELÉFONO             ESTADO       RESPUESTA                 REVIEW
-----------------------------------------------------------------------------------------------
9/5_14:30_maf             34665976040          ENVIADO      recordatorio FALLIDO (chat_input_not_found) -
9/5_19:00_maf/csi         34%C2%A0628%C2%A061%C2%A027%C2%A078%E2%80%AC ENVIADO      recordatorio FALLIDO (chat_input_not_found) -
9/5_20:30_4e              34747414084          ENVIADO      recordatorio FALLIDO (chat_input_not_found) -
9/5_19:00_4e              34675651585          ENVIADO      recordatorio FALLIDO (chat_input_not_found) -
10/5_17:30_maf            34722714718          ENVIADO      recordatorio FALLIDO (chat_input_not_found) -
10/5_17:30_4e             34653197010          ENVIADO      recordatorio FALLIDO (chat_input_not_found) -

[2026-05-13 22:40:00] POSITIVO | Fotos nuevas: 0 | Envios OK: 0 | Envios FAIL: 0 | Reviews negativas: 0 | Fotos borradas: 0

=== SESIÓN 22:38-22:40 (13/05/2026) ===
RESERVA                   TELÉFONO             ESTADO       RESPUESTA                 REVIEW
-----------------------------------------------------------------------------------------------
9/5_14:30_maf             34665976040          ENVIADO      recordatorio FALLIDO (exception: HTTPConnectionPool(host='localhost', port=61257): Max retries exceeded with url: /session/a6d3af559a779964e317c4d53ebf01a0/source (Caused by NewConnectionError("HTTPConnection(host='localhost', port=61257): Failed to establish a new connection: [WinError 10061] No connection could be made because the target machine actively refused it"))) -
9/5_19:00_maf/csi         34%C2%A0628%C2%A061%C2%A027%C2%A078%E2%80%AC ENVIADO      recordatorio FALLIDO (exception: HTTPConnectionPool(host='localhost', port=61257): Max retries exceeded with url: /session/a6d3af559a779964e317c4d53ebf01a0/source (Caused by NewConnectionError("HTTPConnection(host='localhost', port=61257): Failed to establish a new connection: [WinError 10061] No connection could be made because the target machine actively refused it"))) -
9/5_20:30_4e              34747414084          ENVIADO      recordatorio FALLIDO (exception: HTTPConnectionPool(host='localhost', port=61257): Max retries exceeded with url: /session/a6d3af559a779964e317c4d53ebf01a0/source (Caused by NewConnectionError("HTTPConnection(host='localhost', port=61257): Failed to establish a new connection: [WinError 10061] No connection could be made because the target machine actively refused it"))) -
9/5_19:00_4e              34675651585          ENVIADO      recordatorio FALLIDO (exception: HTTPConnectionPool(host='localhost', port=61257): Max retries exceeded with url: /session/a6d3af559a779964e317c4d53ebf01a0/source (Caused by NewConnectionError("HTTPConnection(host='localhost', port=61257): Failed to establish a new connection: [WinError 10061] No connection could be made because the target machine actively refused it"))) -
10/5_17:30_maf            34722714718          ENVIADO      recordatorio FALLIDO (exception: HTTPConnectionPool(host='localhost', port=61257): Max retries exceeded with url: /session/a6d3af559a779964e317c4d53ebf01a0/source (Caused by NewConnectionError("HTTPConnection(host='localhost', port=61257): Failed to establish a new connection: [WinError 10061] No connection could be made because the target machine actively refused it"))) -
10/5_17:30_4e             34653197010          ENVIADO      recordatorio FALLIDO (exception: HTTPConnectionPool(host='localhost', port=61257): Max retries exceeded with url: /session/a6d3af559a779964e317c4d53ebf01a0/source (Caused by NewConnectionError("HTTPConnection(host='localhost', port=61257): Failed to establish a new connection: [WinError 10061] No connection could be made because the target machine actively refused it"))) -

[2026-05-13 22:40:44] POSITIVO | Fotos nuevas: 0 | Envios OK: 0 | Envios FAIL: 0 | Reviews negativas: 0 | Fotos borradas: 0

=== SESIÓN 22:41-22:42 (13/05/2026) ===
RESERVA                   TELÉFONO             ESTADO       RESPUESTA                 REVIEW
-----------------------------------------------------------------------------------------------
9/5_14:30_maf             34665976040          ENVIADO      recordatorio FALLIDO (chat_input_not_found) -
9/5_19:00_maf/csi         34%C2%A0628%C2%A061%C2%A027%C2%A078%E2%80%AC ENVIADO      recordatorio FALLIDO (chat_input_not_found) -
9/5_20:30_4e              34747414084          ENVIADO      recordatorio FALLIDO (chat_input_not_found) -
9/5_19:00_4e              34675651585          ENVIADO      recordatorio FALLIDO (chat_input_not_found) -
10/5_17:30_maf            34722714718          ENVIADO      recordatorio FALLIDO (chat_input_not_found) -
10/5_17:30_4e             34653197010          ENVIADO      recordatorio FALLIDO (chat_input_not_found) -

[2026-05-13 22:42:03] POSITIVO | Fotos nuevas: 0 | Envios OK: 0 | Envios FAIL: 0 | Reviews negativas: 0 | Fotos borradas: 0

=== SESIÓN 22:43-22:43 (13/05/2026) ===
RESERVA                   TELÉFONO             ESTADO       RESPUESTA                 REVIEW
-----------------------------------------------------------------------------------------------
9/5_14:30_maf             34665976040          ENVIADO      recordatorio FALLIDO (chat_input_not_found) -
9/5_19:00_maf/csi         34%C2%A0628%C2%A061%C2%A027%C2%A078%E2%80%AC ENVIADO      recordatorio FALLIDO (chat_input_not_found) -
9/5_20:30_4e              34747414084          ENVIADO      recordatorio FALLIDO (chat_input_not_found) -
9/5_19:00_4e              34675651585          ENVIADO      recordatorio FALLIDO (chat_input_not_found) -
10/5_17:30_maf            34722714718          ENVIADO      recordatorio FALLIDO (chat_input_not_found) -
10/5_17:30_4e             34653197010          ENVIADO      recordatorio FALLIDO (chat_input_not_found) -

[2026-05-13 22:43:20] POSITIVO | Fotos nuevas: 0 | Envios OK: 0 | Envios FAIL: 0 | Reviews negativas: 0 | Fotos borradas: 0

=== SESIÓN 22:44-22:44 (13/05/2026) ===
RESERVA                   TELÉFONO             ESTADO       RESPUESTA                 REVIEW
-----------------------------------------------------------------------------------------------
9/5_14:30_maf             34665976040          ENVIADO      recordatorio FALLIDO (chat_input_not_found) -
9/5_19:00_maf/csi         34%C2%A0628%C2%A061%C2%A027%C2%A078%E2%80%AC ENVIADO      recordatorio FALLIDO (chat_input_not_found) -
9/5_20:30_4e              34747414084          ENVIADO      recordatorio FALLIDO (chat_input_not_found) -
9/5_19:00_4e              34675651585          ENVIADO      recordatorio FALLIDO (chat_input_not_found) -
10/5_17:30_maf            34722714718          ENVIADO      recordatorio FALLIDO (chat_input_not_found) -
10/5_17:30_4e             34653197010          ENVIADO      recordatorio FALLIDO (chat_input_not_found) -

[2026-05-13 22:44:33] POSITIVO | Fotos nuevas: 0 | Envios OK: 0 | Envios FAIL: 0 | Reviews negativas: 0 | Fotos borradas: 0

=== SESIÓN 22:45-22:45 (13/05/2026) ===
RESERVA                   TELÉFONO             ESTADO       RESPUESTA                 REVIEW
-----------------------------------------------------------------------------------------------
9/5_14:30_maf             34665976040          ENVIADO      recordatorio FALLIDO (chat_input_not_found) -
9/5_19:00_maf/csi         34%C2%A0628%C2%A061%C2%A027%C2%A078%E2%80%AC ENVIADO      recordatorio FALLIDO (chat_input_not_found) -
9/5_20:30_4e              34747414084          ENVIADO      recordatorio FALLIDO (chat_input_not_found) -
9/5_19:00_4e              34675651585          ENVIADO      recordatorio FALLIDO (chat_input_not_found) -
10/5_17:30_maf            34722714718          ENVIADO      recordatorio FALLIDO (chat_input_not_found) -
10/5_17:30_4e             34653197010          ENVIADO      recordatorio FALLIDO (chat_input_not_found) -

[2026-05-13 22:45:49] POSITIVO | Fotos nuevas: 0 | Envios OK: 0 | Envios FAIL: 0 | Reviews negativas: 0 | Fotos borradas: 0

=== SESIÓN 22:46-22:47 (13/05/2026) ===
RESERVA                   TELÉFONO             ESTADO       RESPUESTA                 REVIEW
-----------------------------------------------------------------------------------------------
9/5_14:30_maf             34665976040          ENVIADO      recordatorio FALLIDO (chat_input_not_found) -
9/5_19:00_maf/csi         34%C2%A0628%C2%A061%C2%A027%C2%A078%E2%80%AC ENVIADO      recordatorio FALLIDO (chat_input_not_found) -
9/5_20:30_4e              34747414084          ENVIADO      recordatorio FALLIDO (chat_input_not_found) -
9/5_19:00_4e              34675651585          ENVIADO      recordatorio FALLIDO (chat_input_not_found) -
10/5_17:30_maf            34722714718          ENVIADO      recordatorio FALLIDO (chat_input_not_found) -
10/5_17:30_4e             34653197010          ENVIADO      recordatorio FALLIDO (chat_input_not_found) -

[2026-05-13 22:47:05] POSITIVO | Fotos nuevas: 0 | Envios OK: 0 | Envios FAIL: 0 | Reviews negativas: 0 | Fotos borradas: 0

=== SESIÓN 22:48-22:48 (13/05/2026) ===
RESERVA                   TELÉFONO             ESTADO       RESPUESTA                 REVIEW
-----------------------------------------------------------------------------------------------
9/5_14:30_maf             34665976040          ENVIADO      recordatorio FALLIDO (chat_input_not_found) -
9/5_19:00_maf/csi         34%C2%A0628%C2%A061%C2%A027%C2%A078%E2%80%AC ENVIADO      recordatorio FALLIDO (chat_input_not_found) -
9/5_20:30_4e              34747414084          ENVIADO      recordatorio FALLIDO (chat_input_not_found) -
9/5_19:00_4e              34675651585          ENVIADO      recordatorio FALLIDO (chat_input_not_found) -
10/5_17:30_maf            34722714718          ENVIADO      recordatorio FALLIDO (chat_input_not_found) -
10/5_17:30_4e             34653197010          ENVIADO      recordatorio FALLIDO (chat_input_not_found) -

[2026-05-13 22:48:20] POSITIVO | Fotos nuevas: 0 | Envios OK: 0 | Envios FAIL: 0 | Reviews negativas: 0 | Fotos borradas: 0

=== SESIÓN 22:49-22:49 (13/05/2026) ===
RESERVA                   TELÉFONO             ESTADO       RESPUESTA                 REVIEW
-----------------------------------------------------------------------------------------------
9/5_14:30_maf             34665976040          ENVIADO      recordatorio FALLIDO (chat_input_not_found) -
9/5_19:00_maf/csi         34%C2%A0628%C2%A061%C2%A027%C2%A078%E2%80%AC ENVIADO      recordatorio FALLIDO (chat_input_not_found) -
9/5_20:30_4e              34747414084          ENVIADO      recordatorio FALLIDO (chat_input_not_found) -
9/5_19:00_4e              34675651585          ENVIADO      recordatorio FALLIDO (chat_input_not_found) -
10/5_17:30_maf            34722714718          ENVIADO      recordatorio FALLIDO (chat_input_not_found) -
10/5_17:30_4e             34653197010          ENVIADO      recordatorio FALLIDO (chat_input_not_found) -

[2026-05-13 22:49:41] POSITIVO | Fotos nuevas: 0 | Envios OK: 0 | Envios FAIL: 0 | Reviews negativas: 0 | Fotos borradas: 0

=== SESIÓN 22:50-22:51 (13/05/2026) ===
RESERVA                   TELÉFONO             ESTADO       RESPUESTA                 REVIEW
-----------------------------------------------------------------------------------------------
9/5_14:30_maf             34665976040          ENVIADO      recordatorio FALLIDO (chat_input_not_found) -
9/5_19:00_maf/csi         34%C2%A0628%C2%A061%C2%A027%C2%A078%E2%80%AC ENVIADO      recordatorio FALLIDO (chat_input_not_found) -
9/5_20:30_4e              34747414084          ENVIADO      recordatorio FALLIDO (chat_input_not_found) -
9/5_19:00_4e              34675651585          ENVIADO      recordatorio FALLIDO (chat_input_not_found) -
10/5_17:30_maf            34722714718          ENVIADO      recordatorio FALLIDO (chat_input_not_found) -
10/5_17:30_4e             34653197010          ENVIADO      recordatorio FALLIDO (chat_input_not_found) -

[2026-05-13 22:51:03] POSITIVO | Fotos nuevas: 0 | Envios OK: 0 | Envios FAIL: 0 | Reviews negativas: 0 | Fotos borradas: 0

=== SESIÓN 22:48-22:51 (13/05/2026) ===
RESERVA                   TELÉFONO             ESTADO       RESPUESTA                 REVIEW
-----------------------------------------------------------------------------------------------
9/5_14:30_maf             34665976040          ENVIADO      recordatorio FALLIDO (exception: HTTPConnectionPool(host='localhost', port=61650): Max retries exceeded with url: /session/8794fbc6b0bed25822b9787b8539dce6/source (Caused by NewConnectionError("HTTPConnection(host='localhost', port=61650): Failed to establish a new connection: [WinError 10061] No connection could be made because the target machine actively refused it"))) -
9/5_19:00_maf/csi         34%C2%A0628%C2%A061%C2%A027%C2%A078%E2%80%AC ENVIADO      recordatorio FALLIDO (exception: HTTPConnectionPool(host='localhost', port=61650): Max retries exceeded with url: /session/8794fbc6b0bed25822b9787b8539dce6/source (Caused by NewConnectionError("HTTPConnection(host='localhost', port=61650): Failed to establish a new connection: [WinError 10061] No connection could be made because the target machine actively refused it"))) -
9/5_20:30_4e              34747414084          ENVIADO      recordatorio FALLIDO (exception: HTTPConnectionPool(host='localhost', port=61650): Max retries exceeded with url: /session/8794fbc6b0bed25822b9787b8539dce6/source (Caused by NewConnectionError("HTTPConnection(host='localhost', port=61650): Failed to establish a new connection: [WinError 10061] No connection could be made because the target machine actively refused it"))) -
9/5_19:00_4e              34675651585          ENVIADO      recordatorio FALLIDO (exception: HTTPConnectionPool(host='localhost', port=61650): Max retries exceeded with url: /session/8794fbc6b0bed25822b9787b8539dce6/source (Caused by NewConnectionError("HTTPConnection(host='localhost', port=61650): Failed to establish a new connection: [WinError 10061] No connection could be made because the target machine actively refused it"))) -
10/5_17:30_maf            34722714718          ENVIADO      recordatorio FALLIDO (exception: HTTPConnectionPool(host='localhost', port=61650): Max retries exceeded with url: /session/8794fbc6b0bed25822b9787b8539dce6/source (Caused by NewConnectionError("HTTPConnection(host='localhost', port=61650): Failed to establish a new connection: [WinError 10061] No connection could be made because the target machine actively refused it"))) -
10/5_17:30_4e             34653197010          ENVIADO      recordatorio FALLIDO (exception: HTTPConnectionPool(host='localhost', port=61650): Max retries exceeded with url: /session/8794fbc6b0bed25822b9787b8539dce6/source (Caused by NewConnectionError("HTTPConnection(host='localhost', port=61650): Failed to establish a new connection: [WinError 10061] No connection could be made because the target machine actively refused it"))) -

[2026-05-13 22:51:16] POSITIVO | Fotos nuevas: 0 | Envios OK: 0 | Envios FAIL: 0 | Reviews negativas: 0 | Fotos borradas: 0

=== SESIÓN 22:53-22:53 (13/05/2026) ===
RESERVA                   TELÉFONO             ESTADO       RESPUESTA                 REVIEW
-----------------------------------------------------------------------------------------------
9/5_14:30_maf             34665976040          ENVIADO      recordatorio FALLIDO (chat_input_not_found) -
9/5_19:00_maf/csi         34%C2%A0628%C2%A061%C2%A027%C2%A078%E2%80%AC ENVIADO      recordatorio FALLIDO (chat_input_not_found) -
9/5_20:30_4e              34747414084          ENVIADO      recordatorio FALLIDO (chat_input_not_found) -
9/5_19:00_4e              34675651585          ENVIADO      recordatorio FALLIDO (chat_input_not_found) -
10/5_17:30_maf            34722714718          ENVIADO      recordatorio FALLIDO (chat_input_not_found) -
10/5_17:30_4e             34653197010          ENVIADO      recordatorio FALLIDO (chat_input_not_found) -

[2026-05-13 22:53:18] POSITIVO | Fotos nuevas: 0 | Envios OK: 0 | Envios FAIL: 0 | Reviews negativas: 0 | Fotos borradas: 0

=== SESIÓN 22:54-22:54 (13/05/2026) ===
RESERVA                   TELÉFONO             ESTADO       RESPUESTA                 REVIEW
-----------------------------------------------------------------------------------------------
9/5_14:30_maf             34665976040          ENVIADO      recordatorio FALLIDO (chat_input_not_found) -
9/5_19:00_maf/csi         34%C2%A0628%C2%A061%C2%A027%C2%A078%E2%80%AC ENVIADO      recordatorio FALLIDO (chat_input_not_found) -
9/5_20:30_4e              34747414084          ENVIADO      recordatorio FALLIDO (chat_input_not_found) -
9/5_19:00_4e              34675651585          ENVIADO      recordatorio FALLIDO (chat_input_not_found) -
10/5_17:30_maf            34722714718          ENVIADO      recordatorio FALLIDO (chat_input_not_found) -
10/5_17:30_4e             34653197010          ENVIADO      recordatorio FALLIDO (chat_input_not_found) -

[2026-05-13 22:54:37] POSITIVO | Fotos nuevas: 0 | Envios OK: 0 | Envios FAIL: 0 | Reviews negativas: 0 | Fotos borradas: 0

=== SESIÓN 22:55-22:55 (13/05/2026) ===
RESERVA                   TELÉFONO             ESTADO       RESPUESTA                 REVIEW
-----------------------------------------------------------------------------------------------
9/5_14:30_maf             34665976040          ENVIADO      recordatorio FALLIDO (chat_input_not_found) -
9/5_19:00_maf/csi         34%C2%A0628%C2%A061%C2%A027%C2%A078%E2%80%AC ENVIADO      recordatorio FALLIDO (chat_input_not_found) -
9/5_20:30_4e              34747414084          ENVIADO      recordatorio FALLIDO (chat_input_not_found) -
9/5_19:00_4e              34675651585          ENVIADO      recordatorio FALLIDO (chat_input_not_found) -
10/5_17:30_maf            34722714718          ENVIADO      recordatorio FALLIDO (chat_input_not_found) -
10/5_17:30_4e             34653197010          ENVIADO      recordatorio FALLIDO (chat_input_not_found) -

[2026-05-13 22:55:55] POSITIVO | Fotos nuevas: 0 | Envios OK: 0 | Envios FAIL: 0 | Reviews negativas: 0 | Fotos borradas: 0

=== SESIÓN 22:57-22:57 (13/05/2026) ===
RESERVA                   TELÉFONO             ESTADO       RESPUESTA                 REVIEW
-----------------------------------------------------------------------------------------------
9/5_14:30_maf             34665976040          ENVIADO      recordatorio FALLIDO (chat_input_not_found) -
9/5_19:00_maf/csi         34%C2%A0628%C2%A061%C2%A027%C2%A078%E2%80%AC ENVIADO      recordatorio FALLIDO (chat_input_not_found) -
9/5_20:30_4e              34747414084          ENVIADO      recordatorio FALLIDO (chat_input_not_found) -
9/5_19:00_4e              34675651585          ENVIADO      recordatorio FALLIDO (chat_input_not_found) -
10/5_17:30_maf            34722714718          ENVIADO      recordatorio FALLIDO (chat_input_not_found) -
10/5_17:30_4e             34653197010          ENVIADO      recordatorio FALLIDO (chat_input_not_found) -

[2026-05-13 22:57:16] POSITIVO | Fotos nuevas: 0 | Envios OK: 0 | Envios FAIL: 0 | Reviews negativas: 0 | Fotos borradas: 0

=== SESIÓN 22:55-22:58 (13/05/2026) ===
RESERVA                   TELÉFONO             ESTADO       RESPUESTA                 REVIEW
-----------------------------------------------------------------------------------------------
9/5_14:30_maf             34665976040          ENVIADO      recordatorio FALLIDO (exception: HTTPConnectionPool(host='localhost', port=62907): Max retries exceeded with url: /session/c3acddc3735e775fef1d44317a8a8dca/source (Caused by NewConnectionError("HTTPConnection(host='localhost', port=62907): Failed to establish a new connection: [WinError 10061] No connection could be made because the target machine actively refused it"))) -
9/5_19:00_maf/csi         34%C2%A0628%C2%A061%C2%A027%C2%A078%E2%80%AC ENVIADO      recordatorio FALLIDO (exception: HTTPConnectionPool(host='localhost', port=62907): Max retries exceeded with url: /session/c3acddc3735e775fef1d44317a8a8dca/source (Caused by NewConnectionError("HTTPConnection(host='localhost', port=62907): Failed to establish a new connection: [WinError 10061] No connection could be made because the target machine actively refused it"))) -
9/5_20:30_4e              34747414084          ENVIADO      recordatorio FALLIDO (exception: HTTPConnectionPool(host='localhost', port=62907): Max retries exceeded with url: /session/c3acddc3735e775fef1d44317a8a8dca/source (Caused by NewConnectionError("HTTPConnection(host='localhost', port=62907): Failed to establish a new connection: [WinError 10061] No connection could be made because the target machine actively refused it"))) -
9/5_19:00_4e              34675651585          ENVIADO      recordatorio FALLIDO (exception: HTTPConnectionPool(host='localhost', port=62907): Max retries exceeded with url: /session/c3acddc3735e775fef1d44317a8a8dca/source (Caused by NewConnectionError("HTTPConnection(host='localhost', port=62907): Failed to establish a new connection: [WinError 10061] No connection could be made because the target machine actively refused it"))) -
10/5_17:30_maf            34722714718          ENVIADO      recordatorio FALLIDO (exception: HTTPConnectionPool(host='localhost', port=62907): Max retries exceeded with url: /session/c3acddc3735e775fef1d44317a8a8dca/source (Caused by NewConnectionError("HTTPConnection(host='localhost', port=62907): Failed to establish a new connection: [WinError 10061] No connection could be made because the target machine actively refused it"))) -
10/5_17:30_4e             34653197010          ENVIADO      recordatorio FALLIDO (exception: HTTPConnectionPool(host='localhost', port=62907): Max retries exceeded with url: /session/c3acddc3735e775fef1d44317a8a8dca/source (Caused by NewConnectionError("HTTPConnection(host='localhost', port=62907): Failed to establish a new connection: [WinError 10061] No connection could be made because the target machine actively refused it"))) -

[2026-05-13 22:58:28] POSITIVO | Fotos nuevas: 0 | Envios OK: 0 | Envios FAIL: 0 | Reviews negativas: 0 | Fotos borradas: 0

=== SESIÓN 22:58-22:58 (13/05/2026) ===
RESERVA                   TELÉFONO             ESTADO       RESPUESTA                 REVIEW
-----------------------------------------------------------------------------------------------
9/5_14:30_maf             34665976040          ENVIADO      recordatorio FALLIDO (chat_input_not_found) -
9/5_19:00_maf/csi         34%C2%A0628%C2%A061%C2%A027%C2%A078%E2%80%AC ENVIADO      recordatorio FALLIDO (chat_input_not_found) -
9/5_20:30_4e              34747414084          ENVIADO      recordatorio FALLIDO (chat_input_not_found) -
9/5_19:00_4e              34675651585          ENVIADO      recordatorio FALLIDO (chat_input_not_found) -
10/5_17:30_maf            34722714718          ENVIADO      recordatorio FALLIDO (chat_input_not_found) -
10/5_17:30_4e             34653197010          ENVIADO      recordatorio FALLIDO (chat_input_not_found) -

[2026-05-13 22:58:34] POSITIVO | Fotos nuevas: 0 | Envios OK: 0 | Envios FAIL: 0 | Reviews negativas: 0 | Fotos borradas: 0

=== SESIÓN 23:00-23:00 (13/05/2026) ===
RESERVA                   TELÉFONO             ESTADO       RESPUESTA                 REVIEW
-----------------------------------------------------------------------------------------------
9/5_14:30_maf             34665976040          ENVIADO      recordatorio FALLIDO (chat_input_not_found) -
9/5_19:00_maf/csi         34%C2%A0628%C2%A061%C2%A027%C2%A078%E2%80%AC ENVIADO      recordatorio FALLIDO (chat_input_not_found) -
9/5_20:30_4e              34747414084          ENVIADO      recordatorio FALLIDO (chat_input_not_found) -
9/5_19:00_4e              34675651585          ENVIADO      recordatorio FALLIDO (chat_input_not_found) -
10/5_17:30_maf            34722714718          ENVIADO      recordatorio FALLIDO (chat_input_not_found) -
10/5_17:30_4e             34653197010          ENVIADO      recordatorio FALLIDO (chat_input_not_found) -

[2026-05-13 23:00:31] POSITIVO | Fotos nuevas: 0 | Envios OK: 0 | Envios FAIL: 0 | Reviews negativas: 0 | Fotos borradas: 0
[2026-05-13 23:00:52] NEGATIVO | WhatsApp no conectado (QR visible) — ciclo abortado
