
=== SESIÓN 18:26-22:16 (26/05/2026) ===
RESERVA                   TELÉFONO             ESTADO       RESPUESTA                 REVIEW
-----------------------------------------------------------------------------------------------
16/5_17:30_4e             34662691916          ENVIADO      sin respuesta             -
16/5_17:40_csi            34661826756          ENVIADO      sin respuesta             -
15/5_19:00_4e             34680445843          ENVIADO      POSITIVA                  review enviada
16/5_17:40_csi            34661826756          ENVIADO      POSITIVA                  review enviada
16/5_19:10_csi            34676007933          ENVIADO      sin respuesta             -
16/5_19:10_csi            34676007933          ENVIADO      POSITIVA                  review enviada
16/5_19:00_4e             34%C2%A0635%C2%A088%C2%A014%C2%A013%E2%80%AC ENVIADO      sin respuesta             -
16/5_19:00_4e             34%C2%A0635%C2%A088%C2%A014%C2%A013%E2%80%AC ENVIADO      POSITIVA                  review enviada
16/5_20:40_csi            34670238951          ENVIADO      sin respuesta             -
17/5_17:30_4e             34674807460          ENVIADO      sin respuesta             -
17/5_16:00_4e             34%C2%A0652%C2%A090%C2%A019%C2%A066%E2%80%AC ENVIADO      sin respuesta             -
17/5_16:00_4e             34%C2%A0652%C2%A090%C2%A019%C2%A066%E2%80%AC ENVIADO      POSITIVA                  review enviada
17/5_17:30_4e             34674807460          ENVIADO      POSITIVA                  review enviada
15/5_16:00_maf            34630660579          ENVIADO      recordatorio enviado (48h) -
15/5_19:10_csi            34657852342          ENVIADO      recordatorio enviado (48h) -
15/5_16:00_maf            34630660579          ENVIADO      NEUTRAL (guardado para revisión) -
15/5_19:10_csi            34657852342          ENVIADO      POSITIVA                  review enviada
16/5_17:30_4e             34662691916          ENVIADO      recordatorio FALLIDO (send_not_confirmed) -
16/5_17:30_4e             34662691916          ENVIADO      recordatorio FALLIDO (send_not_confirmed) -
16/5_17:30_4e             34662691916          ENVIADO      recordatorio enviado (48h) -
16/5_20:40_csi            34670238951          ENVIADO      recordatorio enviado (48h) -

[2026-05-26 10:03:29] POSITIVO | Fotos nuevas: 0 | Envios OK: 0 | Envios FAIL: 0 | Reviews negativas: 0 | Fotos borradas: 0

=== SESIÓN 18:26-22:16 (26/05/2026) ===
RESERVA                   TELÉFONO             ESTADO       RESPUESTA                 REVIEW
-----------------------------------------------------------------------------------------------
16/5_17:30_4e             34662691916          ENVIADO      sin respuesta             -
16/5_17:40_csi            34661826756          ENVIADO      sin respuesta             -
15/5_19:00_4e             34680445843          ENVIADO      POSITIVA                  review enviada
16/5_17:40_csi            34661826756          ENVIADO      POSITIVA                  review enviada
16/5_19:10_csi            34676007933          ENVIADO      sin respuesta             -
16/5_19:10_csi            34676007933          ENVIADO      POSITIVA                  review enviada
16/5_19:00_4e             34%C2%A0635%C2%A088%C2%A014%C2%A013%E2%80%AC ENVIADO      sin respuesta             -
16/5_19:00_4e             34%C2%A0635%C2%A088%C2%A014%C2%A013%E2%80%AC ENVIADO      POSITIVA                  review enviada
16/5_20:40_csi            34670238951          ENVIADO      sin respuesta             -
17/5_17:30_4e             34674807460          ENVIADO      sin respuesta             -
17/5_16:00_4e             34%C2%A0652%C2%A090%C2%A019%C2%A066%E2%80%AC ENVIADO      sin respuesta             -
17/5_16:00_4e             34%C2%A0652%C2%A090%C2%A019%C2%A066%E2%80%AC ENVIADO      POSITIVA                  review enviada
17/5_17:30_4e             34674807460          ENVIADO      POSITIVA                  review enviada
15/5_16:00_maf            34630660579          ENVIADO      recordatorio enviado (48h) -
15/5_19:10_csi            34657852342          ENVIADO      recordatorio enviado (48h) -
15/5_16:00_maf            34630660579          ENVIADO      NEUTRAL (guardado para revisión) -
15/5_19:10_csi            34657852342          ENVIADO      POSITIVA                  review enviada
16/5_17:30_4e             34662691916          ENVIADO      recordatorio FALLIDO (send_not_confirmed) -
16/5_17:30_4e             34662691916          ENVIADO      recordatorio FALLIDO (send_not_confirmed) -
16/5_17:30_4e             34662691916          ENVIADO      recordatorio enviado (48h) -
16/5_20:40_csi            34670238951          ENVIADO      recordatorio enviado (48h) -

[2026-05-26 10:19:45] POSITIVO | Fotos nuevas: 0 | Envios OK: 0 | Envios FAIL: 0 | Reviews negativas: 0 | Fotos borradas: 0

=== SESIÓN 18:26-22:16 (26/05/2026) ===
RESERVA                   TELÉFONO             ESTADO       RESPUESTA                 REVIEW
-----------------------------------------------------------------------------------------------
16/5_17:30_4e             34662691916          ENVIADO      sin respuesta             -
16/5_17:40_csi            34661826756          ENVIADO      sin respuesta             -
15/5_19:00_4e             34680445843          ENVIADO      POSITIVA                  review enviada
16/5_17:40_csi            34661826756          ENVIADO      POSITIVA                  review enviada
16/5_19:10_csi            34676007933          ENVIADO      sin respuesta             -
16/5_19:10_csi            34676007933          ENVIADO      POSITIVA                  review enviada
16/5_19:00_4e             34%C2%A0635%C2%A088%C2%A014%C2%A013%E2%80%AC ENVIADO      sin respuesta             -
16/5_19:00_4e             34%C2%A0635%C2%A088%C2%A014%C2%A013%E2%80%AC ENVIADO      POSITIVA                  review enviada
16/5_20:40_csi            34670238951          ENVIADO      sin respuesta             -
17/5_17:30_4e             34674807460          ENVIADO      sin respuesta             -
17/5_16:00_4e             34%C2%A0652%C2%A090%C2%A019%C2%A066%E2%80%AC ENVIADO      sin respuesta             -
17/5_16:00_4e             34%C2%A0652%C2%A090%C2%A019%C2%A066%E2%80%AC ENVIADO      POSITIVA                  review enviada
17/5_17:30_4e             34674807460          ENVIADO      POSITIVA                  review enviada
15/5_16:00_maf            34630660579          ENVIADO      recordatorio enviado (48h) -
15/5_19:10_csi            34657852342          ENVIADO      recordatorio enviado (48h) -
15/5_16:00_maf            34630660579          ENVIADO      NEUTRAL (guardado para revisión) -
15/5_19:10_csi            34657852342          ENVIADO      POSITIVA                  review enviada
16/5_17:30_4e             34662691916          ENVIADO      recordatorio FALLIDO (send_not_confirmed) -
16/5_17:30_4e             34662691916          ENVIADO      recordatorio FALLIDO (send_not_confirmed) -
16/5_17:30_4e             34662691916          ENVIADO      recordatorio enviado (48h) -
16/5_20:40_csi            34670238951          ENVIADO      recordatorio enviado (48h) -

[2026-05-26 10:36:04] POSITIVO | Fotos nuevas: 0 | Envios OK: 0 | Envios FAIL: 0 | Reviews negativas: 0 | Fotos borradas: 0

=== SESIÓN 18:26-22:16 (26/05/2026) ===
RESERVA                   TELÉFONO             ESTADO       RESPUESTA                 REVIEW
-----------------------------------------------------------------------------------------------
16/5_17:30_4e             34662691916          ENVIADO      sin respuesta             -
16/5_17:40_csi            34661826756          ENVIADO      sin respuesta             -
15/5_19:00_4e             34680445843          ENVIADO      POSITIVA                  review enviada
16/5_17:40_csi            34661826756          ENVIADO      POSITIVA                  review enviada
16/5_19:10_csi            34676007933          ENVIADO      sin respuesta             -
16/5_19:10_csi            34676007933          ENVIADO      POSITIVA                  review enviada
16/5_19:00_4e             34%C2%A0635%C2%A088%C2%A014%C2%A013%E2%80%AC ENVIADO      sin respuesta             -
16/5_19:00_4e             34%C2%A0635%C2%A088%C2%A014%C2%A013%E2%80%AC ENVIADO      POSITIVA                  review enviada
16/5_20:40_csi            34670238951          ENVIADO      sin respuesta             -
17/5_17:30_4e             34674807460          ENVIADO      sin respuesta             -
17/5_16:00_4e             34%C2%A0652%C2%A090%C2%A019%C2%A066%E2%80%AC ENVIADO      sin respuesta             -
17/5_16:00_4e             34%C2%A0652%C2%A090%C2%A019%C2%A066%E2%80%AC ENVIADO      POSITIVA                  review enviada
17/5_17:30_4e             34674807460          ENVIADO      POSITIVA                  review enviada
15/5_16:00_maf            34630660579          ENVIADO      recordatorio enviado (48h) -
15/5_19:10_csi            34657852342          ENVIADO      recordatorio enviado (48h) -
15/5_16:00_maf            34630660579          ENVIADO      NEUTRAL (guardado para revisión) -
15/5_19:10_csi            34657852342          ENVIADO      POSITIVA                  review enviada
16/5_17:30_4e             34662691916          ENVIADO      recordatorio FALLIDO (send_not_confirmed) -
16/5_17:30_4e             34662691916          ENVIADO      recordatorio FALLIDO (send_not_confirmed) -
16/5_17:30_4e             34662691916          ENVIADO      recordatorio enviado (48h) -
16/5_20:40_csi            34670238951          ENVIADO      recordatorio enviado (48h) -

[2026-05-26 10:52:23] POSITIVO | Fotos nuevas: 0 | Envios OK: 0 | Envios FAIL: 0 | Reviews negativas: 0 | Fotos borradas: 0

=== SESIÓN 18:26-22:16 (26/05/2026) ===
RESERVA                   TELÉFONO             ESTADO       RESPUESTA                 REVIEW
-----------------------------------------------------------------------------------------------
16/5_17:30_4e             34662691916          ENVIADO      sin respuesta             -
16/5_17:40_csi            34661826756          ENVIADO      sin respuesta             -
15/5_19:00_4e             34680445843          ENVIADO      POSITIVA                  review enviada
16/5_17:40_csi            34661826756          ENVIADO      POSITIVA                  review enviada
16/5_19:10_csi            34676007933          ENVIADO      sin respuesta             -
16/5_19:10_csi            34676007933          ENVIADO      POSITIVA                  review enviada
16/5_19:00_4e             34%C2%A0635%C2%A088%C2%A014%C2%A013%E2%80%AC ENVIADO      sin respuesta             -
16/5_19:00_4e             34%C2%A0635%C2%A088%C2%A014%C2%A013%E2%80%AC ENVIADO      POSITIVA                  review enviada
16/5_20:40_csi            34670238951          ENVIADO      sin respuesta             -
17/5_17:30_4e             34674807460          ENVIADO      sin respuesta             -
17/5_16:00_4e             34%C2%A0652%C2%A090%C2%A019%C2%A066%E2%80%AC ENVIADO      sin respuesta             -
17/5_16:00_4e             34%C2%A0652%C2%A090%C2%A019%C2%A066%E2%80%AC ENVIADO      POSITIVA                  review enviada
17/5_17:30_4e             34674807460          ENVIADO      POSITIVA                  review enviada
15/5_16:00_maf            34630660579          ENVIADO      recordatorio enviado (48h) -
15/5_19:10_csi            34657852342          ENVIADO      recordatorio enviado (48h) -
15/5_16:00_maf            34630660579          ENVIADO      NEUTRAL (guardado para revisión) -
15/5_19:10_csi            34657852342          ENVIADO      POSITIVA                  review enviada
16/5_17:30_4e             34662691916          ENVIADO      recordatorio FALLIDO (send_not_confirmed) -
16/5_17:30_4e             34662691916          ENVIADO      recordatorio FALLIDO (send_not_confirmed) -
16/5_17:30_4e             34662691916          ENVIADO      recordatorio enviado (48h) -
16/5_20:40_csi            34670238951          ENVIADO      recordatorio enviado (48h) -

[2026-05-26 11:08:39] POSITIVO | Fotos nuevas: 0 | Envios OK: 0 | Envios FAIL: 0 | Reviews negativas: 0 | Fotos borradas: 0

=== SESIÓN 18:26-22:16 (26/05/2026) ===
RESERVA                   TELÉFONO             ESTADO       RESPUESTA                 REVIEW
-----------------------------------------------------------------------------------------------
16/5_17:30_4e             34662691916          ENVIADO      sin respuesta             -
16/5_17:40_csi            34661826756          ENVIADO      sin respuesta             -
15/5_19:00_4e             34680445843          ENVIADO      POSITIVA                  review enviada
16/5_17:40_csi            34661826756          ENVIADO      POSITIVA                  review enviada
16/5_19:10_csi            34676007933          ENVIADO      sin respuesta             -
16/5_19:10_csi            34676007933          ENVIADO      POSITIVA                  review enviada
16/5_19:00_4e             34%C2%A0635%C2%A088%C2%A014%C2%A013%E2%80%AC ENVIADO      sin respuesta             -
16/5_19:00_4e             34%C2%A0635%C2%A088%C2%A014%C2%A013%E2%80%AC ENVIADO      POSITIVA                  review enviada
16/5_20:40_csi            34670238951          ENVIADO      sin respuesta             -
17/5_17:30_4e             34674807460          ENVIADO      sin respuesta             -
17/5_16:00_4e             34%C2%A0652%C2%A090%C2%A019%C2%A066%E2%80%AC ENVIADO      sin respuesta             -
17/5_16:00_4e             34%C2%A0652%C2%A090%C2%A019%C2%A066%E2%80%AC ENVIADO      POSITIVA                  review enviada
17/5_17:30_4e             34674807460          ENVIADO      POSITIVA                  review enviada
15/5_16:00_maf            34630660579          ENVIADO      recordatorio enviado (48h) -
15/5_19:10_csi            34657852342          ENVIADO      recordatorio enviado (48h) -
15/5_16:00_maf            34630660579          ENVIADO      NEUTRAL (guardado para revisión) -
15/5_19:10_csi            34657852342          ENVIADO      POSITIVA                  review enviada
16/5_17:30_4e             34662691916          ENVIADO      recordatorio FALLIDO (send_not_confirmed) -
16/5_17:30_4e             34662691916          ENVIADO      recordatorio FALLIDO (send_not_confirmed) -
16/5_17:30_4e             34662691916          ENVIADO      recordatorio enviado (48h) -
16/5_20:40_csi            34670238951          ENVIADO      recordatorio enviado (48h) -

[2026-05-26 11:25:00] POSITIVO | Fotos nuevas: 0 | Envios OK: 0 | Envios FAIL: 0 | Reviews negativas: 0 | Fotos borradas: 0

=== SESIÓN 18:26-22:16 (26/05/2026) ===
RESERVA                   TELÉFONO             ESTADO       RESPUESTA                 REVIEW
-----------------------------------------------------------------------------------------------
16/5_17:30_4e             34662691916          ENVIADO      sin respuesta             -
16/5_17:40_csi            34661826756          ENVIADO      sin respuesta             -
15/5_19:00_4e             34680445843          ENVIADO      POSITIVA                  review enviada
16/5_17:40_csi            34661826756          ENVIADO      POSITIVA                  review enviada
16/5_19:10_csi            34676007933          ENVIADO      sin respuesta             -
16/5_19:10_csi            34676007933          ENVIADO      POSITIVA                  review enviada
16/5_19:00_4e             34%C2%A0635%C2%A088%C2%A014%C2%A013%E2%80%AC ENVIADO      sin respuesta             -
16/5_19:00_4e             34%C2%A0635%C2%A088%C2%A014%C2%A013%E2%80%AC ENVIADO      POSITIVA                  review enviada
16/5_20:40_csi            34670238951          ENVIADO      sin respuesta             -
17/5_17:30_4e             34674807460          ENVIADO      sin respuesta             -
17/5_16:00_4e             34%C2%A0652%C2%A090%C2%A019%C2%A066%E2%80%AC ENVIADO      sin respuesta             -
17/5_16:00_4e             34%C2%A0652%C2%A090%C2%A019%C2%A066%E2%80%AC ENVIADO      POSITIVA                  review enviada
17/5_17:30_4e             34674807460          ENVIADO      POSITIVA                  review enviada
15/5_16:00_maf            34630660579          ENVIADO      recordatorio enviado (48h) -
15/5_19:10_csi            34657852342          ENVIADO      recordatorio enviado (48h) -
15/5_16:00_maf            34630660579          ENVIADO      NEUTRAL (guardado para revisión) -
15/5_19:10_csi            34657852342          ENVIADO      POSITIVA                  review enviada
16/5_17:30_4e             34662691916          ENVIADO      recordatorio FALLIDO (send_not_confirmed) -
16/5_17:30_4e             34662691916          ENVIADO      recordatorio FALLIDO (send_not_confirmed) -
16/5_17:30_4e             34662691916          ENVIADO      recordatorio enviado (48h) -
16/5_20:40_csi            34670238951          ENVIADO      recordatorio enviado (48h) -

[2026-05-26 11:41:16] POSITIVO | Fotos nuevas: 0 | Envios OK: 0 | Envios FAIL: 0 | Reviews negativas: 0 | Fotos borradas: 0

=== SESIÓN 18:26-22:16 (26/05/2026) ===
RESERVA                   TELÉFONO             ESTADO       RESPUESTA                 REVIEW
-----------------------------------------------------------------------------------------------
16/5_17:30_4e             34662691916          ENVIADO      sin respuesta             -
16/5_17:40_csi            34661826756          ENVIADO      sin respuesta             -
15/5_19:00_4e             34680445843          ENVIADO      POSITIVA                  review enviada
16/5_17:40_csi            34661826756          ENVIADO      POSITIVA                  review enviada
16/5_19:10_csi            34676007933          ENVIADO      sin respuesta             -
16/5_19:10_csi            34676007933          ENVIADO      POSITIVA                  review enviada
16/5_19:00_4e             34%C2%A0635%C2%A088%C2%A014%C2%A013%E2%80%AC ENVIADO      sin respuesta             -
16/5_19:00_4e             34%C2%A0635%C2%A088%C2%A014%C2%A013%E2%80%AC ENVIADO      POSITIVA                  review enviada
16/5_20:40_csi            34670238951          ENVIADO      sin respuesta             -
17/5_17:30_4e             34674807460          ENVIADO      sin respuesta             -
17/5_16:00_4e             34%C2%A0652%C2%A090%C2%A019%C2%A066%E2%80%AC ENVIADO      sin respuesta             -
17/5_16:00_4e             34%C2%A0652%C2%A090%C2%A019%C2%A066%E2%80%AC ENVIADO      POSITIVA                  review enviada
17/5_17:30_4e             34674807460          ENVIADO      POSITIVA                  review enviada
15/5_16:00_maf            34630660579          ENVIADO      recordatorio enviado (48h) -
15/5_19:10_csi            34657852342          ENVIADO      recordatorio enviado (48h) -
15/5_16:00_maf            34630660579          ENVIADO      NEUTRAL (guardado para revisión) -
15/5_19:10_csi            34657852342          ENVIADO      POSITIVA                  review enviada
16/5_17:30_4e             34662691916          ENVIADO      recordatorio FALLIDO (send_not_confirmed) -
16/5_17:30_4e             34662691916          ENVIADO      recordatorio FALLIDO (send_not_confirmed) -
16/5_17:30_4e             34662691916          ENVIADO      recordatorio enviado (48h) -
16/5_20:40_csi            34670238951          ENVIADO      recordatorio enviado (48h) -

[2026-05-26 11:57:40] POSITIVO | Fotos nuevas: 0 | Envios OK: 0 | Envios FAIL: 0 | Reviews negativas: 0 | Fotos borradas: 0

=== SESIÓN 18:26-22:16 (26/05/2026) ===
RESERVA                   TELÉFONO             ESTADO       RESPUESTA                 REVIEW
-----------------------------------------------------------------------------------------------
16/5_17:30_4e             34662691916          ENVIADO      sin respuesta             -
16/5_17:40_csi            34661826756          ENVIADO      sin respuesta             -
15/5_19:00_4e             34680445843          ENVIADO      POSITIVA                  review enviada
16/5_17:40_csi            34661826756          ENVIADO      POSITIVA                  review enviada
16/5_19:10_csi            34676007933          ENVIADO      sin respuesta             -
16/5_19:10_csi            34676007933          ENVIADO      POSITIVA                  review enviada
16/5_19:00_4e             34%C2%A0635%C2%A088%C2%A014%C2%A013%E2%80%AC ENVIADO      sin respuesta             -
16/5_19:00_4e             34%C2%A0635%C2%A088%C2%A014%C2%A013%E2%80%AC ENVIADO      POSITIVA                  review enviada
16/5_20:40_csi            34670238951          ENVIADO      sin respuesta             -
17/5_17:30_4e             34674807460          ENVIADO      sin respuesta             -
17/5_16:00_4e             34%C2%A0652%C2%A090%C2%A019%C2%A066%E2%80%AC ENVIADO      sin respuesta             -
17/5_16:00_4e             34%C2%A0652%C2%A090%C2%A019%C2%A066%E2%80%AC ENVIADO      POSITIVA                  review enviada
17/5_17:30_4e             34674807460          ENVIADO      POSITIVA                  review enviada
15/5_16:00_maf            34630660579          ENVIADO      recordatorio enviado (48h) -
15/5_19:10_csi            34657852342          ENVIADO      recordatorio enviado (48h) -
15/5_16:00_maf            34630660579          ENVIADO      NEUTRAL (guardado para revisión) -
15/5_19:10_csi            34657852342          ENVIADO      POSITIVA                  review enviada
16/5_17:30_4e             34662691916          ENVIADO      recordatorio FALLIDO (send_not_confirmed) -
16/5_17:30_4e             34662691916          ENVIADO      recordatorio FALLIDO (send_not_confirmed) -
16/5_17:30_4e             34662691916          ENVIADO      recordatorio enviado (48h) -
16/5_20:40_csi            34670238951          ENVIADO      recordatorio enviado (48h) -

[2026-05-26 12:13:59] POSITIVO | Fotos nuevas: 0 | Envios OK: 0 | Envios FAIL: 0 | Reviews negativas: 0 | Fotos borradas: 0

=== SESIÓN 18:26-22:16 (26/05/2026) ===
RESERVA                   TELÉFONO             ESTADO       RESPUESTA                 REVIEW
-----------------------------------------------------------------------------------------------
16/5_17:30_4e             34662691916          ENVIADO      sin respuesta             -
16/5_17:40_csi            34661826756          ENVIADO      sin respuesta             -
15/5_19:00_4e             34680445843          ENVIADO      POSITIVA                  review enviada
16/5_17:40_csi            34661826756          ENVIADO      POSITIVA                  review enviada
16/5_19:10_csi            34676007933          ENVIADO      sin respuesta             -
16/5_19:10_csi            34676007933          ENVIADO      POSITIVA                  review enviada
16/5_19:00_4e             34%C2%A0635%C2%A088%C2%A014%C2%A013%E2%80%AC ENVIADO      sin respuesta             -
16/5_19:00_4e             34%C2%A0635%C2%A088%C2%A014%C2%A013%E2%80%AC ENVIADO      POSITIVA                  review enviada
16/5_20:40_csi            34670238951          ENVIADO      sin respuesta             -
17/5_17:30_4e             34674807460          ENVIADO      sin respuesta             -
17/5_16:00_4e             34%C2%A0652%C2%A090%C2%A019%C2%A066%E2%80%AC ENVIADO      sin respuesta             -
17/5_16:00_4e             34%C2%A0652%C2%A090%C2%A019%C2%A066%E2%80%AC ENVIADO      POSITIVA                  review enviada
17/5_17:30_4e             34674807460          ENVIADO      POSITIVA                  review enviada
15/5_16:00_maf            34630660579          ENVIADO      recordatorio enviado (48h) -
15/5_19:10_csi            34657852342          ENVIADO      recordatorio enviado (48h) -
15/5_16:00_maf            34630660579          ENVIADO      NEUTRAL (guardado para revisión) -
15/5_19:10_csi            34657852342          ENVIADO      POSITIVA                  review enviada
16/5_17:30_4e             34662691916          ENVIADO      recordatorio FALLIDO (send_not_confirmed) -
16/5_17:30_4e             34662691916          ENVIADO      recordatorio FALLIDO (send_not_confirmed) -
16/5_17:30_4e             34662691916          ENVIADO      recordatorio enviado (48h) -
16/5_20:40_csi            34670238951          ENVIADO      recordatorio enviado (48h) -

[2026-05-26 12:30:19] POSITIVO | Fotos nuevas: 0 | Envios OK: 0 | Envios FAIL: 0 | Reviews negativas: 0 | Fotos borradas: 0

=== SESIÓN 18:26-22:16 (26/05/2026) ===
RESERVA                   TELÉFONO             ESTADO       RESPUESTA                 REVIEW
-----------------------------------------------------------------------------------------------
16/5_17:30_4e             34662691916          ENVIADO      sin respuesta             -
16/5_17:40_csi            34661826756          ENVIADO      sin respuesta             -
15/5_19:00_4e             34680445843          ENVIADO      POSITIVA                  review enviada
16/5_17:40_csi            34661826756          ENVIADO      POSITIVA                  review enviada
16/5_19:10_csi            34676007933          ENVIADO      sin respuesta             -
16/5_19:10_csi            34676007933          ENVIADO      POSITIVA                  review enviada
16/5_19:00_4e             34%C2%A0635%C2%A088%C2%A014%C2%A013%E2%80%AC ENVIADO      sin respuesta             -
16/5_19:00_4e             34%C2%A0635%C2%A088%C2%A014%C2%A013%E2%80%AC ENVIADO      POSITIVA                  review enviada
16/5_20:40_csi            34670238951          ENVIADO      sin respuesta             -
17/5_17:30_4e             34674807460          ENVIADO      sin respuesta             -
17/5_16:00_4e             34%C2%A0652%C2%A090%C2%A019%C2%A066%E2%80%AC ENVIADO      sin respuesta             -
17/5_16:00_4e             34%C2%A0652%C2%A090%C2%A019%C2%A066%E2%80%AC ENVIADO      POSITIVA                  review enviada
17/5_17:30_4e             34674807460          ENVIADO      POSITIVA                  review enviada
15/5_16:00_maf            34630660579          ENVIADO      recordatorio enviado (48h) -
15/5_19:10_csi            34657852342          ENVIADO      recordatorio enviado (48h) -
15/5_16:00_maf            34630660579          ENVIADO      NEUTRAL (guardado para revisión) -
15/5_19:10_csi            34657852342          ENVIADO      POSITIVA                  review enviada
16/5_17:30_4e             34662691916          ENVIADO      recordatorio FALLIDO (send_not_confirmed) -
16/5_17:30_4e             34662691916          ENVIADO      recordatorio FALLIDO (send_not_confirmed) -
16/5_17:30_4e             34662691916          ENVIADO      recordatorio enviado (48h) -
16/5_20:40_csi            34670238951          ENVIADO      recordatorio enviado (48h) -

[2026-05-26 12:46:45] POSITIVO | Fotos nuevas: 0 | Envios OK: 0 | Envios FAIL: 0 | Reviews negativas: 0 | Fotos borradas: 0

=== SESIÓN 18:26-22:16 (26/05/2026) ===
RESERVA                   TELÉFONO             ESTADO       RESPUESTA                 REVIEW
-----------------------------------------------------------------------------------------------
16/5_17:30_4e             34662691916          ENVIADO      sin respuesta             -
16/5_17:40_csi            34661826756          ENVIADO      sin respuesta             -
15/5_19:00_4e             34680445843          ENVIADO      POSITIVA                  review enviada
16/5_17:40_csi            34661826756          ENVIADO      POSITIVA                  review enviada
16/5_19:10_csi            34676007933          ENVIADO      sin respuesta             -
16/5_19:10_csi            34676007933          ENVIADO      POSITIVA                  review enviada
16/5_19:00_4e             34%C2%A0635%C2%A088%C2%A014%C2%A013%E2%80%AC ENVIADO      sin respuesta             -
16/5_19:00_4e             34%C2%A0635%C2%A088%C2%A014%C2%A013%E2%80%AC ENVIADO      POSITIVA                  review enviada
16/5_20:40_csi            34670238951          ENVIADO      sin respuesta             -
17/5_17:30_4e             34674807460          ENVIADO      sin respuesta             -
17/5_16:00_4e             34%C2%A0652%C2%A090%C2%A019%C2%A066%E2%80%AC ENVIADO      sin respuesta             -
17/5_16:00_4e             34%C2%A0652%C2%A090%C2%A019%C2%A066%E2%80%AC ENVIADO      POSITIVA                  review enviada
17/5_17:30_4e             34674807460          ENVIADO      POSITIVA                  review enviada
15/5_16:00_maf            34630660579          ENVIADO      recordatorio enviado (48h) -
15/5_19:10_csi            34657852342          ENVIADO      recordatorio enviado (48h) -
15/5_16:00_maf            34630660579          ENVIADO      NEUTRAL (guardado para revisión) -
15/5_19:10_csi            34657852342          ENVIADO      POSITIVA                  review enviada
16/5_17:30_4e             34662691916          ENVIADO      recordatorio FALLIDO (send_not_confirmed) -
16/5_17:30_4e             34662691916          ENVIADO      recordatorio FALLIDO (send_not_confirmed) -
16/5_17:30_4e             34662691916          ENVIADO      recordatorio enviado (48h) -
16/5_20:40_csi            34670238951          ENVIADO      recordatorio enviado (48h) -

[2026-05-26 13:03:08] POSITIVO | Fotos nuevas: 0 | Envios OK: 0 | Envios FAIL: 0 | Reviews negativas: 0 | Fotos borradas: 0

=== SESIÓN 18:26-22:16 (26/05/2026) ===
RESERVA                   TELÉFONO             ESTADO       RESPUESTA                 REVIEW
-----------------------------------------------------------------------------------------------
16/5_17:30_4e             34662691916          ENVIADO      sin respuesta             -
16/5_17:40_csi            34661826756          ENVIADO      sin respuesta             -
15/5_19:00_4e             34680445843          ENVIADO      POSITIVA                  review enviada
16/5_17:40_csi            34661826756          ENVIADO      POSITIVA                  review enviada
16/5_19:10_csi            34676007933          ENVIADO      sin respuesta             -
16/5_19:10_csi            34676007933          ENVIADO      POSITIVA                  review enviada
16/5_19:00_4e             34%C2%A0635%C2%A088%C2%A014%C2%A013%E2%80%AC ENVIADO      sin respuesta             -
16/5_19:00_4e             34%C2%A0635%C2%A088%C2%A014%C2%A013%E2%80%AC ENVIADO      POSITIVA                  review enviada
16/5_20:40_csi            34670238951          ENVIADO      sin respuesta             -
17/5_17:30_4e             34674807460          ENVIADO      sin respuesta             -
17/5_16:00_4e             34%C2%A0652%C2%A090%C2%A019%C2%A066%E2%80%AC ENVIADO      sin respuesta             -
17/5_16:00_4e             34%C2%A0652%C2%A090%C2%A019%C2%A066%E2%80%AC ENVIADO      POSITIVA                  review enviada
17/5_17:30_4e             34674807460          ENVIADO      POSITIVA                  review enviada
15/5_16:00_maf            34630660579          ENVIADO      recordatorio enviado (48h) -
15/5_19:10_csi            34657852342          ENVIADO      recordatorio enviado (48h) -
15/5_16:00_maf            34630660579          ENVIADO      NEUTRAL (guardado para revisión) -
15/5_19:10_csi            34657852342          ENVIADO      POSITIVA                  review enviada
16/5_17:30_4e             34662691916          ENVIADO      recordatorio FALLIDO (send_not_confirmed) -
16/5_17:30_4e             34662691916          ENVIADO      recordatorio FALLIDO (send_not_confirmed) -
16/5_17:30_4e             34662691916          ENVIADO      recordatorio enviado (48h) -
16/5_20:40_csi            34670238951          ENVIADO      recordatorio enviado (48h) -

[2026-05-26 13:19:39] POSITIVO | Fotos nuevas: 0 | Envios OK: 0 | Envios FAIL: 0 | Reviews negativas: 0 | Fotos borradas: 0

=== SESIÓN 18:26-22:16 (26/05/2026) ===
RESERVA                   TELÉFONO             ESTADO       RESPUESTA                 REVIEW
-----------------------------------------------------------------------------------------------
16/5_17:30_4e             34662691916          ENVIADO      sin respuesta             -
16/5_17:40_csi            34661826756          ENVIADO      sin respuesta             -
15/5_19:00_4e             34680445843          ENVIADO      POSITIVA                  review enviada
16/5_17:40_csi            34661826756          ENVIADO      POSITIVA                  review enviada
16/5_19:10_csi            34676007933          ENVIADO      sin respuesta             -
16/5_19:10_csi            34676007933          ENVIADO      POSITIVA                  review enviada
16/5_19:00_4e             34%C2%A0635%C2%A088%C2%A014%C2%A013%E2%80%AC ENVIADO      sin respuesta             -
16/5_19:00_4e             34%C2%A0635%C2%A088%C2%A014%C2%A013%E2%80%AC ENVIADO      POSITIVA                  review enviada
16/5_20:40_csi            34670238951          ENVIADO      sin respuesta             -
17/5_17:30_4e             34674807460          ENVIADO      sin respuesta             -
17/5_16:00_4e             34%C2%A0652%C2%A090%C2%A019%C2%A066%E2%80%AC ENVIADO      sin respuesta             -
17/5_16:00_4e             34%C2%A0652%C2%A090%C2%A019%C2%A066%E2%80%AC ENVIADO      POSITIVA                  review enviada
17/5_17:30_4e             34674807460          ENVIADO      POSITIVA                  review enviada
15/5_16:00_maf            34630660579          ENVIADO      recordatorio enviado (48h) -
15/5_19:10_csi            34657852342          ENVIADO      recordatorio enviado (48h) -
15/5_16:00_maf            34630660579          ENVIADO      NEUTRAL (guardado para revisión) -
15/5_19:10_csi            34657852342          ENVIADO      POSITIVA                  review enviada
16/5_17:30_4e             34662691916          ENVIADO      recordatorio FALLIDO (send_not_confirmed) -
16/5_17:30_4e             34662691916          ENVIADO      recordatorio FALLIDO (send_not_confirmed) -
16/5_17:30_4e             34662691916          ENVIADO      recordatorio enviado (48h) -
16/5_20:40_csi            34670238951          ENVIADO      recordatorio enviado (48h) -

[2026-05-26 13:36:07] POSITIVO | Fotos nuevas: 0 | Envios OK: 0 | Envios FAIL: 0 | Reviews negativas: 0 | Fotos borradas: 0

=== SESIÓN 18:26-22:16 (26/05/2026) ===
RESERVA                   TELÉFONO             ESTADO       RESPUESTA                 REVIEW
-----------------------------------------------------------------------------------------------
16/5_17:30_4e             34662691916          ENVIADO      sin respuesta             -
16/5_17:40_csi            34661826756          ENVIADO      sin respuesta             -
15/5_19:00_4e             34680445843          ENVIADO      POSITIVA                  review enviada
16/5_17:40_csi            34661826756          ENVIADO      POSITIVA                  review enviada
16/5_19:10_csi            34676007933          ENVIADO      sin respuesta             -
16/5_19:10_csi            34676007933          ENVIADO      POSITIVA                  review enviada
16/5_19:00_4e             34%C2%A0635%C2%A088%C2%A014%C2%A013%E2%80%AC ENVIADO      sin respuesta             -
16/5_19:00_4e             34%C2%A0635%C2%A088%C2%A014%C2%A013%E2%80%AC ENVIADO      POSITIVA                  review enviada
16/5_20:40_csi            34670238951          ENVIADO      sin respuesta             -
17/5_17:30_4e             34674807460          ENVIADO      sin respuesta             -
17/5_16:00_4e             34%C2%A0652%C2%A090%C2%A019%C2%A066%E2%80%AC ENVIADO      sin respuesta             -
17/5_16:00_4e             34%C2%A0652%C2%A090%C2%A019%C2%A066%E2%80%AC ENVIADO      POSITIVA                  review enviada
17/5_17:30_4e             34674807460          ENVIADO      POSITIVA                  review enviada
15/5_16:00_maf            34630660579          ENVIADO      recordatorio enviado (48h) -
15/5_19:10_csi            34657852342          ENVIADO      recordatorio enviado (48h) -
15/5_16:00_maf            34630660579          ENVIADO      NEUTRAL (guardado para revisión) -
15/5_19:10_csi            34657852342          ENVIADO      POSITIVA                  review enviada
16/5_17:30_4e             34662691916          ENVIADO      recordatorio FALLIDO (send_not_confirmed) -
16/5_17:30_4e             34662691916          ENVIADO      recordatorio FALLIDO (send_not_confirmed) -
16/5_17:30_4e             34662691916          ENVIADO      recordatorio enviado (48h) -
16/5_20:40_csi            34670238951          ENVIADO      recordatorio enviado (48h) -

[2026-05-26 13:52:29] POSITIVO | Fotos nuevas: 0 | Envios OK: 0 | Envios FAIL: 0 | Reviews negativas: 0 | Fotos borradas: 0

=== SESIÓN 18:26-22:16 (26/05/2026) ===
RESERVA                   TELÉFONO             ESTADO       RESPUESTA                 REVIEW
-----------------------------------------------------------------------------------------------
16/5_17:30_4e             34662691916          ENVIADO      sin respuesta             -
16/5_17:40_csi            34661826756          ENVIADO      sin respuesta             -
15/5_19:00_4e             34680445843          ENVIADO      POSITIVA                  review enviada
16/5_17:40_csi            34661826756          ENVIADO      POSITIVA                  review enviada
16/5_19:10_csi            34676007933          ENVIADO      sin respuesta             -
16/5_19:10_csi            34676007933          ENVIADO      POSITIVA                  review enviada
16/5_19:00_4e             34%C2%A0635%C2%A088%C2%A014%C2%A013%E2%80%AC ENVIADO      sin respuesta             -
16/5_19:00_4e             34%C2%A0635%C2%A088%C2%A014%C2%A013%E2%80%AC ENVIADO      POSITIVA                  review enviada
16/5_20:40_csi            34670238951          ENVIADO      sin respuesta             -
17/5_17:30_4e             34674807460          ENVIADO      sin respuesta             -
17/5_16:00_4e             34%C2%A0652%C2%A090%C2%A019%C2%A066%E2%80%AC ENVIADO      sin respuesta             -
17/5_16:00_4e             34%C2%A0652%C2%A090%C2%A019%C2%A066%E2%80%AC ENVIADO      POSITIVA                  review enviada
17/5_17:30_4e             34674807460          ENVIADO      POSITIVA                  review enviada
15/5_16:00_maf            34630660579          ENVIADO      recordatorio enviado (48h) -
15/5_19:10_csi            34657852342          ENVIADO      recordatorio enviado (48h) -
15/5_16:00_maf            34630660579          ENVIADO      NEUTRAL (guardado para revisión) -
15/5_19:10_csi            34657852342          ENVIADO      POSITIVA                  review enviada
16/5_17:30_4e             34662691916          ENVIADO      recordatorio FALLIDO (send_not_confirmed) -
16/5_17:30_4e             34662691916          ENVIADO      recordatorio FALLIDO (send_not_confirmed) -
16/5_17:30_4e             34662691916          ENVIADO      recordatorio enviado (48h) -
16/5_20:40_csi            34670238951          ENVIADO      recordatorio enviado (48h) -

[2026-05-26 14:08:51] POSITIVO | Fotos nuevas: 0 | Envios OK: 0 | Envios FAIL: 0 | Reviews negativas: 0 | Fotos borradas: 0

=== SESIÓN 18:26-22:16 (26/05/2026) ===
RESERVA                   TELÉFONO             ESTADO       RESPUESTA                 REVIEW
-----------------------------------------------------------------------------------------------
16/5_17:30_4e             34662691916          ENVIADO      sin respuesta             -
16/5_17:40_csi            34661826756          ENVIADO      sin respuesta             -
15/5_19:00_4e             34680445843          ENVIADO      POSITIVA                  review enviada
16/5_17:40_csi            34661826756          ENVIADO      POSITIVA                  review enviada
16/5_19:10_csi            34676007933          ENVIADO      sin respuesta             -
16/5_19:10_csi            34676007933          ENVIADO      POSITIVA                  review enviada
16/5_19:00_4e             34%C2%A0635%C2%A088%C2%A014%C2%A013%E2%80%AC ENVIADO      sin respuesta             -
16/5_19:00_4e             34%C2%A0635%C2%A088%C2%A014%C2%A013%E2%80%AC ENVIADO      POSITIVA                  review enviada
16/5_20:40_csi            34670238951          ENVIADO      sin respuesta             -
17/5_17:30_4e             34674807460          ENVIADO      sin respuesta             -
17/5_16:00_4e             34%C2%A0652%C2%A090%C2%A019%C2%A066%E2%80%AC ENVIADO      sin respuesta             -
17/5_16:00_4e             34%C2%A0652%C2%A090%C2%A019%C2%A066%E2%80%AC ENVIADO      POSITIVA                  review enviada
17/5_17:30_4e             34674807460          ENVIADO      POSITIVA                  review enviada
15/5_16:00_maf            34630660579          ENVIADO      recordatorio enviado (48h) -
15/5_19:10_csi            34657852342          ENVIADO      recordatorio enviado (48h) -
15/5_16:00_maf            34630660579          ENVIADO      NEUTRAL (guardado para revisión) -
15/5_19:10_csi            34657852342          ENVIADO      POSITIVA                  review enviada
16/5_17:30_4e             34662691916          ENVIADO      recordatorio FALLIDO (send_not_confirmed) -
16/5_17:30_4e             34662691916          ENVIADO      recordatorio FALLIDO (send_not_confirmed) -
16/5_17:30_4e             34662691916          ENVIADO      recordatorio enviado (48h) -
16/5_20:40_csi            34670238951          ENVIADO      recordatorio enviado (48h) -

[2026-05-26 14:25:12] POSITIVO | Fotos nuevas: 0 | Envios OK: 0 | Envios FAIL: 0 | Reviews negativas: 0 | Fotos borradas: 0

=== SESIÓN 18:26-22:16 (26/05/2026) ===
RESERVA                   TELÉFONO             ESTADO       RESPUESTA                 REVIEW
-----------------------------------------------------------------------------------------------
16/5_17:30_4e             34662691916          ENVIADO      sin respuesta             -
16/5_17:40_csi            34661826756          ENVIADO      sin respuesta             -
15/5_19:00_4e             34680445843          ENVIADO      POSITIVA                  review enviada
16/5_17:40_csi            34661826756          ENVIADO      POSITIVA                  review enviada
16/5_19:10_csi            34676007933          ENVIADO      sin respuesta             -
16/5_19:10_csi            34676007933          ENVIADO      POSITIVA                  review enviada
16/5_19:00_4e             34%C2%A0635%C2%A088%C2%A014%C2%A013%E2%80%AC ENVIADO      sin respuesta             -
16/5_19:00_4e             34%C2%A0635%C2%A088%C2%A014%C2%A013%E2%80%AC ENVIADO      POSITIVA                  review enviada
16/5_20:40_csi            34670238951          ENVIADO      sin respuesta             -
17/5_17:30_4e             34674807460          ENVIADO      sin respuesta             -
17/5_16:00_4e             34%C2%A0652%C2%A090%C2%A019%C2%A066%E2%80%AC ENVIADO      sin respuesta             -
17/5_16:00_4e             34%C2%A0652%C2%A090%C2%A019%C2%A066%E2%80%AC ENVIADO      POSITIVA                  review enviada
17/5_17:30_4e             34674807460          ENVIADO      POSITIVA                  review enviada
15/5_16:00_maf            34630660579          ENVIADO      recordatorio enviado (48h) -
15/5_19:10_csi            34657852342          ENVIADO      recordatorio enviado (48h) -
15/5_16:00_maf            34630660579          ENVIADO      NEUTRAL (guardado para revisión) -
15/5_19:10_csi            34657852342          ENVIADO      POSITIVA                  review enviada
16/5_17:30_4e             34662691916          ENVIADO      recordatorio FALLIDO (send_not_confirmed) -
16/5_17:30_4e             34662691916          ENVIADO      recordatorio FALLIDO (send_not_confirmed) -
16/5_17:30_4e             34662691916          ENVIADO      recordatorio enviado (48h) -
16/5_20:40_csi            34670238951          ENVIADO      recordatorio enviado (48h) -

[2026-05-26 14:41:31] POSITIVO | Fotos nuevas: 0 | Envios OK: 0 | Envios FAIL: 0 | Reviews negativas: 0 | Fotos borradas: 0

=== SESIÓN 18:26-22:16 (26/05/2026) ===
RESERVA                   TELÉFONO             ESTADO       RESPUESTA                 REVIEW
-----------------------------------------------------------------------------------------------
16/5_17:30_4e             34662691916          ENVIADO      sin respuesta             -
16/5_17:40_csi            34661826756          ENVIADO      sin respuesta             -
15/5_19:00_4e             34680445843          ENVIADO      POSITIVA                  review enviada
16/5_17:40_csi            34661826756          ENVIADO      POSITIVA                  review enviada
16/5_19:10_csi            34676007933          ENVIADO      sin respuesta             -
16/5_19:10_csi            34676007933          ENVIADO      POSITIVA                  review enviada
16/5_19:00_4e             34%C2%A0635%C2%A088%C2%A014%C2%A013%E2%80%AC ENVIADO      sin respuesta             -
16/5_19:00_4e             34%C2%A0635%C2%A088%C2%A014%C2%A013%E2%80%AC ENVIADO      POSITIVA                  review enviada
16/5_20:40_csi            34670238951          ENVIADO      sin respuesta             -
17/5_17:30_4e             34674807460          ENVIADO      sin respuesta             -
17/5_16:00_4e             34%C2%A0652%C2%A090%C2%A019%C2%A066%E2%80%AC ENVIADO      sin respuesta             -
17/5_16:00_4e             34%C2%A0652%C2%A090%C2%A019%C2%A066%E2%80%AC ENVIADO      POSITIVA                  review enviada
17/5_17:30_4e             34674807460          ENVIADO      POSITIVA                  review enviada
15/5_16:00_maf            34630660579          ENVIADO      recordatorio enviado (48h) -
15/5_19:10_csi            34657852342          ENVIADO      recordatorio enviado (48h) -
15/5_16:00_maf            34630660579          ENVIADO      NEUTRAL (guardado para revisión) -
15/5_19:10_csi            34657852342          ENVIADO      POSITIVA                  review enviada
16/5_17:30_4e             34662691916          ENVIADO      recordatorio FALLIDO (send_not_confirmed) -
16/5_17:30_4e             34662691916          ENVIADO      recordatorio FALLIDO (send_not_confirmed) -
16/5_17:30_4e             34662691916          ENVIADO      recordatorio enviado (48h) -
16/5_20:40_csi            34670238951          ENVIADO      recordatorio enviado (48h) -

[2026-05-26 14:57:51] POSITIVO | Fotos nuevas: 0 | Envios OK: 0 | Envios FAIL: 0 | Reviews negativas: 0 | Fotos borradas: 0

=== SESIÓN 18:26-22:16 (26/05/2026) ===
RESERVA                   TELÉFONO             ESTADO       RESPUESTA                 REVIEW
-----------------------------------------------------------------------------------------------
16/5_17:30_4e             34662691916          ENVIADO      sin respuesta             -
16/5_17:40_csi            34661826756          ENVIADO      sin respuesta             -
15/5_19:00_4e             34680445843          ENVIADO      POSITIVA                  review enviada
16/5_17:40_csi            34661826756          ENVIADO      POSITIVA                  review enviada
16/5_19:10_csi            34676007933          ENVIADO      sin respuesta             -
16/5_19:10_csi            34676007933          ENVIADO      POSITIVA                  review enviada
16/5_19:00_4e             34%C2%A0635%C2%A088%C2%A014%C2%A013%E2%80%AC ENVIADO      sin respuesta             -
16/5_19:00_4e             34%C2%A0635%C2%A088%C2%A014%C2%A013%E2%80%AC ENVIADO      POSITIVA                  review enviada
16/5_20:40_csi            34670238951          ENVIADO      sin respuesta             -
17/5_17:30_4e             34674807460          ENVIADO      sin respuesta             -
17/5_16:00_4e             34%C2%A0652%C2%A090%C2%A019%C2%A066%E2%80%AC ENVIADO      sin respuesta             -
17/5_16:00_4e             34%C2%A0652%C2%A090%C2%A019%C2%A066%E2%80%AC ENVIADO      POSITIVA                  review enviada
17/5_17:30_4e             34674807460          ENVIADO      POSITIVA                  review enviada
15/5_16:00_maf            34630660579          ENVIADO      recordatorio enviado (48h) -
15/5_19:10_csi            34657852342          ENVIADO      recordatorio enviado (48h) -
15/5_16:00_maf            34630660579          ENVIADO      NEUTRAL (guardado para revisión) -
15/5_19:10_csi            34657852342          ENVIADO      POSITIVA                  review enviada
16/5_17:30_4e             34662691916          ENVIADO      recordatorio FALLIDO (send_not_confirmed) -
16/5_17:30_4e             34662691916          ENVIADO      recordatorio FALLIDO (send_not_confirmed) -
16/5_17:30_4e             34662691916          ENVIADO      recordatorio enviado (48h) -
16/5_20:40_csi            34670238951          ENVIADO      recordatorio enviado (48h) -

[2026-05-26 15:14:09] POSITIVO | Fotos nuevas: 0 | Envios OK: 0 | Envios FAIL: 0 | Reviews negativas: 0 | Fotos borradas: 0

=== SESIÓN 18:26-22:16 (26/05/2026) ===
RESERVA                   TELÉFONO             ESTADO       RESPUESTA                 REVIEW
-----------------------------------------------------------------------------------------------
16/5_17:30_4e             34662691916          ENVIADO      sin respuesta             -
16/5_17:40_csi            34661826756          ENVIADO      sin respuesta             -
15/5_19:00_4e             34680445843          ENVIADO      POSITIVA                  review enviada
16/5_17:40_csi            34661826756          ENVIADO      POSITIVA                  review enviada
16/5_19:10_csi            34676007933          ENVIADO      sin respuesta             -
16/5_19:10_csi            34676007933          ENVIADO      POSITIVA                  review enviada
16/5_19:00_4e             34%C2%A0635%C2%A088%C2%A014%C2%A013%E2%80%AC ENVIADO      sin respuesta             -
16/5_19:00_4e             34%C2%A0635%C2%A088%C2%A014%C2%A013%E2%80%AC ENVIADO      POSITIVA                  review enviada
16/5_20:40_csi            34670238951          ENVIADO      sin respuesta             -
17/5_17:30_4e             34674807460          ENVIADO      sin respuesta             -
17/5_16:00_4e             34%C2%A0652%C2%A090%C2%A019%C2%A066%E2%80%AC ENVIADO      sin respuesta             -
17/5_16:00_4e             34%C2%A0652%C2%A090%C2%A019%C2%A066%E2%80%AC ENVIADO      POSITIVA                  review enviada
17/5_17:30_4e             34674807460          ENVIADO      POSITIVA                  review enviada
15/5_16:00_maf            34630660579          ENVIADO      recordatorio enviado (48h) -
15/5_19:10_csi            34657852342          ENVIADO      recordatorio enviado (48h) -
15/5_16:00_maf            34630660579          ENVIADO      NEUTRAL (guardado para revisión) -
15/5_19:10_csi            34657852342          ENVIADO      POSITIVA                  review enviada
16/5_17:30_4e             34662691916          ENVIADO      recordatorio FALLIDO (send_not_confirmed) -
16/5_17:30_4e             34662691916          ENVIADO      recordatorio FALLIDO (send_not_confirmed) -
16/5_17:30_4e             34662691916          ENVIADO      recordatorio enviado (48h) -
16/5_20:40_csi            34670238951          ENVIADO      recordatorio enviado (48h) -

[2026-05-26 15:30:32] POSITIVO | Fotos nuevas: 0 | Envios OK: 0 | Envios FAIL: 0 | Reviews negativas: 0 | Fotos borradas: 0

=== SESIÓN 18:26-22:16 (26/05/2026) ===
RESERVA                   TELÉFONO             ESTADO       RESPUESTA                 REVIEW
-----------------------------------------------------------------------------------------------
16/5_17:30_4e             34662691916          ENVIADO      sin respuesta             -
16/5_17:40_csi            34661826756          ENVIADO      sin respuesta             -
15/5_19:00_4e             34680445843          ENVIADO      POSITIVA                  review enviada
16/5_17:40_csi            34661826756          ENVIADO      POSITIVA                  review enviada
16/5_19:10_csi            34676007933          ENVIADO      sin respuesta             -
16/5_19:10_csi            34676007933          ENVIADO      POSITIVA                  review enviada
16/5_19:00_4e             34%C2%A0635%C2%A088%C2%A014%C2%A013%E2%80%AC ENVIADO      sin respuesta             -
16/5_19:00_4e             34%C2%A0635%C2%A088%C2%A014%C2%A013%E2%80%AC ENVIADO      POSITIVA                  review enviada
16/5_20:40_csi            34670238951          ENVIADO      sin respuesta             -
17/5_17:30_4e             34674807460          ENVIADO      sin respuesta             -
17/5_16:00_4e             34%C2%A0652%C2%A090%C2%A019%C2%A066%E2%80%AC ENVIADO      sin respuesta             -
17/5_16:00_4e             34%C2%A0652%C2%A090%C2%A019%C2%A066%E2%80%AC ENVIADO      POSITIVA                  review enviada
17/5_17:30_4e             34674807460          ENVIADO      POSITIVA                  review enviada
15/5_16:00_maf            34630660579          ENVIADO      recordatorio enviado (48h) -
15/5_19:10_csi            34657852342          ENVIADO      recordatorio enviado (48h) -
15/5_16:00_maf            34630660579          ENVIADO      NEUTRAL (guardado para revisión) -
15/5_19:10_csi            34657852342          ENVIADO      POSITIVA                  review enviada
16/5_17:30_4e             34662691916          ENVIADO      recordatorio FALLIDO (send_not_confirmed) -
16/5_17:30_4e             34662691916          ENVIADO      recordatorio FALLIDO (send_not_confirmed) -
16/5_17:30_4e             34662691916          ENVIADO      recordatorio enviado (48h) -
16/5_20:40_csi            34670238951          ENVIADO      recordatorio enviado (48h) -

[2026-05-26 15:46:54] POSITIVO | Fotos nuevas: 0 | Envios OK: 0 | Envios FAIL: 0 | Reviews negativas: 0 | Fotos borradas: 0

=== SESIÓN 18:26-22:16 (26/05/2026) ===
RESERVA                   TELÉFONO             ESTADO       RESPUESTA                 REVIEW
-----------------------------------------------------------------------------------------------
16/5_17:30_4e             34662691916          ENVIADO      sin respuesta             -
16/5_17:40_csi            34661826756          ENVIADO      sin respuesta             -
15/5_19:00_4e             34680445843          ENVIADO      POSITIVA                  review enviada
16/5_17:40_csi            34661826756          ENVIADO      POSITIVA                  review enviada
16/5_19:10_csi            34676007933          ENVIADO      sin respuesta             -
16/5_19:10_csi            34676007933          ENVIADO      POSITIVA                  review enviada
16/5_19:00_4e             34%C2%A0635%C2%A088%C2%A014%C2%A013%E2%80%AC ENVIADO      sin respuesta             -
16/5_19:00_4e             34%C2%A0635%C2%A088%C2%A014%C2%A013%E2%80%AC ENVIADO      POSITIVA                  review enviada
16/5_20:40_csi            34670238951          ENVIADO      sin respuesta             -
17/5_17:30_4e             34674807460          ENVIADO      sin respuesta             -
17/5_16:00_4e             34%C2%A0652%C2%A090%C2%A019%C2%A066%E2%80%AC ENVIADO      sin respuesta             -
17/5_16:00_4e             34%C2%A0652%C2%A090%C2%A019%C2%A066%E2%80%AC ENVIADO      POSITIVA                  review enviada
17/5_17:30_4e             34674807460          ENVIADO      POSITIVA                  review enviada
15/5_16:00_maf            34630660579          ENVIADO      recordatorio enviado (48h) -
15/5_19:10_csi            34657852342          ENVIADO      recordatorio enviado (48h) -
15/5_16:00_maf            34630660579          ENVIADO      NEUTRAL (guardado para revisión) -
15/5_19:10_csi            34657852342          ENVIADO      POSITIVA                  review enviada
16/5_17:30_4e             34662691916          ENVIADO      recordatorio FALLIDO (send_not_confirmed) -
16/5_17:30_4e             34662691916          ENVIADO      recordatorio FALLIDO (send_not_confirmed) -
16/5_17:30_4e             34662691916          ENVIADO      recordatorio enviado (48h) -
16/5_20:40_csi            34670238951          ENVIADO      recordatorio enviado (48h) -

[2026-05-26 16:03:29] POSITIVO | Fotos nuevas: 0 | Envios OK: 0 | Envios FAIL: 0 | Reviews negativas: 0 | Fotos borradas: 0

=== SESIÓN 18:26-22:16 (26/05/2026) ===
RESERVA                   TELÉFONO             ESTADO       RESPUESTA                 REVIEW
-----------------------------------------------------------------------------------------------
16/5_17:30_4e             34662691916          ENVIADO      sin respuesta             -
16/5_17:40_csi            34661826756          ENVIADO      sin respuesta             -
15/5_19:00_4e             34680445843          ENVIADO      POSITIVA                  review enviada
16/5_17:40_csi            34661826756          ENVIADO      POSITIVA                  review enviada
16/5_19:10_csi            34676007933          ENVIADO      sin respuesta             -
16/5_19:10_csi            34676007933          ENVIADO      POSITIVA                  review enviada
16/5_19:00_4e             34%C2%A0635%C2%A088%C2%A014%C2%A013%E2%80%AC ENVIADO      sin respuesta             -
16/5_19:00_4e             34%C2%A0635%C2%A088%C2%A014%C2%A013%E2%80%AC ENVIADO      POSITIVA                  review enviada
16/5_20:40_csi            34670238951          ENVIADO      sin respuesta             -
17/5_17:30_4e             34674807460          ENVIADO      sin respuesta             -
17/5_16:00_4e             34%C2%A0652%C2%A090%C2%A019%C2%A066%E2%80%AC ENVIADO      sin respuesta             -
17/5_16:00_4e             34%C2%A0652%C2%A090%C2%A019%C2%A066%E2%80%AC ENVIADO      POSITIVA                  review enviada
17/5_17:30_4e             34674807460          ENVIADO      POSITIVA                  review enviada
15/5_16:00_maf            34630660579          ENVIADO      recordatorio enviado (48h) -
15/5_19:10_csi            34657852342          ENVIADO      recordatorio enviado (48h) -
15/5_16:00_maf            34630660579          ENVIADO      NEUTRAL (guardado para revisión) -
15/5_19:10_csi            34657852342          ENVIADO      POSITIVA                  review enviada
16/5_17:30_4e             34662691916          ENVIADO      recordatorio FALLIDO (send_not_confirmed) -
16/5_17:30_4e             34662691916          ENVIADO      recordatorio FALLIDO (send_not_confirmed) -
16/5_17:30_4e             34662691916          ENVIADO      recordatorio enviado (48h) -
16/5_20:40_csi            34670238951          ENVIADO      recordatorio enviado (48h) -

[2026-05-26 16:19:54] POSITIVO | Fotos nuevas: 0 | Envios OK: 0 | Envios FAIL: 0 | Reviews negativas: 0 | Fotos borradas: 0

=== SESIÓN 18:26-22:16 (26/05/2026) ===
RESERVA                   TELÉFONO             ESTADO       RESPUESTA                 REVIEW
-----------------------------------------------------------------------------------------------
16/5_17:30_4e             34662691916          ENVIADO      sin respuesta             -
16/5_17:40_csi            34661826756          ENVIADO      sin respuesta             -
15/5_19:00_4e             34680445843          ENVIADO      POSITIVA                  review enviada
16/5_17:40_csi            34661826756          ENVIADO      POSITIVA                  review enviada
16/5_19:10_csi            34676007933          ENVIADO      sin respuesta             -
16/5_19:10_csi            34676007933          ENVIADO      POSITIVA                  review enviada
16/5_19:00_4e             34%C2%A0635%C2%A088%C2%A014%C2%A013%E2%80%AC ENVIADO      sin respuesta             -
16/5_19:00_4e             34%C2%A0635%C2%A088%C2%A014%C2%A013%E2%80%AC ENVIADO      POSITIVA                  review enviada
16/5_20:40_csi            34670238951          ENVIADO      sin respuesta             -
17/5_17:30_4e             34674807460          ENVIADO      sin respuesta             -
17/5_16:00_4e             34%C2%A0652%C2%A090%C2%A019%C2%A066%E2%80%AC ENVIADO      sin respuesta             -
17/5_16:00_4e             34%C2%A0652%C2%A090%C2%A019%C2%A066%E2%80%AC ENVIADO      POSITIVA                  review enviada
17/5_17:30_4e             34674807460          ENVIADO      POSITIVA                  review enviada
15/5_16:00_maf            34630660579          ENVIADO      recordatorio enviado (48h) -
15/5_19:10_csi            34657852342          ENVIADO      recordatorio enviado (48h) -
15/5_16:00_maf            34630660579          ENVIADO      NEUTRAL (guardado para revisión) -
15/5_19:10_csi            34657852342          ENVIADO      POSITIVA                  review enviada
16/5_17:30_4e             34662691916          ENVIADO      recordatorio FALLIDO (send_not_confirmed) -
16/5_17:30_4e             34662691916          ENVIADO      recordatorio FALLIDO (send_not_confirmed) -
16/5_17:30_4e             34662691916          ENVIADO      recordatorio enviado (48h) -
16/5_20:40_csi            34670238951          ENVIADO      recordatorio enviado (48h) -

[2026-05-26 16:36:17] POSITIVO | Fotos nuevas: 0 | Envios OK: 0 | Envios FAIL: 0 | Reviews negativas: 0 | Fotos borradas: 0

=== SESIÓN 18:26-22:16 (26/05/2026) ===
RESERVA                   TELÉFONO             ESTADO       RESPUESTA                 REVIEW
-----------------------------------------------------------------------------------------------
16/5_17:30_4e             34662691916          ENVIADO      sin respuesta             -
16/5_17:40_csi            34661826756          ENVIADO      sin respuesta             -
15/5_19:00_4e             34680445843          ENVIADO      POSITIVA                  review enviada
16/5_17:40_csi            34661826756          ENVIADO      POSITIVA                  review enviada
16/5_19:10_csi            34676007933          ENVIADO      sin respuesta             -
16/5_19:10_csi            34676007933          ENVIADO      POSITIVA                  review enviada
16/5_19:00_4e             34%C2%A0635%C2%A088%C2%A014%C2%A013%E2%80%AC ENVIADO      sin respuesta             -
16/5_19:00_4e             34%C2%A0635%C2%A088%C2%A014%C2%A013%E2%80%AC ENVIADO      POSITIVA                  review enviada
16/5_20:40_csi            34670238951          ENVIADO      sin respuesta             -
17/5_17:30_4e             34674807460          ENVIADO      sin respuesta             -
17/5_16:00_4e             34%C2%A0652%C2%A090%C2%A019%C2%A066%E2%80%AC ENVIADO      sin respuesta             -
17/5_16:00_4e             34%C2%A0652%C2%A090%C2%A019%C2%A066%E2%80%AC ENVIADO      POSITIVA                  review enviada
17/5_17:30_4e             34674807460          ENVIADO      POSITIVA                  review enviada
15/5_16:00_maf            34630660579          ENVIADO      recordatorio enviado (48h) -
15/5_19:10_csi            34657852342          ENVIADO      recordatorio enviado (48h) -
15/5_16:00_maf            34630660579          ENVIADO      NEUTRAL (guardado para revisión) -
15/5_19:10_csi            34657852342          ENVIADO      POSITIVA                  review enviada
16/5_17:30_4e             34662691916          ENVIADO      recordatorio FALLIDO (send_not_confirmed) -
16/5_17:30_4e             34662691916          ENVIADO      recordatorio FALLIDO (send_not_confirmed) -
16/5_17:30_4e             34662691916          ENVIADO      recordatorio enviado (48h) -
16/5_20:40_csi            34670238951          ENVIADO      recordatorio enviado (48h) -

[2026-05-26 16:52:41] POSITIVO | Fotos nuevas: 0 | Envios OK: 0 | Envios FAIL: 0 | Reviews negativas: 0 | Fotos borradas: 0

=== SESIÓN 18:26-22:16 (26/05/2026) ===
RESERVA                   TELÉFONO             ESTADO       RESPUESTA                 REVIEW
-----------------------------------------------------------------------------------------------
16/5_17:30_4e             34662691916          ENVIADO      sin respuesta             -
16/5_17:40_csi            34661826756          ENVIADO      sin respuesta             -
15/5_19:00_4e             34680445843          ENVIADO      POSITIVA                  review enviada
16/5_17:40_csi            34661826756          ENVIADO      POSITIVA                  review enviada
16/5_19:10_csi            34676007933          ENVIADO      sin respuesta             -
16/5_19:10_csi            34676007933          ENVIADO      POSITIVA                  review enviada
16/5_19:00_4e             34%C2%A0635%C2%A088%C2%A014%C2%A013%E2%80%AC ENVIADO      sin respuesta             -
16/5_19:00_4e             34%C2%A0635%C2%A088%C2%A014%C2%A013%E2%80%AC ENVIADO      POSITIVA                  review enviada
16/5_20:40_csi            34670238951          ENVIADO      sin respuesta             -
17/5_17:30_4e             34674807460          ENVIADO      sin respuesta             -
17/5_16:00_4e             34%C2%A0652%C2%A090%C2%A019%C2%A066%E2%80%AC ENVIADO      sin respuesta             -
17/5_16:00_4e             34%C2%A0652%C2%A090%C2%A019%C2%A066%E2%80%AC ENVIADO      POSITIVA                  review enviada
17/5_17:30_4e             34674807460          ENVIADO      POSITIVA                  review enviada
15/5_16:00_maf            34630660579          ENVIADO      recordatorio enviado (48h) -
15/5_19:10_csi            34657852342          ENVIADO      recordatorio enviado (48h) -
15/5_16:00_maf            34630660579          ENVIADO      NEUTRAL (guardado para revisión) -
15/5_19:10_csi            34657852342          ENVIADO      POSITIVA                  review enviada
16/5_17:30_4e             34662691916          ENVIADO      recordatorio FALLIDO (send_not_confirmed) -
16/5_17:30_4e             34662691916          ENVIADO      recordatorio FALLIDO (send_not_confirmed) -
16/5_17:30_4e             34662691916          ENVIADO      recordatorio enviado (48h) -
16/5_20:40_csi            34670238951          ENVIADO      recordatorio enviado (48h) -

[2026-05-26 17:09:04] POSITIVO | Fotos nuevas: 0 | Envios OK: 0 | Envios FAIL: 0 | Reviews negativas: 0 | Fotos borradas: 0

=== SESIÓN 18:26-22:16 (26/05/2026) ===
RESERVA                   TELÉFONO             ESTADO       RESPUESTA                 REVIEW
-----------------------------------------------------------------------------------------------
16/5_17:30_4e             34662691916          ENVIADO      sin respuesta             -
16/5_17:40_csi            34661826756          ENVIADO      sin respuesta             -
15/5_19:00_4e             34680445843          ENVIADO      POSITIVA                  review enviada
16/5_17:40_csi            34661826756          ENVIADO      POSITIVA                  review enviada
16/5_19:10_csi            34676007933          ENVIADO      sin respuesta             -
16/5_19:10_csi            34676007933          ENVIADO      POSITIVA                  review enviada
16/5_19:00_4e             34%C2%A0635%C2%A088%C2%A014%C2%A013%E2%80%AC ENVIADO      sin respuesta             -
16/5_19:00_4e             34%C2%A0635%C2%A088%C2%A014%C2%A013%E2%80%AC ENVIADO      POSITIVA                  review enviada
16/5_20:40_csi            34670238951          ENVIADO      sin respuesta             -
17/5_17:30_4e             34674807460          ENVIADO      sin respuesta             -
17/5_16:00_4e             34%C2%A0652%C2%A090%C2%A019%C2%A066%E2%80%AC ENVIADO      sin respuesta             -
17/5_16:00_4e             34%C2%A0652%C2%A090%C2%A019%C2%A066%E2%80%AC ENVIADO      POSITIVA                  review enviada
17/5_17:30_4e             34674807460          ENVIADO      POSITIVA                  review enviada
15/5_16:00_maf            34630660579          ENVIADO      recordatorio enviado (48h) -
15/5_19:10_csi            34657852342          ENVIADO      recordatorio enviado (48h) -
15/5_16:00_maf            34630660579          ENVIADO      NEUTRAL (guardado para revisión) -
15/5_19:10_csi            34657852342          ENVIADO      POSITIVA                  review enviada
16/5_17:30_4e             34662691916          ENVIADO      recordatorio FALLIDO (send_not_confirmed) -
16/5_17:30_4e             34662691916          ENVIADO      recordatorio FALLIDO (send_not_confirmed) -
16/5_17:30_4e             34662691916          ENVIADO      recordatorio enviado (48h) -
16/5_20:40_csi            34670238951          ENVIADO      recordatorio enviado (48h) -

[2026-05-26 17:25:29] POSITIVO | Fotos nuevas: 0 | Envios OK: 0 | Envios FAIL: 0 | Reviews negativas: 0 | Fotos borradas: 0

=== SESIÓN 18:26-22:16 (26/05/2026) ===
RESERVA                   TELÉFONO             ESTADO       RESPUESTA                 REVIEW
-----------------------------------------------------------------------------------------------
16/5_17:30_4e             34662691916          ENVIADO      sin respuesta             -
16/5_17:40_csi            34661826756          ENVIADO      sin respuesta             -
15/5_19:00_4e             34680445843          ENVIADO      POSITIVA                  review enviada
16/5_17:40_csi            34661826756          ENVIADO      POSITIVA                  review enviada
16/5_19:10_csi            34676007933          ENVIADO      sin respuesta             -
16/5_19:10_csi            34676007933          ENVIADO      POSITIVA                  review enviada
16/5_19:00_4e             34%C2%A0635%C2%A088%C2%A014%C2%A013%E2%80%AC ENVIADO      sin respuesta             -
16/5_19:00_4e             34%C2%A0635%C2%A088%C2%A014%C2%A013%E2%80%AC ENVIADO      POSITIVA                  review enviada
16/5_20:40_csi            34670238951          ENVIADO      sin respuesta             -
17/5_17:30_4e             34674807460          ENVIADO      sin respuesta             -
17/5_16:00_4e             34%C2%A0652%C2%A090%C2%A019%C2%A066%E2%80%AC ENVIADO      sin respuesta             -
17/5_16:00_4e             34%C2%A0652%C2%A090%C2%A019%C2%A066%E2%80%AC ENVIADO      POSITIVA                  review enviada
17/5_17:30_4e             34674807460          ENVIADO      POSITIVA                  review enviada
15/5_16:00_maf            34630660579          ENVIADO      recordatorio enviado (48h) -
15/5_19:10_csi            34657852342          ENVIADO      recordatorio enviado (48h) -
15/5_16:00_maf            34630660579          ENVIADO      NEUTRAL (guardado para revisión) -
15/5_19:10_csi            34657852342          ENVIADO      POSITIVA                  review enviada
16/5_17:30_4e             34662691916          ENVIADO      recordatorio FALLIDO (send_not_confirmed) -
16/5_17:30_4e             34662691916          ENVIADO      recordatorio FALLIDO (send_not_confirmed) -
16/5_17:30_4e             34662691916          ENVIADO      recordatorio enviado (48h) -
16/5_20:40_csi            34670238951          ENVIADO      recordatorio enviado (48h) -

[2026-05-26 17:41:53] POSITIVO | Fotos nuevas: 0 | Envios OK: 0 | Envios FAIL: 0 | Reviews negativas: 0 | Fotos borradas: 0

=== SESIÓN 18:26-22:16 (26/05/2026) ===
RESERVA                   TELÉFONO             ESTADO       RESPUESTA                 REVIEW
-----------------------------------------------------------------------------------------------
16/5_17:30_4e             34662691916          ENVIADO      sin respuesta             -
16/5_17:40_csi            34661826756          ENVIADO      sin respuesta             -
15/5_19:00_4e             34680445843          ENVIADO      POSITIVA                  review enviada
16/5_17:40_csi            34661826756          ENVIADO      POSITIVA                  review enviada
16/5_19:10_csi            34676007933          ENVIADO      sin respuesta             -
16/5_19:10_csi            34676007933          ENVIADO      POSITIVA                  review enviada
16/5_19:00_4e             34%C2%A0635%C2%A088%C2%A014%C2%A013%E2%80%AC ENVIADO      sin respuesta             -
16/5_19:00_4e             34%C2%A0635%C2%A088%C2%A014%C2%A013%E2%80%AC ENVIADO      POSITIVA                  review enviada
16/5_20:40_csi            34670238951          ENVIADO      sin respuesta             -
17/5_17:30_4e             34674807460          ENVIADO      sin respuesta             -
17/5_16:00_4e             34%C2%A0652%C2%A090%C2%A019%C2%A066%E2%80%AC ENVIADO      sin respuesta             -
17/5_16:00_4e             34%C2%A0652%C2%A090%C2%A019%C2%A066%E2%80%AC ENVIADO      POSITIVA                  review enviada
17/5_17:30_4e             34674807460          ENVIADO      POSITIVA                  review enviada
15/5_16:00_maf            34630660579          ENVIADO      recordatorio enviado (48h) -
15/5_19:10_csi            34657852342          ENVIADO      recordatorio enviado (48h) -
15/5_16:00_maf            34630660579          ENVIADO      NEUTRAL (guardado para revisión) -
15/5_19:10_csi            34657852342          ENVIADO      POSITIVA                  review enviada
16/5_17:30_4e             34662691916          ENVIADO      recordatorio FALLIDO (send_not_confirmed) -
16/5_17:30_4e             34662691916          ENVIADO      recordatorio FALLIDO (send_not_confirmed) -
16/5_17:30_4e             34662691916          ENVIADO      recordatorio enviado (48h) -
16/5_20:40_csi            34670238951          ENVIADO      recordatorio enviado (48h) -

[2026-05-26 17:58:12] POSITIVO | Fotos nuevas: 0 | Envios OK: 0 | Envios FAIL: 0 | Reviews negativas: 0 | Fotos borradas: 0

=== SESIÓN 18:26-22:16 (26/05/2026) ===
RESERVA                   TELÉFONO             ESTADO       RESPUESTA                 REVIEW
-----------------------------------------------------------------------------------------------
16/5_17:30_4e             34662691916          ENVIADO      sin respuesta             -
16/5_17:40_csi            34661826756          ENVIADO      sin respuesta             -
15/5_19:00_4e             34680445843          ENVIADO      POSITIVA                  review enviada
16/5_17:40_csi            34661826756          ENVIADO      POSITIVA                  review enviada
16/5_19:10_csi            34676007933          ENVIADO      sin respuesta             -
16/5_19:10_csi            34676007933          ENVIADO      POSITIVA                  review enviada
16/5_19:00_4e             34%C2%A0635%C2%A088%C2%A014%C2%A013%E2%80%AC ENVIADO      sin respuesta             -
16/5_19:00_4e             34%C2%A0635%C2%A088%C2%A014%C2%A013%E2%80%AC ENVIADO      POSITIVA                  review enviada
16/5_20:40_csi            34670238951          ENVIADO      sin respuesta             -
17/5_17:30_4e             34674807460          ENVIADO      sin respuesta             -
17/5_16:00_4e             34%C2%A0652%C2%A090%C2%A019%C2%A066%E2%80%AC ENVIADO      sin respuesta             -
17/5_16:00_4e             34%C2%A0652%C2%A090%C2%A019%C2%A066%E2%80%AC ENVIADO      POSITIVA                  review enviada
17/5_17:30_4e             34674807460          ENVIADO      POSITIVA                  review enviada
15/5_16:00_maf            34630660579          ENVIADO      recordatorio enviado (48h) -
15/5_19:10_csi            34657852342          ENVIADO      recordatorio enviado (48h) -
15/5_16:00_maf            34630660579          ENVIADO      NEUTRAL (guardado para revisión) -
15/5_19:10_csi            34657852342          ENVIADO      POSITIVA                  review enviada
16/5_17:30_4e             34662691916          ENVIADO      recordatorio FALLIDO (send_not_confirmed) -
16/5_17:30_4e             34662691916          ENVIADO      recordatorio FALLIDO (send_not_confirmed) -
16/5_17:30_4e             34662691916          ENVIADO      recordatorio enviado (48h) -
16/5_20:40_csi            34670238951          ENVIADO      recordatorio enviado (48h) -

[2026-05-26 18:14:35] POSITIVO | Fotos nuevas: 0 | Envios OK: 0 | Envios FAIL: 0 | Reviews negativas: 0 | Fotos borradas: 0

=== SESIÓN 18:26-22:16 (26/05/2026) ===
RESERVA                   TELÉFONO             ESTADO       RESPUESTA                 REVIEW
-----------------------------------------------------------------------------------------------
16/5_17:30_4e             34662691916          ENVIADO      sin respuesta             -
16/5_17:40_csi            34661826756          ENVIADO      sin respuesta             -
15/5_19:00_4e             34680445843          ENVIADO      POSITIVA                  review enviada
16/5_17:40_csi            34661826756          ENVIADO      POSITIVA                  review enviada
16/5_19:10_csi            34676007933          ENVIADO      sin respuesta             -
16/5_19:10_csi            34676007933          ENVIADO      POSITIVA                  review enviada
16/5_19:00_4e             34%C2%A0635%C2%A088%C2%A014%C2%A013%E2%80%AC ENVIADO      sin respuesta             -
16/5_19:00_4e             34%C2%A0635%C2%A088%C2%A014%C2%A013%E2%80%AC ENVIADO      POSITIVA                  review enviada
16/5_20:40_csi            34670238951          ENVIADO      sin respuesta             -
17/5_17:30_4e             34674807460          ENVIADO      sin respuesta             -
17/5_16:00_4e             34%C2%A0652%C2%A090%C2%A019%C2%A066%E2%80%AC ENVIADO      sin respuesta             -
17/5_16:00_4e             34%C2%A0652%C2%A090%C2%A019%C2%A066%E2%80%AC ENVIADO      POSITIVA                  review enviada
17/5_17:30_4e             34674807460          ENVIADO      POSITIVA                  review enviada
15/5_16:00_maf            34630660579          ENVIADO      recordatorio enviado (48h) -
15/5_19:10_csi            34657852342          ENVIADO      recordatorio enviado (48h) -
15/5_16:00_maf            34630660579          ENVIADO      NEUTRAL (guardado para revisión) -
15/5_19:10_csi            34657852342          ENVIADO      POSITIVA                  review enviada
16/5_17:30_4e             34662691916          ENVIADO      recordatorio FALLIDO (send_not_confirmed) -
16/5_17:30_4e             34662691916          ENVIADO      recordatorio FALLIDO (send_not_confirmed) -
16/5_17:30_4e             34662691916          ENVIADO      recordatorio enviado (48h) -
16/5_20:40_csi            34670238951          ENVIADO      recordatorio enviado (48h) -

[2026-05-26 18:31:00] POSITIVO | Fotos nuevas: 0 | Envios OK: 0 | Envios FAIL: 0 | Reviews negativas: 0 | Fotos borradas: 0

=== SESIÓN 18:26-22:16 (26/05/2026) ===
RESERVA                   TELÉFONO             ESTADO       RESPUESTA                 REVIEW
-----------------------------------------------------------------------------------------------
16/5_17:30_4e             34662691916          ENVIADO      sin respuesta             -
16/5_17:40_csi            34661826756          ENVIADO      sin respuesta             -
15/5_19:00_4e             34680445843          ENVIADO      POSITIVA                  review enviada
16/5_17:40_csi            34661826756          ENVIADO      POSITIVA                  review enviada
16/5_19:10_csi            34676007933          ENVIADO      sin respuesta             -
16/5_19:10_csi            34676007933          ENVIADO      POSITIVA                  review enviada
16/5_19:00_4e             34%C2%A0635%C2%A088%C2%A014%C2%A013%E2%80%AC ENVIADO      sin respuesta             -
16/5_19:00_4e             34%C2%A0635%C2%A088%C2%A014%C2%A013%E2%80%AC ENVIADO      POSITIVA                  review enviada
16/5_20:40_csi            34670238951          ENVIADO      sin respuesta             -
17/5_17:30_4e             34674807460          ENVIADO      sin respuesta             -
17/5_16:00_4e             34%C2%A0652%C2%A090%C2%A019%C2%A066%E2%80%AC ENVIADO      sin respuesta             -
17/5_16:00_4e             34%C2%A0652%C2%A090%C2%A019%C2%A066%E2%80%AC ENVIADO      POSITIVA                  review enviada
17/5_17:30_4e             34674807460          ENVIADO      POSITIVA                  review enviada
15/5_16:00_maf            34630660579          ENVIADO      recordatorio enviado (48h) -
15/5_19:10_csi            34657852342          ENVIADO      recordatorio enviado (48h) -
15/5_16:00_maf            34630660579          ENVIADO      NEUTRAL (guardado para revisión) -
15/5_19:10_csi            34657852342          ENVIADO      POSITIVA                  review enviada
16/5_17:30_4e             34662691916          ENVIADO      recordatorio FALLIDO (send_not_confirmed) -
16/5_17:30_4e             34662691916          ENVIADO      recordatorio FALLIDO (send_not_confirmed) -
16/5_17:30_4e             34662691916          ENVIADO      recordatorio enviado (48h) -
16/5_20:40_csi            34670238951          ENVIADO      recordatorio enviado (48h) -

[2026-05-26 18:47:19] POSITIVO | Fotos nuevas: 0 | Envios OK: 0 | Envios FAIL: 0 | Reviews negativas: 0 | Fotos borradas: 0

=== SESIÓN 18:26-22:16 (26/05/2026) ===
RESERVA                   TELÉFONO             ESTADO       RESPUESTA                 REVIEW
-----------------------------------------------------------------------------------------------
16/5_17:30_4e             34662691916          ENVIADO      sin respuesta             -
16/5_17:40_csi            34661826756          ENVIADO      sin respuesta             -
15/5_19:00_4e             34680445843          ENVIADO      POSITIVA                  review enviada
16/5_17:40_csi            34661826756          ENVIADO      POSITIVA                  review enviada
16/5_19:10_csi            34676007933          ENVIADO      sin respuesta             -
16/5_19:10_csi            34676007933          ENVIADO      POSITIVA                  review enviada
16/5_19:00_4e             34%C2%A0635%C2%A088%C2%A014%C2%A013%E2%80%AC ENVIADO      sin respuesta             -
16/5_19:00_4e             34%C2%A0635%C2%A088%C2%A014%C2%A013%E2%80%AC ENVIADO      POSITIVA                  review enviada
16/5_20:40_csi            34670238951          ENVIADO      sin respuesta             -
17/5_17:30_4e             34674807460          ENVIADO      sin respuesta             -
17/5_16:00_4e             34%C2%A0652%C2%A090%C2%A019%C2%A066%E2%80%AC ENVIADO      sin respuesta             -
17/5_16:00_4e             34%C2%A0652%C2%A090%C2%A019%C2%A066%E2%80%AC ENVIADO      POSITIVA                  review enviada
17/5_17:30_4e             34674807460          ENVIADO      POSITIVA                  review enviada
15/5_16:00_maf            34630660579          ENVIADO      recordatorio enviado (48h) -
15/5_19:10_csi            34657852342          ENVIADO      recordatorio enviado (48h) -
15/5_16:00_maf            34630660579          ENVIADO      NEUTRAL (guardado para revisión) -
15/5_19:10_csi            34657852342          ENVIADO      POSITIVA                  review enviada
16/5_17:30_4e             34662691916          ENVIADO      recordatorio FALLIDO (send_not_confirmed) -
16/5_17:30_4e             34662691916          ENVIADO      recordatorio FALLIDO (send_not_confirmed) -
16/5_17:30_4e             34662691916          ENVIADO      recordatorio enviado (48h) -
16/5_20:40_csi            34670238951          ENVIADO      recordatorio enviado (48h) -

[2026-05-26 19:03:39] POSITIVO | Fotos nuevas: 0 | Envios OK: 0 | Envios FAIL: 0 | Reviews negativas: 0 | Fotos borradas: 0

=== SESIÓN 18:26-22:16 (26/05/2026) ===
RESERVA                   TELÉFONO             ESTADO       RESPUESTA                 REVIEW
-----------------------------------------------------------------------------------------------
16/5_17:30_4e             34662691916          ENVIADO      sin respuesta             -
16/5_17:40_csi            34661826756          ENVIADO      sin respuesta             -
15/5_19:00_4e             34680445843          ENVIADO      POSITIVA                  review enviada
16/5_17:40_csi            34661826756          ENVIADO      POSITIVA                  review enviada
16/5_19:10_csi            34676007933          ENVIADO      sin respuesta             -
16/5_19:10_csi            34676007933          ENVIADO      POSITIVA                  review enviada
16/5_19:00_4e             34%C2%A0635%C2%A088%C2%A014%C2%A013%E2%80%AC ENVIADO      sin respuesta             -
16/5_19:00_4e             34%C2%A0635%C2%A088%C2%A014%C2%A013%E2%80%AC ENVIADO      POSITIVA                  review enviada
16/5_20:40_csi            34670238951          ENVIADO      sin respuesta             -
17/5_17:30_4e             34674807460          ENVIADO      sin respuesta             -
17/5_16:00_4e             34%C2%A0652%C2%A090%C2%A019%C2%A066%E2%80%AC ENVIADO      sin respuesta             -
17/5_16:00_4e             34%C2%A0652%C2%A090%C2%A019%C2%A066%E2%80%AC ENVIADO      POSITIVA                  review enviada
17/5_17:30_4e             34674807460          ENVIADO      POSITIVA                  review enviada
15/5_16:00_maf            34630660579          ENVIADO      recordatorio enviado (48h) -
15/5_19:10_csi            34657852342          ENVIADO      recordatorio enviado (48h) -
15/5_16:00_maf            34630660579          ENVIADO      NEUTRAL (guardado para revisión) -
15/5_19:10_csi            34657852342          ENVIADO      POSITIVA                  review enviada
16/5_17:30_4e             34662691916          ENVIADO      recordatorio FALLIDO (send_not_confirmed) -
16/5_17:30_4e             34662691916          ENVIADO      recordatorio FALLIDO (send_not_confirmed) -
16/5_17:30_4e             34662691916          ENVIADO      recordatorio enviado (48h) -
16/5_20:40_csi            34670238951          ENVIADO      recordatorio enviado (48h) -

[2026-05-26 19:20:00] POSITIVO | Fotos nuevas: 0 | Envios OK: 0 | Envios FAIL: 0 | Reviews negativas: 0 | Fotos borradas: 0

=== SESIÓN 18:26-22:16 (26/05/2026) ===
RESERVA                   TELÉFONO             ESTADO       RESPUESTA                 REVIEW
-----------------------------------------------------------------------------------------------
16/5_17:30_4e             34662691916          ENVIADO      sin respuesta             -
16/5_17:40_csi            34661826756          ENVIADO      sin respuesta             -
15/5_19:00_4e             34680445843          ENVIADO      POSITIVA                  review enviada
16/5_17:40_csi            34661826756          ENVIADO      POSITIVA                  review enviada
16/5_19:10_csi            34676007933          ENVIADO      sin respuesta             -
16/5_19:10_csi            34676007933          ENVIADO      POSITIVA                  review enviada
16/5_19:00_4e             34%C2%A0635%C2%A088%C2%A014%C2%A013%E2%80%AC ENVIADO      sin respuesta             -
16/5_19:00_4e             34%C2%A0635%C2%A088%C2%A014%C2%A013%E2%80%AC ENVIADO      POSITIVA                  review enviada
16/5_20:40_csi            34670238951          ENVIADO      sin respuesta             -
17/5_17:30_4e             34674807460          ENVIADO      sin respuesta             -
17/5_16:00_4e             34%C2%A0652%C2%A090%C2%A019%C2%A066%E2%80%AC ENVIADO      sin respuesta             -
17/5_16:00_4e             34%C2%A0652%C2%A090%C2%A019%C2%A066%E2%80%AC ENVIADO      POSITIVA                  review enviada
17/5_17:30_4e             34674807460          ENVIADO      POSITIVA                  review enviada
15/5_16:00_maf            34630660579          ENVIADO      recordatorio enviado (48h) -
15/5_19:10_csi            34657852342          ENVIADO      recordatorio enviado (48h) -
15/5_16:00_maf            34630660579          ENVIADO      NEUTRAL (guardado para revisión) -
15/5_19:10_csi            34657852342          ENVIADO      POSITIVA                  review enviada
16/5_17:30_4e             34662691916          ENVIADO      recordatorio FALLIDO (send_not_confirmed) -
16/5_17:30_4e             34662691916          ENVIADO      recordatorio FALLIDO (send_not_confirmed) -
16/5_17:30_4e             34662691916          ENVIADO      recordatorio enviado (48h) -
16/5_20:40_csi            34670238951          ENVIADO      recordatorio enviado (48h) -

[2026-05-26 19:36:20] POSITIVO | Fotos nuevas: 0 | Envios OK: 0 | Envios FAIL: 0 | Reviews negativas: 0 | Fotos borradas: 0

=== SESIÓN 18:26-22:16 (26/05/2026) ===
RESERVA                   TELÉFONO             ESTADO       RESPUESTA                 REVIEW
-----------------------------------------------------------------------------------------------
16/5_17:30_4e             34662691916          ENVIADO      sin respuesta             -
16/5_17:40_csi            34661826756          ENVIADO      sin respuesta             -
15/5_19:00_4e             34680445843          ENVIADO      POSITIVA                  review enviada
16/5_17:40_csi            34661826756          ENVIADO      POSITIVA                  review enviada
16/5_19:10_csi            34676007933          ENVIADO      sin respuesta             -
16/5_19:10_csi            34676007933          ENVIADO      POSITIVA                  review enviada
16/5_19:00_4e             34%C2%A0635%C2%A088%C2%A014%C2%A013%E2%80%AC ENVIADO      sin respuesta             -
16/5_19:00_4e             34%C2%A0635%C2%A088%C2%A014%C2%A013%E2%80%AC ENVIADO      POSITIVA                  review enviada
16/5_20:40_csi            34670238951          ENVIADO      sin respuesta             -
17/5_17:30_4e             34674807460          ENVIADO      sin respuesta             -
17/5_16:00_4e             34%C2%A0652%C2%A090%C2%A019%C2%A066%E2%80%AC ENVIADO      sin respuesta             -
17/5_16:00_4e             34%C2%A0652%C2%A090%C2%A019%C2%A066%E2%80%AC ENVIADO      POSITIVA                  review enviada
17/5_17:30_4e             34674807460          ENVIADO      POSITIVA                  review enviada
15/5_16:00_maf            34630660579          ENVIADO      recordatorio enviado (48h) -
15/5_19:10_csi            34657852342          ENVIADO      recordatorio enviado (48h) -
15/5_16:00_maf            34630660579          ENVIADO      NEUTRAL (guardado para revisión) -
15/5_19:10_csi            34657852342          ENVIADO      POSITIVA                  review enviada
16/5_17:30_4e             34662691916          ENVIADO      recordatorio FALLIDO (send_not_confirmed) -
16/5_17:30_4e             34662691916          ENVIADO      recordatorio FALLIDO (send_not_confirmed) -
16/5_17:30_4e             34662691916          ENVIADO      recordatorio enviado (48h) -
16/5_20:40_csi            34670238951          ENVIADO      recordatorio enviado (48h) -

[2026-05-26 19:52:41] POSITIVO | Fotos nuevas: 0 | Envios OK: 0 | Envios FAIL: 0 | Reviews negativas: 0 | Fotos borradas: 0

=== SESIÓN 18:26-22:16 (26/05/2026) ===
RESERVA                   TELÉFONO             ESTADO       RESPUESTA                 REVIEW
-----------------------------------------------------------------------------------------------
16/5_17:30_4e             34662691916          ENVIADO      sin respuesta             -
16/5_17:40_csi            34661826756          ENVIADO      sin respuesta             -
15/5_19:00_4e             34680445843          ENVIADO      POSITIVA                  review enviada
16/5_17:40_csi            34661826756          ENVIADO      POSITIVA                  review enviada
16/5_19:10_csi            34676007933          ENVIADO      sin respuesta             -
16/5_19:10_csi            34676007933          ENVIADO      POSITIVA                  review enviada
16/5_19:00_4e             34%C2%A0635%C2%A088%C2%A014%C2%A013%E2%80%AC ENVIADO      sin respuesta             -
16/5_19:00_4e             34%C2%A0635%C2%A088%C2%A014%C2%A013%E2%80%AC ENVIADO      POSITIVA                  review enviada
16/5_20:40_csi            34670238951          ENVIADO      sin respuesta             -
17/5_17:30_4e             34674807460          ENVIADO      sin respuesta             -
17/5_16:00_4e             34%C2%A0652%C2%A090%C2%A019%C2%A066%E2%80%AC ENVIADO      sin respuesta             -
17/5_16:00_4e             34%C2%A0652%C2%A090%C2%A019%C2%A066%E2%80%AC ENVIADO      POSITIVA                  review enviada
17/5_17:30_4e             34674807460          ENVIADO      POSITIVA                  review enviada
15/5_16:00_maf            34630660579          ENVIADO      recordatorio enviado (48h) -
15/5_19:10_csi            34657852342          ENVIADO      recordatorio enviado (48h) -
15/5_16:00_maf            34630660579          ENVIADO      NEUTRAL (guardado para revisión) -
15/5_19:10_csi            34657852342          ENVIADO      POSITIVA                  review enviada
16/5_17:30_4e             34662691916          ENVIADO      recordatorio FALLIDO (send_not_confirmed) -
16/5_17:30_4e             34662691916          ENVIADO      recordatorio FALLIDO (send_not_confirmed) -
16/5_17:30_4e             34662691916          ENVIADO      recordatorio enviado (48h) -
16/5_20:40_csi            34670238951          ENVIADO      recordatorio enviado (48h) -

[2026-05-26 20:09:02] POSITIVO | Fotos nuevas: 0 | Envios OK: 0 | Envios FAIL: 0 | Reviews negativas: 0 | Fotos borradas: 0

=== SESIÓN 18:26-22:16 (26/05/2026) ===
RESERVA                   TELÉFONO             ESTADO       RESPUESTA                 REVIEW
-----------------------------------------------------------------------------------------------
16/5_17:30_4e             34662691916          ENVIADO      sin respuesta             -
16/5_17:40_csi            34661826756          ENVIADO      sin respuesta             -
15/5_19:00_4e             34680445843          ENVIADO      POSITIVA                  review enviada
16/5_17:40_csi            34661826756          ENVIADO      POSITIVA                  review enviada
16/5_19:10_csi            34676007933          ENVIADO      sin respuesta             -
16/5_19:10_csi            34676007933          ENVIADO      POSITIVA                  review enviada
16/5_19:00_4e             34%C2%A0635%C2%A088%C2%A014%C2%A013%E2%80%AC ENVIADO      sin respuesta             -
16/5_19:00_4e             34%C2%A0635%C2%A088%C2%A014%C2%A013%E2%80%AC ENVIADO      POSITIVA                  review enviada
16/5_20:40_csi            34670238951          ENVIADO      sin respuesta             -
17/5_17:30_4e             34674807460          ENVIADO      sin respuesta             -
17/5_16:00_4e             34%C2%A0652%C2%A090%C2%A019%C2%A066%E2%80%AC ENVIADO      sin respuesta             -
17/5_16:00_4e             34%C2%A0652%C2%A090%C2%A019%C2%A066%E2%80%AC ENVIADO      POSITIVA                  review enviada
17/5_17:30_4e             34674807460          ENVIADO      POSITIVA                  review enviada
15/5_16:00_maf            34630660579          ENVIADO      recordatorio enviado (48h) -
15/5_19:10_csi            34657852342          ENVIADO      recordatorio enviado (48h) -
15/5_16:00_maf            34630660579          ENVIADO      NEUTRAL (guardado para revisión) -
15/5_19:10_csi            34657852342          ENVIADO      POSITIVA                  review enviada
16/5_17:30_4e             34662691916          ENVIADO      recordatorio FALLIDO (send_not_confirmed) -
16/5_17:30_4e             34662691916          ENVIADO      recordatorio FALLIDO (send_not_confirmed) -
16/5_17:30_4e             34662691916          ENVIADO      recordatorio enviado (48h) -
16/5_20:40_csi            34670238951          ENVIADO      recordatorio enviado (48h) -

[2026-05-26 20:25:23] POSITIVO | Fotos nuevas: 0 | Envios OK: 0 | Envios FAIL: 0 | Reviews negativas: 0 | Fotos borradas: 0

=== SESIÓN 18:26-22:16 (26/05/2026) ===
RESERVA                   TELÉFONO             ESTADO       RESPUESTA                 REVIEW
-----------------------------------------------------------------------------------------------
16/5_17:30_4e             34662691916          ENVIADO      sin respuesta             -
16/5_17:40_csi            34661826756          ENVIADO      sin respuesta             -
15/5_19:00_4e             34680445843          ENVIADO      POSITIVA                  review enviada
16/5_17:40_csi            34661826756          ENVIADO      POSITIVA                  review enviada
16/5_19:10_csi            34676007933          ENVIADO      sin respuesta             -
16/5_19:10_csi            34676007933          ENVIADO      POSITIVA                  review enviada
16/5_19:00_4e             34%C2%A0635%C2%A088%C2%A014%C2%A013%E2%80%AC ENVIADO      sin respuesta             -
16/5_19:00_4e             34%C2%A0635%C2%A088%C2%A014%C2%A013%E2%80%AC ENVIADO      POSITIVA                  review enviada
16/5_20:40_csi            34670238951          ENVIADO      sin respuesta             -
17/5_17:30_4e             34674807460          ENVIADO      sin respuesta             -
17/5_16:00_4e             34%C2%A0652%C2%A090%C2%A019%C2%A066%E2%80%AC ENVIADO      sin respuesta             -
17/5_16:00_4e             34%C2%A0652%C2%A090%C2%A019%C2%A066%E2%80%AC ENVIADO      POSITIVA                  review enviada
17/5_17:30_4e             34674807460          ENVIADO      POSITIVA                  review enviada
15/5_16:00_maf            34630660579          ENVIADO      recordatorio enviado (48h) -
15/5_19:10_csi            34657852342          ENVIADO      recordatorio enviado (48h) -
15/5_16:00_maf            34630660579          ENVIADO      NEUTRAL (guardado para revisión) -
15/5_19:10_csi            34657852342          ENVIADO      POSITIVA                  review enviada
16/5_17:30_4e             34662691916          ENVIADO      recordatorio FALLIDO (send_not_confirmed) -
16/5_17:30_4e             34662691916          ENVIADO      recordatorio FALLIDO (send_not_confirmed) -
16/5_17:30_4e             34662691916          ENVIADO      recordatorio enviado (48h) -
16/5_20:40_csi            34670238951          ENVIADO      recordatorio enviado (48h) -

[2026-05-26 20:41:43] POSITIVO | Fotos nuevas: 0 | Envios OK: 0 | Envios FAIL: 0 | Reviews negativas: 0 | Fotos borradas: 0

=== SESIÓN 18:26-22:16 (26/05/2026) ===
RESERVA                   TELÉFONO             ESTADO       RESPUESTA                 REVIEW
-----------------------------------------------------------------------------------------------
16/5_17:30_4e             34662691916          ENVIADO      sin respuesta             -
16/5_17:40_csi            34661826756          ENVIADO      sin respuesta             -
15/5_19:00_4e             34680445843          ENVIADO      POSITIVA                  review enviada
16/5_17:40_csi            34661826756          ENVIADO      POSITIVA                  review enviada
16/5_19:10_csi            34676007933          ENVIADO      sin respuesta             -
16/5_19:10_csi            34676007933          ENVIADO      POSITIVA                  review enviada
16/5_19:00_4e             34%C2%A0635%C2%A088%C2%A014%C2%A013%E2%80%AC ENVIADO      sin respuesta             -
16/5_19:00_4e             34%C2%A0635%C2%A088%C2%A014%C2%A013%E2%80%AC ENVIADO      POSITIVA                  review enviada
16/5_20:40_csi            34670238951          ENVIADO      sin respuesta             -
17/5_17:30_4e             34674807460          ENVIADO      sin respuesta             -
17/5_16:00_4e             34%C2%A0652%C2%A090%C2%A019%C2%A066%E2%80%AC ENVIADO      sin respuesta             -
17/5_16:00_4e             34%C2%A0652%C2%A090%C2%A019%C2%A066%E2%80%AC ENVIADO      POSITIVA                  review enviada
17/5_17:30_4e             34674807460          ENVIADO      POSITIVA                  review enviada
15/5_16:00_maf            34630660579          ENVIADO      recordatorio enviado (48h) -
15/5_19:10_csi            34657852342          ENVIADO      recordatorio enviado (48h) -
15/5_16:00_maf            34630660579          ENVIADO      NEUTRAL (guardado para revisión) -
15/5_19:10_csi            34657852342          ENVIADO      POSITIVA                  review enviada
16/5_17:30_4e             34662691916          ENVIADO      recordatorio FALLIDO (send_not_confirmed) -
16/5_17:30_4e             34662691916          ENVIADO      recordatorio FALLIDO (send_not_confirmed) -
16/5_17:30_4e             34662691916          ENVIADO      recordatorio enviado (48h) -
16/5_20:40_csi            34670238951          ENVIADO      recordatorio enviado (48h) -

[2026-05-26 20:58:02] POSITIVO | Fotos nuevas: 0 | Envios OK: 0 | Envios FAIL: 0 | Reviews negativas: 0 | Fotos borradas: 0

=== SESIÓN 18:26-22:16 (26/05/2026) ===
RESERVA                   TELÉFONO             ESTADO       RESPUESTA                 REVIEW
-----------------------------------------------------------------------------------------------
16/5_17:30_4e             34662691916          ENVIADO      sin respuesta             -
16/5_17:40_csi            34661826756          ENVIADO      sin respuesta             -
15/5_19:00_4e             34680445843          ENVIADO      POSITIVA                  review enviada
16/5_17:40_csi            34661826756          ENVIADO      POSITIVA                  review enviada
16/5_19:10_csi            34676007933          ENVIADO      sin respuesta             -
16/5_19:10_csi            34676007933          ENVIADO      POSITIVA                  review enviada
16/5_19:00_4e             34%C2%A0635%C2%A088%C2%A014%C2%A013%E2%80%AC ENVIADO      sin respuesta             -
16/5_19:00_4e             34%C2%A0635%C2%A088%C2%A014%C2%A013%E2%80%AC ENVIADO      POSITIVA                  review enviada
16/5_20:40_csi            34670238951          ENVIADO      sin respuesta             -
17/5_17:30_4e             34674807460          ENVIADO      sin respuesta             -
17/5_16:00_4e             34%C2%A0652%C2%A090%C2%A019%C2%A066%E2%80%AC ENVIADO      sin respuesta             -
17/5_16:00_4e             34%C2%A0652%C2%A090%C2%A019%C2%A066%E2%80%AC ENVIADO      POSITIVA                  review enviada
17/5_17:30_4e             34674807460          ENVIADO      POSITIVA                  review enviada
15/5_16:00_maf            34630660579          ENVIADO      recordatorio enviado (48h) -
15/5_19:10_csi            34657852342          ENVIADO      recordatorio enviado (48h) -
15/5_16:00_maf            34630660579          ENVIADO      NEUTRAL (guardado para revisión) -
15/5_19:10_csi            34657852342          ENVIADO      POSITIVA                  review enviada
16/5_17:30_4e             34662691916          ENVIADO      recordatorio FALLIDO (send_not_confirmed) -
16/5_17:30_4e             34662691916          ENVIADO      recordatorio FALLIDO (send_not_confirmed) -
16/5_17:30_4e             34662691916          ENVIADO      recordatorio enviado (48h) -
16/5_20:40_csi            34670238951          ENVIADO      recordatorio enviado (48h) -

[2026-05-26 21:14:27] POSITIVO | Fotos nuevas: 0 | Envios OK: 0 | Envios FAIL: 0 | Reviews negativas: 0 | Fotos borradas: 0

=== SESIÓN 18:26-22:16 (26/05/2026) ===
RESERVA                   TELÉFONO             ESTADO       RESPUESTA                 REVIEW
-----------------------------------------------------------------------------------------------
16/5_17:30_4e             34662691916          ENVIADO      sin respuesta             -
16/5_17:40_csi            34661826756          ENVIADO      sin respuesta             -
15/5_19:00_4e             34680445843          ENVIADO      POSITIVA                  review enviada
16/5_17:40_csi            34661826756          ENVIADO      POSITIVA                  review enviada
16/5_19:10_csi            34676007933          ENVIADO      sin respuesta             -
16/5_19:10_csi            34676007933          ENVIADO      POSITIVA                  review enviada
16/5_19:00_4e             34%C2%A0635%C2%A088%C2%A014%C2%A013%E2%80%AC ENVIADO      sin respuesta             -
16/5_19:00_4e             34%C2%A0635%C2%A088%C2%A014%C2%A013%E2%80%AC ENVIADO      POSITIVA                  review enviada
16/5_20:40_csi            34670238951          ENVIADO      sin respuesta             -
17/5_17:30_4e             34674807460          ENVIADO      sin respuesta             -
17/5_16:00_4e             34%C2%A0652%C2%A090%C2%A019%C2%A066%E2%80%AC ENVIADO      sin respuesta             -
17/5_16:00_4e             34%C2%A0652%C2%A090%C2%A019%C2%A066%E2%80%AC ENVIADO      POSITIVA                  review enviada
17/5_17:30_4e             34674807460          ENVIADO      POSITIVA                  review enviada
15/5_16:00_maf            34630660579          ENVIADO      recordatorio enviado (48h) -
15/5_19:10_csi            34657852342          ENVIADO      recordatorio enviado (48h) -
15/5_16:00_maf            34630660579          ENVIADO      NEUTRAL (guardado para revisión) -
15/5_19:10_csi            34657852342          ENVIADO      POSITIVA                  review enviada
16/5_17:30_4e             34662691916          ENVIADO      recordatorio FALLIDO (send_not_confirmed) -
16/5_17:30_4e             34662691916          ENVIADO      recordatorio FALLIDO (send_not_confirmed) -
16/5_17:30_4e             34662691916          ENVIADO      recordatorio enviado (48h) -
16/5_20:40_csi            34670238951          ENVIADO      recordatorio enviado (48h) -

[2026-05-26 21:30:47] POSITIVO | Fotos nuevas: 0 | Envios OK: 0 | Envios FAIL: 0 | Reviews negativas: 0 | Fotos borradas: 0

=== SESIÓN 18:26-22:16 (26/05/2026) ===
RESERVA                   TELÉFONO             ESTADO       RESPUESTA                 REVIEW
-----------------------------------------------------------------------------------------------
16/5_17:30_4e             34662691916          ENVIADO      sin respuesta             -
16/5_17:40_csi            34661826756          ENVIADO      sin respuesta             -
15/5_19:00_4e             34680445843          ENVIADO      POSITIVA                  review enviada
16/5_17:40_csi            34661826756          ENVIADO      POSITIVA                  review enviada
16/5_19:10_csi            34676007933          ENVIADO      sin respuesta             -
16/5_19:10_csi            34676007933          ENVIADO      POSITIVA                  review enviada
16/5_19:00_4e             34%C2%A0635%C2%A088%C2%A014%C2%A013%E2%80%AC ENVIADO      sin respuesta             -
16/5_19:00_4e             34%C2%A0635%C2%A088%C2%A014%C2%A013%E2%80%AC ENVIADO      POSITIVA                  review enviada
16/5_20:40_csi            34670238951          ENVIADO      sin respuesta             -
17/5_17:30_4e             34674807460          ENVIADO      sin respuesta             -
17/5_16:00_4e             34%C2%A0652%C2%A090%C2%A019%C2%A066%E2%80%AC ENVIADO      sin respuesta             -
17/5_16:00_4e             34%C2%A0652%C2%A090%C2%A019%C2%A066%E2%80%AC ENVIADO      POSITIVA                  review enviada
17/5_17:30_4e             34674807460          ENVIADO      POSITIVA                  review enviada
15/5_16:00_maf            34630660579          ENVIADO      recordatorio enviado (48h) -
15/5_19:10_csi            34657852342          ENVIADO      recordatorio enviado (48h) -
15/5_16:00_maf            34630660579          ENVIADO      NEUTRAL (guardado para revisión) -
15/5_19:10_csi            34657852342          ENVIADO      POSITIVA                  review enviada
16/5_17:30_4e             34662691916          ENVIADO      recordatorio FALLIDO (send_not_confirmed) -
16/5_17:30_4e             34662691916          ENVIADO      recordatorio FALLIDO (send_not_confirmed) -
16/5_17:30_4e             34662691916          ENVIADO      recordatorio enviado (48h) -
16/5_20:40_csi            34670238951          ENVIADO      recordatorio enviado (48h) -

[2026-05-26 21:47:09] POSITIVO | Fotos nuevas: 0 | Envios OK: 0 | Envios FAIL: 0 | Reviews negativas: 0 | Fotos borradas: 0

=== SESIÓN 18:26-22:16 (26/05/2026) ===
RESERVA                   TELÉFONO             ESTADO       RESPUESTA                 REVIEW
-----------------------------------------------------------------------------------------------
16/5_17:30_4e             34662691916          ENVIADO      sin respuesta             -
16/5_17:40_csi            34661826756          ENVIADO      sin respuesta             -
15/5_19:00_4e             34680445843          ENVIADO      POSITIVA                  review enviada
16/5_17:40_csi            34661826756          ENVIADO      POSITIVA                  review enviada
16/5_19:10_csi            34676007933          ENVIADO      sin respuesta             -
16/5_19:10_csi            34676007933          ENVIADO      POSITIVA                  review enviada
16/5_19:00_4e             34%C2%A0635%C2%A088%C2%A014%C2%A013%E2%80%AC ENVIADO      sin respuesta             -
16/5_19:00_4e             34%C2%A0635%C2%A088%C2%A014%C2%A013%E2%80%AC ENVIADO      POSITIVA                  review enviada
16/5_20:40_csi            34670238951          ENVIADO      sin respuesta             -
17/5_17:30_4e             34674807460          ENVIADO      sin respuesta             -
17/5_16:00_4e             34%C2%A0652%C2%A090%C2%A019%C2%A066%E2%80%AC ENVIADO      sin respuesta             -
17/5_16:00_4e             34%C2%A0652%C2%A090%C2%A019%C2%A066%E2%80%AC ENVIADO      POSITIVA                  review enviada
17/5_17:30_4e             34674807460          ENVIADO      POSITIVA                  review enviada
15/5_16:00_maf            34630660579          ENVIADO      recordatorio enviado (48h) -
15/5_19:10_csi            34657852342          ENVIADO      recordatorio enviado (48h) -
15/5_16:00_maf            34630660579          ENVIADO      NEUTRAL (guardado para revisión) -
15/5_19:10_csi            34657852342          ENVIADO      POSITIVA                  review enviada
16/5_17:30_4e             34662691916          ENVIADO      recordatorio FALLIDO (send_not_confirmed) -
16/5_17:30_4e             34662691916          ENVIADO      recordatorio FALLIDO (send_not_confirmed) -
16/5_17:30_4e             34662691916          ENVIADO      recordatorio enviado (48h) -
16/5_20:40_csi            34670238951          ENVIADO      recordatorio enviado (48h) -

[2026-05-26 22:03:28] POSITIVO | Fotos nuevas: 0 | Envios OK: 0 | Envios FAIL: 0 | Reviews negativas: 0 | Fotos borradas: 0

=== SESIÓN 18:26-22:16 (26/05/2026) ===
RESERVA                   TELÉFONO             ESTADO       RESPUESTA                 REVIEW
-----------------------------------------------------------------------------------------------
16/5_17:30_4e             34662691916          ENVIADO      sin respuesta             -
16/5_17:40_csi            34661826756          ENVIADO      sin respuesta             -
15/5_19:00_4e             34680445843          ENVIADO      POSITIVA                  review enviada
16/5_17:40_csi            34661826756          ENVIADO      POSITIVA                  review enviada
16/5_19:10_csi            34676007933          ENVIADO      sin respuesta             -
16/5_19:10_csi            34676007933          ENVIADO      POSITIVA                  review enviada
16/5_19:00_4e             34%C2%A0635%C2%A088%C2%A014%C2%A013%E2%80%AC ENVIADO      sin respuesta             -
16/5_19:00_4e             34%C2%A0635%C2%A088%C2%A014%C2%A013%E2%80%AC ENVIADO      POSITIVA                  review enviada
16/5_20:40_csi            34670238951          ENVIADO      sin respuesta             -
17/5_17:30_4e             34674807460          ENVIADO      sin respuesta             -
17/5_16:00_4e             34%C2%A0652%C2%A090%C2%A019%C2%A066%E2%80%AC ENVIADO      sin respuesta             -
17/5_16:00_4e             34%C2%A0652%C2%A090%C2%A019%C2%A066%E2%80%AC ENVIADO      POSITIVA                  review enviada
17/5_17:30_4e             34674807460          ENVIADO      POSITIVA                  review enviada
15/5_16:00_maf            34630660579          ENVIADO      recordatorio enviado (48h) -
15/5_19:10_csi            34657852342          ENVIADO      recordatorio enviado (48h) -
15/5_16:00_maf            34630660579          ENVIADO      NEUTRAL (guardado para revisión) -
15/5_19:10_csi            34657852342          ENVIADO      POSITIVA                  review enviada
16/5_17:30_4e             34662691916          ENVIADO      recordatorio FALLIDO (send_not_confirmed) -
16/5_17:30_4e             34662691916          ENVIADO      recordatorio FALLIDO (send_not_confirmed) -
16/5_17:30_4e             34662691916          ENVIADO      recordatorio enviado (48h) -
16/5_20:40_csi            34670238951          ENVIADO      recordatorio enviado (48h) -

[2026-05-26 22:19:44] POSITIVO | Fotos nuevas: 0 | Envios OK: 0 | Envios FAIL: 0 | Reviews negativas: 0 | Fotos borradas: 0

=== SESIÓN 18:26-22:16 (26/05/2026) ===
RESERVA                   TELÉFONO             ESTADO       RESPUESTA                 REVIEW
-----------------------------------------------------------------------------------------------
16/5_17:30_4e             34662691916          ENVIADO      sin respuesta             -
16/5_17:40_csi            34661826756          ENVIADO      sin respuesta             -
15/5_19:00_4e             34680445843          ENVIADO      POSITIVA                  review enviada
16/5_17:40_csi            34661826756          ENVIADO      POSITIVA                  review enviada
16/5_19:10_csi            34676007933          ENVIADO      sin respuesta             -
16/5_19:10_csi            34676007933          ENVIADO      POSITIVA                  review enviada
16/5_19:00_4e             34%C2%A0635%C2%A088%C2%A014%C2%A013%E2%80%AC ENVIADO      sin respuesta             -
16/5_19:00_4e             34%C2%A0635%C2%A088%C2%A014%C2%A013%E2%80%AC ENVIADO      POSITIVA                  review enviada
16/5_20:40_csi            34670238951          ENVIADO      sin respuesta             -
17/5_17:30_4e             34674807460          ENVIADO      sin respuesta             -
17/5_16:00_4e             34%C2%A0652%C2%A090%C2%A019%C2%A066%E2%80%AC ENVIADO      sin respuesta             -
17/5_16:00_4e             34%C2%A0652%C2%A090%C2%A019%C2%A066%E2%80%AC ENVIADO      POSITIVA                  review enviada
17/5_17:30_4e             34674807460          ENVIADO      POSITIVA                  review enviada
15/5_16:00_maf            34630660579          ENVIADO      recordatorio enviado (48h) -
15/5_19:10_csi            34657852342          ENVIADO      recordatorio enviado (48h) -
15/5_16:00_maf            34630660579          ENVIADO      NEUTRAL (guardado para revisión) -
15/5_19:10_csi            34657852342          ENVIADO      POSITIVA                  review enviada
16/5_17:30_4e             34662691916          ENVIADO      recordatorio FALLIDO (send_not_confirmed) -
16/5_17:30_4e             34662691916          ENVIADO      recordatorio FALLIDO (send_not_confirmed) -
16/5_17:30_4e             34662691916          ENVIADO      recordatorio enviado (48h) -
16/5_20:40_csi            34670238951          ENVIADO      recordatorio enviado (48h) -

[2026-05-26 22:36:02] POSITIVO | Fotos nuevas: 0 | Envios OK: 0 | Envios FAIL: 0 | Reviews negativas: 0 | Fotos borradas: 0

=== SESIÓN 18:26-22:16 (26/05/2026) ===
RESERVA                   TELÉFONO             ESTADO       RESPUESTA                 REVIEW
-----------------------------------------------------------------------------------------------
16/5_17:30_4e             34662691916          ENVIADO      sin respuesta             -
16/5_17:40_csi            34661826756          ENVIADO      sin respuesta             -
15/5_19:00_4e             34680445843          ENVIADO      POSITIVA                  review enviada
16/5_17:40_csi            34661826756          ENVIADO      POSITIVA                  review enviada
16/5_19:10_csi            34676007933          ENVIADO      sin respuesta             -
16/5_19:10_csi            34676007933          ENVIADO      POSITIVA                  review enviada
16/5_19:00_4e             34%C2%A0635%C2%A088%C2%A014%C2%A013%E2%80%AC ENVIADO      sin respuesta             -
16/5_19:00_4e             34%C2%A0635%C2%A088%C2%A014%C2%A013%E2%80%AC ENVIADO      POSITIVA                  review enviada
16/5_20:40_csi            34670238951          ENVIADO      sin respuesta             -
17/5_17:30_4e             34674807460          ENVIADO      sin respuesta             -
17/5_16:00_4e             34%C2%A0652%C2%A090%C2%A019%C2%A066%E2%80%AC ENVIADO      sin respuesta             -
17/5_16:00_4e             34%C2%A0652%C2%A090%C2%A019%C2%A066%E2%80%AC ENVIADO      POSITIVA                  review enviada
17/5_17:30_4e             34674807460          ENVIADO      POSITIVA                  review enviada
15/5_16:00_maf            34630660579          ENVIADO      recordatorio enviado (48h) -
15/5_19:10_csi            34657852342          ENVIADO      recordatorio enviado (48h) -
15/5_16:00_maf            34630660579          ENVIADO      NEUTRAL (guardado para revisión) -
15/5_19:10_csi            34657852342          ENVIADO      POSITIVA                  review enviada
16/5_17:30_4e             34662691916          ENVIADO      recordatorio FALLIDO (send_not_confirmed) -
16/5_17:30_4e             34662691916          ENVIADO      recordatorio FALLIDO (send_not_confirmed) -
16/5_17:30_4e             34662691916          ENVIADO      recordatorio enviado (48h) -
16/5_20:40_csi            34670238951          ENVIADO      recordatorio enviado (48h) -

[2026-05-26 22:52:21] POSITIVO | Fotos nuevas: 0 | Envios OK: 0 | Envios FAIL: 0 | Reviews negativas: 0 | Fotos borradas: 0
