
=== SESIÓN 18:26-22:16 (25/05/2026) ===
RESERVA                   TELÉFONO             ESTADO       RESPUESTA                 REVIEW
-----------------------------------------------------------------------------------------------
16/5_17:30_4e             34662691916          ENVIADO      sin respuesta             -
16/5_17:40_csi            34661826756          ENVIADO      sin respuesta             -
15/5_19:00_4e             34680445843          ENVIADO      POSITIVA                  review enviada
16/5_17:40_csi            34661826756          ENVIADO      POSITIVA                  review enviada
16/5_19:10_csi            34676007933          ENVIADO      sin respuesta             -
16/5_19:10_csi            34676007933          ENVIADO      POSITIVA                  review enviada
16/5_19:00_4e             34%C2%A0635%C2%A088%C2%A014%C2%A013%E2%80%AC ENVIADO      sin respuesta             -
16/5_19:00_4e             34%C2%A0635%C2%A088%C2%A014%C2%A013%E2%80%AC ENVIADO      POSITIVA                  review enviada
16/5_20:40_csi            34670238951          ENVIADO      sin respuesta             -
17/5_17:30_4e             34674807460          ENVIADO      sin respuesta             -
17/5_16:00_4e             34%C2%A0652%C2%A090%C2%A019%C2%A066%E2%80%AC ENVIADO      sin respuesta             -
17/5_16:00_4e             34%C2%A0652%C2%A090%C2%A019%C2%A066%E2%80%AC ENVIADO      POSITIVA                  review enviada
17/5_17:30_4e             34674807460          ENVIADO      POSITIVA                  review enviada
15/5_16:00_maf            34630660579          ENVIADO      recordatorio enviado (48h) -
15/5_19:10_csi            34657852342          ENVIADO      recordatorio enviado (48h) -
15/5_16:00_maf            34630660579          ENVIADO      NEUTRAL (guardado para revisión) -
15/5_19:10_csi            34657852342          ENVIADO      POSITIVA                  review enviada
16/5_17:30_4e             34662691916          ENVIADO      recordatorio FALLIDO (send_not_confirmed) -
16/5_17:30_4e             34662691916          ENVIADO      recordatorio FALLIDO (send_not_confirmed) -
16/5_17:30_4e             34662691916          ENVIADO      recordatorio enviado (48h) -
16/5_20:40_csi            34670238951          ENVIADO      recordatorio enviado (48h) -

[2026-05-25 10:04:17] POSITIVO | Fotos nuevas: 0 | Envios OK: 0 | Envios FAIL: 0 | Reviews negativas: 0 | Fotos borradas: 0

=== SESIÓN 18:26-22:16 (25/05/2026) ===
RESERVA                   TELÉFONO             ESTADO       RESPUESTA                 REVIEW
-----------------------------------------------------------------------------------------------
16/5_17:30_4e             34662691916          ENVIADO      sin respuesta             -
16/5_17:40_csi            34661826756          ENVIADO      sin respuesta             -
15/5_19:00_4e             34680445843          ENVIADO      POSITIVA                  review enviada
16/5_17:40_csi            34661826756          ENVIADO      POSITIVA                  review enviada
16/5_19:10_csi            34676007933          ENVIADO      sin respuesta             -
16/5_19:10_csi            34676007933          ENVIADO      POSITIVA                  review enviada
16/5_19:00_4e             34%C2%A0635%C2%A088%C2%A014%C2%A013%E2%80%AC ENVIADO      sin respuesta             -
16/5_19:00_4e             34%C2%A0635%C2%A088%C2%A014%C2%A013%E2%80%AC ENVIADO      POSITIVA                  review enviada
16/5_20:40_csi            34670238951          ENVIADO      sin respuesta             -
17/5_17:30_4e             34674807460          ENVIADO      sin respuesta             -
17/5_16:00_4e             34%C2%A0652%C2%A090%C2%A019%C2%A066%E2%80%AC ENVIADO      sin respuesta             -
17/5_16:00_4e             34%C2%A0652%C2%A090%C2%A019%C2%A066%E2%80%AC ENVIADO      POSITIVA                  review enviada
17/5_17:30_4e             34674807460          ENVIADO      POSITIVA                  review enviada
15/5_16:00_maf            34630660579          ENVIADO      recordatorio enviado (48h) -
15/5_19:10_csi            34657852342          ENVIADO      recordatorio enviado (48h) -
15/5_16:00_maf            34630660579          ENVIADO      NEUTRAL (guardado para revisión) -
15/5_19:10_csi            34657852342          ENVIADO      POSITIVA                  review enviada
16/5_17:30_4e             34662691916          ENVIADO      recordatorio FALLIDO (send_not_confirmed) -
16/5_17:30_4e             34662691916          ENVIADO      recordatorio FALLIDO (send_not_confirmed) -
16/5_17:30_4e             34662691916          ENVIADO      recordatorio enviado (48h) -
16/5_20:40_csi            34670238951          ENVIADO      recordatorio enviado (48h) -

[2026-05-25 10:20:34] POSITIVO | Fotos nuevas: 0 | Envios OK: 0 | Envios FAIL: 0 | Reviews negativas: 0 | Fotos borradas: 0

=== SESIÓN 18:26-22:16 (25/05/2026) ===
RESERVA                   TELÉFONO             ESTADO       RESPUESTA                 REVIEW
-----------------------------------------------------------------------------------------------
16/5_17:30_4e             34662691916          ENVIADO      sin respuesta             -
16/5_17:40_csi            34661826756          ENVIADO      sin respuesta             -
15/5_19:00_4e             34680445843          ENVIADO      POSITIVA                  review enviada
16/5_17:40_csi            34661826756          ENVIADO      POSITIVA                  review enviada
16/5_19:10_csi            34676007933          ENVIADO      sin respuesta             -
16/5_19:10_csi            34676007933          ENVIADO      POSITIVA                  review enviada
16/5_19:00_4e             34%C2%A0635%C2%A088%C2%A014%C2%A013%E2%80%AC ENVIADO      sin respuesta             -
16/5_19:00_4e             34%C2%A0635%C2%A088%C2%A014%C2%A013%E2%80%AC ENVIADO      POSITIVA                  review enviada
16/5_20:40_csi            34670238951          ENVIADO      sin respuesta             -
17/5_17:30_4e             34674807460          ENVIADO      sin respuesta             -
17/5_16:00_4e             34%C2%A0652%C2%A090%C2%A019%C2%A066%E2%80%AC ENVIADO      sin respuesta             -
17/5_16:00_4e             34%C2%A0652%C2%A090%C2%A019%C2%A066%E2%80%AC ENVIADO      POSITIVA                  review enviada
17/5_17:30_4e             34674807460          ENVIADO      POSITIVA                  review enviada
15/5_16:00_maf            34630660579          ENVIADO      recordatorio enviado (48h) -
15/5_19:10_csi            34657852342          ENVIADO      recordatorio enviado (48h) -
15/5_16:00_maf            34630660579          ENVIADO      NEUTRAL (guardado para revisión) -
15/5_19:10_csi            34657852342          ENVIADO      POSITIVA                  review enviada
16/5_17:30_4e             34662691916          ENVIADO      recordatorio FALLIDO (send_not_confirmed) -
16/5_17:30_4e             34662691916          ENVIADO      recordatorio FALLIDO (send_not_confirmed) -
16/5_17:30_4e             34662691916          ENVIADO      recordatorio enviado (48h) -
16/5_20:40_csi            34670238951          ENVIADO      recordatorio enviado (48h) -

[2026-05-25 10:36:54] POSITIVO | Fotos nuevas: 0 | Envios OK: 0 | Envios FAIL: 0 | Reviews negativas: 0 | Fotos borradas: 0

=== SESIÓN 18:26-22:16 (25/05/2026) ===
RESERVA                   TELÉFONO             ESTADO       RESPUESTA                 REVIEW
-----------------------------------------------------------------------------------------------
16/5_17:30_4e             34662691916          ENVIADO      sin respuesta             -
16/5_17:40_csi            34661826756          ENVIADO      sin respuesta             -
15/5_19:00_4e             34680445843          ENVIADO      POSITIVA                  review enviada
16/5_17:40_csi            34661826756          ENVIADO      POSITIVA                  review enviada
16/5_19:10_csi            34676007933          ENVIADO      sin respuesta             -
16/5_19:10_csi            34676007933          ENVIADO      POSITIVA                  review enviada
16/5_19:00_4e             34%C2%A0635%C2%A088%C2%A014%C2%A013%E2%80%AC ENVIADO      sin respuesta             -
16/5_19:00_4e             34%C2%A0635%C2%A088%C2%A014%C2%A013%E2%80%AC ENVIADO      POSITIVA                  review enviada
16/5_20:40_csi            34670238951          ENVIADO      sin respuesta             -
17/5_17:30_4e             34674807460          ENVIADO      sin respuesta             -
17/5_16:00_4e             34%C2%A0652%C2%A090%C2%A019%C2%A066%E2%80%AC ENVIADO      sin respuesta             -
17/5_16:00_4e             34%C2%A0652%C2%A090%C2%A019%C2%A066%E2%80%AC ENVIADO      POSITIVA                  review enviada
17/5_17:30_4e             34674807460          ENVIADO      POSITIVA                  review enviada
15/5_16:00_maf            34630660579          ENVIADO      recordatorio enviado (48h) -
15/5_19:10_csi            34657852342          ENVIADO      recordatorio enviado (48h) -
15/5_16:00_maf            34630660579          ENVIADO      NEUTRAL (guardado para revisión) -
15/5_19:10_csi            34657852342          ENVIADO      POSITIVA                  review enviada
16/5_17:30_4e             34662691916          ENVIADO      recordatorio FALLIDO (send_not_confirmed) -
16/5_17:30_4e             34662691916          ENVIADO      recordatorio FALLIDO (send_not_confirmed) -
16/5_17:30_4e             34662691916          ENVIADO      recordatorio enviado (48h) -
16/5_20:40_csi            34670238951          ENVIADO      recordatorio enviado (48h) -

[2026-05-25 10:53:20] POSITIVO | Fotos nuevas: 0 | Envios OK: 0 | Envios FAIL: 0 | Reviews negativas: 0 | Fotos borradas: 0

=== SESIÓN 18:26-22:16 (25/05/2026) ===
RESERVA                   TELÉFONO             ESTADO       RESPUESTA                 REVIEW
-----------------------------------------------------------------------------------------------
16/5_17:30_4e             34662691916          ENVIADO      sin respuesta             -
16/5_17:40_csi            34661826756          ENVIADO      sin respuesta             -
15/5_19:00_4e             34680445843          ENVIADO      POSITIVA                  review enviada
16/5_17:40_csi            34661826756          ENVIADO      POSITIVA                  review enviada
16/5_19:10_csi            34676007933          ENVIADO      sin respuesta             -
16/5_19:10_csi            34676007933          ENVIADO      POSITIVA                  review enviada
16/5_19:00_4e             34%C2%A0635%C2%A088%C2%A014%C2%A013%E2%80%AC ENVIADO      sin respuesta             -
16/5_19:00_4e             34%C2%A0635%C2%A088%C2%A014%C2%A013%E2%80%AC ENVIADO      POSITIVA                  review enviada
16/5_20:40_csi            34670238951          ENVIADO      sin respuesta             -
17/5_17:30_4e             34674807460          ENVIADO      sin respuesta             -
17/5_16:00_4e             34%C2%A0652%C2%A090%C2%A019%C2%A066%E2%80%AC ENVIADO      sin respuesta             -
17/5_16:00_4e             34%C2%A0652%C2%A090%C2%A019%C2%A066%E2%80%AC ENVIADO      POSITIVA                  review enviada
17/5_17:30_4e             34674807460          ENVIADO      POSITIVA                  review enviada
15/5_16:00_maf            34630660579          ENVIADO      recordatorio enviado (48h) -
15/5_19:10_csi            34657852342          ENVIADO      recordatorio enviado (48h) -
15/5_16:00_maf            34630660579          ENVIADO      NEUTRAL (guardado para revisión) -
15/5_19:10_csi            34657852342          ENVIADO      POSITIVA                  review enviada
16/5_17:30_4e             34662691916          ENVIADO      recordatorio FALLIDO (send_not_confirmed) -
16/5_17:30_4e             34662691916          ENVIADO      recordatorio FALLIDO (send_not_confirmed) -
16/5_17:30_4e             34662691916          ENVIADO      recordatorio enviado (48h) -
16/5_20:40_csi            34670238951          ENVIADO      recordatorio enviado (48h) -

[2026-05-25 11:09:39] POSITIVO | Fotos nuevas: 0 | Envios OK: 0 | Envios FAIL: 0 | Reviews negativas: 0 | Fotos borradas: 0

=== SESIÓN 18:26-22:16 (25/05/2026) ===
RESERVA                   TELÉFONO             ESTADO       RESPUESTA                 REVIEW
-----------------------------------------------------------------------------------------------
16/5_17:30_4e             34662691916          ENVIADO      sin respuesta             -
16/5_17:40_csi            34661826756          ENVIADO      sin respuesta             -
15/5_19:00_4e             34680445843          ENVIADO      POSITIVA                  review enviada
16/5_17:40_csi            34661826756          ENVIADO      POSITIVA                  review enviada
16/5_19:10_csi            34676007933          ENVIADO      sin respuesta             -
16/5_19:10_csi            34676007933          ENVIADO      POSITIVA                  review enviada
16/5_19:00_4e             34%C2%A0635%C2%A088%C2%A014%C2%A013%E2%80%AC ENVIADO      sin respuesta             -
16/5_19:00_4e             34%C2%A0635%C2%A088%C2%A014%C2%A013%E2%80%AC ENVIADO      POSITIVA                  review enviada
16/5_20:40_csi            34670238951          ENVIADO      sin respuesta             -
17/5_17:30_4e             34674807460          ENVIADO      sin respuesta             -
17/5_16:00_4e             34%C2%A0652%C2%A090%C2%A019%C2%A066%E2%80%AC ENVIADO      sin respuesta             -
17/5_16:00_4e             34%C2%A0652%C2%A090%C2%A019%C2%A066%E2%80%AC ENVIADO      POSITIVA                  review enviada
17/5_17:30_4e             34674807460          ENVIADO      POSITIVA                  review enviada
15/5_16:00_maf            34630660579          ENVIADO      recordatorio enviado (48h) -
15/5_19:10_csi            34657852342          ENVIADO      recordatorio enviado (48h) -
15/5_16:00_maf            34630660579          ENVIADO      NEUTRAL (guardado para revisión) -
15/5_19:10_csi            34657852342          ENVIADO      POSITIVA                  review enviada
16/5_17:30_4e             34662691916          ENVIADO      recordatorio FALLIDO (send_not_confirmed) -
16/5_17:30_4e             34662691916          ENVIADO      recordatorio FALLIDO (send_not_confirmed) -
16/5_17:30_4e             34662691916          ENVIADO      recordatorio enviado (48h) -
16/5_20:40_csi            34670238951          ENVIADO      recordatorio enviado (48h) -

[2026-05-25 11:26:02] POSITIVO | Fotos nuevas: 0 | Envios OK: 0 | Envios FAIL: 0 | Reviews negativas: 0 | Fotos borradas: 0

=== SESIÓN 18:26-22:16 (25/05/2026) ===
RESERVA                   TELÉFONO             ESTADO       RESPUESTA                 REVIEW
-----------------------------------------------------------------------------------------------
16/5_17:30_4e             34662691916          ENVIADO      sin respuesta             -
16/5_17:40_csi            34661826756          ENVIADO      sin respuesta             -
15/5_19:00_4e             34680445843          ENVIADO      POSITIVA                  review enviada
16/5_17:40_csi            34661826756          ENVIADO      POSITIVA                  review enviada
16/5_19:10_csi            34676007933          ENVIADO      sin respuesta             -
16/5_19:10_csi            34676007933          ENVIADO      POSITIVA                  review enviada
16/5_19:00_4e             34%C2%A0635%C2%A088%C2%A014%C2%A013%E2%80%AC ENVIADO      sin respuesta             -
16/5_19:00_4e             34%C2%A0635%C2%A088%C2%A014%C2%A013%E2%80%AC ENVIADO      POSITIVA                  review enviada
16/5_20:40_csi            34670238951          ENVIADO      sin respuesta             -
17/5_17:30_4e             34674807460          ENVIADO      sin respuesta             -
17/5_16:00_4e             34%C2%A0652%C2%A090%C2%A019%C2%A066%E2%80%AC ENVIADO      sin respuesta             -
17/5_16:00_4e             34%C2%A0652%C2%A090%C2%A019%C2%A066%E2%80%AC ENVIADO      POSITIVA                  review enviada
17/5_17:30_4e             34674807460          ENVIADO      POSITIVA                  review enviada
15/5_16:00_maf            34630660579          ENVIADO      recordatorio enviado (48h) -
15/5_19:10_csi            34657852342          ENVIADO      recordatorio enviado (48h) -
15/5_16:00_maf            34630660579          ENVIADO      NEUTRAL (guardado para revisión) -
15/5_19:10_csi            34657852342          ENVIADO      POSITIVA                  review enviada
16/5_17:30_4e             34662691916          ENVIADO      recordatorio FALLIDO (send_not_confirmed) -
16/5_17:30_4e             34662691916          ENVIADO      recordatorio FALLIDO (send_not_confirmed) -
16/5_17:30_4e             34662691916          ENVIADO      recordatorio enviado (48h) -
16/5_20:40_csi            34670238951          ENVIADO      recordatorio enviado (48h) -

[2026-05-25 11:42:23] POSITIVO | Fotos nuevas: 0 | Envios OK: 0 | Envios FAIL: 0 | Reviews negativas: 0 | Fotos borradas: 0

=== SESIÓN 18:26-22:16 (25/05/2026) ===
RESERVA                   TELÉFONO             ESTADO       RESPUESTA                 REVIEW
-----------------------------------------------------------------------------------------------
16/5_17:30_4e             34662691916          ENVIADO      sin respuesta             -
16/5_17:40_csi            34661826756          ENVIADO      sin respuesta             -
15/5_19:00_4e             34680445843          ENVIADO      POSITIVA                  review enviada
16/5_17:40_csi            34661826756          ENVIADO      POSITIVA                  review enviada
16/5_19:10_csi            34676007933          ENVIADO      sin respuesta             -
16/5_19:10_csi            34676007933          ENVIADO      POSITIVA                  review enviada
16/5_19:00_4e             34%C2%A0635%C2%A088%C2%A014%C2%A013%E2%80%AC ENVIADO      sin respuesta             -
16/5_19:00_4e             34%C2%A0635%C2%A088%C2%A014%C2%A013%E2%80%AC ENVIADO      POSITIVA                  review enviada
16/5_20:40_csi            34670238951          ENVIADO      sin respuesta             -
17/5_17:30_4e             34674807460          ENVIADO      sin respuesta             -
17/5_16:00_4e             34%C2%A0652%C2%A090%C2%A019%C2%A066%E2%80%AC ENVIADO      sin respuesta             -
17/5_16:00_4e             34%C2%A0652%C2%A090%C2%A019%C2%A066%E2%80%AC ENVIADO      POSITIVA                  review enviada
17/5_17:30_4e             34674807460          ENVIADO      POSITIVA                  review enviada
15/5_16:00_maf            34630660579          ENVIADO      recordatorio enviado (48h) -
15/5_19:10_csi            34657852342          ENVIADO      recordatorio enviado (48h) -
15/5_16:00_maf            34630660579          ENVIADO      NEUTRAL (guardado para revisión) -
15/5_19:10_csi            34657852342          ENVIADO      POSITIVA                  review enviada
16/5_17:30_4e             34662691916          ENVIADO      recordatorio FALLIDO (send_not_confirmed) -
16/5_17:30_4e             34662691916          ENVIADO      recordatorio FALLIDO (send_not_confirmed) -
16/5_17:30_4e             34662691916          ENVIADO      recordatorio enviado (48h) -
16/5_20:40_csi            34670238951          ENVIADO      recordatorio enviado (48h) -

[2026-05-25 11:58:45] POSITIVO | Fotos nuevas: 0 | Envios OK: 0 | Envios FAIL: 0 | Reviews negativas: 0 | Fotos borradas: 0

=== SESIÓN 18:26-22:16 (25/05/2026) ===
RESERVA                   TELÉFONO             ESTADO       RESPUESTA                 REVIEW
-----------------------------------------------------------------------------------------------
16/5_17:30_4e             34662691916          ENVIADO      sin respuesta             -
16/5_17:40_csi            34661826756          ENVIADO      sin respuesta             -
15/5_19:00_4e             34680445843          ENVIADO      POSITIVA                  review enviada
16/5_17:40_csi            34661826756          ENVIADO      POSITIVA                  review enviada
16/5_19:10_csi            34676007933          ENVIADO      sin respuesta             -
16/5_19:10_csi            34676007933          ENVIADO      POSITIVA                  review enviada
16/5_19:00_4e             34%C2%A0635%C2%A088%C2%A014%C2%A013%E2%80%AC ENVIADO      sin respuesta             -
16/5_19:00_4e             34%C2%A0635%C2%A088%C2%A014%C2%A013%E2%80%AC ENVIADO      POSITIVA                  review enviada
16/5_20:40_csi            34670238951          ENVIADO      sin respuesta             -
17/5_17:30_4e             34674807460          ENVIADO      sin respuesta             -
17/5_16:00_4e             34%C2%A0652%C2%A090%C2%A019%C2%A066%E2%80%AC ENVIADO      sin respuesta             -
17/5_16:00_4e             34%C2%A0652%C2%A090%C2%A019%C2%A066%E2%80%AC ENVIADO      POSITIVA                  review enviada
17/5_17:30_4e             34674807460          ENVIADO      POSITIVA                  review enviada
15/5_16:00_maf            34630660579          ENVIADO      recordatorio enviado (48h) -
15/5_19:10_csi            34657852342          ENVIADO      recordatorio enviado (48h) -
15/5_16:00_maf            34630660579          ENVIADO      NEUTRAL (guardado para revisión) -
15/5_19:10_csi            34657852342          ENVIADO      POSITIVA                  review enviada
16/5_17:30_4e             34662691916          ENVIADO      recordatorio FALLIDO (send_not_confirmed) -
16/5_17:30_4e             34662691916          ENVIADO      recordatorio FALLIDO (send_not_confirmed) -
16/5_17:30_4e             34662691916          ENVIADO      recordatorio enviado (48h) -
16/5_20:40_csi            34670238951          ENVIADO      recordatorio enviado (48h) -

[2026-05-25 12:15:06] POSITIVO | Fotos nuevas: 0 | Envios OK: 0 | Envios FAIL: 0 | Reviews negativas: 0 | Fotos borradas: 0

=== SESIÓN 18:26-22:16 (25/05/2026) ===
RESERVA                   TELÉFONO             ESTADO       RESPUESTA                 REVIEW
-----------------------------------------------------------------------------------------------
16/5_17:30_4e             34662691916          ENVIADO      sin respuesta             -
16/5_17:40_csi            34661826756          ENVIADO      sin respuesta             -
15/5_19:00_4e             34680445843          ENVIADO      POSITIVA                  review enviada
16/5_17:40_csi            34661826756          ENVIADO      POSITIVA                  review enviada
16/5_19:10_csi            34676007933          ENVIADO      sin respuesta             -
16/5_19:10_csi            34676007933          ENVIADO      POSITIVA                  review enviada
16/5_19:00_4e             34%C2%A0635%C2%A088%C2%A014%C2%A013%E2%80%AC ENVIADO      sin respuesta             -
16/5_19:00_4e             34%C2%A0635%C2%A088%C2%A014%C2%A013%E2%80%AC ENVIADO      POSITIVA                  review enviada
16/5_20:40_csi            34670238951          ENVIADO      sin respuesta             -
17/5_17:30_4e             34674807460          ENVIADO      sin respuesta             -
17/5_16:00_4e             34%C2%A0652%C2%A090%C2%A019%C2%A066%E2%80%AC ENVIADO      sin respuesta             -
17/5_16:00_4e             34%C2%A0652%C2%A090%C2%A019%C2%A066%E2%80%AC ENVIADO      POSITIVA                  review enviada
17/5_17:30_4e             34674807460          ENVIADO      POSITIVA                  review enviada
15/5_16:00_maf            34630660579          ENVIADO      recordatorio enviado (48h) -
15/5_19:10_csi            34657852342          ENVIADO      recordatorio enviado (48h) -
15/5_16:00_maf            34630660579          ENVIADO      NEUTRAL (guardado para revisión) -
15/5_19:10_csi            34657852342          ENVIADO      POSITIVA                  review enviada
16/5_17:30_4e             34662691916          ENVIADO      recordatorio FALLIDO (send_not_confirmed) -
16/5_17:30_4e             34662691916          ENVIADO      recordatorio FALLIDO (send_not_confirmed) -
16/5_17:30_4e             34662691916          ENVIADO      recordatorio enviado (48h) -
16/5_20:40_csi            34670238951          ENVIADO      recordatorio enviado (48h) -

[2026-05-25 12:31:28] POSITIVO | Fotos nuevas: 0 | Envios OK: 0 | Envios FAIL: 0 | Reviews negativas: 0 | Fotos borradas: 0

=== SESIÓN 18:26-22:16 (25/05/2026) ===
RESERVA                   TELÉFONO             ESTADO       RESPUESTA                 REVIEW
-----------------------------------------------------------------------------------------------
16/5_17:30_4e             34662691916          ENVIADO      sin respuesta             -
16/5_17:40_csi            34661826756          ENVIADO      sin respuesta             -
15/5_19:00_4e             34680445843          ENVIADO      POSITIVA                  review enviada
16/5_17:40_csi            34661826756          ENVIADO      POSITIVA                  review enviada
16/5_19:10_csi            34676007933          ENVIADO      sin respuesta             -
16/5_19:10_csi            34676007933          ENVIADO      POSITIVA                  review enviada
16/5_19:00_4e             34%C2%A0635%C2%A088%C2%A014%C2%A013%E2%80%AC ENVIADO      sin respuesta             -
16/5_19:00_4e             34%C2%A0635%C2%A088%C2%A014%C2%A013%E2%80%AC ENVIADO      POSITIVA                  review enviada
16/5_20:40_csi            34670238951          ENVIADO      sin respuesta             -
17/5_17:30_4e             34674807460          ENVIADO      sin respuesta             -
17/5_16:00_4e             34%C2%A0652%C2%A090%C2%A019%C2%A066%E2%80%AC ENVIADO      sin respuesta             -
17/5_16:00_4e             34%C2%A0652%C2%A090%C2%A019%C2%A066%E2%80%AC ENVIADO      POSITIVA                  review enviada
17/5_17:30_4e             34674807460          ENVIADO      POSITIVA                  review enviada
15/5_16:00_maf            34630660579          ENVIADO      recordatorio enviado (48h) -
15/5_19:10_csi            34657852342          ENVIADO      recordatorio enviado (48h) -
15/5_16:00_maf            34630660579          ENVIADO      NEUTRAL (guardado para revisión) -
15/5_19:10_csi            34657852342          ENVIADO      POSITIVA                  review enviada
16/5_17:30_4e             34662691916          ENVIADO      recordatorio FALLIDO (send_not_confirmed) -
16/5_17:30_4e             34662691916          ENVIADO      recordatorio FALLIDO (send_not_confirmed) -
16/5_17:30_4e             34662691916          ENVIADO      recordatorio enviado (48h) -
16/5_20:40_csi            34670238951          ENVIADO      recordatorio enviado (48h) -

[2026-05-25 12:47:56] POSITIVO | Fotos nuevas: 0 | Envios OK: 0 | Envios FAIL: 0 | Reviews negativas: 0 | Fotos borradas: 0

=== SESIÓN 18:26-22:16 (25/05/2026) ===
RESERVA                   TELÉFONO             ESTADO       RESPUESTA                 REVIEW
-----------------------------------------------------------------------------------------------
16/5_17:30_4e             34662691916          ENVIADO      sin respuesta             -
16/5_17:40_csi            34661826756          ENVIADO      sin respuesta             -
15/5_19:00_4e             34680445843          ENVIADO      POSITIVA                  review enviada
16/5_17:40_csi            34661826756          ENVIADO      POSITIVA                  review enviada
16/5_19:10_csi            34676007933          ENVIADO      sin respuesta             -
16/5_19:10_csi            34676007933          ENVIADO      POSITIVA                  review enviada
16/5_19:00_4e             34%C2%A0635%C2%A088%C2%A014%C2%A013%E2%80%AC ENVIADO      sin respuesta             -
16/5_19:00_4e             34%C2%A0635%C2%A088%C2%A014%C2%A013%E2%80%AC ENVIADO      POSITIVA                  review enviada
16/5_20:40_csi            34670238951          ENVIADO      sin respuesta             -
17/5_17:30_4e             34674807460          ENVIADO      sin respuesta             -
17/5_16:00_4e             34%C2%A0652%C2%A090%C2%A019%C2%A066%E2%80%AC ENVIADO      sin respuesta             -
17/5_16:00_4e             34%C2%A0652%C2%A090%C2%A019%C2%A066%E2%80%AC ENVIADO      POSITIVA                  review enviada
17/5_17:30_4e             34674807460          ENVIADO      POSITIVA                  review enviada
15/5_16:00_maf            34630660579          ENVIADO      recordatorio enviado (48h) -
15/5_19:10_csi            34657852342          ENVIADO      recordatorio enviado (48h) -
15/5_16:00_maf            34630660579          ENVIADO      NEUTRAL (guardado para revisión) -
15/5_19:10_csi            34657852342          ENVIADO      POSITIVA                  review enviada
16/5_17:30_4e             34662691916          ENVIADO      recordatorio FALLIDO (send_not_confirmed) -
16/5_17:30_4e             34662691916          ENVIADO      recordatorio FALLIDO (send_not_confirmed) -
16/5_17:30_4e             34662691916          ENVIADO      recordatorio enviado (48h) -
16/5_20:40_csi            34670238951          ENVIADO      recordatorio enviado (48h) -

[2026-05-25 13:04:22] POSITIVO | Fotos nuevas: 0 | Envios OK: 0 | Envios FAIL: 0 | Reviews negativas: 0 | Fotos borradas: 0

=== SESIÓN 18:26-22:16 (25/05/2026) ===
RESERVA                   TELÉFONO             ESTADO       RESPUESTA                 REVIEW
-----------------------------------------------------------------------------------------------
16/5_17:30_4e             34662691916          ENVIADO      sin respuesta             -
16/5_17:40_csi            34661826756          ENVIADO      sin respuesta             -
15/5_19:00_4e             34680445843          ENVIADO      POSITIVA                  review enviada
16/5_17:40_csi            34661826756          ENVIADO      POSITIVA                  review enviada
16/5_19:10_csi            34676007933          ENVIADO      sin respuesta             -
16/5_19:10_csi            34676007933          ENVIADO      POSITIVA                  review enviada
16/5_19:00_4e             34%C2%A0635%C2%A088%C2%A014%C2%A013%E2%80%AC ENVIADO      sin respuesta             -
16/5_19:00_4e             34%C2%A0635%C2%A088%C2%A014%C2%A013%E2%80%AC ENVIADO      POSITIVA                  review enviada
16/5_20:40_csi            34670238951          ENVIADO      sin respuesta             -
17/5_17:30_4e             34674807460          ENVIADO      sin respuesta             -
17/5_16:00_4e             34%C2%A0652%C2%A090%C2%A019%C2%A066%E2%80%AC ENVIADO      sin respuesta             -
17/5_16:00_4e             34%C2%A0652%C2%A090%C2%A019%C2%A066%E2%80%AC ENVIADO      POSITIVA                  review enviada
17/5_17:30_4e             34674807460          ENVIADO      POSITIVA                  review enviada
15/5_16:00_maf            34630660579          ENVIADO      recordatorio enviado (48h) -
15/5_19:10_csi            34657852342          ENVIADO      recordatorio enviado (48h) -
15/5_16:00_maf            34630660579          ENVIADO      NEUTRAL (guardado para revisión) -
15/5_19:10_csi            34657852342          ENVIADO      POSITIVA                  review enviada
16/5_17:30_4e             34662691916          ENVIADO      recordatorio FALLIDO (send_not_confirmed) -
16/5_17:30_4e             34662691916          ENVIADO      recordatorio FALLIDO (send_not_confirmed) -
16/5_17:30_4e             34662691916          ENVIADO      recordatorio enviado (48h) -
16/5_20:40_csi            34670238951          ENVIADO      recordatorio enviado (48h) -

[2026-05-25 13:20:50] POSITIVO | Fotos nuevas: 0 | Envios OK: 0 | Envios FAIL: 0 | Reviews negativas: 0 | Fotos borradas: 0

=== SESIÓN 18:26-22:16 (25/05/2026) ===
RESERVA                   TELÉFONO             ESTADO       RESPUESTA                 REVIEW
-----------------------------------------------------------------------------------------------
16/5_17:30_4e             34662691916          ENVIADO      sin respuesta             -
16/5_17:40_csi            34661826756          ENVIADO      sin respuesta             -
15/5_19:00_4e             34680445843          ENVIADO      POSITIVA                  review enviada
16/5_17:40_csi            34661826756          ENVIADO      POSITIVA                  review enviada
16/5_19:10_csi            34676007933          ENVIADO      sin respuesta             -
16/5_19:10_csi            34676007933          ENVIADO      POSITIVA                  review enviada
16/5_19:00_4e             34%C2%A0635%C2%A088%C2%A014%C2%A013%E2%80%AC ENVIADO      sin respuesta             -
16/5_19:00_4e             34%C2%A0635%C2%A088%C2%A014%C2%A013%E2%80%AC ENVIADO      POSITIVA                  review enviada
16/5_20:40_csi            34670238951          ENVIADO      sin respuesta             -
17/5_17:30_4e             34674807460          ENVIADO      sin respuesta             -
17/5_16:00_4e             34%C2%A0652%C2%A090%C2%A019%C2%A066%E2%80%AC ENVIADO      sin respuesta             -
17/5_16:00_4e             34%C2%A0652%C2%A090%C2%A019%C2%A066%E2%80%AC ENVIADO      POSITIVA                  review enviada
17/5_17:30_4e             34674807460          ENVIADO      POSITIVA                  review enviada
15/5_16:00_maf            34630660579          ENVIADO      recordatorio enviado (48h) -
15/5_19:10_csi            34657852342          ENVIADO      recordatorio enviado (48h) -
15/5_16:00_maf            34630660579          ENVIADO      NEUTRAL (guardado para revisión) -
15/5_19:10_csi            34657852342          ENVIADO      POSITIVA                  review enviada
16/5_17:30_4e             34662691916          ENVIADO      recordatorio FALLIDO (send_not_confirmed) -
16/5_17:30_4e             34662691916          ENVIADO      recordatorio FALLIDO (send_not_confirmed) -
16/5_17:30_4e             34662691916          ENVIADO      recordatorio enviado (48h) -
16/5_20:40_csi            34670238951          ENVIADO      recordatorio enviado (48h) -

[2026-05-25 13:37:17] POSITIVO | Fotos nuevas: 0 | Envios OK: 0 | Envios FAIL: 0 | Reviews negativas: 0 | Fotos borradas: 0

=== SESIÓN 18:26-22:16 (25/05/2026) ===
RESERVA                   TELÉFONO             ESTADO       RESPUESTA                 REVIEW
-----------------------------------------------------------------------------------------------
16/5_17:30_4e             34662691916          ENVIADO      sin respuesta             -
16/5_17:40_csi            34661826756          ENVIADO      sin respuesta             -
15/5_19:00_4e             34680445843          ENVIADO      POSITIVA                  review enviada
16/5_17:40_csi            34661826756          ENVIADO      POSITIVA                  review enviada
16/5_19:10_csi            34676007933          ENVIADO      sin respuesta             -
16/5_19:10_csi            34676007933          ENVIADO      POSITIVA                  review enviada
16/5_19:00_4e             34%C2%A0635%C2%A088%C2%A014%C2%A013%E2%80%AC ENVIADO      sin respuesta             -
16/5_19:00_4e             34%C2%A0635%C2%A088%C2%A014%C2%A013%E2%80%AC ENVIADO      POSITIVA                  review enviada
16/5_20:40_csi            34670238951          ENVIADO      sin respuesta             -
17/5_17:30_4e             34674807460          ENVIADO      sin respuesta             -
17/5_16:00_4e             34%C2%A0652%C2%A090%C2%A019%C2%A066%E2%80%AC ENVIADO      sin respuesta             -
17/5_16:00_4e             34%C2%A0652%C2%A090%C2%A019%C2%A066%E2%80%AC ENVIADO      POSITIVA                  review enviada
17/5_17:30_4e             34674807460          ENVIADO      POSITIVA                  review enviada
15/5_16:00_maf            34630660579          ENVIADO      recordatorio enviado (48h) -
15/5_19:10_csi            34657852342          ENVIADO      recordatorio enviado (48h) -
15/5_16:00_maf            34630660579          ENVIADO      NEUTRAL (guardado para revisión) -
15/5_19:10_csi            34657852342          ENVIADO      POSITIVA                  review enviada
16/5_17:30_4e             34662691916          ENVIADO      recordatorio FALLIDO (send_not_confirmed) -
16/5_17:30_4e             34662691916          ENVIADO      recordatorio FALLIDO (send_not_confirmed) -
16/5_17:30_4e             34662691916          ENVIADO      recordatorio enviado (48h) -
16/5_20:40_csi            34670238951          ENVIADO      recordatorio enviado (48h) -

[2026-05-25 13:53:41] POSITIVO | Fotos nuevas: 0 | Envios OK: 0 | Envios FAIL: 0 | Reviews negativas: 0 | Fotos borradas: 0

=== SESIÓN 18:26-22:16 (25/05/2026) ===
RESERVA                   TELÉFONO             ESTADO       RESPUESTA                 REVIEW
-----------------------------------------------------------------------------------------------
16/5_17:30_4e             34662691916          ENVIADO      sin respuesta             -
16/5_17:40_csi            34661826756          ENVIADO      sin respuesta             -
15/5_19:00_4e             34680445843          ENVIADO      POSITIVA                  review enviada
16/5_17:40_csi            34661826756          ENVIADO      POSITIVA                  review enviada
16/5_19:10_csi            34676007933          ENVIADO      sin respuesta             -
16/5_19:10_csi            34676007933          ENVIADO      POSITIVA                  review enviada
16/5_19:00_4e             34%C2%A0635%C2%A088%C2%A014%C2%A013%E2%80%AC ENVIADO      sin respuesta             -
16/5_19:00_4e             34%C2%A0635%C2%A088%C2%A014%C2%A013%E2%80%AC ENVIADO      POSITIVA                  review enviada
16/5_20:40_csi            34670238951          ENVIADO      sin respuesta             -
17/5_17:30_4e             34674807460          ENVIADO      sin respuesta             -
17/5_16:00_4e             34%C2%A0652%C2%A090%C2%A019%C2%A066%E2%80%AC ENVIADO      sin respuesta             -
17/5_16:00_4e             34%C2%A0652%C2%A090%C2%A019%C2%A066%E2%80%AC ENVIADO      POSITIVA                  review enviada
17/5_17:30_4e             34674807460          ENVIADO      POSITIVA                  review enviada
15/5_16:00_maf            34630660579          ENVIADO      recordatorio enviado (48h) -
15/5_19:10_csi            34657852342          ENVIADO      recordatorio enviado (48h) -
15/5_16:00_maf            34630660579          ENVIADO      NEUTRAL (guardado para revisión) -
15/5_19:10_csi            34657852342          ENVIADO      POSITIVA                  review enviada
16/5_17:30_4e             34662691916          ENVIADO      recordatorio FALLIDO (send_not_confirmed) -
16/5_17:30_4e             34662691916          ENVIADO      recordatorio FALLIDO (send_not_confirmed) -
16/5_17:30_4e             34662691916          ENVIADO      recordatorio enviado (48h) -
16/5_20:40_csi            34670238951          ENVIADO      recordatorio enviado (48h) -

[2026-05-25 14:10:08] POSITIVO | Fotos nuevas: 0 | Envios OK: 0 | Envios FAIL: 0 | Reviews negativas: 0 | Fotos borradas: 0

=== SESIÓN 18:26-22:16 (25/05/2026) ===
RESERVA                   TELÉFONO             ESTADO       RESPUESTA                 REVIEW
-----------------------------------------------------------------------------------------------
16/5_17:30_4e             34662691916          ENVIADO      sin respuesta             -
16/5_17:40_csi            34661826756          ENVIADO      sin respuesta             -
15/5_19:00_4e             34680445843          ENVIADO      POSITIVA                  review enviada
16/5_17:40_csi            34661826756          ENVIADO      POSITIVA                  review enviada
16/5_19:10_csi            34676007933          ENVIADO      sin respuesta             -
16/5_19:10_csi            34676007933          ENVIADO      POSITIVA                  review enviada
16/5_19:00_4e             34%C2%A0635%C2%A088%C2%A014%C2%A013%E2%80%AC ENVIADO      sin respuesta             -
16/5_19:00_4e             34%C2%A0635%C2%A088%C2%A014%C2%A013%E2%80%AC ENVIADO      POSITIVA                  review enviada
16/5_20:40_csi            34670238951          ENVIADO      sin respuesta             -
17/5_17:30_4e             34674807460          ENVIADO      sin respuesta             -
17/5_16:00_4e             34%C2%A0652%C2%A090%C2%A019%C2%A066%E2%80%AC ENVIADO      sin respuesta             -
17/5_16:00_4e             34%C2%A0652%C2%A090%C2%A019%C2%A066%E2%80%AC ENVIADO      POSITIVA                  review enviada
17/5_17:30_4e             34674807460          ENVIADO      POSITIVA                  review enviada
15/5_16:00_maf            34630660579          ENVIADO      recordatorio enviado (48h) -
15/5_19:10_csi            34657852342          ENVIADO      recordatorio enviado (48h) -
15/5_16:00_maf            34630660579          ENVIADO      NEUTRAL (guardado para revisión) -
15/5_19:10_csi            34657852342          ENVIADO      POSITIVA                  review enviada
16/5_17:30_4e             34662691916          ENVIADO      recordatorio FALLIDO (send_not_confirmed) -
16/5_17:30_4e             34662691916          ENVIADO      recordatorio FALLIDO (send_not_confirmed) -
16/5_17:30_4e             34662691916          ENVIADO      recordatorio enviado (48h) -
16/5_20:40_csi            34670238951          ENVIADO      recordatorio enviado (48h) -

[2026-05-25 14:26:31] POSITIVO | Fotos nuevas: 0 | Envios OK: 0 | Envios FAIL: 0 | Reviews negativas: 0 | Fotos borradas: 0

=== SESIÓN 18:26-22:16 (25/05/2026) ===
RESERVA                   TELÉFONO             ESTADO       RESPUESTA                 REVIEW
-----------------------------------------------------------------------------------------------
16/5_17:30_4e             34662691916          ENVIADO      sin respuesta             -
16/5_17:40_csi            34661826756          ENVIADO      sin respuesta             -
15/5_19:00_4e             34680445843          ENVIADO      POSITIVA                  review enviada
16/5_17:40_csi            34661826756          ENVIADO      POSITIVA                  review enviada
16/5_19:10_csi            34676007933          ENVIADO      sin respuesta             -
16/5_19:10_csi            34676007933          ENVIADO      POSITIVA                  review enviada
16/5_19:00_4e             34%C2%A0635%C2%A088%C2%A014%C2%A013%E2%80%AC ENVIADO      sin respuesta             -
16/5_19:00_4e             34%C2%A0635%C2%A088%C2%A014%C2%A013%E2%80%AC ENVIADO      POSITIVA                  review enviada
16/5_20:40_csi            34670238951          ENVIADO      sin respuesta             -
17/5_17:30_4e             34674807460          ENVIADO      sin respuesta             -
17/5_16:00_4e             34%C2%A0652%C2%A090%C2%A019%C2%A066%E2%80%AC ENVIADO      sin respuesta             -
17/5_16:00_4e             34%C2%A0652%C2%A090%C2%A019%C2%A066%E2%80%AC ENVIADO      POSITIVA                  review enviada
17/5_17:30_4e             34674807460          ENVIADO      POSITIVA                  review enviada
15/5_16:00_maf            34630660579          ENVIADO      recordatorio enviado (48h) -
15/5_19:10_csi            34657852342          ENVIADO      recordatorio enviado (48h) -
15/5_16:00_maf            34630660579          ENVIADO      NEUTRAL (guardado para revisión) -
15/5_19:10_csi            34657852342          ENVIADO      POSITIVA                  review enviada
16/5_17:30_4e             34662691916          ENVIADO      recordatorio FALLIDO (send_not_confirmed) -
16/5_17:30_4e             34662691916          ENVIADO      recordatorio FALLIDO (send_not_confirmed) -
16/5_17:30_4e             34662691916          ENVIADO      recordatorio enviado (48h) -
16/5_20:40_csi            34670238951          ENVIADO      recordatorio enviado (48h) -

[2026-05-25 14:42:58] POSITIVO | Fotos nuevas: 0 | Envios OK: 0 | Envios FAIL: 0 | Reviews negativas: 0 | Fotos borradas: 0

=== SESIÓN 18:26-22:16 (25/05/2026) ===
RESERVA                   TELÉFONO             ESTADO       RESPUESTA                 REVIEW
-----------------------------------------------------------------------------------------------
16/5_17:30_4e             34662691916          ENVIADO      sin respuesta             -
16/5_17:40_csi            34661826756          ENVIADO      sin respuesta             -
15/5_19:00_4e             34680445843          ENVIADO      POSITIVA                  review enviada
16/5_17:40_csi            34661826756          ENVIADO      POSITIVA                  review enviada
16/5_19:10_csi            34676007933          ENVIADO      sin respuesta             -
16/5_19:10_csi            34676007933          ENVIADO      POSITIVA                  review enviada
16/5_19:00_4e             34%C2%A0635%C2%A088%C2%A014%C2%A013%E2%80%AC ENVIADO      sin respuesta             -
16/5_19:00_4e             34%C2%A0635%C2%A088%C2%A014%C2%A013%E2%80%AC ENVIADO      POSITIVA                  review enviada
16/5_20:40_csi            34670238951          ENVIADO      sin respuesta             -
17/5_17:30_4e             34674807460          ENVIADO      sin respuesta             -
17/5_16:00_4e             34%C2%A0652%C2%A090%C2%A019%C2%A066%E2%80%AC ENVIADO      sin respuesta             -
17/5_16:00_4e             34%C2%A0652%C2%A090%C2%A019%C2%A066%E2%80%AC ENVIADO      POSITIVA                  review enviada
17/5_17:30_4e             34674807460          ENVIADO      POSITIVA                  review enviada
15/5_16:00_maf            34630660579          ENVIADO      recordatorio enviado (48h) -
15/5_19:10_csi            34657852342          ENVIADO      recordatorio enviado (48h) -
15/5_16:00_maf            34630660579          ENVIADO      NEUTRAL (guardado para revisión) -
15/5_19:10_csi            34657852342          ENVIADO      POSITIVA                  review enviada
16/5_17:30_4e             34662691916          ENVIADO      recordatorio FALLIDO (send_not_confirmed) -
16/5_17:30_4e             34662691916          ENVIADO      recordatorio FALLIDO (send_not_confirmed) -
16/5_17:30_4e             34662691916          ENVIADO      recordatorio enviado (48h) -
16/5_20:40_csi            34670238951          ENVIADO      recordatorio enviado (48h) -

[2026-05-25 14:59:19] POSITIVO | Fotos nuevas: 0 | Envios OK: 0 | Envios FAIL: 0 | Reviews negativas: 0 | Fotos borradas: 0

=== SESIÓN 18:26-22:16 (25/05/2026) ===
RESERVA                   TELÉFONO             ESTADO       RESPUESTA                 REVIEW
-----------------------------------------------------------------------------------------------
16/5_17:30_4e             34662691916          ENVIADO      sin respuesta             -
16/5_17:40_csi            34661826756          ENVIADO      sin respuesta             -
15/5_19:00_4e             34680445843          ENVIADO      POSITIVA                  review enviada
16/5_17:40_csi            34661826756          ENVIADO      POSITIVA                  review enviada
16/5_19:10_csi            34676007933          ENVIADO      sin respuesta             -
16/5_19:10_csi            34676007933          ENVIADO      POSITIVA                  review enviada
16/5_19:00_4e             34%C2%A0635%C2%A088%C2%A014%C2%A013%E2%80%AC ENVIADO      sin respuesta             -
16/5_19:00_4e             34%C2%A0635%C2%A088%C2%A014%C2%A013%E2%80%AC ENVIADO      POSITIVA                  review enviada
16/5_20:40_csi            34670238951          ENVIADO      sin respuesta             -
17/5_17:30_4e             34674807460          ENVIADO      sin respuesta             -
17/5_16:00_4e             34%C2%A0652%C2%A090%C2%A019%C2%A066%E2%80%AC ENVIADO      sin respuesta             -
17/5_16:00_4e             34%C2%A0652%C2%A090%C2%A019%C2%A066%E2%80%AC ENVIADO      POSITIVA                  review enviada
17/5_17:30_4e             34674807460          ENVIADO      POSITIVA                  review enviada
15/5_16:00_maf            34630660579          ENVIADO      recordatorio enviado (48h) -
15/5_19:10_csi            34657852342          ENVIADO      recordatorio enviado (48h) -
15/5_16:00_maf            34630660579          ENVIADO      NEUTRAL (guardado para revisión) -
15/5_19:10_csi            34657852342          ENVIADO      POSITIVA                  review enviada
16/5_17:30_4e             34662691916          ENVIADO      recordatorio FALLIDO (send_not_confirmed) -
16/5_17:30_4e             34662691916          ENVIADO      recordatorio FALLIDO (send_not_confirmed) -
16/5_17:30_4e             34662691916          ENVIADO      recordatorio enviado (48h) -
16/5_20:40_csi            34670238951          ENVIADO      recordatorio enviado (48h) -

[2026-05-25 15:15:47] POSITIVO | Fotos nuevas: 0 | Envios OK: 0 | Envios FAIL: 0 | Reviews negativas: 0 | Fotos borradas: 0

=== SESIÓN 18:26-22:16 (25/05/2026) ===
RESERVA                   TELÉFONO             ESTADO       RESPUESTA                 REVIEW
-----------------------------------------------------------------------------------------------
16/5_17:30_4e             34662691916          ENVIADO      sin respuesta             -
16/5_17:40_csi            34661826756          ENVIADO      sin respuesta             -
15/5_19:00_4e             34680445843          ENVIADO      POSITIVA                  review enviada
16/5_17:40_csi            34661826756          ENVIADO      POSITIVA                  review enviada
16/5_19:10_csi            34676007933          ENVIADO      sin respuesta             -
16/5_19:10_csi            34676007933          ENVIADO      POSITIVA                  review enviada
16/5_19:00_4e             34%C2%A0635%C2%A088%C2%A014%C2%A013%E2%80%AC ENVIADO      sin respuesta             -
16/5_19:00_4e             34%C2%A0635%C2%A088%C2%A014%C2%A013%E2%80%AC ENVIADO      POSITIVA                  review enviada
16/5_20:40_csi            34670238951          ENVIADO      sin respuesta             -
17/5_17:30_4e             34674807460          ENVIADO      sin respuesta             -
17/5_16:00_4e             34%C2%A0652%C2%A090%C2%A019%C2%A066%E2%80%AC ENVIADO      sin respuesta             -
17/5_16:00_4e             34%C2%A0652%C2%A090%C2%A019%C2%A066%E2%80%AC ENVIADO      POSITIVA                  review enviada
17/5_17:30_4e             34674807460          ENVIADO      POSITIVA                  review enviada
15/5_16:00_maf            34630660579          ENVIADO      recordatorio enviado (48h) -
15/5_19:10_csi            34657852342          ENVIADO      recordatorio enviado (48h) -
15/5_16:00_maf            34630660579          ENVIADO      NEUTRAL (guardado para revisión) -
15/5_19:10_csi            34657852342          ENVIADO      POSITIVA                  review enviada
16/5_17:30_4e             34662691916          ENVIADO      recordatorio FALLIDO (send_not_confirmed) -
16/5_17:30_4e             34662691916          ENVIADO      recordatorio FALLIDO (send_not_confirmed) -
16/5_17:30_4e             34662691916          ENVIADO      recordatorio enviado (48h) -
16/5_20:40_csi            34670238951          ENVIADO      recordatorio enviado (48h) -

[2026-05-25 15:32:14] POSITIVO | Fotos nuevas: 0 | Envios OK: 0 | Envios FAIL: 0 | Reviews negativas: 0 | Fotos borradas: 0

=== SESIÓN 18:26-22:16 (25/05/2026) ===
RESERVA                   TELÉFONO             ESTADO       RESPUESTA                 REVIEW
-----------------------------------------------------------------------------------------------
16/5_17:30_4e             34662691916          ENVIADO      sin respuesta             -
16/5_17:40_csi            34661826756          ENVIADO      sin respuesta             -
15/5_19:00_4e             34680445843          ENVIADO      POSITIVA                  review enviada
16/5_17:40_csi            34661826756          ENVIADO      POSITIVA                  review enviada
16/5_19:10_csi            34676007933          ENVIADO      sin respuesta             -
16/5_19:10_csi            34676007933          ENVIADO      POSITIVA                  review enviada
16/5_19:00_4e             34%C2%A0635%C2%A088%C2%A014%C2%A013%E2%80%AC ENVIADO      sin respuesta             -
16/5_19:00_4e             34%C2%A0635%C2%A088%C2%A014%C2%A013%E2%80%AC ENVIADO      POSITIVA                  review enviada
16/5_20:40_csi            34670238951          ENVIADO      sin respuesta             -
17/5_17:30_4e             34674807460          ENVIADO      sin respuesta             -
17/5_16:00_4e             34%C2%A0652%C2%A090%C2%A019%C2%A066%E2%80%AC ENVIADO      sin respuesta             -
17/5_16:00_4e             34%C2%A0652%C2%A090%C2%A019%C2%A066%E2%80%AC ENVIADO      POSITIVA                  review enviada
17/5_17:30_4e             34674807460          ENVIADO      POSITIVA                  review enviada
15/5_16:00_maf            34630660579          ENVIADO      recordatorio enviado (48h) -
15/5_19:10_csi            34657852342          ENVIADO      recordatorio enviado (48h) -
15/5_16:00_maf            34630660579          ENVIADO      NEUTRAL (guardado para revisión) -
15/5_19:10_csi            34657852342          ENVIADO      POSITIVA                  review enviada
16/5_17:30_4e             34662691916          ENVIADO      recordatorio FALLIDO (send_not_confirmed) -
16/5_17:30_4e             34662691916          ENVIADO      recordatorio FALLIDO (send_not_confirmed) -
16/5_17:30_4e             34662691916          ENVIADO      recordatorio enviado (48h) -
16/5_20:40_csi            34670238951          ENVIADO      recordatorio enviado (48h) -

[2026-05-25 15:48:37] POSITIVO | Fotos nuevas: 0 | Envios OK: 0 | Envios FAIL: 0 | Reviews negativas: 0 | Fotos borradas: 0

=== SESIÓN 18:26-22:16 (25/05/2026) ===
RESERVA                   TELÉFONO             ESTADO       RESPUESTA                 REVIEW
-----------------------------------------------------------------------------------------------
16/5_17:30_4e             34662691916          ENVIADO      sin respuesta             -
16/5_17:40_csi            34661826756          ENVIADO      sin respuesta             -
15/5_19:00_4e             34680445843          ENVIADO      POSITIVA                  review enviada
16/5_17:40_csi            34661826756          ENVIADO      POSITIVA                  review enviada
16/5_19:10_csi            34676007933          ENVIADO      sin respuesta             -
16/5_19:10_csi            34676007933          ENVIADO      POSITIVA                  review enviada
16/5_19:00_4e             34%C2%A0635%C2%A088%C2%A014%C2%A013%E2%80%AC ENVIADO      sin respuesta             -
16/5_19:00_4e             34%C2%A0635%C2%A088%C2%A014%C2%A013%E2%80%AC ENVIADO      POSITIVA                  review enviada
16/5_20:40_csi            34670238951          ENVIADO      sin respuesta             -
17/5_17:30_4e             34674807460          ENVIADO      sin respuesta             -
17/5_16:00_4e             34%C2%A0652%C2%A090%C2%A019%C2%A066%E2%80%AC ENVIADO      sin respuesta             -
17/5_16:00_4e             34%C2%A0652%C2%A090%C2%A019%C2%A066%E2%80%AC ENVIADO      POSITIVA                  review enviada
17/5_17:30_4e             34674807460          ENVIADO      POSITIVA                  review enviada
15/5_16:00_maf            34630660579          ENVIADO      recordatorio enviado (48h) -
15/5_19:10_csi            34657852342          ENVIADO      recordatorio enviado (48h) -
15/5_16:00_maf            34630660579          ENVIADO      NEUTRAL (guardado para revisión) -
15/5_19:10_csi            34657852342          ENVIADO      POSITIVA                  review enviada
16/5_17:30_4e             34662691916          ENVIADO      recordatorio FALLIDO (send_not_confirmed) -
16/5_17:30_4e             34662691916          ENVIADO      recordatorio FALLIDO (send_not_confirmed) -
16/5_17:30_4e             34662691916          ENVIADO      recordatorio enviado (48h) -
16/5_20:40_csi            34670238951          ENVIADO      recordatorio enviado (48h) -

[2026-05-25 16:04:58] POSITIVO | Fotos nuevas: 0 | Envios OK: 0 | Envios FAIL: 0 | Reviews negativas: 0 | Fotos borradas: 0

=== SESIÓN 18:26-22:16 (25/05/2026) ===
RESERVA                   TELÉFONO             ESTADO       RESPUESTA                 REVIEW
-----------------------------------------------------------------------------------------------
16/5_17:30_4e             34662691916          ENVIADO      sin respuesta             -
16/5_17:40_csi            34661826756          ENVIADO      sin respuesta             -
15/5_19:00_4e             34680445843          ENVIADO      POSITIVA                  review enviada
16/5_17:40_csi            34661826756          ENVIADO      POSITIVA                  review enviada
16/5_19:10_csi            34676007933          ENVIADO      sin respuesta             -
16/5_19:10_csi            34676007933          ENVIADO      POSITIVA                  review enviada
16/5_19:00_4e             34%C2%A0635%C2%A088%C2%A014%C2%A013%E2%80%AC ENVIADO      sin respuesta             -
16/5_19:00_4e             34%C2%A0635%C2%A088%C2%A014%C2%A013%E2%80%AC ENVIADO      POSITIVA                  review enviada
16/5_20:40_csi            34670238951          ENVIADO      sin respuesta             -
17/5_17:30_4e             34674807460          ENVIADO      sin respuesta             -
17/5_16:00_4e             34%C2%A0652%C2%A090%C2%A019%C2%A066%E2%80%AC ENVIADO      sin respuesta             -
17/5_16:00_4e             34%C2%A0652%C2%A090%C2%A019%C2%A066%E2%80%AC ENVIADO      POSITIVA                  review enviada
17/5_17:30_4e             34674807460          ENVIADO      POSITIVA                  review enviada
15/5_16:00_maf            34630660579          ENVIADO      recordatorio enviado (48h) -
15/5_19:10_csi            34657852342          ENVIADO      recordatorio enviado (48h) -
15/5_16:00_maf            34630660579          ENVIADO      NEUTRAL (guardado para revisión) -
15/5_19:10_csi            34657852342          ENVIADO      POSITIVA                  review enviada
16/5_17:30_4e             34662691916          ENVIADO      recordatorio FALLIDO (send_not_confirmed) -
16/5_17:30_4e             34662691916          ENVIADO      recordatorio FALLIDO (send_not_confirmed) -
16/5_17:30_4e             34662691916          ENVIADO      recordatorio enviado (48h) -
16/5_20:40_csi            34670238951          ENVIADO      recordatorio enviado (48h) -

[2026-05-25 16:21:19] POSITIVO | Fotos nuevas: 0 | Envios OK: 0 | Envios FAIL: 0 | Reviews negativas: 0 | Fotos borradas: 0

=== SESIÓN 18:26-22:16 (25/05/2026) ===
RESERVA                   TELÉFONO             ESTADO       RESPUESTA                 REVIEW
-----------------------------------------------------------------------------------------------
16/5_17:30_4e             34662691916          ENVIADO      sin respuesta             -
16/5_17:40_csi            34661826756          ENVIADO      sin respuesta             -
15/5_19:00_4e             34680445843          ENVIADO      POSITIVA                  review enviada
16/5_17:40_csi            34661826756          ENVIADO      POSITIVA                  review enviada
16/5_19:10_csi            34676007933          ENVIADO      sin respuesta             -
16/5_19:10_csi            34676007933          ENVIADO      POSITIVA                  review enviada
16/5_19:00_4e             34%C2%A0635%C2%A088%C2%A014%C2%A013%E2%80%AC ENVIADO      sin respuesta             -
16/5_19:00_4e             34%C2%A0635%C2%A088%C2%A014%C2%A013%E2%80%AC ENVIADO      POSITIVA                  review enviada
16/5_20:40_csi            34670238951          ENVIADO      sin respuesta             -
17/5_17:30_4e             34674807460          ENVIADO      sin respuesta             -
17/5_16:00_4e             34%C2%A0652%C2%A090%C2%A019%C2%A066%E2%80%AC ENVIADO      sin respuesta             -
17/5_16:00_4e             34%C2%A0652%C2%A090%C2%A019%C2%A066%E2%80%AC ENVIADO      POSITIVA                  review enviada
17/5_17:30_4e             34674807460          ENVIADO      POSITIVA                  review enviada
15/5_16:00_maf            34630660579          ENVIADO      recordatorio enviado (48h) -
15/5_19:10_csi            34657852342          ENVIADO      recordatorio enviado (48h) -
15/5_16:00_maf            34630660579          ENVIADO      NEUTRAL (guardado para revisión) -
15/5_19:10_csi            34657852342          ENVIADO      POSITIVA                  review enviada
16/5_17:30_4e             34662691916          ENVIADO      recordatorio FALLIDO (send_not_confirmed) -
16/5_17:30_4e             34662691916          ENVIADO      recordatorio FALLIDO (send_not_confirmed) -
16/5_17:30_4e             34662691916          ENVIADO      recordatorio enviado (48h) -
16/5_20:40_csi            34670238951          ENVIADO      recordatorio enviado (48h) -

[2026-05-25 16:37:41] POSITIVO | Fotos nuevas: 0 | Envios OK: 0 | Envios FAIL: 0 | Reviews negativas: 0 | Fotos borradas: 0

=== SESIÓN 18:26-22:16 (25/05/2026) ===
RESERVA                   TELÉFONO             ESTADO       RESPUESTA                 REVIEW
-----------------------------------------------------------------------------------------------
16/5_17:30_4e             34662691916          ENVIADO      sin respuesta             -
16/5_17:40_csi            34661826756          ENVIADO      sin respuesta             -
15/5_19:00_4e             34680445843          ENVIADO      POSITIVA                  review enviada
16/5_17:40_csi            34661826756          ENVIADO      POSITIVA                  review enviada
16/5_19:10_csi            34676007933          ENVIADO      sin respuesta             -
16/5_19:10_csi            34676007933          ENVIADO      POSITIVA                  review enviada
16/5_19:00_4e             34%C2%A0635%C2%A088%C2%A014%C2%A013%E2%80%AC ENVIADO      sin respuesta             -
16/5_19:00_4e             34%C2%A0635%C2%A088%C2%A014%C2%A013%E2%80%AC ENVIADO      POSITIVA                  review enviada
16/5_20:40_csi            34670238951          ENVIADO      sin respuesta             -
17/5_17:30_4e             34674807460          ENVIADO      sin respuesta             -
17/5_16:00_4e             34%C2%A0652%C2%A090%C2%A019%C2%A066%E2%80%AC ENVIADO      sin respuesta             -
17/5_16:00_4e             34%C2%A0652%C2%A090%C2%A019%C2%A066%E2%80%AC ENVIADO      POSITIVA                  review enviada
17/5_17:30_4e             34674807460          ENVIADO      POSITIVA                  review enviada
15/5_16:00_maf            34630660579          ENVIADO      recordatorio enviado (48h) -
15/5_19:10_csi            34657852342          ENVIADO      recordatorio enviado (48h) -
15/5_16:00_maf            34630660579          ENVIADO      NEUTRAL (guardado para revisión) -
15/5_19:10_csi            34657852342          ENVIADO      POSITIVA                  review enviada
16/5_17:30_4e             34662691916          ENVIADO      recordatorio FALLIDO (send_not_confirmed) -
16/5_17:30_4e             34662691916          ENVIADO      recordatorio FALLIDO (send_not_confirmed) -
16/5_17:30_4e             34662691916          ENVIADO      recordatorio enviado (48h) -
16/5_20:40_csi            34670238951          ENVIADO      recordatorio enviado (48h) -

[2026-05-25 16:54:00] POSITIVO | Fotos nuevas: 0 | Envios OK: 0 | Envios FAIL: 0 | Reviews negativas: 0 | Fotos borradas: 0

=== SESIÓN 18:26-22:16 (25/05/2026) ===
RESERVA                   TELÉFONO             ESTADO       RESPUESTA                 REVIEW
-----------------------------------------------------------------------------------------------
16/5_17:30_4e             34662691916          ENVIADO      sin respuesta             -
16/5_17:40_csi            34661826756          ENVIADO      sin respuesta             -
15/5_19:00_4e             34680445843          ENVIADO      POSITIVA                  review enviada
16/5_17:40_csi            34661826756          ENVIADO      POSITIVA                  review enviada
16/5_19:10_csi            34676007933          ENVIADO      sin respuesta             -
16/5_19:10_csi            34676007933          ENVIADO      POSITIVA                  review enviada
16/5_19:00_4e             34%C2%A0635%C2%A088%C2%A014%C2%A013%E2%80%AC ENVIADO      sin respuesta             -
16/5_19:00_4e             34%C2%A0635%C2%A088%C2%A014%C2%A013%E2%80%AC ENVIADO      POSITIVA                  review enviada
16/5_20:40_csi            34670238951          ENVIADO      sin respuesta             -
17/5_17:30_4e             34674807460          ENVIADO      sin respuesta             -
17/5_16:00_4e             34%C2%A0652%C2%A090%C2%A019%C2%A066%E2%80%AC ENVIADO      sin respuesta             -
17/5_16:00_4e             34%C2%A0652%C2%A090%C2%A019%C2%A066%E2%80%AC ENVIADO      POSITIVA                  review enviada
17/5_17:30_4e             34674807460          ENVIADO      POSITIVA                  review enviada
15/5_16:00_maf            34630660579          ENVIADO      recordatorio enviado (48h) -
15/5_19:10_csi            34657852342          ENVIADO      recordatorio enviado (48h) -
15/5_16:00_maf            34630660579          ENVIADO      NEUTRAL (guardado para revisión) -
15/5_19:10_csi            34657852342          ENVIADO      POSITIVA                  review enviada
16/5_17:30_4e             34662691916          ENVIADO      recordatorio FALLIDO (send_not_confirmed) -
16/5_17:30_4e             34662691916          ENVIADO      recordatorio FALLIDO (send_not_confirmed) -
16/5_17:30_4e             34662691916          ENVIADO      recordatorio enviado (48h) -
16/5_20:40_csi            34670238951          ENVIADO      recordatorio enviado (48h) -

[2026-05-25 17:10:28] POSITIVO | Fotos nuevas: 0 | Envios OK: 0 | Envios FAIL: 0 | Reviews negativas: 0 | Fotos borradas: 0

=== SESIÓN 18:26-22:16 (25/05/2026) ===
RESERVA                   TELÉFONO             ESTADO       RESPUESTA                 REVIEW
-----------------------------------------------------------------------------------------------
16/5_17:30_4e             34662691916          ENVIADO      sin respuesta             -
16/5_17:40_csi            34661826756          ENVIADO      sin respuesta             -
15/5_19:00_4e             34680445843          ENVIADO      POSITIVA                  review enviada
16/5_17:40_csi            34661826756          ENVIADO      POSITIVA                  review enviada
16/5_19:10_csi            34676007933          ENVIADO      sin respuesta             -
16/5_19:10_csi            34676007933          ENVIADO      POSITIVA                  review enviada
16/5_19:00_4e             34%C2%A0635%C2%A088%C2%A014%C2%A013%E2%80%AC ENVIADO      sin respuesta             -
16/5_19:00_4e             34%C2%A0635%C2%A088%C2%A014%C2%A013%E2%80%AC ENVIADO      POSITIVA                  review enviada
16/5_20:40_csi            34670238951          ENVIADO      sin respuesta             -
17/5_17:30_4e             34674807460          ENVIADO      sin respuesta             -
17/5_16:00_4e             34%C2%A0652%C2%A090%C2%A019%C2%A066%E2%80%AC ENVIADO      sin respuesta             -
17/5_16:00_4e             34%C2%A0652%C2%A090%C2%A019%C2%A066%E2%80%AC ENVIADO      POSITIVA                  review enviada
17/5_17:30_4e             34674807460          ENVIADO      POSITIVA                  review enviada
15/5_16:00_maf            34630660579          ENVIADO      recordatorio enviado (48h) -
15/5_19:10_csi            34657852342          ENVIADO      recordatorio enviado (48h) -
15/5_16:00_maf            34630660579          ENVIADO      NEUTRAL (guardado para revisión) -
15/5_19:10_csi            34657852342          ENVIADO      POSITIVA                  review enviada
16/5_17:30_4e             34662691916          ENVIADO      recordatorio FALLIDO (send_not_confirmed) -
16/5_17:30_4e             34662691916          ENVIADO      recordatorio FALLIDO (send_not_confirmed) -
16/5_17:30_4e             34662691916          ENVIADO      recordatorio enviado (48h) -
16/5_20:40_csi            34670238951          ENVIADO      recordatorio enviado (48h) -

[2026-05-25 17:26:57] POSITIVO | Fotos nuevas: 0 | Envios OK: 0 | Envios FAIL: 0 | Reviews negativas: 0 | Fotos borradas: 0

=== SESIÓN 18:26-22:16 (25/05/2026) ===
RESERVA                   TELÉFONO             ESTADO       RESPUESTA                 REVIEW
-----------------------------------------------------------------------------------------------
16/5_17:30_4e             34662691916          ENVIADO      sin respuesta             -
16/5_17:40_csi            34661826756          ENVIADO      sin respuesta             -
15/5_19:00_4e             34680445843          ENVIADO      POSITIVA                  review enviada
16/5_17:40_csi            34661826756          ENVIADO      POSITIVA                  review enviada
16/5_19:10_csi            34676007933          ENVIADO      sin respuesta             -
16/5_19:10_csi            34676007933          ENVIADO      POSITIVA                  review enviada
16/5_19:00_4e             34%C2%A0635%C2%A088%C2%A014%C2%A013%E2%80%AC ENVIADO      sin respuesta             -
16/5_19:00_4e             34%C2%A0635%C2%A088%C2%A014%C2%A013%E2%80%AC ENVIADO      POSITIVA                  review enviada
16/5_20:40_csi            34670238951          ENVIADO      sin respuesta             -
17/5_17:30_4e             34674807460          ENVIADO      sin respuesta             -
17/5_16:00_4e             34%C2%A0652%C2%A090%C2%A019%C2%A066%E2%80%AC ENVIADO      sin respuesta             -
17/5_16:00_4e             34%C2%A0652%C2%A090%C2%A019%C2%A066%E2%80%AC ENVIADO      POSITIVA                  review enviada
17/5_17:30_4e             34674807460          ENVIADO      POSITIVA                  review enviada
15/5_16:00_maf            34630660579          ENVIADO      recordatorio enviado (48h) -
15/5_19:10_csi            34657852342          ENVIADO      recordatorio enviado (48h) -
15/5_16:00_maf            34630660579          ENVIADO      NEUTRAL (guardado para revisión) -
15/5_19:10_csi            34657852342          ENVIADO      POSITIVA                  review enviada
16/5_17:30_4e             34662691916          ENVIADO      recordatorio FALLIDO (send_not_confirmed) -
16/5_17:30_4e             34662691916          ENVIADO      recordatorio FALLIDO (send_not_confirmed) -
16/5_17:30_4e             34662691916          ENVIADO      recordatorio enviado (48h) -
16/5_20:40_csi            34670238951          ENVIADO      recordatorio enviado (48h) -

[2026-05-25 17:43:18] POSITIVO | Fotos nuevas: 0 | Envios OK: 0 | Envios FAIL: 0 | Reviews negativas: 0 | Fotos borradas: 0

=== SESIÓN 18:26-22:16 (25/05/2026) ===
RESERVA                   TELÉFONO             ESTADO       RESPUESTA                 REVIEW
-----------------------------------------------------------------------------------------------
16/5_17:30_4e             34662691916          ENVIADO      sin respuesta             -
16/5_17:40_csi            34661826756          ENVIADO      sin respuesta             -
15/5_19:00_4e             34680445843          ENVIADO      POSITIVA                  review enviada
16/5_17:40_csi            34661826756          ENVIADO      POSITIVA                  review enviada
16/5_19:10_csi            34676007933          ENVIADO      sin respuesta             -
16/5_19:10_csi            34676007933          ENVIADO      POSITIVA                  review enviada
16/5_19:00_4e             34%C2%A0635%C2%A088%C2%A014%C2%A013%E2%80%AC ENVIADO      sin respuesta             -
16/5_19:00_4e             34%C2%A0635%C2%A088%C2%A014%C2%A013%E2%80%AC ENVIADO      POSITIVA                  review enviada
16/5_20:40_csi            34670238951          ENVIADO      sin respuesta             -
17/5_17:30_4e             34674807460          ENVIADO      sin respuesta             -
17/5_16:00_4e             34%C2%A0652%C2%A090%C2%A019%C2%A066%E2%80%AC ENVIADO      sin respuesta             -
17/5_16:00_4e             34%C2%A0652%C2%A090%C2%A019%C2%A066%E2%80%AC ENVIADO      POSITIVA                  review enviada
17/5_17:30_4e             34674807460          ENVIADO      POSITIVA                  review enviada
15/5_16:00_maf            34630660579          ENVIADO      recordatorio enviado (48h) -
15/5_19:10_csi            34657852342          ENVIADO      recordatorio enviado (48h) -
15/5_16:00_maf            34630660579          ENVIADO      NEUTRAL (guardado para revisión) -
15/5_19:10_csi            34657852342          ENVIADO      POSITIVA                  review enviada
16/5_17:30_4e             34662691916          ENVIADO      recordatorio FALLIDO (send_not_confirmed) -
16/5_17:30_4e             34662691916          ENVIADO      recordatorio FALLIDO (send_not_confirmed) -
16/5_17:30_4e             34662691916          ENVIADO      recordatorio enviado (48h) -
16/5_20:40_csi            34670238951          ENVIADO      recordatorio enviado (48h) -

[2026-05-25 17:59:38] POSITIVO | Fotos nuevas: 0 | Envios OK: 0 | Envios FAIL: 0 | Reviews negativas: 0 | Fotos borradas: 0

=== SESIÓN 18:26-22:16 (25/05/2026) ===
RESERVA                   TELÉFONO             ESTADO       RESPUESTA                 REVIEW
-----------------------------------------------------------------------------------------------
16/5_17:30_4e             34662691916          ENVIADO      sin respuesta             -
16/5_17:40_csi            34661826756          ENVIADO      sin respuesta             -
15/5_19:00_4e             34680445843          ENVIADO      POSITIVA                  review enviada
16/5_17:40_csi            34661826756          ENVIADO      POSITIVA                  review enviada
16/5_19:10_csi            34676007933          ENVIADO      sin respuesta             -
16/5_19:10_csi            34676007933          ENVIADO      POSITIVA                  review enviada
16/5_19:00_4e             34%C2%A0635%C2%A088%C2%A014%C2%A013%E2%80%AC ENVIADO      sin respuesta             -
16/5_19:00_4e             34%C2%A0635%C2%A088%C2%A014%C2%A013%E2%80%AC ENVIADO      POSITIVA                  review enviada
16/5_20:40_csi            34670238951          ENVIADO      sin respuesta             -
17/5_17:30_4e             34674807460          ENVIADO      sin respuesta             -
17/5_16:00_4e             34%C2%A0652%C2%A090%C2%A019%C2%A066%E2%80%AC ENVIADO      sin respuesta             -
17/5_16:00_4e             34%C2%A0652%C2%A090%C2%A019%C2%A066%E2%80%AC ENVIADO      POSITIVA                  review enviada
17/5_17:30_4e             34674807460          ENVIADO      POSITIVA                  review enviada
15/5_16:00_maf            34630660579          ENVIADO      recordatorio enviado (48h) -
15/5_19:10_csi            34657852342          ENVIADO      recordatorio enviado (48h) -
15/5_16:00_maf            34630660579          ENVIADO      NEUTRAL (guardado para revisión) -
15/5_19:10_csi            34657852342          ENVIADO      POSITIVA                  review enviada
16/5_17:30_4e             34662691916          ENVIADO      recordatorio FALLIDO (send_not_confirmed) -
16/5_17:30_4e             34662691916          ENVIADO      recordatorio FALLIDO (send_not_confirmed) -
16/5_17:30_4e             34662691916          ENVIADO      recordatorio enviado (48h) -
16/5_20:40_csi            34670238951          ENVIADO      recordatorio enviado (48h) -

[2026-05-25 18:15:52] POSITIVO | Fotos nuevas: 0 | Envios OK: 0 | Envios FAIL: 0 | Reviews negativas: 0 | Fotos borradas: 0

=== SESIÓN 18:26-22:16 (25/05/2026) ===
RESERVA                   TELÉFONO             ESTADO       RESPUESTA                 REVIEW
-----------------------------------------------------------------------------------------------
16/5_17:30_4e             34662691916          ENVIADO      sin respuesta             -
16/5_17:40_csi            34661826756          ENVIADO      sin respuesta             -
15/5_19:00_4e             34680445843          ENVIADO      POSITIVA                  review enviada
16/5_17:40_csi            34661826756          ENVIADO      POSITIVA                  review enviada
16/5_19:10_csi            34676007933          ENVIADO      sin respuesta             -
16/5_19:10_csi            34676007933          ENVIADO      POSITIVA                  review enviada
16/5_19:00_4e             34%C2%A0635%C2%A088%C2%A014%C2%A013%E2%80%AC ENVIADO      sin respuesta             -
16/5_19:00_4e             34%C2%A0635%C2%A088%C2%A014%C2%A013%E2%80%AC ENVIADO      POSITIVA                  review enviada
16/5_20:40_csi            34670238951          ENVIADO      sin respuesta             -
17/5_17:30_4e             34674807460          ENVIADO      sin respuesta             -
17/5_16:00_4e             34%C2%A0652%C2%A090%C2%A019%C2%A066%E2%80%AC ENVIADO      sin respuesta             -
17/5_16:00_4e             34%C2%A0652%C2%A090%C2%A019%C2%A066%E2%80%AC ENVIADO      POSITIVA                  review enviada
17/5_17:30_4e             34674807460          ENVIADO      POSITIVA                  review enviada
15/5_16:00_maf            34630660579          ENVIADO      recordatorio enviado (48h) -
15/5_19:10_csi            34657852342          ENVIADO      recordatorio enviado (48h) -
15/5_16:00_maf            34630660579          ENVIADO      NEUTRAL (guardado para revisión) -
15/5_19:10_csi            34657852342          ENVIADO      POSITIVA                  review enviada
16/5_17:30_4e             34662691916          ENVIADO      recordatorio FALLIDO (send_not_confirmed) -
16/5_17:30_4e             34662691916          ENVIADO      recordatorio FALLIDO (send_not_confirmed) -
16/5_17:30_4e             34662691916          ENVIADO      recordatorio enviado (48h) -
16/5_20:40_csi            34670238951          ENVIADO      recordatorio enviado (48h) -

[2026-05-25 18:32:06] POSITIVO | Fotos nuevas: 0 | Envios OK: 0 | Envios FAIL: 0 | Reviews negativas: 0 | Fotos borradas: 0

=== SESIÓN 18:26-22:16 (25/05/2026) ===
RESERVA                   TELÉFONO             ESTADO       RESPUESTA                 REVIEW
-----------------------------------------------------------------------------------------------
16/5_17:30_4e             34662691916          ENVIADO      sin respuesta             -
16/5_17:40_csi            34661826756          ENVIADO      sin respuesta             -
15/5_19:00_4e             34680445843          ENVIADO      POSITIVA                  review enviada
16/5_17:40_csi            34661826756          ENVIADO      POSITIVA                  review enviada
16/5_19:10_csi            34676007933          ENVIADO      sin respuesta             -
16/5_19:10_csi            34676007933          ENVIADO      POSITIVA                  review enviada
16/5_19:00_4e             34%C2%A0635%C2%A088%C2%A014%C2%A013%E2%80%AC ENVIADO      sin respuesta             -
16/5_19:00_4e             34%C2%A0635%C2%A088%C2%A014%C2%A013%E2%80%AC ENVIADO      POSITIVA                  review enviada
16/5_20:40_csi            34670238951          ENVIADO      sin respuesta             -
17/5_17:30_4e             34674807460          ENVIADO      sin respuesta             -
17/5_16:00_4e             34%C2%A0652%C2%A090%C2%A019%C2%A066%E2%80%AC ENVIADO      sin respuesta             -
17/5_16:00_4e             34%C2%A0652%C2%A090%C2%A019%C2%A066%E2%80%AC ENVIADO      POSITIVA                  review enviada
17/5_17:30_4e             34674807460          ENVIADO      POSITIVA                  review enviada
15/5_16:00_maf            34630660579          ENVIADO      recordatorio enviado (48h) -
15/5_19:10_csi            34657852342          ENVIADO      recordatorio enviado (48h) -
15/5_16:00_maf            34630660579          ENVIADO      NEUTRAL (guardado para revisión) -
15/5_19:10_csi            34657852342          ENVIADO      POSITIVA                  review enviada
16/5_17:30_4e             34662691916          ENVIADO      recordatorio FALLIDO (send_not_confirmed) -
16/5_17:30_4e             34662691916          ENVIADO      recordatorio FALLIDO (send_not_confirmed) -
16/5_17:30_4e             34662691916          ENVIADO      recordatorio enviado (48h) -
16/5_20:40_csi            34670238951          ENVIADO      recordatorio enviado (48h) -

[2026-05-25 18:48:24] POSITIVO | Fotos nuevas: 0 | Envios OK: 0 | Envios FAIL: 0 | Reviews negativas: 0 | Fotos borradas: 0

=== SESIÓN 18:26-22:16 (25/05/2026) ===
RESERVA                   TELÉFONO             ESTADO       RESPUESTA                 REVIEW
-----------------------------------------------------------------------------------------------
16/5_17:30_4e             34662691916          ENVIADO      sin respuesta             -
16/5_17:40_csi            34661826756          ENVIADO      sin respuesta             -
15/5_19:00_4e             34680445843          ENVIADO      POSITIVA                  review enviada
16/5_17:40_csi            34661826756          ENVIADO      POSITIVA                  review enviada
16/5_19:10_csi            34676007933          ENVIADO      sin respuesta             -
16/5_19:10_csi            34676007933          ENVIADO      POSITIVA                  review enviada
16/5_19:00_4e             34%C2%A0635%C2%A088%C2%A014%C2%A013%E2%80%AC ENVIADO      sin respuesta             -
16/5_19:00_4e             34%C2%A0635%C2%A088%C2%A014%C2%A013%E2%80%AC ENVIADO      POSITIVA                  review enviada
16/5_20:40_csi            34670238951          ENVIADO      sin respuesta             -
17/5_17:30_4e             34674807460          ENVIADO      sin respuesta             -
17/5_16:00_4e             34%C2%A0652%C2%A090%C2%A019%C2%A066%E2%80%AC ENVIADO      sin respuesta             -
17/5_16:00_4e             34%C2%A0652%C2%A090%C2%A019%C2%A066%E2%80%AC ENVIADO      POSITIVA                  review enviada
17/5_17:30_4e             34674807460          ENVIADO      POSITIVA                  review enviada
15/5_16:00_maf            34630660579          ENVIADO      recordatorio enviado (48h) -
15/5_19:10_csi            34657852342          ENVIADO      recordatorio enviado (48h) -
15/5_16:00_maf            34630660579          ENVIADO      NEUTRAL (guardado para revisión) -
15/5_19:10_csi            34657852342          ENVIADO      POSITIVA                  review enviada
16/5_17:30_4e             34662691916          ENVIADO      recordatorio FALLIDO (send_not_confirmed) -
16/5_17:30_4e             34662691916          ENVIADO      recordatorio FALLIDO (send_not_confirmed) -
16/5_17:30_4e             34662691916          ENVIADO      recordatorio enviado (48h) -
16/5_20:40_csi            34670238951          ENVIADO      recordatorio enviado (48h) -

[2026-05-25 19:04:37] POSITIVO | Fotos nuevas: 0 | Envios OK: 0 | Envios FAIL: 0 | Reviews negativas: 0 | Fotos borradas: 0

=== SESIÓN 18:26-22:16 (25/05/2026) ===
RESERVA                   TELÉFONO             ESTADO       RESPUESTA                 REVIEW
-----------------------------------------------------------------------------------------------
16/5_17:30_4e             34662691916          ENVIADO      sin respuesta             -
16/5_17:40_csi            34661826756          ENVIADO      sin respuesta             -
15/5_19:00_4e             34680445843          ENVIADO      POSITIVA                  review enviada
16/5_17:40_csi            34661826756          ENVIADO      POSITIVA                  review enviada
16/5_19:10_csi            34676007933          ENVIADO      sin respuesta             -
16/5_19:10_csi            34676007933          ENVIADO      POSITIVA                  review enviada
16/5_19:00_4e             34%C2%A0635%C2%A088%C2%A014%C2%A013%E2%80%AC ENVIADO      sin respuesta             -
16/5_19:00_4e             34%C2%A0635%C2%A088%C2%A014%C2%A013%E2%80%AC ENVIADO      POSITIVA                  review enviada
16/5_20:40_csi            34670238951          ENVIADO      sin respuesta             -
17/5_17:30_4e             34674807460          ENVIADO      sin respuesta             -
17/5_16:00_4e             34%C2%A0652%C2%A090%C2%A019%C2%A066%E2%80%AC ENVIADO      sin respuesta             -
17/5_16:00_4e             34%C2%A0652%C2%A090%C2%A019%C2%A066%E2%80%AC ENVIADO      POSITIVA                  review enviada
17/5_17:30_4e             34674807460          ENVIADO      POSITIVA                  review enviada
15/5_16:00_maf            34630660579          ENVIADO      recordatorio enviado (48h) -
15/5_19:10_csi            34657852342          ENVIADO      recordatorio enviado (48h) -
15/5_16:00_maf            34630660579          ENVIADO      NEUTRAL (guardado para revisión) -
15/5_19:10_csi            34657852342          ENVIADO      POSITIVA                  review enviada
16/5_17:30_4e             34662691916          ENVIADO      recordatorio FALLIDO (send_not_confirmed) -
16/5_17:30_4e             34662691916          ENVIADO      recordatorio FALLIDO (send_not_confirmed) -
16/5_17:30_4e             34662691916          ENVIADO      recordatorio enviado (48h) -
16/5_20:40_csi            34670238951          ENVIADO      recordatorio enviado (48h) -

[2026-05-25 19:20:53] POSITIVO | Fotos nuevas: 0 | Envios OK: 0 | Envios FAIL: 0 | Reviews negativas: 0 | Fotos borradas: 0

=== SESIÓN 18:26-22:16 (25/05/2026) ===
RESERVA                   TELÉFONO             ESTADO       RESPUESTA                 REVIEW
-----------------------------------------------------------------------------------------------
16/5_17:30_4e             34662691916          ENVIADO      sin respuesta             -
16/5_17:40_csi            34661826756          ENVIADO      sin respuesta             -
15/5_19:00_4e             34680445843          ENVIADO      POSITIVA                  review enviada
16/5_17:40_csi            34661826756          ENVIADO      POSITIVA                  review enviada
16/5_19:10_csi            34676007933          ENVIADO      sin respuesta             -
16/5_19:10_csi            34676007933          ENVIADO      POSITIVA                  review enviada
16/5_19:00_4e             34%C2%A0635%C2%A088%C2%A014%C2%A013%E2%80%AC ENVIADO      sin respuesta             -
16/5_19:00_4e             34%C2%A0635%C2%A088%C2%A014%C2%A013%E2%80%AC ENVIADO      POSITIVA                  review enviada
16/5_20:40_csi            34670238951          ENVIADO      sin respuesta             -
17/5_17:30_4e             34674807460          ENVIADO      sin respuesta             -
17/5_16:00_4e             34%C2%A0652%C2%A090%C2%A019%C2%A066%E2%80%AC ENVIADO      sin respuesta             -
17/5_16:00_4e             34%C2%A0652%C2%A090%C2%A019%C2%A066%E2%80%AC ENVIADO      POSITIVA                  review enviada
17/5_17:30_4e             34674807460          ENVIADO      POSITIVA                  review enviada
15/5_16:00_maf            34630660579          ENVIADO      recordatorio enviado (48h) -
15/5_19:10_csi            34657852342          ENVIADO      recordatorio enviado (48h) -
15/5_16:00_maf            34630660579          ENVIADO      NEUTRAL (guardado para revisión) -
15/5_19:10_csi            34657852342          ENVIADO      POSITIVA                  review enviada
16/5_17:30_4e             34662691916          ENVIADO      recordatorio FALLIDO (send_not_confirmed) -
16/5_17:30_4e             34662691916          ENVIADO      recordatorio FALLIDO (send_not_confirmed) -
16/5_17:30_4e             34662691916          ENVIADO      recordatorio enviado (48h) -
16/5_20:40_csi            34670238951          ENVIADO      recordatorio enviado (48h) -

[2026-05-25 19:37:05] POSITIVO | Fotos nuevas: 0 | Envios OK: 0 | Envios FAIL: 0 | Reviews negativas: 0 | Fotos borradas: 0

=== SESIÓN 18:26-22:16 (25/05/2026) ===
RESERVA                   TELÉFONO             ESTADO       RESPUESTA                 REVIEW
-----------------------------------------------------------------------------------------------
16/5_17:30_4e             34662691916          ENVIADO      sin respuesta             -
16/5_17:40_csi            34661826756          ENVIADO      sin respuesta             -
15/5_19:00_4e             34680445843          ENVIADO      POSITIVA                  review enviada
16/5_17:40_csi            34661826756          ENVIADO      POSITIVA                  review enviada
16/5_19:10_csi            34676007933          ENVIADO      sin respuesta             -
16/5_19:10_csi            34676007933          ENVIADO      POSITIVA                  review enviada
16/5_19:00_4e             34%C2%A0635%C2%A088%C2%A014%C2%A013%E2%80%AC ENVIADO      sin respuesta             -
16/5_19:00_4e             34%C2%A0635%C2%A088%C2%A014%C2%A013%E2%80%AC ENVIADO      POSITIVA                  review enviada
16/5_20:40_csi            34670238951          ENVIADO      sin respuesta             -
17/5_17:30_4e             34674807460          ENVIADO      sin respuesta             -
17/5_16:00_4e             34%C2%A0652%C2%A090%C2%A019%C2%A066%E2%80%AC ENVIADO      sin respuesta             -
17/5_16:00_4e             34%C2%A0652%C2%A090%C2%A019%C2%A066%E2%80%AC ENVIADO      POSITIVA                  review enviada
17/5_17:30_4e             34674807460          ENVIADO      POSITIVA                  review enviada
15/5_16:00_maf            34630660579          ENVIADO      recordatorio enviado (48h) -
15/5_19:10_csi            34657852342          ENVIADO      recordatorio enviado (48h) -
15/5_16:00_maf            34630660579          ENVIADO      NEUTRAL (guardado para revisión) -
15/5_19:10_csi            34657852342          ENVIADO      POSITIVA                  review enviada
16/5_17:30_4e             34662691916          ENVIADO      recordatorio FALLIDO (send_not_confirmed) -
16/5_17:30_4e             34662691916          ENVIADO      recordatorio FALLIDO (send_not_confirmed) -
16/5_17:30_4e             34662691916          ENVIADO      recordatorio enviado (48h) -
16/5_20:40_csi            34670238951          ENVIADO      recordatorio enviado (48h) -

[2026-05-25 19:53:21] POSITIVO | Fotos nuevas: 0 | Envios OK: 0 | Envios FAIL: 0 | Reviews negativas: 0 | Fotos borradas: 0

=== SESIÓN 18:26-22:16 (25/05/2026) ===
RESERVA                   TELÉFONO             ESTADO       RESPUESTA                 REVIEW
-----------------------------------------------------------------------------------------------
16/5_17:30_4e             34662691916          ENVIADO      sin respuesta             -
16/5_17:40_csi            34661826756          ENVIADO      sin respuesta             -
15/5_19:00_4e             34680445843          ENVIADO      POSITIVA                  review enviada
16/5_17:40_csi            34661826756          ENVIADO      POSITIVA                  review enviada
16/5_19:10_csi            34676007933          ENVIADO      sin respuesta             -
16/5_19:10_csi            34676007933          ENVIADO      POSITIVA                  review enviada
16/5_19:00_4e             34%C2%A0635%C2%A088%C2%A014%C2%A013%E2%80%AC ENVIADO      sin respuesta             -
16/5_19:00_4e             34%C2%A0635%C2%A088%C2%A014%C2%A013%E2%80%AC ENVIADO      POSITIVA                  review enviada
16/5_20:40_csi            34670238951          ENVIADO      sin respuesta             -
17/5_17:30_4e             34674807460          ENVIADO      sin respuesta             -
17/5_16:00_4e             34%C2%A0652%C2%A090%C2%A019%C2%A066%E2%80%AC ENVIADO      sin respuesta             -
17/5_16:00_4e             34%C2%A0652%C2%A090%C2%A019%C2%A066%E2%80%AC ENVIADO      POSITIVA                  review enviada
17/5_17:30_4e             34674807460          ENVIADO      POSITIVA                  review enviada
15/5_16:00_maf            34630660579          ENVIADO      recordatorio enviado (48h) -
15/5_19:10_csi            34657852342          ENVIADO      recordatorio enviado (48h) -
15/5_16:00_maf            34630660579          ENVIADO      NEUTRAL (guardado para revisión) -
15/5_19:10_csi            34657852342          ENVIADO      POSITIVA                  review enviada
16/5_17:30_4e             34662691916          ENVIADO      recordatorio FALLIDO (send_not_confirmed) -
16/5_17:30_4e             34662691916          ENVIADO      recordatorio FALLIDO (send_not_confirmed) -
16/5_17:30_4e             34662691916          ENVIADO      recordatorio enviado (48h) -
16/5_20:40_csi            34670238951          ENVIADO      recordatorio enviado (48h) -

[2026-05-25 20:09:35] POSITIVO | Fotos nuevas: 0 | Envios OK: 0 | Envios FAIL: 0 | Reviews negativas: 0 | Fotos borradas: 0

=== SESIÓN 18:26-22:16 (25/05/2026) ===
RESERVA                   TELÉFONO             ESTADO       RESPUESTA                 REVIEW
-----------------------------------------------------------------------------------------------
16/5_17:30_4e             34662691916          ENVIADO      sin respuesta             -
16/5_17:40_csi            34661826756          ENVIADO      sin respuesta             -
15/5_19:00_4e             34680445843          ENVIADO      POSITIVA                  review enviada
16/5_17:40_csi            34661826756          ENVIADO      POSITIVA                  review enviada
16/5_19:10_csi            34676007933          ENVIADO      sin respuesta             -
16/5_19:10_csi            34676007933          ENVIADO      POSITIVA                  review enviada
16/5_19:00_4e             34%C2%A0635%C2%A088%C2%A014%C2%A013%E2%80%AC ENVIADO      sin respuesta             -
16/5_19:00_4e             34%C2%A0635%C2%A088%C2%A014%C2%A013%E2%80%AC ENVIADO      POSITIVA                  review enviada
16/5_20:40_csi            34670238951          ENVIADO      sin respuesta             -
17/5_17:30_4e             34674807460          ENVIADO      sin respuesta             -
17/5_16:00_4e             34%C2%A0652%C2%A090%C2%A019%C2%A066%E2%80%AC ENVIADO      sin respuesta             -
17/5_16:00_4e             34%C2%A0652%C2%A090%C2%A019%C2%A066%E2%80%AC ENVIADO      POSITIVA                  review enviada
17/5_17:30_4e             34674807460          ENVIADO      POSITIVA                  review enviada
15/5_16:00_maf            34630660579          ENVIADO      recordatorio enviado (48h) -
15/5_19:10_csi            34657852342          ENVIADO      recordatorio enviado (48h) -
15/5_16:00_maf            34630660579          ENVIADO      NEUTRAL (guardado para revisión) -
15/5_19:10_csi            34657852342          ENVIADO      POSITIVA                  review enviada
16/5_17:30_4e             34662691916          ENVIADO      recordatorio FALLIDO (send_not_confirmed) -
16/5_17:30_4e             34662691916          ENVIADO      recordatorio FALLIDO (send_not_confirmed) -
16/5_17:30_4e             34662691916          ENVIADO      recordatorio enviado (48h) -
16/5_20:40_csi            34670238951          ENVIADO      recordatorio enviado (48h) -

[2026-05-25 20:25:49] POSITIVO | Fotos nuevas: 0 | Envios OK: 0 | Envios FAIL: 0 | Reviews negativas: 0 | Fotos borradas: 0

=== SESIÓN 18:26-22:16 (25/05/2026) ===
RESERVA                   TELÉFONO             ESTADO       RESPUESTA                 REVIEW
-----------------------------------------------------------------------------------------------
16/5_17:30_4e             34662691916          ENVIADO      sin respuesta             -
16/5_17:40_csi            34661826756          ENVIADO      sin respuesta             -
15/5_19:00_4e             34680445843          ENVIADO      POSITIVA                  review enviada
16/5_17:40_csi            34661826756          ENVIADO      POSITIVA                  review enviada
16/5_19:10_csi            34676007933          ENVIADO      sin respuesta             -
16/5_19:10_csi            34676007933          ENVIADO      POSITIVA                  review enviada
16/5_19:00_4e             34%C2%A0635%C2%A088%C2%A014%C2%A013%E2%80%AC ENVIADO      sin respuesta             -
16/5_19:00_4e             34%C2%A0635%C2%A088%C2%A014%C2%A013%E2%80%AC ENVIADO      POSITIVA                  review enviada
16/5_20:40_csi            34670238951          ENVIADO      sin respuesta             -
17/5_17:30_4e             34674807460          ENVIADO      sin respuesta             -
17/5_16:00_4e             34%C2%A0652%C2%A090%C2%A019%C2%A066%E2%80%AC ENVIADO      sin respuesta             -
17/5_16:00_4e             34%C2%A0652%C2%A090%C2%A019%C2%A066%E2%80%AC ENVIADO      POSITIVA                  review enviada
17/5_17:30_4e             34674807460          ENVIADO      POSITIVA                  review enviada
15/5_16:00_maf            34630660579          ENVIADO      recordatorio enviado (48h) -
15/5_19:10_csi            34657852342          ENVIADO      recordatorio enviado (48h) -
15/5_16:00_maf            34630660579          ENVIADO      NEUTRAL (guardado para revisión) -
15/5_19:10_csi            34657852342          ENVIADO      POSITIVA                  review enviada
16/5_17:30_4e             34662691916          ENVIADO      recordatorio FALLIDO (send_not_confirmed) -
16/5_17:30_4e             34662691916          ENVIADO      recordatorio FALLIDO (send_not_confirmed) -
16/5_17:30_4e             34662691916          ENVIADO      recordatorio enviado (48h) -
16/5_20:40_csi            34670238951          ENVIADO      recordatorio enviado (48h) -

[2026-05-25 20:42:06] POSITIVO | Fotos nuevas: 0 | Envios OK: 0 | Envios FAIL: 0 | Reviews negativas: 0 | Fotos borradas: 0

=== SESIÓN 18:26-22:16 (25/05/2026) ===
RESERVA                   TELÉFONO             ESTADO       RESPUESTA                 REVIEW
-----------------------------------------------------------------------------------------------
16/5_17:30_4e             34662691916          ENVIADO      sin respuesta             -
16/5_17:40_csi            34661826756          ENVIADO      sin respuesta             -
15/5_19:00_4e             34680445843          ENVIADO      POSITIVA                  review enviada
16/5_17:40_csi            34661826756          ENVIADO      POSITIVA                  review enviada
16/5_19:10_csi            34676007933          ENVIADO      sin respuesta             -
16/5_19:10_csi            34676007933          ENVIADO      POSITIVA                  review enviada
16/5_19:00_4e             34%C2%A0635%C2%A088%C2%A014%C2%A013%E2%80%AC ENVIADO      sin respuesta             -
16/5_19:00_4e             34%C2%A0635%C2%A088%C2%A014%C2%A013%E2%80%AC ENVIADO      POSITIVA                  review enviada
16/5_20:40_csi            34670238951          ENVIADO      sin respuesta             -
17/5_17:30_4e             34674807460          ENVIADO      sin respuesta             -
17/5_16:00_4e             34%C2%A0652%C2%A090%C2%A019%C2%A066%E2%80%AC ENVIADO      sin respuesta             -
17/5_16:00_4e             34%C2%A0652%C2%A090%C2%A019%C2%A066%E2%80%AC ENVIADO      POSITIVA                  review enviada
17/5_17:30_4e             34674807460          ENVIADO      POSITIVA                  review enviada
15/5_16:00_maf            34630660579          ENVIADO      recordatorio enviado (48h) -
15/5_19:10_csi            34657852342          ENVIADO      recordatorio enviado (48h) -
15/5_16:00_maf            34630660579          ENVIADO      NEUTRAL (guardado para revisión) -
15/5_19:10_csi            34657852342          ENVIADO      POSITIVA                  review enviada
16/5_17:30_4e             34662691916          ENVIADO      recordatorio FALLIDO (send_not_confirmed) -
16/5_17:30_4e             34662691916          ENVIADO      recordatorio FALLIDO (send_not_confirmed) -
16/5_17:30_4e             34662691916          ENVIADO      recordatorio enviado (48h) -
16/5_20:40_csi            34670238951          ENVIADO      recordatorio enviado (48h) -

[2026-05-25 20:58:19] POSITIVO | Fotos nuevas: 0 | Envios OK: 0 | Envios FAIL: 0 | Reviews negativas: 0 | Fotos borradas: 0

=== SESIÓN 18:26-22:16 (25/05/2026) ===
RESERVA                   TELÉFONO             ESTADO       RESPUESTA                 REVIEW
-----------------------------------------------------------------------------------------------
16/5_17:30_4e             34662691916          ENVIADO      sin respuesta             -
16/5_17:40_csi            34661826756          ENVIADO      sin respuesta             -
15/5_19:00_4e             34680445843          ENVIADO      POSITIVA                  review enviada
16/5_17:40_csi            34661826756          ENVIADO      POSITIVA                  review enviada
16/5_19:10_csi            34676007933          ENVIADO      sin respuesta             -
16/5_19:10_csi            34676007933          ENVIADO      POSITIVA                  review enviada
16/5_19:00_4e             34%C2%A0635%C2%A088%C2%A014%C2%A013%E2%80%AC ENVIADO      sin respuesta             -
16/5_19:00_4e             34%C2%A0635%C2%A088%C2%A014%C2%A013%E2%80%AC ENVIADO      POSITIVA                  review enviada
16/5_20:40_csi            34670238951          ENVIADO      sin respuesta             -
17/5_17:30_4e             34674807460          ENVIADO      sin respuesta             -
17/5_16:00_4e             34%C2%A0652%C2%A090%C2%A019%C2%A066%E2%80%AC ENVIADO      sin respuesta             -
17/5_16:00_4e             34%C2%A0652%C2%A090%C2%A019%C2%A066%E2%80%AC ENVIADO      POSITIVA                  review enviada
17/5_17:30_4e             34674807460          ENVIADO      POSITIVA                  review enviada
15/5_16:00_maf            34630660579          ENVIADO      recordatorio enviado (48h) -
15/5_19:10_csi            34657852342          ENVIADO      recordatorio enviado (48h) -
15/5_16:00_maf            34630660579          ENVIADO      NEUTRAL (guardado para revisión) -
15/5_19:10_csi            34657852342          ENVIADO      POSITIVA                  review enviada
16/5_17:30_4e             34662691916          ENVIADO      recordatorio FALLIDO (send_not_confirmed) -
16/5_17:30_4e             34662691916          ENVIADO      recordatorio FALLIDO (send_not_confirmed) -
16/5_17:30_4e             34662691916          ENVIADO      recordatorio enviado (48h) -
16/5_20:40_csi            34670238951          ENVIADO      recordatorio enviado (48h) -

[2026-05-25 21:14:32] POSITIVO | Fotos nuevas: 0 | Envios OK: 0 | Envios FAIL: 0 | Reviews negativas: 0 | Fotos borradas: 0

=== SESIÓN 18:26-22:16 (25/05/2026) ===
RESERVA                   TELÉFONO             ESTADO       RESPUESTA                 REVIEW
-----------------------------------------------------------------------------------------------
16/5_17:30_4e             34662691916          ENVIADO      sin respuesta             -
16/5_17:40_csi            34661826756          ENVIADO      sin respuesta             -
15/5_19:00_4e             34680445843          ENVIADO      POSITIVA                  review enviada
16/5_17:40_csi            34661826756          ENVIADO      POSITIVA                  review enviada
16/5_19:10_csi            34676007933          ENVIADO      sin respuesta             -
16/5_19:10_csi            34676007933          ENVIADO      POSITIVA                  review enviada
16/5_19:00_4e             34%C2%A0635%C2%A088%C2%A014%C2%A013%E2%80%AC ENVIADO      sin respuesta             -
16/5_19:00_4e             34%C2%A0635%C2%A088%C2%A014%C2%A013%E2%80%AC ENVIADO      POSITIVA                  review enviada
16/5_20:40_csi            34670238951          ENVIADO      sin respuesta             -
17/5_17:30_4e             34674807460          ENVIADO      sin respuesta             -
17/5_16:00_4e             34%C2%A0652%C2%A090%C2%A019%C2%A066%E2%80%AC ENVIADO      sin respuesta             -
17/5_16:00_4e             34%C2%A0652%C2%A090%C2%A019%C2%A066%E2%80%AC ENVIADO      POSITIVA                  review enviada
17/5_17:30_4e             34674807460          ENVIADO      POSITIVA                  review enviada
15/5_16:00_maf            34630660579          ENVIADO      recordatorio enviado (48h) -
15/5_19:10_csi            34657852342          ENVIADO      recordatorio enviado (48h) -
15/5_16:00_maf            34630660579          ENVIADO      NEUTRAL (guardado para revisión) -
15/5_19:10_csi            34657852342          ENVIADO      POSITIVA                  review enviada
16/5_17:30_4e             34662691916          ENVIADO      recordatorio FALLIDO (send_not_confirmed) -
16/5_17:30_4e             34662691916          ENVIADO      recordatorio FALLIDO (send_not_confirmed) -
16/5_17:30_4e             34662691916          ENVIADO      recordatorio enviado (48h) -
16/5_20:40_csi            34670238951          ENVIADO      recordatorio enviado (48h) -

[2026-05-25 21:30:47] POSITIVO | Fotos nuevas: 0 | Envios OK: 0 | Envios FAIL: 0 | Reviews negativas: 0 | Fotos borradas: 0

=== SESIÓN 18:26-22:16 (25/05/2026) ===
RESERVA                   TELÉFONO             ESTADO       RESPUESTA                 REVIEW
-----------------------------------------------------------------------------------------------
16/5_17:30_4e             34662691916          ENVIADO      sin respuesta             -
16/5_17:40_csi            34661826756          ENVIADO      sin respuesta             -
15/5_19:00_4e             34680445843          ENVIADO      POSITIVA                  review enviada
16/5_17:40_csi            34661826756          ENVIADO      POSITIVA                  review enviada
16/5_19:10_csi            34676007933          ENVIADO      sin respuesta             -
16/5_19:10_csi            34676007933          ENVIADO      POSITIVA                  review enviada
16/5_19:00_4e             34%C2%A0635%C2%A088%C2%A014%C2%A013%E2%80%AC ENVIADO      sin respuesta             -
16/5_19:00_4e             34%C2%A0635%C2%A088%C2%A014%C2%A013%E2%80%AC ENVIADO      POSITIVA                  review enviada
16/5_20:40_csi            34670238951          ENVIADO      sin respuesta             -
17/5_17:30_4e             34674807460          ENVIADO      sin respuesta             -
17/5_16:00_4e             34%C2%A0652%C2%A090%C2%A019%C2%A066%E2%80%AC ENVIADO      sin respuesta             -
17/5_16:00_4e             34%C2%A0652%C2%A090%C2%A019%C2%A066%E2%80%AC ENVIADO      POSITIVA                  review enviada
17/5_17:30_4e             34674807460          ENVIADO      POSITIVA                  review enviada
15/5_16:00_maf            34630660579          ENVIADO      recordatorio enviado (48h) -
15/5_19:10_csi            34657852342          ENVIADO      recordatorio enviado (48h) -
15/5_16:00_maf            34630660579          ENVIADO      NEUTRAL (guardado para revisión) -
15/5_19:10_csi            34657852342          ENVIADO      POSITIVA                  review enviada
16/5_17:30_4e             34662691916          ENVIADO      recordatorio FALLIDO (send_not_confirmed) -
16/5_17:30_4e             34662691916          ENVIADO      recordatorio FALLIDO (send_not_confirmed) -
16/5_17:30_4e             34662691916          ENVIADO      recordatorio enviado (48h) -
16/5_20:40_csi            34670238951          ENVIADO      recordatorio enviado (48h) -

[2026-05-25 21:47:04] POSITIVO | Fotos nuevas: 0 | Envios OK: 0 | Envios FAIL: 0 | Reviews negativas: 0 | Fotos borradas: 0

=== SESIÓN 18:26-22:16 (25/05/2026) ===
RESERVA                   TELÉFONO             ESTADO       RESPUESTA                 REVIEW
-----------------------------------------------------------------------------------------------
16/5_17:30_4e             34662691916          ENVIADO      sin respuesta             -
16/5_17:40_csi            34661826756          ENVIADO      sin respuesta             -
15/5_19:00_4e             34680445843          ENVIADO      POSITIVA                  review enviada
16/5_17:40_csi            34661826756          ENVIADO      POSITIVA                  review enviada
16/5_19:10_csi            34676007933          ENVIADO      sin respuesta             -
16/5_19:10_csi            34676007933          ENVIADO      POSITIVA                  review enviada
16/5_19:00_4e             34%C2%A0635%C2%A088%C2%A014%C2%A013%E2%80%AC ENVIADO      sin respuesta             -
16/5_19:00_4e             34%C2%A0635%C2%A088%C2%A014%C2%A013%E2%80%AC ENVIADO      POSITIVA                  review enviada
16/5_20:40_csi            34670238951          ENVIADO      sin respuesta             -
17/5_17:30_4e             34674807460          ENVIADO      sin respuesta             -
17/5_16:00_4e             34%C2%A0652%C2%A090%C2%A019%C2%A066%E2%80%AC ENVIADO      sin respuesta             -
17/5_16:00_4e             34%C2%A0652%C2%A090%C2%A019%C2%A066%E2%80%AC ENVIADO      POSITIVA                  review enviada
17/5_17:30_4e             34674807460          ENVIADO      POSITIVA                  review enviada
15/5_16:00_maf            34630660579          ENVIADO      recordatorio enviado (48h) -
15/5_19:10_csi            34657852342          ENVIADO      recordatorio enviado (48h) -
15/5_16:00_maf            34630660579          ENVIADO      NEUTRAL (guardado para revisión) -
15/5_19:10_csi            34657852342          ENVIADO      POSITIVA                  review enviada
16/5_17:30_4e             34662691916          ENVIADO      recordatorio FALLIDO (send_not_confirmed) -
16/5_17:30_4e             34662691916          ENVIADO      recordatorio FALLIDO (send_not_confirmed) -
16/5_17:30_4e             34662691916          ENVIADO      recordatorio enviado (48h) -
16/5_20:40_csi            34670238951          ENVIADO      recordatorio enviado (48h) -

[2026-05-25 22:03:22] POSITIVO | Fotos nuevas: 0 | Envios OK: 0 | Envios FAIL: 0 | Reviews negativas: 0 | Fotos borradas: 0

=== SESIÓN 18:26-22:16 (25/05/2026) ===
RESERVA                   TELÉFONO             ESTADO       RESPUESTA                 REVIEW
-----------------------------------------------------------------------------------------------
16/5_17:30_4e             34662691916          ENVIADO      sin respuesta             -
16/5_17:40_csi            34661826756          ENVIADO      sin respuesta             -
15/5_19:00_4e             34680445843          ENVIADO      POSITIVA                  review enviada
16/5_17:40_csi            34661826756          ENVIADO      POSITIVA                  review enviada
16/5_19:10_csi            34676007933          ENVIADO      sin respuesta             -
16/5_19:10_csi            34676007933          ENVIADO      POSITIVA                  review enviada
16/5_19:00_4e             34%C2%A0635%C2%A088%C2%A014%C2%A013%E2%80%AC ENVIADO      sin respuesta             -
16/5_19:00_4e             34%C2%A0635%C2%A088%C2%A014%C2%A013%E2%80%AC ENVIADO      POSITIVA                  review enviada
16/5_20:40_csi            34670238951          ENVIADO      sin respuesta             -
17/5_17:30_4e             34674807460          ENVIADO      sin respuesta             -
17/5_16:00_4e             34%C2%A0652%C2%A090%C2%A019%C2%A066%E2%80%AC ENVIADO      sin respuesta             -
17/5_16:00_4e             34%C2%A0652%C2%A090%C2%A019%C2%A066%E2%80%AC ENVIADO      POSITIVA                  review enviada
17/5_17:30_4e             34674807460          ENVIADO      POSITIVA                  review enviada
15/5_16:00_maf            34630660579          ENVIADO      recordatorio enviado (48h) -
15/5_19:10_csi            34657852342          ENVIADO      recordatorio enviado (48h) -
15/5_16:00_maf            34630660579          ENVIADO      NEUTRAL (guardado para revisión) -
15/5_19:10_csi            34657852342          ENVIADO      POSITIVA                  review enviada
16/5_17:30_4e             34662691916          ENVIADO      recordatorio FALLIDO (send_not_confirmed) -
16/5_17:30_4e             34662691916          ENVIADO      recordatorio FALLIDO (send_not_confirmed) -
16/5_17:30_4e             34662691916          ENVIADO      recordatorio enviado (48h) -
16/5_20:40_csi            34670238951          ENVIADO      recordatorio enviado (48h) -

[2026-05-25 22:19:39] POSITIVO | Fotos nuevas: 0 | Envios OK: 0 | Envios FAIL: 0 | Reviews negativas: 0 | Fotos borradas: 0

=== SESIÓN 18:26-22:16 (25/05/2026) ===
RESERVA                   TELÉFONO             ESTADO       RESPUESTA                 REVIEW
-----------------------------------------------------------------------------------------------
16/5_17:30_4e             34662691916          ENVIADO      sin respuesta             -
16/5_17:40_csi            34661826756          ENVIADO      sin respuesta             -
15/5_19:00_4e             34680445843          ENVIADO      POSITIVA                  review enviada
16/5_17:40_csi            34661826756          ENVIADO      POSITIVA                  review enviada
16/5_19:10_csi            34676007933          ENVIADO      sin respuesta             -
16/5_19:10_csi            34676007933          ENVIADO      POSITIVA                  review enviada
16/5_19:00_4e             34%C2%A0635%C2%A088%C2%A014%C2%A013%E2%80%AC ENVIADO      sin respuesta             -
16/5_19:00_4e             34%C2%A0635%C2%A088%C2%A014%C2%A013%E2%80%AC ENVIADO      POSITIVA                  review enviada
16/5_20:40_csi            34670238951          ENVIADO      sin respuesta             -
17/5_17:30_4e             34674807460          ENVIADO      sin respuesta             -
17/5_16:00_4e             34%C2%A0652%C2%A090%C2%A019%C2%A066%E2%80%AC ENVIADO      sin respuesta             -
17/5_16:00_4e             34%C2%A0652%C2%A090%C2%A019%C2%A066%E2%80%AC ENVIADO      POSITIVA                  review enviada
17/5_17:30_4e             34674807460          ENVIADO      POSITIVA                  review enviada
15/5_16:00_maf            34630660579          ENVIADO      recordatorio enviado (48h) -
15/5_19:10_csi            34657852342          ENVIADO      recordatorio enviado (48h) -
15/5_16:00_maf            34630660579          ENVIADO      NEUTRAL (guardado para revisión) -
15/5_19:10_csi            34657852342          ENVIADO      POSITIVA                  review enviada
16/5_17:30_4e             34662691916          ENVIADO      recordatorio FALLIDO (send_not_confirmed) -
16/5_17:30_4e             34662691916          ENVIADO      recordatorio FALLIDO (send_not_confirmed) -
16/5_17:30_4e             34662691916          ENVIADO      recordatorio enviado (48h) -
16/5_20:40_csi            34670238951          ENVIADO      recordatorio enviado (48h) -

[2026-05-25 22:35:53] POSITIVO | Fotos nuevas: 0 | Envios OK: 0 | Envios FAIL: 0 | Reviews negativas: 0 | Fotos borradas: 0

=== SESIÓN 18:26-22:16 (25/05/2026) ===
RESERVA                   TELÉFONO             ESTADO       RESPUESTA                 REVIEW
-----------------------------------------------------------------------------------------------
16/5_17:30_4e             34662691916          ENVIADO      sin respuesta             -
16/5_17:40_csi            34661826756          ENVIADO      sin respuesta             -
15/5_19:00_4e             34680445843          ENVIADO      POSITIVA                  review enviada
16/5_17:40_csi            34661826756          ENVIADO      POSITIVA                  review enviada
16/5_19:10_csi            34676007933          ENVIADO      sin respuesta             -
16/5_19:10_csi            34676007933          ENVIADO      POSITIVA                  review enviada
16/5_19:00_4e             34%C2%A0635%C2%A088%C2%A014%C2%A013%E2%80%AC ENVIADO      sin respuesta             -
16/5_19:00_4e             34%C2%A0635%C2%A088%C2%A014%C2%A013%E2%80%AC ENVIADO      POSITIVA                  review enviada
16/5_20:40_csi            34670238951          ENVIADO      sin respuesta             -
17/5_17:30_4e             34674807460          ENVIADO      sin respuesta             -
17/5_16:00_4e             34%C2%A0652%C2%A090%C2%A019%C2%A066%E2%80%AC ENVIADO      sin respuesta             -
17/5_16:00_4e             34%C2%A0652%C2%A090%C2%A019%C2%A066%E2%80%AC ENVIADO      POSITIVA                  review enviada
17/5_17:30_4e             34674807460          ENVIADO      POSITIVA                  review enviada
15/5_16:00_maf            34630660579          ENVIADO      recordatorio enviado (48h) -
15/5_19:10_csi            34657852342          ENVIADO      recordatorio enviado (48h) -
15/5_16:00_maf            34630660579          ENVIADO      NEUTRAL (guardado para revisión) -
15/5_19:10_csi            34657852342          ENVIADO      POSITIVA                  review enviada
16/5_17:30_4e             34662691916          ENVIADO      recordatorio FALLIDO (send_not_confirmed) -
16/5_17:30_4e             34662691916          ENVIADO      recordatorio FALLIDO (send_not_confirmed) -
16/5_17:30_4e             34662691916          ENVIADO      recordatorio enviado (48h) -
16/5_20:40_csi            34670238951          ENVIADO      recordatorio enviado (48h) -

[2026-05-25 22:52:08] POSITIVO | Fotos nuevas: 0 | Envios OK: 0 | Envios FAIL: 0 | Reviews negativas: 0 | Fotos borradas: 0
