
=== SESIÓN 13:53-19:04 (07/06/2026) ===
RESERVA                   TELÉFONO             ESTADO       RESPUESTA                 REVIEW
-----------------------------------------------------------------------------------------------
30/5_19:00_4e             34625490565          ENVIADO      sin respuesta             -
30/5_20:30_4e             34665943110          ENVIADO      sin respuesta             -
23/5_17:30_maf            34603458949          ENVIADO      recordatorio enviado (reacción en foto) -
23/5_19:00_maf            34649814146          ENVIADO      POSITIVA                  review enviada
24/5_19:00_4e             34649515037          ENVIADO      recordatorio enviado (48h) -
24/5_16:10_csi            34635280014          ENVIADO      recordatorio enviado (48h) -
29/5_17:30_4e             34610648642          ENVIADO      recordatorio FALLIDO (send_not_confirmed) -
29/5_17:40_csi            34651560074          ENVIADO      POSITIVA                  review enviada
30/5_11:30_4e             34647357305          ENVIADO      recordatorio enviado (48h) -
30/5_14:40_csi            31657059941          ENVIADO      POSITIVA                  review enviada
30/5_20:30_4e             34665943110          ENVIADO      POSITIVA                  review enviada
23/5_16:00_4e             34635122835          ENVIADO      recordatorio FALLIDO (send_not_confirmed) -
24/5_16:10_csi            34635280014          ENVIADO      POSITIVA                  review enviada
29/5_17:30_4e             34610648642          ENVIADO      recordatorio FALLIDO (send_not_confirmed) -
30/5_19:00_4e             34625490565          ENVIADO      POSITIVA                  review enviada
23/5_16:00_4e             34635122835          ENVIADO      POSITIVA (reacción emoji en texto) review enviada
29/5_17:30_4e             34610648642          ENVIADO      recordatorio FALLIDO (send_not_confirmed) -
29/5_17:30_4e             34610648642          ENVIADO      recordatorio FALLIDO (send_not_confirmed) -
29/5_17:30_4e             34610648642          ENVIADO      recordatorio FALLIDO (send_not_confirmed) -
29/5_17:30_4e             34610648642          ENVIADO      recordatorio FALLIDO (send_not_confirmed) -
29/5_17:30_4e             34610648642          ENVIADO      recordatorio enviado (48h) -
24/5_19:00_4e             34649515037          ENVIADO      POSITIVA                  review enviada
5/6_17:30_4e/csi          34%C2%A0661%C2%A017%C2%A038%C2%A050%E2%80%AC FALLIDO (intento 1) -                         -
6/6_11:30_4e              34609544005          FALLIDO (intento 1) -                         -
6/6_17:40_csi             34%C2%A0644%C2%A040%C2%A004%C2%A086%E2%80%AC FALLIDO (intento 1) -                         -

[2026-06-07 10:01:50] POSITIVO | Fotos nuevas: 0 | Envios OK: 0 | Envios FAIL: 0 | Reviews negativas: 0 | Fotos borradas: 0

=== SESIÓN 13:53-19:04 (07/06/2026) ===
RESERVA                   TELÉFONO             ESTADO       RESPUESTA                 REVIEW
-----------------------------------------------------------------------------------------------
30/5_19:00_4e             34625490565          ENVIADO      sin respuesta             -
30/5_20:30_4e             34665943110          ENVIADO      sin respuesta             -
23/5_17:30_maf            34603458949          ENVIADO      recordatorio enviado (reacción en foto) -
23/5_19:00_maf            34649814146          ENVIADO      POSITIVA                  review enviada
24/5_19:00_4e             34649515037          ENVIADO      recordatorio enviado (48h) -
24/5_16:10_csi            34635280014          ENVIADO      recordatorio enviado (48h) -
29/5_17:30_4e             34610648642          ENVIADO      recordatorio FALLIDO (send_not_confirmed) -
29/5_17:40_csi            34651560074          ENVIADO      POSITIVA                  review enviada
30/5_11:30_4e             34647357305          ENVIADO      recordatorio enviado (48h) -
30/5_14:40_csi            31657059941          ENVIADO      POSITIVA                  review enviada
30/5_20:30_4e             34665943110          ENVIADO      POSITIVA                  review enviada
23/5_16:00_4e             34635122835          ENVIADO      recordatorio FALLIDO (send_not_confirmed) -
24/5_16:10_csi            34635280014          ENVIADO      POSITIVA                  review enviada
29/5_17:30_4e             34610648642          ENVIADO      recordatorio FALLIDO (send_not_confirmed) -
30/5_19:00_4e             34625490565          ENVIADO      POSITIVA                  review enviada
23/5_16:00_4e             34635122835          ENVIADO      POSITIVA (reacción emoji en texto) review enviada
29/5_17:30_4e             34610648642          ENVIADO      recordatorio FALLIDO (send_not_confirmed) -
29/5_17:30_4e             34610648642          ENVIADO      recordatorio FALLIDO (send_not_confirmed) -
29/5_17:30_4e             34610648642          ENVIADO      recordatorio FALLIDO (send_not_confirmed) -
29/5_17:30_4e             34610648642          ENVIADO      recordatorio FALLIDO (send_not_confirmed) -
29/5_17:30_4e             34610648642          ENVIADO      recordatorio enviado (48h) -
24/5_19:00_4e             34649515037          ENVIADO      POSITIVA                  review enviada
5/6_17:30_4e/csi          34%C2%A0661%C2%A017%C2%A038%C2%A050%E2%80%AC FALLIDO (intento 1) -                         -
6/6_11:30_4e              34609544005          FALLIDO (intento 1) -                         -
6/6_17:40_csi             34%C2%A0644%C2%A040%C2%A004%C2%A086%E2%80%AC FALLIDO (intento 1) -                         -

[2026-06-07 10:18:01] POSITIVO | Fotos nuevas: 0 | Envios OK: 0 | Envios FAIL: 0 | Reviews negativas: 0 | Fotos borradas: 0

=== SESIÓN 13:53-19:04 (07/06/2026) ===
RESERVA                   TELÉFONO             ESTADO       RESPUESTA                 REVIEW
-----------------------------------------------------------------------------------------------
30/5_19:00_4e             34625490565          ENVIADO      sin respuesta             -
30/5_20:30_4e             34665943110          ENVIADO      sin respuesta             -
23/5_17:30_maf            34603458949          ENVIADO      recordatorio enviado (reacción en foto) -
23/5_19:00_maf            34649814146          ENVIADO      POSITIVA                  review enviada
24/5_19:00_4e             34649515037          ENVIADO      recordatorio enviado (48h) -
24/5_16:10_csi            34635280014          ENVIADO      recordatorio enviado (48h) -
29/5_17:30_4e             34610648642          ENVIADO      recordatorio FALLIDO (send_not_confirmed) -
29/5_17:40_csi            34651560074          ENVIADO      POSITIVA                  review enviada
30/5_11:30_4e             34647357305          ENVIADO      recordatorio enviado (48h) -
30/5_14:40_csi            31657059941          ENVIADO      POSITIVA                  review enviada
30/5_20:30_4e             34665943110          ENVIADO      POSITIVA                  review enviada
23/5_16:00_4e             34635122835          ENVIADO      recordatorio FALLIDO (send_not_confirmed) -
24/5_16:10_csi            34635280014          ENVIADO      POSITIVA                  review enviada
29/5_17:30_4e             34610648642          ENVIADO      recordatorio FALLIDO (send_not_confirmed) -
30/5_19:00_4e             34625490565          ENVIADO      POSITIVA                  review enviada
23/5_16:00_4e             34635122835          ENVIADO      POSITIVA (reacción emoji en texto) review enviada
29/5_17:30_4e             34610648642          ENVIADO      recordatorio FALLIDO (send_not_confirmed) -
29/5_17:30_4e             34610648642          ENVIADO      recordatorio FALLIDO (send_not_confirmed) -
29/5_17:30_4e             34610648642          ENVIADO      recordatorio FALLIDO (send_not_confirmed) -
29/5_17:30_4e             34610648642          ENVIADO      recordatorio FALLIDO (send_not_confirmed) -
29/5_17:30_4e             34610648642          ENVIADO      recordatorio enviado (48h) -
24/5_19:00_4e             34649515037          ENVIADO      POSITIVA                  review enviada
5/6_17:30_4e/csi          34%C2%A0661%C2%A017%C2%A038%C2%A050%E2%80%AC FALLIDO (intento 1) -                         -
6/6_11:30_4e              34609544005          FALLIDO (intento 1) -                         -
6/6_17:40_csi             34%C2%A0644%C2%A040%C2%A004%C2%A086%E2%80%AC FALLIDO (intento 1) -                         -

[2026-06-07 10:34:11] POSITIVO | Fotos nuevas: 0 | Envios OK: 0 | Envios FAIL: 0 | Reviews negativas: 0 | Fotos borradas: 0

=== SESIÓN 13:53-19:04 (07/06/2026) ===
RESERVA                   TELÉFONO             ESTADO       RESPUESTA                 REVIEW
-----------------------------------------------------------------------------------------------
30/5_19:00_4e             34625490565          ENVIADO      sin respuesta             -
30/5_20:30_4e             34665943110          ENVIADO      sin respuesta             -
23/5_17:30_maf            34603458949          ENVIADO      recordatorio enviado (reacción en foto) -
23/5_19:00_maf            34649814146          ENVIADO      POSITIVA                  review enviada
24/5_19:00_4e             34649515037          ENVIADO      recordatorio enviado (48h) -
24/5_16:10_csi            34635280014          ENVIADO      recordatorio enviado (48h) -
29/5_17:30_4e             34610648642          ENVIADO      recordatorio FALLIDO (send_not_confirmed) -
29/5_17:40_csi            34651560074          ENVIADO      POSITIVA                  review enviada
30/5_11:30_4e             34647357305          ENVIADO      recordatorio enviado (48h) -
30/5_14:40_csi            31657059941          ENVIADO      POSITIVA                  review enviada
30/5_20:30_4e             34665943110          ENVIADO      POSITIVA                  review enviada
23/5_16:00_4e             34635122835          ENVIADO      recordatorio FALLIDO (send_not_confirmed) -
24/5_16:10_csi            34635280014          ENVIADO      POSITIVA                  review enviada
29/5_17:30_4e             34610648642          ENVIADO      recordatorio FALLIDO (send_not_confirmed) -
30/5_19:00_4e             34625490565          ENVIADO      POSITIVA                  review enviada
23/5_16:00_4e             34635122835          ENVIADO      POSITIVA (reacción emoji en texto) review enviada
29/5_17:30_4e             34610648642          ENVIADO      recordatorio FALLIDO (send_not_confirmed) -
29/5_17:30_4e             34610648642          ENVIADO      recordatorio FALLIDO (send_not_confirmed) -
29/5_17:30_4e             34610648642          ENVIADO      recordatorio FALLIDO (send_not_confirmed) -
29/5_17:30_4e             34610648642          ENVIADO      recordatorio FALLIDO (send_not_confirmed) -
29/5_17:30_4e             34610648642          ENVIADO      recordatorio enviado (48h) -
24/5_19:00_4e             34649515037          ENVIADO      POSITIVA                  review enviada
5/6_17:30_4e/csi          34%C2%A0661%C2%A017%C2%A038%C2%A050%E2%80%AC FALLIDO (intento 1) -                         -
6/6_11:30_4e              34609544005          FALLIDO (intento 1) -                         -
6/6_17:40_csi             34%C2%A0644%C2%A040%C2%A004%C2%A086%E2%80%AC FALLIDO (intento 1) -                         -

[2026-06-07 10:50:25] POSITIVO | Fotos nuevas: 0 | Envios OK: 0 | Envios FAIL: 0 | Reviews negativas: 0 | Fotos borradas: 0

=== SESIÓN 13:53-19:04 (07/06/2026) ===
RESERVA                   TELÉFONO             ESTADO       RESPUESTA                 REVIEW
-----------------------------------------------------------------------------------------------
30/5_19:00_4e             34625490565          ENVIADO      sin respuesta             -
30/5_20:30_4e             34665943110          ENVIADO      sin respuesta             -
23/5_17:30_maf            34603458949          ENVIADO      recordatorio enviado (reacción en foto) -
23/5_19:00_maf            34649814146          ENVIADO      POSITIVA                  review enviada
24/5_19:00_4e             34649515037          ENVIADO      recordatorio enviado (48h) -
24/5_16:10_csi            34635280014          ENVIADO      recordatorio enviado (48h) -
29/5_17:30_4e             34610648642          ENVIADO      recordatorio FALLIDO (send_not_confirmed) -
29/5_17:40_csi            34651560074          ENVIADO      POSITIVA                  review enviada
30/5_11:30_4e             34647357305          ENVIADO      recordatorio enviado (48h) -
30/5_14:40_csi            31657059941          ENVIADO      POSITIVA                  review enviada
30/5_20:30_4e             34665943110          ENVIADO      POSITIVA                  review enviada
23/5_16:00_4e             34635122835          ENVIADO      recordatorio FALLIDO (send_not_confirmed) -
24/5_16:10_csi            34635280014          ENVIADO      POSITIVA                  review enviada
29/5_17:30_4e             34610648642          ENVIADO      recordatorio FALLIDO (send_not_confirmed) -
30/5_19:00_4e             34625490565          ENVIADO      POSITIVA                  review enviada
23/5_16:00_4e             34635122835          ENVIADO      POSITIVA (reacción emoji en texto) review enviada
29/5_17:30_4e             34610648642          ENVIADO      recordatorio FALLIDO (send_not_confirmed) -
29/5_17:30_4e             34610648642          ENVIADO      recordatorio FALLIDO (send_not_confirmed) -
29/5_17:30_4e             34610648642          ENVIADO      recordatorio FALLIDO (send_not_confirmed) -
29/5_17:30_4e             34610648642          ENVIADO      recordatorio FALLIDO (send_not_confirmed) -
29/5_17:30_4e             34610648642          ENVIADO      recordatorio enviado (48h) -
24/5_19:00_4e             34649515037          ENVIADO      POSITIVA                  review enviada
5/6_17:30_4e/csi          34%C2%A0661%C2%A017%C2%A038%C2%A050%E2%80%AC FALLIDO (intento 1) -                         -
6/6_11:30_4e              34609544005          FALLIDO (intento 1) -                         -
6/6_17:40_csi             34%C2%A0644%C2%A040%C2%A004%C2%A086%E2%80%AC FALLIDO (intento 1) -                         -

[2026-06-07 11:06:38] POSITIVO | Fotos nuevas: 0 | Envios OK: 0 | Envios FAIL: 0 | Reviews negativas: 0 | Fotos borradas: 0

=== SESIÓN 13:53-19:04 (07/06/2026) ===
RESERVA                   TELÉFONO             ESTADO       RESPUESTA                 REVIEW
-----------------------------------------------------------------------------------------------
30/5_19:00_4e             34625490565          ENVIADO      sin respuesta             -
30/5_20:30_4e             34665943110          ENVIADO      sin respuesta             -
23/5_17:30_maf            34603458949          ENVIADO      recordatorio enviado (reacción en foto) -
23/5_19:00_maf            34649814146          ENVIADO      POSITIVA                  review enviada
24/5_19:00_4e             34649515037          ENVIADO      recordatorio enviado (48h) -
24/5_16:10_csi            34635280014          ENVIADO      recordatorio enviado (48h) -
29/5_17:30_4e             34610648642          ENVIADO      recordatorio FALLIDO (send_not_confirmed) -
29/5_17:40_csi            34651560074          ENVIADO      POSITIVA                  review enviada
30/5_11:30_4e             34647357305          ENVIADO      recordatorio enviado (48h) -
30/5_14:40_csi            31657059941          ENVIADO      POSITIVA                  review enviada
30/5_20:30_4e             34665943110          ENVIADO      POSITIVA                  review enviada
23/5_16:00_4e             34635122835          ENVIADO      recordatorio FALLIDO (send_not_confirmed) -
24/5_16:10_csi            34635280014          ENVIADO      POSITIVA                  review enviada
29/5_17:30_4e             34610648642          ENVIADO      recordatorio FALLIDO (send_not_confirmed) -
30/5_19:00_4e             34625490565          ENVIADO      POSITIVA                  review enviada
23/5_16:00_4e             34635122835          ENVIADO      POSITIVA (reacción emoji en texto) review enviada
29/5_17:30_4e             34610648642          ENVIADO      recordatorio FALLIDO (send_not_confirmed) -
29/5_17:30_4e             34610648642          ENVIADO      recordatorio FALLIDO (send_not_confirmed) -
29/5_17:30_4e             34610648642          ENVIADO      recordatorio FALLIDO (send_not_confirmed) -
29/5_17:30_4e             34610648642          ENVIADO      recordatorio FALLIDO (send_not_confirmed) -
29/5_17:30_4e             34610648642          ENVIADO      recordatorio enviado (48h) -
24/5_19:00_4e             34649515037          ENVIADO      POSITIVA                  review enviada
5/6_17:30_4e/csi          34%C2%A0661%C2%A017%C2%A038%C2%A050%E2%80%AC FALLIDO (intento 1) -                         -
6/6_11:30_4e              34609544005          FALLIDO (intento 1) -                         -
6/6_17:40_csi             34%C2%A0644%C2%A040%C2%A004%C2%A086%E2%80%AC FALLIDO (intento 1) -                         -

[2026-06-07 11:22:50] POSITIVO | Fotos nuevas: 0 | Envios OK: 0 | Envios FAIL: 0 | Reviews negativas: 0 | Fotos borradas: 0

=== SESIÓN 13:53-19:04 (07/06/2026) ===
RESERVA                   TELÉFONO             ESTADO       RESPUESTA                 REVIEW
-----------------------------------------------------------------------------------------------
30/5_19:00_4e             34625490565          ENVIADO      sin respuesta             -
30/5_20:30_4e             34665943110          ENVIADO      sin respuesta             -
23/5_17:30_maf            34603458949          ENVIADO      recordatorio enviado (reacción en foto) -
23/5_19:00_maf            34649814146          ENVIADO      POSITIVA                  review enviada
24/5_19:00_4e             34649515037          ENVIADO      recordatorio enviado (48h) -
24/5_16:10_csi            34635280014          ENVIADO      recordatorio enviado (48h) -
29/5_17:30_4e             34610648642          ENVIADO      recordatorio FALLIDO (send_not_confirmed) -
29/5_17:40_csi            34651560074          ENVIADO      POSITIVA                  review enviada
30/5_11:30_4e             34647357305          ENVIADO      recordatorio enviado (48h) -
30/5_14:40_csi            31657059941          ENVIADO      POSITIVA                  review enviada
30/5_20:30_4e             34665943110          ENVIADO      POSITIVA                  review enviada
23/5_16:00_4e             34635122835          ENVIADO      recordatorio FALLIDO (send_not_confirmed) -
24/5_16:10_csi            34635280014          ENVIADO      POSITIVA                  review enviada
29/5_17:30_4e             34610648642          ENVIADO      recordatorio FALLIDO (send_not_confirmed) -
30/5_19:00_4e             34625490565          ENVIADO      POSITIVA                  review enviada
23/5_16:00_4e             34635122835          ENVIADO      POSITIVA (reacción emoji en texto) review enviada
29/5_17:30_4e             34610648642          ENVIADO      recordatorio FALLIDO (send_not_confirmed) -
29/5_17:30_4e             34610648642          ENVIADO      recordatorio FALLIDO (send_not_confirmed) -
29/5_17:30_4e             34610648642          ENVIADO      recordatorio FALLIDO (send_not_confirmed) -
29/5_17:30_4e             34610648642          ENVIADO      recordatorio FALLIDO (send_not_confirmed) -
29/5_17:30_4e             34610648642          ENVIADO      recordatorio enviado (48h) -
24/5_19:00_4e             34649515037          ENVIADO      POSITIVA                  review enviada
5/6_17:30_4e/csi          34%C2%A0661%C2%A017%C2%A038%C2%A050%E2%80%AC FALLIDO (intento 1) -                         -
6/6_11:30_4e              34609544005          FALLIDO (intento 1) -                         -
6/6_17:40_csi             34%C2%A0644%C2%A040%C2%A004%C2%A086%E2%80%AC FALLIDO (intento 1) -                         -

[2026-06-07 11:38:59] POSITIVO | Fotos nuevas: 0 | Envios OK: 0 | Envios FAIL: 0 | Reviews negativas: 0 | Fotos borradas: 0

=== SESIÓN 13:53-19:04 (07/06/2026) ===
RESERVA                   TELÉFONO             ESTADO       RESPUESTA                 REVIEW
-----------------------------------------------------------------------------------------------
30/5_19:00_4e             34625490565          ENVIADO      sin respuesta             -
30/5_20:30_4e             34665943110          ENVIADO      sin respuesta             -
23/5_17:30_maf            34603458949          ENVIADO      recordatorio enviado (reacción en foto) -
23/5_19:00_maf            34649814146          ENVIADO      POSITIVA                  review enviada
24/5_19:00_4e             34649515037          ENVIADO      recordatorio enviado (48h) -
24/5_16:10_csi            34635280014          ENVIADO      recordatorio enviado (48h) -
29/5_17:30_4e             34610648642          ENVIADO      recordatorio FALLIDO (send_not_confirmed) -
29/5_17:40_csi            34651560074          ENVIADO      POSITIVA                  review enviada
30/5_11:30_4e             34647357305          ENVIADO      recordatorio enviado (48h) -
30/5_14:40_csi            31657059941          ENVIADO      POSITIVA                  review enviada
30/5_20:30_4e             34665943110          ENVIADO      POSITIVA                  review enviada
23/5_16:00_4e             34635122835          ENVIADO      recordatorio FALLIDO (send_not_confirmed) -
24/5_16:10_csi            34635280014          ENVIADO      POSITIVA                  review enviada
29/5_17:30_4e             34610648642          ENVIADO      recordatorio FALLIDO (send_not_confirmed) -
30/5_19:00_4e             34625490565          ENVIADO      POSITIVA                  review enviada
23/5_16:00_4e             34635122835          ENVIADO      POSITIVA (reacción emoji en texto) review enviada
29/5_17:30_4e             34610648642          ENVIADO      recordatorio FALLIDO (send_not_confirmed) -
29/5_17:30_4e             34610648642          ENVIADO      recordatorio FALLIDO (send_not_confirmed) -
29/5_17:30_4e             34610648642          ENVIADO      recordatorio FALLIDO (send_not_confirmed) -
29/5_17:30_4e             34610648642          ENVIADO      recordatorio FALLIDO (send_not_confirmed) -
29/5_17:30_4e             34610648642          ENVIADO      recordatorio enviado (48h) -
24/5_19:00_4e             34649515037          ENVIADO      POSITIVA                  review enviada
5/6_17:30_4e/csi          34%C2%A0661%C2%A017%C2%A038%C2%A050%E2%80%AC FALLIDO (intento 1) -                         -
6/6_11:30_4e              34609544005          FALLIDO (intento 1) -                         -
6/6_17:40_csi             34%C2%A0644%C2%A040%C2%A004%C2%A086%E2%80%AC FALLIDO (intento 1) -                         -

[2026-06-07 11:55:11] POSITIVO | Fotos nuevas: 0 | Envios OK: 0 | Envios FAIL: 0 | Reviews negativas: 0 | Fotos borradas: 0

=== SESIÓN 13:53-19:04 (07/06/2026) ===
RESERVA                   TELÉFONO             ESTADO       RESPUESTA                 REVIEW
-----------------------------------------------------------------------------------------------
30/5_19:00_4e             34625490565          ENVIADO      sin respuesta             -
30/5_20:30_4e             34665943110          ENVIADO      sin respuesta             -
23/5_17:30_maf            34603458949          ENVIADO      recordatorio enviado (reacción en foto) -
23/5_19:00_maf            34649814146          ENVIADO      POSITIVA                  review enviada
24/5_19:00_4e             34649515037          ENVIADO      recordatorio enviado (48h) -
24/5_16:10_csi            34635280014          ENVIADO      recordatorio enviado (48h) -
29/5_17:30_4e             34610648642          ENVIADO      recordatorio FALLIDO (send_not_confirmed) -
29/5_17:40_csi            34651560074          ENVIADO      POSITIVA                  review enviada
30/5_11:30_4e             34647357305          ENVIADO      recordatorio enviado (48h) -
30/5_14:40_csi            31657059941          ENVIADO      POSITIVA                  review enviada
30/5_20:30_4e             34665943110          ENVIADO      POSITIVA                  review enviada
23/5_16:00_4e             34635122835          ENVIADO      recordatorio FALLIDO (send_not_confirmed) -
24/5_16:10_csi            34635280014          ENVIADO      POSITIVA                  review enviada
29/5_17:30_4e             34610648642          ENVIADO      recordatorio FALLIDO (send_not_confirmed) -
30/5_19:00_4e             34625490565          ENVIADO      POSITIVA                  review enviada
23/5_16:00_4e             34635122835          ENVIADO      POSITIVA (reacción emoji en texto) review enviada
29/5_17:30_4e             34610648642          ENVIADO      recordatorio FALLIDO (send_not_confirmed) -
29/5_17:30_4e             34610648642          ENVIADO      recordatorio FALLIDO (send_not_confirmed) -
29/5_17:30_4e             34610648642          ENVIADO      recordatorio FALLIDO (send_not_confirmed) -
29/5_17:30_4e             34610648642          ENVIADO      recordatorio FALLIDO (send_not_confirmed) -
29/5_17:30_4e             34610648642          ENVIADO      recordatorio enviado (48h) -
24/5_19:00_4e             34649515037          ENVIADO      POSITIVA                  review enviada
5/6_17:30_4e/csi          34%C2%A0661%C2%A017%C2%A038%C2%A050%E2%80%AC FALLIDO (intento 1) -                         -
6/6_11:30_4e              34609544005          FALLIDO (intento 1) -                         -
6/6_17:40_csi             34%C2%A0644%C2%A040%C2%A004%C2%A086%E2%80%AC FALLIDO (intento 1) -                         -

[2026-06-07 12:11:24] POSITIVO | Fotos nuevas: 0 | Envios OK: 0 | Envios FAIL: 0 | Reviews negativas: 0 | Fotos borradas: 0

=== SESIÓN 13:53-19:04 (07/06/2026) ===
RESERVA                   TELÉFONO             ESTADO       RESPUESTA                 REVIEW
-----------------------------------------------------------------------------------------------
30/5_19:00_4e             34625490565          ENVIADO      sin respuesta             -
30/5_20:30_4e             34665943110          ENVIADO      sin respuesta             -
23/5_17:30_maf            34603458949          ENVIADO      recordatorio enviado (reacción en foto) -
23/5_19:00_maf            34649814146          ENVIADO      POSITIVA                  review enviada
24/5_19:00_4e             34649515037          ENVIADO      recordatorio enviado (48h) -
24/5_16:10_csi            34635280014          ENVIADO      recordatorio enviado (48h) -
29/5_17:30_4e             34610648642          ENVIADO      recordatorio FALLIDO (send_not_confirmed) -
29/5_17:40_csi            34651560074          ENVIADO      POSITIVA                  review enviada
30/5_11:30_4e             34647357305          ENVIADO      recordatorio enviado (48h) -
30/5_14:40_csi            31657059941          ENVIADO      POSITIVA                  review enviada
30/5_20:30_4e             34665943110          ENVIADO      POSITIVA                  review enviada
23/5_16:00_4e             34635122835          ENVIADO      recordatorio FALLIDO (send_not_confirmed) -
24/5_16:10_csi            34635280014          ENVIADO      POSITIVA                  review enviada
29/5_17:30_4e             34610648642          ENVIADO      recordatorio FALLIDO (send_not_confirmed) -
30/5_19:00_4e             34625490565          ENVIADO      POSITIVA                  review enviada
23/5_16:00_4e             34635122835          ENVIADO      POSITIVA (reacción emoji en texto) review enviada
29/5_17:30_4e             34610648642          ENVIADO      recordatorio FALLIDO (send_not_confirmed) -
29/5_17:30_4e             34610648642          ENVIADO      recordatorio FALLIDO (send_not_confirmed) -
29/5_17:30_4e             34610648642          ENVIADO      recordatorio FALLIDO (send_not_confirmed) -
29/5_17:30_4e             34610648642          ENVIADO      recordatorio FALLIDO (send_not_confirmed) -
29/5_17:30_4e             34610648642          ENVIADO      recordatorio enviado (48h) -
24/5_19:00_4e             34649515037          ENVIADO      POSITIVA                  review enviada
5/6_17:30_4e/csi          34%C2%A0661%C2%A017%C2%A038%C2%A050%E2%80%AC FALLIDO (intento 1) -                         -
6/6_11:30_4e              34609544005          FALLIDO (intento 1) -                         -
6/6_17:40_csi             34%C2%A0644%C2%A040%C2%A004%C2%A086%E2%80%AC FALLIDO (intento 1) -                         -

[2026-06-07 12:27:37] POSITIVO | Fotos nuevas: 0 | Envios OK: 0 | Envios FAIL: 0 | Reviews negativas: 0 | Fotos borradas: 0

=== SESIÓN 13:53-19:04 (07/06/2026) ===
RESERVA                   TELÉFONO             ESTADO       RESPUESTA                 REVIEW
-----------------------------------------------------------------------------------------------
30/5_19:00_4e             34625490565          ENVIADO      sin respuesta             -
30/5_20:30_4e             34665943110          ENVIADO      sin respuesta             -
23/5_17:30_maf            34603458949          ENVIADO      recordatorio enviado (reacción en foto) -
23/5_19:00_maf            34649814146          ENVIADO      POSITIVA                  review enviada
24/5_19:00_4e             34649515037          ENVIADO      recordatorio enviado (48h) -
24/5_16:10_csi            34635280014          ENVIADO      recordatorio enviado (48h) -
29/5_17:30_4e             34610648642          ENVIADO      recordatorio FALLIDO (send_not_confirmed) -
29/5_17:40_csi            34651560074          ENVIADO      POSITIVA                  review enviada
30/5_11:30_4e             34647357305          ENVIADO      recordatorio enviado (48h) -
30/5_14:40_csi            31657059941          ENVIADO      POSITIVA                  review enviada
30/5_20:30_4e             34665943110          ENVIADO      POSITIVA                  review enviada
23/5_16:00_4e             34635122835          ENVIADO      recordatorio FALLIDO (send_not_confirmed) -
24/5_16:10_csi            34635280014          ENVIADO      POSITIVA                  review enviada
29/5_17:30_4e             34610648642          ENVIADO      recordatorio FALLIDO (send_not_confirmed) -
30/5_19:00_4e             34625490565          ENVIADO      POSITIVA                  review enviada
23/5_16:00_4e             34635122835          ENVIADO      POSITIVA (reacción emoji en texto) review enviada
29/5_17:30_4e             34610648642          ENVIADO      recordatorio FALLIDO (send_not_confirmed) -
29/5_17:30_4e             34610648642          ENVIADO      recordatorio FALLIDO (send_not_confirmed) -
29/5_17:30_4e             34610648642          ENVIADO      recordatorio FALLIDO (send_not_confirmed) -
29/5_17:30_4e             34610648642          ENVIADO      recordatorio FALLIDO (send_not_confirmed) -
29/5_17:30_4e             34610648642          ENVIADO      recordatorio enviado (48h) -
24/5_19:00_4e             34649515037          ENVIADO      POSITIVA                  review enviada
5/6_17:30_4e/csi          34%C2%A0661%C2%A017%C2%A038%C2%A050%E2%80%AC FALLIDO (intento 1) -                         -
6/6_11:30_4e              34609544005          FALLIDO (intento 1) -                         -
6/6_17:40_csi             34%C2%A0644%C2%A040%C2%A004%C2%A086%E2%80%AC FALLIDO (intento 1) -                         -

[2026-06-07 12:43:49] POSITIVO | Fotos nuevas: 0 | Envios OK: 0 | Envios FAIL: 0 | Reviews negativas: 0 | Fotos borradas: 0

=== SESIÓN 13:53-19:04 (07/06/2026) ===
RESERVA                   TELÉFONO             ESTADO       RESPUESTA                 REVIEW
-----------------------------------------------------------------------------------------------
30/5_19:00_4e             34625490565          ENVIADO      sin respuesta             -
30/5_20:30_4e             34665943110          ENVIADO      sin respuesta             -
23/5_17:30_maf            34603458949          ENVIADO      recordatorio enviado (reacción en foto) -
23/5_19:00_maf            34649814146          ENVIADO      POSITIVA                  review enviada
24/5_19:00_4e             34649515037          ENVIADO      recordatorio enviado (48h) -
24/5_16:10_csi            34635280014          ENVIADO      recordatorio enviado (48h) -
29/5_17:30_4e             34610648642          ENVIADO      recordatorio FALLIDO (send_not_confirmed) -
29/5_17:40_csi            34651560074          ENVIADO      POSITIVA                  review enviada
30/5_11:30_4e             34647357305          ENVIADO      recordatorio enviado (48h) -
30/5_14:40_csi            31657059941          ENVIADO      POSITIVA                  review enviada
30/5_20:30_4e             34665943110          ENVIADO      POSITIVA                  review enviada
23/5_16:00_4e             34635122835          ENVIADO      recordatorio FALLIDO (send_not_confirmed) -
24/5_16:10_csi            34635280014          ENVIADO      POSITIVA                  review enviada
29/5_17:30_4e             34610648642          ENVIADO      recordatorio FALLIDO (send_not_confirmed) -
30/5_19:00_4e             34625490565          ENVIADO      POSITIVA                  review enviada
23/5_16:00_4e             34635122835          ENVIADO      POSITIVA (reacción emoji en texto) review enviada
29/5_17:30_4e             34610648642          ENVIADO      recordatorio FALLIDO (send_not_confirmed) -
29/5_17:30_4e             34610648642          ENVIADO      recordatorio FALLIDO (send_not_confirmed) -
29/5_17:30_4e             34610648642          ENVIADO      recordatorio FALLIDO (send_not_confirmed) -
29/5_17:30_4e             34610648642          ENVIADO      recordatorio FALLIDO (send_not_confirmed) -
29/5_17:30_4e             34610648642          ENVIADO      recordatorio enviado (48h) -
24/5_19:00_4e             34649515037          ENVIADO      POSITIVA                  review enviada
5/6_17:30_4e/csi          34%C2%A0661%C2%A017%C2%A038%C2%A050%E2%80%AC FALLIDO (intento 1) -                         -
6/6_11:30_4e              34609544005          FALLIDO (intento 1) -                         -
6/6_17:40_csi             34%C2%A0644%C2%A040%C2%A004%C2%A086%E2%80%AC FALLIDO (intento 1) -                         -

[2026-06-07 12:59:59] POSITIVO | Fotos nuevas: 0 | Envios OK: 0 | Envios FAIL: 0 | Reviews negativas: 0 | Fotos borradas: 0

=== SESIÓN 13:53-19:04 (07/06/2026) ===
RESERVA                   TELÉFONO             ESTADO       RESPUESTA                 REVIEW
-----------------------------------------------------------------------------------------------
30/5_19:00_4e             34625490565          ENVIADO      sin respuesta             -
30/5_20:30_4e             34665943110          ENVIADO      sin respuesta             -
23/5_17:30_maf            34603458949          ENVIADO      recordatorio enviado (reacción en foto) -
23/5_19:00_maf            34649814146          ENVIADO      POSITIVA                  review enviada
24/5_19:00_4e             34649515037          ENVIADO      recordatorio enviado (48h) -
24/5_16:10_csi            34635280014          ENVIADO      recordatorio enviado (48h) -
29/5_17:30_4e             34610648642          ENVIADO      recordatorio FALLIDO (send_not_confirmed) -
29/5_17:40_csi            34651560074          ENVIADO      POSITIVA                  review enviada
30/5_11:30_4e             34647357305          ENVIADO      recordatorio enviado (48h) -
30/5_14:40_csi            31657059941          ENVIADO      POSITIVA                  review enviada
30/5_20:30_4e             34665943110          ENVIADO      POSITIVA                  review enviada
23/5_16:00_4e             34635122835          ENVIADO      recordatorio FALLIDO (send_not_confirmed) -
24/5_16:10_csi            34635280014          ENVIADO      POSITIVA                  review enviada
29/5_17:30_4e             34610648642          ENVIADO      recordatorio FALLIDO (send_not_confirmed) -
30/5_19:00_4e             34625490565          ENVIADO      POSITIVA                  review enviada
23/5_16:00_4e             34635122835          ENVIADO      POSITIVA (reacción emoji en texto) review enviada
29/5_17:30_4e             34610648642          ENVIADO      recordatorio FALLIDO (send_not_confirmed) -
29/5_17:30_4e             34610648642          ENVIADO      recordatorio FALLIDO (send_not_confirmed) -
29/5_17:30_4e             34610648642          ENVIADO      recordatorio FALLIDO (send_not_confirmed) -
29/5_17:30_4e             34610648642          ENVIADO      recordatorio FALLIDO (send_not_confirmed) -
29/5_17:30_4e             34610648642          ENVIADO      recordatorio enviado (48h) -
24/5_19:00_4e             34649515037          ENVIADO      POSITIVA                  review enviada
5/6_17:30_4e/csi          34%C2%A0661%C2%A017%C2%A038%C2%A050%E2%80%AC FALLIDO (intento 1) -                         -
6/6_11:30_4e              34609544005          FALLIDO (intento 1) -                         -
6/6_17:40_csi             34%C2%A0644%C2%A040%C2%A004%C2%A086%E2%80%AC FALLIDO (intento 1) -                         -

[2026-06-07 13:16:12] POSITIVO | Fotos nuevas: 0 | Envios OK: 0 | Envios FAIL: 0 | Reviews negativas: 0 | Fotos borradas: 0

=== SESIÓN 13:53-19:04 (07/06/2026) ===
RESERVA                   TELÉFONO             ESTADO       RESPUESTA                 REVIEW
-----------------------------------------------------------------------------------------------
30/5_19:00_4e             34625490565          ENVIADO      sin respuesta             -
30/5_20:30_4e             34665943110          ENVIADO      sin respuesta             -
23/5_17:30_maf            34603458949          ENVIADO      recordatorio enviado (reacción en foto) -
23/5_19:00_maf            34649814146          ENVIADO      POSITIVA                  review enviada
24/5_19:00_4e             34649515037          ENVIADO      recordatorio enviado (48h) -
24/5_16:10_csi            34635280014          ENVIADO      recordatorio enviado (48h) -
29/5_17:30_4e             34610648642          ENVIADO      recordatorio FALLIDO (send_not_confirmed) -
29/5_17:40_csi            34651560074          ENVIADO      POSITIVA                  review enviada
30/5_11:30_4e             34647357305          ENVIADO      recordatorio enviado (48h) -
30/5_14:40_csi            31657059941          ENVIADO      POSITIVA                  review enviada
30/5_20:30_4e             34665943110          ENVIADO      POSITIVA                  review enviada
23/5_16:00_4e             34635122835          ENVIADO      recordatorio FALLIDO (send_not_confirmed) -
24/5_16:10_csi            34635280014          ENVIADO      POSITIVA                  review enviada
29/5_17:30_4e             34610648642          ENVIADO      recordatorio FALLIDO (send_not_confirmed) -
30/5_19:00_4e             34625490565          ENVIADO      POSITIVA                  review enviada
23/5_16:00_4e             34635122835          ENVIADO      POSITIVA (reacción emoji en texto) review enviada
29/5_17:30_4e             34610648642          ENVIADO      recordatorio FALLIDO (send_not_confirmed) -
29/5_17:30_4e             34610648642          ENVIADO      recordatorio FALLIDO (send_not_confirmed) -
29/5_17:30_4e             34610648642          ENVIADO      recordatorio FALLIDO (send_not_confirmed) -
29/5_17:30_4e             34610648642          ENVIADO      recordatorio FALLIDO (send_not_confirmed) -
29/5_17:30_4e             34610648642          ENVIADO      recordatorio enviado (48h) -
24/5_19:00_4e             34649515037          ENVIADO      POSITIVA                  review enviada
5/6_17:30_4e/csi          34%C2%A0661%C2%A017%C2%A038%C2%A050%E2%80%AC FALLIDO (intento 1) -                         -
6/6_11:30_4e              34609544005          FALLIDO (intento 1) -                         -
6/6_17:40_csi             34%C2%A0644%C2%A040%C2%A004%C2%A086%E2%80%AC FALLIDO (intento 1) -                         -

[2026-06-07 13:32:26] POSITIVO | Fotos nuevas: 0 | Envios OK: 0 | Envios FAIL: 0 | Reviews negativas: 0 | Fotos borradas: 0

=== SESIÓN 13:53-19:04 (07/06/2026) ===
RESERVA                   TELÉFONO             ESTADO       RESPUESTA                 REVIEW
-----------------------------------------------------------------------------------------------
30/5_19:00_4e             34625490565          ENVIADO      sin respuesta             -
30/5_20:30_4e             34665943110          ENVIADO      sin respuesta             -
23/5_17:30_maf            34603458949          ENVIADO      recordatorio enviado (reacción en foto) -
23/5_19:00_maf            34649814146          ENVIADO      POSITIVA                  review enviada
24/5_19:00_4e             34649515037          ENVIADO      recordatorio enviado (48h) -
24/5_16:10_csi            34635280014          ENVIADO      recordatorio enviado (48h) -
29/5_17:30_4e             34610648642          ENVIADO      recordatorio FALLIDO (send_not_confirmed) -
29/5_17:40_csi            34651560074          ENVIADO      POSITIVA                  review enviada
30/5_11:30_4e             34647357305          ENVIADO      recordatorio enviado (48h) -
30/5_14:40_csi            31657059941          ENVIADO      POSITIVA                  review enviada
30/5_20:30_4e             34665943110          ENVIADO      POSITIVA                  review enviada
23/5_16:00_4e             34635122835          ENVIADO      recordatorio FALLIDO (send_not_confirmed) -
24/5_16:10_csi            34635280014          ENVIADO      POSITIVA                  review enviada
29/5_17:30_4e             34610648642          ENVIADO      recordatorio FALLIDO (send_not_confirmed) -
30/5_19:00_4e             34625490565          ENVIADO      POSITIVA                  review enviada
23/5_16:00_4e             34635122835          ENVIADO      POSITIVA (reacción emoji en texto) review enviada
29/5_17:30_4e             34610648642          ENVIADO      recordatorio FALLIDO (send_not_confirmed) -
29/5_17:30_4e             34610648642          ENVIADO      recordatorio FALLIDO (send_not_confirmed) -
29/5_17:30_4e             34610648642          ENVIADO      recordatorio FALLIDO (send_not_confirmed) -
29/5_17:30_4e             34610648642          ENVIADO      recordatorio FALLIDO (send_not_confirmed) -
29/5_17:30_4e             34610648642          ENVIADO      recordatorio enviado (48h) -
24/5_19:00_4e             34649515037          ENVIADO      POSITIVA                  review enviada
5/6_17:30_4e/csi          34%C2%A0661%C2%A017%C2%A038%C2%A050%E2%80%AC FALLIDO (intento 1) -                         -
6/6_11:30_4e              34609544005          FALLIDO (intento 1) -                         -
6/6_17:40_csi             34%C2%A0644%C2%A040%C2%A004%C2%A086%E2%80%AC FALLIDO (intento 1) -                         -

[2026-06-07 13:48:37] POSITIVO | Fotos nuevas: 0 | Envios OK: 0 | Envios FAIL: 0 | Reviews negativas: 0 | Fotos borradas: 0

=== SESIÓN 13:53-19:04 (07/06/2026) ===
RESERVA                   TELÉFONO             ESTADO       RESPUESTA                 REVIEW
-----------------------------------------------------------------------------------------------
30/5_19:00_4e             34625490565          ENVIADO      sin respuesta             -
30/5_20:30_4e             34665943110          ENVIADO      sin respuesta             -
23/5_17:30_maf            34603458949          ENVIADO      recordatorio enviado (reacción en foto) -
23/5_19:00_maf            34649814146          ENVIADO      POSITIVA                  review enviada
24/5_19:00_4e             34649515037          ENVIADO      recordatorio enviado (48h) -
24/5_16:10_csi            34635280014          ENVIADO      recordatorio enviado (48h) -
29/5_17:30_4e             34610648642          ENVIADO      recordatorio FALLIDO (send_not_confirmed) -
29/5_17:40_csi            34651560074          ENVIADO      POSITIVA                  review enviada
30/5_11:30_4e             34647357305          ENVIADO      recordatorio enviado (48h) -
30/5_14:40_csi            31657059941          ENVIADO      POSITIVA                  review enviada
30/5_20:30_4e             34665943110          ENVIADO      POSITIVA                  review enviada
23/5_16:00_4e             34635122835          ENVIADO      recordatorio FALLIDO (send_not_confirmed) -
24/5_16:10_csi            34635280014          ENVIADO      POSITIVA                  review enviada
29/5_17:30_4e             34610648642          ENVIADO      recordatorio FALLIDO (send_not_confirmed) -
30/5_19:00_4e             34625490565          ENVIADO      POSITIVA                  review enviada
23/5_16:00_4e             34635122835          ENVIADO      POSITIVA (reacción emoji en texto) review enviada
29/5_17:30_4e             34610648642          ENVIADO      recordatorio FALLIDO (send_not_confirmed) -
29/5_17:30_4e             34610648642          ENVIADO      recordatorio FALLIDO (send_not_confirmed) -
29/5_17:30_4e             34610648642          ENVIADO      recordatorio FALLIDO (send_not_confirmed) -
29/5_17:30_4e             34610648642          ENVIADO      recordatorio FALLIDO (send_not_confirmed) -
29/5_17:30_4e             34610648642          ENVIADO      recordatorio enviado (48h) -
24/5_19:00_4e             34649515037          ENVIADO      POSITIVA                  review enviada
5/6_17:30_4e/csi          34%C2%A0661%C2%A017%C2%A038%C2%A050%E2%80%AC FALLIDO (intento 1) -                         -
6/6_11:30_4e              34609544005          FALLIDO (intento 1) -                         -
6/6_17:40_csi             34%C2%A0644%C2%A040%C2%A004%C2%A086%E2%80%AC FALLIDO (intento 1) -                         -

[2026-06-07 14:04:47] POSITIVO | Fotos nuevas: 0 | Envios OK: 0 | Envios FAIL: 0 | Reviews negativas: 0 | Fotos borradas: 0

=== SESIÓN 13:53-19:04 (07/06/2026) ===
RESERVA                   TELÉFONO             ESTADO       RESPUESTA                 REVIEW
-----------------------------------------------------------------------------------------------
30/5_19:00_4e             34625490565          ENVIADO      sin respuesta             -
30/5_20:30_4e             34665943110          ENVIADO      sin respuesta             -
23/5_17:30_maf            34603458949          ENVIADO      recordatorio enviado (reacción en foto) -
23/5_19:00_maf            34649814146          ENVIADO      POSITIVA                  review enviada
24/5_19:00_4e             34649515037          ENVIADO      recordatorio enviado (48h) -
24/5_16:10_csi            34635280014          ENVIADO      recordatorio enviado (48h) -
29/5_17:30_4e             34610648642          ENVIADO      recordatorio FALLIDO (send_not_confirmed) -
29/5_17:40_csi            34651560074          ENVIADO      POSITIVA                  review enviada
30/5_11:30_4e             34647357305          ENVIADO      recordatorio enviado (48h) -
30/5_14:40_csi            31657059941          ENVIADO      POSITIVA                  review enviada
30/5_20:30_4e             34665943110          ENVIADO      POSITIVA                  review enviada
23/5_16:00_4e             34635122835          ENVIADO      recordatorio FALLIDO (send_not_confirmed) -
24/5_16:10_csi            34635280014          ENVIADO      POSITIVA                  review enviada
29/5_17:30_4e             34610648642          ENVIADO      recordatorio FALLIDO (send_not_confirmed) -
30/5_19:00_4e             34625490565          ENVIADO      POSITIVA                  review enviada
23/5_16:00_4e             34635122835          ENVIADO      POSITIVA (reacción emoji en texto) review enviada
29/5_17:30_4e             34610648642          ENVIADO      recordatorio FALLIDO (send_not_confirmed) -
29/5_17:30_4e             34610648642          ENVIADO      recordatorio FALLIDO (send_not_confirmed) -
29/5_17:30_4e             34610648642          ENVIADO      recordatorio FALLIDO (send_not_confirmed) -
29/5_17:30_4e             34610648642          ENVIADO      recordatorio FALLIDO (send_not_confirmed) -
29/5_17:30_4e             34610648642          ENVIADO      recordatorio enviado (48h) -
24/5_19:00_4e             34649515037          ENVIADO      POSITIVA                  review enviada
5/6_17:30_4e/csi          34%C2%A0661%C2%A017%C2%A038%C2%A050%E2%80%AC FALLIDO (intento 1) -                         -
6/6_11:30_4e              34609544005          FALLIDO (intento 1) -                         -
6/6_17:40_csi             34%C2%A0644%C2%A040%C2%A004%C2%A086%E2%80%AC FALLIDO (intento 1) -                         -

[2026-06-07 14:20:57] POSITIVO | Fotos nuevas: 0 | Envios OK: 0 | Envios FAIL: 0 | Reviews negativas: 0 | Fotos borradas: 0

=== SESIÓN 13:53-19:04 (07/06/2026) ===
RESERVA                   TELÉFONO             ESTADO       RESPUESTA                 REVIEW
-----------------------------------------------------------------------------------------------
30/5_19:00_4e             34625490565          ENVIADO      sin respuesta             -
30/5_20:30_4e             34665943110          ENVIADO      sin respuesta             -
23/5_17:30_maf            34603458949          ENVIADO      recordatorio enviado (reacción en foto) -
23/5_19:00_maf            34649814146          ENVIADO      POSITIVA                  review enviada
24/5_19:00_4e             34649515037          ENVIADO      recordatorio enviado (48h) -
24/5_16:10_csi            34635280014          ENVIADO      recordatorio enviado (48h) -
29/5_17:30_4e             34610648642          ENVIADO      recordatorio FALLIDO (send_not_confirmed) -
29/5_17:40_csi            34651560074          ENVIADO      POSITIVA                  review enviada
30/5_11:30_4e             34647357305          ENVIADO      recordatorio enviado (48h) -
30/5_14:40_csi            31657059941          ENVIADO      POSITIVA                  review enviada
30/5_20:30_4e             34665943110          ENVIADO      POSITIVA                  review enviada
23/5_16:00_4e             34635122835          ENVIADO      recordatorio FALLIDO (send_not_confirmed) -
24/5_16:10_csi            34635280014          ENVIADO      POSITIVA                  review enviada
29/5_17:30_4e             34610648642          ENVIADO      recordatorio FALLIDO (send_not_confirmed) -
30/5_19:00_4e             34625490565          ENVIADO      POSITIVA                  review enviada
23/5_16:00_4e             34635122835          ENVIADO      POSITIVA (reacción emoji en texto) review enviada
29/5_17:30_4e             34610648642          ENVIADO      recordatorio FALLIDO (send_not_confirmed) -
29/5_17:30_4e             34610648642          ENVIADO      recordatorio FALLIDO (send_not_confirmed) -
29/5_17:30_4e             34610648642          ENVIADO      recordatorio FALLIDO (send_not_confirmed) -
29/5_17:30_4e             34610648642          ENVIADO      recordatorio FALLIDO (send_not_confirmed) -
29/5_17:30_4e             34610648642          ENVIADO      recordatorio enviado (48h) -
24/5_19:00_4e             34649515037          ENVIADO      POSITIVA                  review enviada
5/6_17:30_4e/csi          34%C2%A0661%C2%A017%C2%A038%C2%A050%E2%80%AC FALLIDO (intento 1) -                         -
6/6_11:30_4e              34609544005          FALLIDO (intento 1) -                         -
6/6_17:40_csi             34%C2%A0644%C2%A040%C2%A004%C2%A086%E2%80%AC FALLIDO (intento 1) -                         -

[2026-06-07 14:37:06] POSITIVO | Fotos nuevas: 0 | Envios OK: 0 | Envios FAIL: 0 | Reviews negativas: 0 | Fotos borradas: 0

=== SESIÓN 13:53-19:04 (07/06/2026) ===
RESERVA                   TELÉFONO             ESTADO       RESPUESTA                 REVIEW
-----------------------------------------------------------------------------------------------
30/5_19:00_4e             34625490565          ENVIADO      sin respuesta             -
30/5_20:30_4e             34665943110          ENVIADO      sin respuesta             -
23/5_17:30_maf            34603458949          ENVIADO      recordatorio enviado (reacción en foto) -
23/5_19:00_maf            34649814146          ENVIADO      POSITIVA                  review enviada
24/5_19:00_4e             34649515037          ENVIADO      recordatorio enviado (48h) -
24/5_16:10_csi            34635280014          ENVIADO      recordatorio enviado (48h) -
29/5_17:30_4e             34610648642          ENVIADO      recordatorio FALLIDO (send_not_confirmed) -
29/5_17:40_csi            34651560074          ENVIADO      POSITIVA                  review enviada
30/5_11:30_4e             34647357305          ENVIADO      recordatorio enviado (48h) -
30/5_14:40_csi            31657059941          ENVIADO      POSITIVA                  review enviada
30/5_20:30_4e             34665943110          ENVIADO      POSITIVA                  review enviada
23/5_16:00_4e             34635122835          ENVIADO      recordatorio FALLIDO (send_not_confirmed) -
24/5_16:10_csi            34635280014          ENVIADO      POSITIVA                  review enviada
29/5_17:30_4e             34610648642          ENVIADO      recordatorio FALLIDO (send_not_confirmed) -
30/5_19:00_4e             34625490565          ENVIADO      POSITIVA                  review enviada
23/5_16:00_4e             34635122835          ENVIADO      POSITIVA (reacción emoji en texto) review enviada
29/5_17:30_4e             34610648642          ENVIADO      recordatorio FALLIDO (send_not_confirmed) -
29/5_17:30_4e             34610648642          ENVIADO      recordatorio FALLIDO (send_not_confirmed) -
29/5_17:30_4e             34610648642          ENVIADO      recordatorio FALLIDO (send_not_confirmed) -
29/5_17:30_4e             34610648642          ENVIADO      recordatorio FALLIDO (send_not_confirmed) -
29/5_17:30_4e             34610648642          ENVIADO      recordatorio enviado (48h) -
24/5_19:00_4e             34649515037          ENVIADO      POSITIVA                  review enviada
5/6_17:30_4e/csi          34%C2%A0661%C2%A017%C2%A038%C2%A050%E2%80%AC FALLIDO (intento 1) -                         -
6/6_11:30_4e              34609544005          FALLIDO (intento 1) -                         -
6/6_17:40_csi             34%C2%A0644%C2%A040%C2%A004%C2%A086%E2%80%AC FALLIDO (intento 1) -                         -

[2026-06-07 14:53:16] POSITIVO | Fotos nuevas: 0 | Envios OK: 0 | Envios FAIL: 0 | Reviews negativas: 0 | Fotos borradas: 0

=== SESIÓN 13:53-19:04 (07/06/2026) ===
RESERVA                   TELÉFONO             ESTADO       RESPUESTA                 REVIEW
-----------------------------------------------------------------------------------------------
30/5_19:00_4e             34625490565          ENVIADO      sin respuesta             -
30/5_20:30_4e             34665943110          ENVIADO      sin respuesta             -
23/5_17:30_maf            34603458949          ENVIADO      recordatorio enviado (reacción en foto) -
23/5_19:00_maf            34649814146          ENVIADO      POSITIVA                  review enviada
24/5_19:00_4e             34649515037          ENVIADO      recordatorio enviado (48h) -
24/5_16:10_csi            34635280014          ENVIADO      recordatorio enviado (48h) -
29/5_17:30_4e             34610648642          ENVIADO      recordatorio FALLIDO (send_not_confirmed) -
29/5_17:40_csi            34651560074          ENVIADO      POSITIVA                  review enviada
30/5_11:30_4e             34647357305          ENVIADO      recordatorio enviado (48h) -
30/5_14:40_csi            31657059941          ENVIADO      POSITIVA                  review enviada
30/5_20:30_4e             34665943110          ENVIADO      POSITIVA                  review enviada
23/5_16:00_4e             34635122835          ENVIADO      recordatorio FALLIDO (send_not_confirmed) -
24/5_16:10_csi            34635280014          ENVIADO      POSITIVA                  review enviada
29/5_17:30_4e             34610648642          ENVIADO      recordatorio FALLIDO (send_not_confirmed) -
30/5_19:00_4e             34625490565          ENVIADO      POSITIVA                  review enviada
23/5_16:00_4e             34635122835          ENVIADO      POSITIVA (reacción emoji en texto) review enviada
29/5_17:30_4e             34610648642          ENVIADO      recordatorio FALLIDO (send_not_confirmed) -
29/5_17:30_4e             34610648642          ENVIADO      recordatorio FALLIDO (send_not_confirmed) -
29/5_17:30_4e             34610648642          ENVIADO      recordatorio FALLIDO (send_not_confirmed) -
29/5_17:30_4e             34610648642          ENVIADO      recordatorio FALLIDO (send_not_confirmed) -
29/5_17:30_4e             34610648642          ENVIADO      recordatorio enviado (48h) -
24/5_19:00_4e             34649515037          ENVIADO      POSITIVA                  review enviada
5/6_17:30_4e/csi          34%C2%A0661%C2%A017%C2%A038%C2%A050%E2%80%AC FALLIDO (intento 1) -                         -
6/6_11:30_4e              34609544005          FALLIDO (intento 1) -                         -
6/6_17:40_csi             34%C2%A0644%C2%A040%C2%A004%C2%A086%E2%80%AC FALLIDO (intento 1) -                         -

[2026-06-07 15:09:26] POSITIVO | Fotos nuevas: 0 | Envios OK: 0 | Envios FAIL: 0 | Reviews negativas: 0 | Fotos borradas: 0

=== SESIÓN 13:53-19:04 (07/06/2026) ===
RESERVA                   TELÉFONO             ESTADO       RESPUESTA                 REVIEW
-----------------------------------------------------------------------------------------------
30/5_19:00_4e             34625490565          ENVIADO      sin respuesta             -
30/5_20:30_4e             34665943110          ENVIADO      sin respuesta             -
23/5_17:30_maf            34603458949          ENVIADO      recordatorio enviado (reacción en foto) -
23/5_19:00_maf            34649814146          ENVIADO      POSITIVA                  review enviada
24/5_19:00_4e             34649515037          ENVIADO      recordatorio enviado (48h) -
24/5_16:10_csi            34635280014          ENVIADO      recordatorio enviado (48h) -
29/5_17:30_4e             34610648642          ENVIADO      recordatorio FALLIDO (send_not_confirmed) -
29/5_17:40_csi            34651560074          ENVIADO      POSITIVA                  review enviada
30/5_11:30_4e             34647357305          ENVIADO      recordatorio enviado (48h) -
30/5_14:40_csi            31657059941          ENVIADO      POSITIVA                  review enviada
30/5_20:30_4e             34665943110          ENVIADO      POSITIVA                  review enviada
23/5_16:00_4e             34635122835          ENVIADO      recordatorio FALLIDO (send_not_confirmed) -
24/5_16:10_csi            34635280014          ENVIADO      POSITIVA                  review enviada
29/5_17:30_4e             34610648642          ENVIADO      recordatorio FALLIDO (send_not_confirmed) -
30/5_19:00_4e             34625490565          ENVIADO      POSITIVA                  review enviada
23/5_16:00_4e             34635122835          ENVIADO      POSITIVA (reacción emoji en texto) review enviada
29/5_17:30_4e             34610648642          ENVIADO      recordatorio FALLIDO (send_not_confirmed) -
29/5_17:30_4e             34610648642          ENVIADO      recordatorio FALLIDO (send_not_confirmed) -
29/5_17:30_4e             34610648642          ENVIADO      recordatorio FALLIDO (send_not_confirmed) -
29/5_17:30_4e             34610648642          ENVIADO      recordatorio FALLIDO (send_not_confirmed) -
29/5_17:30_4e             34610648642          ENVIADO      recordatorio enviado (48h) -
24/5_19:00_4e             34649515037          ENVIADO      POSITIVA                  review enviada
5/6_17:30_4e/csi          34%C2%A0661%C2%A017%C2%A038%C2%A050%E2%80%AC FALLIDO (intento 1) -                         -
6/6_11:30_4e              34609544005          FALLIDO (intento 1) -                         -
6/6_17:40_csi             34%C2%A0644%C2%A040%C2%A004%C2%A086%E2%80%AC FALLIDO (intento 1) -                         -

[2026-06-07 15:25:36] POSITIVO | Fotos nuevas: 0 | Envios OK: 0 | Envios FAIL: 0 | Reviews negativas: 0 | Fotos borradas: 0

=== SESIÓN 13:53-19:04 (07/06/2026) ===
RESERVA                   TELÉFONO             ESTADO       RESPUESTA                 REVIEW
-----------------------------------------------------------------------------------------------
30/5_19:00_4e             34625490565          ENVIADO      sin respuesta             -
30/5_20:30_4e             34665943110          ENVIADO      sin respuesta             -
23/5_17:30_maf            34603458949          ENVIADO      recordatorio enviado (reacción en foto) -
23/5_19:00_maf            34649814146          ENVIADO      POSITIVA                  review enviada
24/5_19:00_4e             34649515037          ENVIADO      recordatorio enviado (48h) -
24/5_16:10_csi            34635280014          ENVIADO      recordatorio enviado (48h) -
29/5_17:30_4e             34610648642          ENVIADO      recordatorio FALLIDO (send_not_confirmed) -
29/5_17:40_csi            34651560074          ENVIADO      POSITIVA                  review enviada
30/5_11:30_4e             34647357305          ENVIADO      recordatorio enviado (48h) -
30/5_14:40_csi            31657059941          ENVIADO      POSITIVA                  review enviada
30/5_20:30_4e             34665943110          ENVIADO      POSITIVA                  review enviada
23/5_16:00_4e             34635122835          ENVIADO      recordatorio FALLIDO (send_not_confirmed) -
24/5_16:10_csi            34635280014          ENVIADO      POSITIVA                  review enviada
29/5_17:30_4e             34610648642          ENVIADO      recordatorio FALLIDO (send_not_confirmed) -
30/5_19:00_4e             34625490565          ENVIADO      POSITIVA                  review enviada
23/5_16:00_4e             34635122835          ENVIADO      POSITIVA (reacción emoji en texto) review enviada
29/5_17:30_4e             34610648642          ENVIADO      recordatorio FALLIDO (send_not_confirmed) -
29/5_17:30_4e             34610648642          ENVIADO      recordatorio FALLIDO (send_not_confirmed) -
29/5_17:30_4e             34610648642          ENVIADO      recordatorio FALLIDO (send_not_confirmed) -
29/5_17:30_4e             34610648642          ENVIADO      recordatorio FALLIDO (send_not_confirmed) -
29/5_17:30_4e             34610648642          ENVIADO      recordatorio enviado (48h) -
24/5_19:00_4e             34649515037          ENVIADO      POSITIVA                  review enviada
5/6_17:30_4e/csi          34%C2%A0661%C2%A017%C2%A038%C2%A050%E2%80%AC FALLIDO (intento 1) -                         -
6/6_11:30_4e              34609544005          FALLIDO (intento 1) -                         -
6/6_17:40_csi             34%C2%A0644%C2%A040%C2%A004%C2%A086%E2%80%AC FALLIDO (intento 1) -                         -

[2026-06-07 15:41:48] POSITIVO | Fotos nuevas: 0 | Envios OK: 0 | Envios FAIL: 0 | Reviews negativas: 0 | Fotos borradas: 0

=== SESIÓN 13:53-16:05 (07/06/2026) ===
RESERVA                   TELÉFONO             ESTADO       RESPUESTA                 REVIEW
-----------------------------------------------------------------------------------------------
30/5_19:00_4e             34625490565          ENVIADO      sin respuesta             -
30/5_20:30_4e             34665943110          ENVIADO      sin respuesta             -
23/5_17:30_maf            34603458949          ENVIADO      recordatorio enviado (reacción en foto) -
23/5_19:00_maf            34649814146          ENVIADO      POSITIVA                  review enviada
24/5_19:00_4e             34649515037          ENVIADO      recordatorio enviado (48h) -
24/5_16:10_csi            34635280014          ENVIADO      recordatorio enviado (48h) -
29/5_17:30_4e             34610648642          ENVIADO      recordatorio FALLIDO (send_not_confirmed) -
29/5_17:40_csi            34651560074          ENVIADO      POSITIVA                  review enviada
30/5_11:30_4e             34647357305          ENVIADO      recordatorio enviado (48h) -
30/5_14:40_csi            31657059941          ENVIADO      POSITIVA                  review enviada
30/5_20:30_4e             34665943110          ENVIADO      POSITIVA                  review enviada
23/5_16:00_4e             34635122835          ENVIADO      recordatorio FALLIDO (send_not_confirmed) -
24/5_16:10_csi            34635280014          ENVIADO      POSITIVA                  review enviada
29/5_17:30_4e             34610648642          ENVIADO      recordatorio FALLIDO (send_not_confirmed) -
30/5_19:00_4e             34625490565          ENVIADO      POSITIVA                  review enviada
23/5_16:00_4e             34635122835          ENVIADO      POSITIVA (reacción emoji en texto) review enviada
29/5_17:30_4e             34610648642          ENVIADO      recordatorio FALLIDO (send_not_confirmed) -
29/5_17:30_4e             34610648642          ENVIADO      recordatorio FALLIDO (send_not_confirmed) -
29/5_17:30_4e             34610648642          ENVIADO      recordatorio FALLIDO (send_not_confirmed) -
29/5_17:30_4e             34610648642          ENVIADO      recordatorio FALLIDO (send_not_confirmed) -
29/5_17:30_4e             34610648642          ENVIADO      recordatorio enviado (48h) -
24/5_19:00_4e             34649515037          ENVIADO      POSITIVA                  review enviada
5/6_17:30_4e/csi          34%C2%A0661%C2%A017%C2%A038%C2%A050%E2%80%AC FALLIDO (intento 1) -                         -
6/6_11:30_4e              34609544005          FALLIDO (intento 1) -                         -
6/6_17:40_csi             34%C2%A0644%C2%A040%C2%A004%C2%A086%E2%80%AC FALLIDO (intento 1) -                         -
7/6_13:00_maf             34642913042          FALLIDO (intento 1) -                         -
7/6_13:10_csi             34653578572          FALLIDO (intento 1) -                         -
3/6_16:00_4e              32%C2%A0489%C2%A034%C2%A031%C2%A012%E2%80%AC FALLIDO (intento 1) -                         -
3/6_16:10_csi             31%C2%A06%C2%A027024287%E2%80%AC FALLIDO (intento 1) -                         -

[2026-06-07 16:05:54] NEGATIVO | Fotos nuevas: 4 | Envios OK: 0 | Envios FAIL: 4 | Reviews negativas: 0 | Fotos borradas: 0

=== SESIÓN 13:53-16:05 (07/06/2026) ===
RESERVA                   TELÉFONO             ESTADO       RESPUESTA                 REVIEW
-----------------------------------------------------------------------------------------------
30/5_19:00_4e             34625490565          ENVIADO      sin respuesta             -
30/5_20:30_4e             34665943110          ENVIADO      sin respuesta             -
23/5_17:30_maf            34603458949          ENVIADO      recordatorio enviado (reacción en foto) -
23/5_19:00_maf            34649814146          ENVIADO      POSITIVA                  review enviada
24/5_19:00_4e             34649515037          ENVIADO      recordatorio enviado (48h) -
24/5_16:10_csi            34635280014          ENVIADO      recordatorio enviado (48h) -
29/5_17:30_4e             34610648642          ENVIADO      recordatorio FALLIDO (send_not_confirmed) -
29/5_17:40_csi            34651560074          ENVIADO      POSITIVA                  review enviada
30/5_11:30_4e             34647357305          ENVIADO      recordatorio enviado (48h) -
30/5_14:40_csi            31657059941          ENVIADO      POSITIVA                  review enviada
30/5_20:30_4e             34665943110          ENVIADO      POSITIVA                  review enviada
23/5_16:00_4e             34635122835          ENVIADO      recordatorio FALLIDO (send_not_confirmed) -
24/5_16:10_csi            34635280014          ENVIADO      POSITIVA                  review enviada
29/5_17:30_4e             34610648642          ENVIADO      recordatorio FALLIDO (send_not_confirmed) -
30/5_19:00_4e             34625490565          ENVIADO      POSITIVA                  review enviada
23/5_16:00_4e             34635122835          ENVIADO      POSITIVA (reacción emoji en texto) review enviada
29/5_17:30_4e             34610648642          ENVIADO      recordatorio FALLIDO (send_not_confirmed) -
29/5_17:30_4e             34610648642          ENVIADO      recordatorio FALLIDO (send_not_confirmed) -
29/5_17:30_4e             34610648642          ENVIADO      recordatorio FALLIDO (send_not_confirmed) -
29/5_17:30_4e             34610648642          ENVIADO      recordatorio FALLIDO (send_not_confirmed) -
29/5_17:30_4e             34610648642          ENVIADO      recordatorio enviado (48h) -
24/5_19:00_4e             34649515037          ENVIADO      POSITIVA                  review enviada
5/6_17:30_4e/csi          34%C2%A0661%C2%A017%C2%A038%C2%A050%E2%80%AC FALLIDO (intento 1) -                         -
6/6_11:30_4e              34609544005          FALLIDO (intento 1) -                         -
6/6_17:40_csi             34%C2%A0644%C2%A040%C2%A004%C2%A086%E2%80%AC FALLIDO (intento 1) -                         -
7/6_13:00_maf             34642913042          FALLIDO (intento 1) -                         -
7/6_13:10_csi             34653578572          FALLIDO (intento 1) -                         -
3/6_16:00_4e              32%C2%A0489%C2%A034%C2%A031%C2%A012%E2%80%AC FALLIDO (intento 1) -                         -
3/6_16:10_csi             31%C2%A06%C2%A027024287%E2%80%AC FALLIDO (intento 1) -                         -

[2026-06-07 16:22:05] NEGATIVO | Fotos nuevas: 0 | Envios OK: 0 | Envios FAIL: 4 | Reviews negativas: 0 | Fotos borradas: 0

=== SESIÓN 13:53-16:05 (07/06/2026) ===
RESERVA                   TELÉFONO             ESTADO       RESPUESTA                 REVIEW
-----------------------------------------------------------------------------------------------
30/5_19:00_4e             34625490565          ENVIADO      sin respuesta             -
30/5_20:30_4e             34665943110          ENVIADO      sin respuesta             -
23/5_17:30_maf            34603458949          ENVIADO      recordatorio enviado (reacción en foto) -
23/5_19:00_maf            34649814146          ENVIADO      POSITIVA                  review enviada
24/5_19:00_4e             34649515037          ENVIADO      recordatorio enviado (48h) -
24/5_16:10_csi            34635280014          ENVIADO      recordatorio enviado (48h) -
29/5_17:30_4e             34610648642          ENVIADO      recordatorio FALLIDO (send_not_confirmed) -
29/5_17:40_csi            34651560074          ENVIADO      POSITIVA                  review enviada
30/5_11:30_4e             34647357305          ENVIADO      recordatorio enviado (48h) -
30/5_14:40_csi            31657059941          ENVIADO      POSITIVA                  review enviada
30/5_20:30_4e             34665943110          ENVIADO      POSITIVA                  review enviada
23/5_16:00_4e             34635122835          ENVIADO      recordatorio FALLIDO (send_not_confirmed) -
24/5_16:10_csi            34635280014          ENVIADO      POSITIVA                  review enviada
29/5_17:30_4e             34610648642          ENVIADO      recordatorio FALLIDO (send_not_confirmed) -
30/5_19:00_4e             34625490565          ENVIADO      POSITIVA                  review enviada
23/5_16:00_4e             34635122835          ENVIADO      POSITIVA (reacción emoji en texto) review enviada
29/5_17:30_4e             34610648642          ENVIADO      recordatorio FALLIDO (send_not_confirmed) -
29/5_17:30_4e             34610648642          ENVIADO      recordatorio FALLIDO (send_not_confirmed) -
29/5_17:30_4e             34610648642          ENVIADO      recordatorio FALLIDO (send_not_confirmed) -
29/5_17:30_4e             34610648642          ENVIADO      recordatorio FALLIDO (send_not_confirmed) -
29/5_17:30_4e             34610648642          ENVIADO      recordatorio enviado (48h) -
24/5_19:00_4e             34649515037          ENVIADO      POSITIVA                  review enviada
5/6_17:30_4e/csi          34%C2%A0661%C2%A017%C2%A038%C2%A050%E2%80%AC FALLIDO (intento 1) -                         -
6/6_11:30_4e              34609544005          FALLIDO (intento 1) -                         -
6/6_17:40_csi             34%C2%A0644%C2%A040%C2%A004%C2%A086%E2%80%AC FALLIDO (intento 1) -                         -
7/6_13:00_maf             34642913042          FALLIDO (intento 1) -                         -
7/6_13:10_csi             34653578572          FALLIDO (intento 1) -                         -
3/6_16:00_4e              32%C2%A0489%C2%A034%C2%A031%C2%A012%E2%80%AC FALLIDO (intento 1) -                         -
3/6_16:10_csi             31%C2%A06%C2%A027024287%E2%80%AC FALLIDO (intento 1) -                         -

[2026-06-07 16:38:16] NEGATIVO | Fotos nuevas: 0 | Envios OK: 0 | Envios FAIL: 4 | Reviews negativas: 0 | Fotos borradas: 0

=== SESIÓN 13:53-16:05 (07/06/2026) ===
RESERVA                   TELÉFONO             ESTADO       RESPUESTA                 REVIEW
-----------------------------------------------------------------------------------------------
30/5_19:00_4e             34625490565          ENVIADO      sin respuesta             -
30/5_20:30_4e             34665943110          ENVIADO      sin respuesta             -
23/5_17:30_maf            34603458949          ENVIADO      recordatorio enviado (reacción en foto) -
23/5_19:00_maf            34649814146          ENVIADO      POSITIVA                  review enviada
24/5_19:00_4e             34649515037          ENVIADO      recordatorio enviado (48h) -
24/5_16:10_csi            34635280014          ENVIADO      recordatorio enviado (48h) -
29/5_17:30_4e             34610648642          ENVIADO      recordatorio FALLIDO (send_not_confirmed) -
29/5_17:40_csi            34651560074          ENVIADO      POSITIVA                  review enviada
30/5_11:30_4e             34647357305          ENVIADO      recordatorio enviado (48h) -
30/5_14:40_csi            31657059941          ENVIADO      POSITIVA                  review enviada
30/5_20:30_4e             34665943110          ENVIADO      POSITIVA                  review enviada
23/5_16:00_4e             34635122835          ENVIADO      recordatorio FALLIDO (send_not_confirmed) -
24/5_16:10_csi            34635280014          ENVIADO      POSITIVA                  review enviada
29/5_17:30_4e             34610648642          ENVIADO      recordatorio FALLIDO (send_not_confirmed) -
30/5_19:00_4e             34625490565          ENVIADO      POSITIVA                  review enviada
23/5_16:00_4e             34635122835          ENVIADO      POSITIVA (reacción emoji en texto) review enviada
29/5_17:30_4e             34610648642          ENVIADO      recordatorio FALLIDO (send_not_confirmed) -
29/5_17:30_4e             34610648642          ENVIADO      recordatorio FALLIDO (send_not_confirmed) -
29/5_17:30_4e             34610648642          ENVIADO      recordatorio FALLIDO (send_not_confirmed) -
29/5_17:30_4e             34610648642          ENVIADO      recordatorio FALLIDO (send_not_confirmed) -
29/5_17:30_4e             34610648642          ENVIADO      recordatorio enviado (48h) -
24/5_19:00_4e             34649515037          ENVIADO      POSITIVA                  review enviada
5/6_17:30_4e/csi          34%C2%A0661%C2%A017%C2%A038%C2%A050%E2%80%AC FALLIDO (intento 1) -                         -
6/6_11:30_4e              34609544005          FALLIDO (intento 1) -                         -
6/6_17:40_csi             34%C2%A0644%C2%A040%C2%A004%C2%A086%E2%80%AC FALLIDO (intento 1) -                         -
7/6_13:00_maf             34642913042          FALLIDO (intento 1) -                         -
7/6_13:10_csi             34653578572          FALLIDO (intento 1) -                         -
3/6_16:00_4e              32%C2%A0489%C2%A034%C2%A031%C2%A012%E2%80%AC FALLIDO (intento 1) -                         -
3/6_16:10_csi             31%C2%A06%C2%A027024287%E2%80%AC FALLIDO (intento 1) -                         -

[2026-06-07 16:54:28] NEGATIVO | Fotos nuevas: 0 | Envios OK: 0 | Envios FAIL: 4 | Reviews negativas: 0 | Fotos borradas: 0

=== SESIÓN 13:53-16:05 (07/06/2026) ===
RESERVA                   TELÉFONO             ESTADO       RESPUESTA                 REVIEW
-----------------------------------------------------------------------------------------------
30/5_19:00_4e             34625490565          ENVIADO      sin respuesta             -
30/5_20:30_4e             34665943110          ENVIADO      sin respuesta             -
23/5_17:30_maf            34603458949          ENVIADO      recordatorio enviado (reacción en foto) -
23/5_19:00_maf            34649814146          ENVIADO      POSITIVA                  review enviada
24/5_19:00_4e             34649515037          ENVIADO      recordatorio enviado (48h) -
24/5_16:10_csi            34635280014          ENVIADO      recordatorio enviado (48h) -
29/5_17:30_4e             34610648642          ENVIADO      recordatorio FALLIDO (send_not_confirmed) -
29/5_17:40_csi            34651560074          ENVIADO      POSITIVA                  review enviada
30/5_11:30_4e             34647357305          ENVIADO      recordatorio enviado (48h) -
30/5_14:40_csi            31657059941          ENVIADO      POSITIVA                  review enviada
30/5_20:30_4e             34665943110          ENVIADO      POSITIVA                  review enviada
23/5_16:00_4e             34635122835          ENVIADO      recordatorio FALLIDO (send_not_confirmed) -
24/5_16:10_csi            34635280014          ENVIADO      POSITIVA                  review enviada
29/5_17:30_4e             34610648642          ENVIADO      recordatorio FALLIDO (send_not_confirmed) -
30/5_19:00_4e             34625490565          ENVIADO      POSITIVA                  review enviada
23/5_16:00_4e             34635122835          ENVIADO      POSITIVA (reacción emoji en texto) review enviada
29/5_17:30_4e             34610648642          ENVIADO      recordatorio FALLIDO (send_not_confirmed) -
29/5_17:30_4e             34610648642          ENVIADO      recordatorio FALLIDO (send_not_confirmed) -
29/5_17:30_4e             34610648642          ENVIADO      recordatorio FALLIDO (send_not_confirmed) -
29/5_17:30_4e             34610648642          ENVIADO      recordatorio FALLIDO (send_not_confirmed) -
29/5_17:30_4e             34610648642          ENVIADO      recordatorio enviado (48h) -
24/5_19:00_4e             34649515037          ENVIADO      POSITIVA                  review enviada
5/6_17:30_4e/csi          34%C2%A0661%C2%A017%C2%A038%C2%A050%E2%80%AC FALLIDO (intento 1) -                         -
6/6_11:30_4e              34609544005          FALLIDO (intento 1) -                         -
6/6_17:40_csi             34%C2%A0644%C2%A040%C2%A004%C2%A086%E2%80%AC FALLIDO (intento 1) -                         -
7/6_13:00_maf             34642913042          FALLIDO (intento 1) -                         -
7/6_13:10_csi             34653578572          FALLIDO (intento 1) -                         -
3/6_16:00_4e              32%C2%A0489%C2%A034%C2%A031%C2%A012%E2%80%AC FALLIDO (intento 1) -                         -
3/6_16:10_csi             31%C2%A06%C2%A027024287%E2%80%AC FALLIDO (intento 1) -                         -

[2026-06-07 17:10:38] NEGATIVO | Fotos nuevas: 0 | Envios OK: 0 | Envios FAIL: 4 | Reviews negativas: 0 | Fotos borradas: 0

=== SESIÓN 13:53-16:05 (07/06/2026) ===
RESERVA                   TELÉFONO             ESTADO       RESPUESTA                 REVIEW
-----------------------------------------------------------------------------------------------
30/5_19:00_4e             34625490565          ENVIADO      sin respuesta             -
30/5_20:30_4e             34665943110          ENVIADO      sin respuesta             -
23/5_17:30_maf            34603458949          ENVIADO      recordatorio enviado (reacción en foto) -
23/5_19:00_maf            34649814146          ENVIADO      POSITIVA                  review enviada
24/5_19:00_4e             34649515037          ENVIADO      recordatorio enviado (48h) -
24/5_16:10_csi            34635280014          ENVIADO      recordatorio enviado (48h) -
29/5_17:30_4e             34610648642          ENVIADO      recordatorio FALLIDO (send_not_confirmed) -
29/5_17:40_csi            34651560074          ENVIADO      POSITIVA                  review enviada
30/5_11:30_4e             34647357305          ENVIADO      recordatorio enviado (48h) -
30/5_14:40_csi            31657059941          ENVIADO      POSITIVA                  review enviada
30/5_20:30_4e             34665943110          ENVIADO      POSITIVA                  review enviada
23/5_16:00_4e             34635122835          ENVIADO      recordatorio FALLIDO (send_not_confirmed) -
24/5_16:10_csi            34635280014          ENVIADO      POSITIVA                  review enviada
29/5_17:30_4e             34610648642          ENVIADO      recordatorio FALLIDO (send_not_confirmed) -
30/5_19:00_4e             34625490565          ENVIADO      POSITIVA                  review enviada
23/5_16:00_4e             34635122835          ENVIADO      POSITIVA (reacción emoji en texto) review enviada
29/5_17:30_4e             34610648642          ENVIADO      recordatorio FALLIDO (send_not_confirmed) -
29/5_17:30_4e             34610648642          ENVIADO      recordatorio FALLIDO (send_not_confirmed) -
29/5_17:30_4e             34610648642          ENVIADO      recordatorio FALLIDO (send_not_confirmed) -
29/5_17:30_4e             34610648642          ENVIADO      recordatorio FALLIDO (send_not_confirmed) -
29/5_17:30_4e             34610648642          ENVIADO      recordatorio enviado (48h) -
24/5_19:00_4e             34649515037          ENVIADO      POSITIVA                  review enviada
5/6_17:30_4e/csi          34%C2%A0661%C2%A017%C2%A038%C2%A050%E2%80%AC FALLIDO (intento 1) -                         -
6/6_11:30_4e              34609544005          FALLIDO (intento 1) -                         -
6/6_17:40_csi             34%C2%A0644%C2%A040%C2%A004%C2%A086%E2%80%AC FALLIDO (intento 1) -                         -
7/6_13:00_maf             34642913042          FALLIDO (intento 1) -                         -
7/6_13:10_csi             34653578572          FALLIDO (intento 1) -                         -
3/6_16:00_4e              32%C2%A0489%C2%A034%C2%A031%C2%A012%E2%80%AC FALLIDO (intento 1) -                         -
3/6_16:10_csi             31%C2%A06%C2%A027024287%E2%80%AC FALLIDO (intento 1) -                         -

[2026-06-07 17:27:29] NEGATIVO | Fotos nuevas: 1 | Envios OK: 0 | Envios FAIL: 4 | Reviews negativas: 0 | Fotos borradas: 0

=== SESIÓN 13:53-16:05 (07/06/2026) ===
RESERVA                   TELÉFONO             ESTADO       RESPUESTA                 REVIEW
-----------------------------------------------------------------------------------------------
30/5_19:00_4e             34625490565          ENVIADO      sin respuesta             -
30/5_20:30_4e             34665943110          ENVIADO      sin respuesta             -
23/5_17:30_maf            34603458949          ENVIADO      recordatorio enviado (reacción en foto) -
23/5_19:00_maf            34649814146          ENVIADO      POSITIVA                  review enviada
24/5_19:00_4e             34649515037          ENVIADO      recordatorio enviado (48h) -
24/5_16:10_csi            34635280014          ENVIADO      recordatorio enviado (48h) -
29/5_17:30_4e             34610648642          ENVIADO      recordatorio FALLIDO (send_not_confirmed) -
29/5_17:40_csi            34651560074          ENVIADO      POSITIVA                  review enviada
30/5_11:30_4e             34647357305          ENVIADO      recordatorio enviado (48h) -
30/5_14:40_csi            31657059941          ENVIADO      POSITIVA                  review enviada
30/5_20:30_4e             34665943110          ENVIADO      POSITIVA                  review enviada
23/5_16:00_4e             34635122835          ENVIADO      recordatorio FALLIDO (send_not_confirmed) -
24/5_16:10_csi            34635280014          ENVIADO      POSITIVA                  review enviada
29/5_17:30_4e             34610648642          ENVIADO      recordatorio FALLIDO (send_not_confirmed) -
30/5_19:00_4e             34625490565          ENVIADO      POSITIVA                  review enviada
23/5_16:00_4e             34635122835          ENVIADO      POSITIVA (reacción emoji en texto) review enviada
29/5_17:30_4e             34610648642          ENVIADO      recordatorio FALLIDO (send_not_confirmed) -
29/5_17:30_4e             34610648642          ENVIADO      recordatorio FALLIDO (send_not_confirmed) -
29/5_17:30_4e             34610648642          ENVIADO      recordatorio FALLIDO (send_not_confirmed) -
29/5_17:30_4e             34610648642          ENVIADO      recordatorio FALLIDO (send_not_confirmed) -
29/5_17:30_4e             34610648642          ENVIADO      recordatorio enviado (48h) -
24/5_19:00_4e             34649515037          ENVIADO      POSITIVA                  review enviada
5/6_17:30_4e/csi          34%C2%A0661%C2%A017%C2%A038%C2%A050%E2%80%AC FALLIDO (intento 1) -                         -
6/6_11:30_4e              34609544005          FALLIDO (intento 1) -                         -
6/6_17:40_csi             34%C2%A0644%C2%A040%C2%A004%C2%A086%E2%80%AC FALLIDO (intento 1) -                         -
7/6_13:00_maf             34642913042          FALLIDO (intento 1) -                         -
7/6_13:10_csi             34653578572          FALLIDO (intento 1) -                         -
3/6_16:00_4e              32%C2%A0489%C2%A034%C2%A031%C2%A012%E2%80%AC FALLIDO (intento 1) -                         -
3/6_16:10_csi             31%C2%A06%C2%A027024287%E2%80%AC FALLIDO (intento 1) -                         -

[2026-06-07 17:43:39] NEGATIVO | Fotos nuevas: 0 | Envios OK: 0 | Envios FAIL: 4 | Reviews negativas: 0 | Fotos borradas: 0

=== SESIÓN 13:53-16:05 (07/06/2026) ===
RESERVA                   TELÉFONO             ESTADO       RESPUESTA                 REVIEW
-----------------------------------------------------------------------------------------------
30/5_19:00_4e             34625490565          ENVIADO      sin respuesta             -
30/5_20:30_4e             34665943110          ENVIADO      sin respuesta             -
23/5_17:30_maf            34603458949          ENVIADO      recordatorio enviado (reacción en foto) -
23/5_19:00_maf            34649814146          ENVIADO      POSITIVA                  review enviada
24/5_19:00_4e             34649515037          ENVIADO      recordatorio enviado (48h) -
24/5_16:10_csi            34635280014          ENVIADO      recordatorio enviado (48h) -
29/5_17:30_4e             34610648642          ENVIADO      recordatorio FALLIDO (send_not_confirmed) -
29/5_17:40_csi            34651560074          ENVIADO      POSITIVA                  review enviada
30/5_11:30_4e             34647357305          ENVIADO      recordatorio enviado (48h) -
30/5_14:40_csi            31657059941          ENVIADO      POSITIVA                  review enviada
30/5_20:30_4e             34665943110          ENVIADO      POSITIVA                  review enviada
23/5_16:00_4e             34635122835          ENVIADO      recordatorio FALLIDO (send_not_confirmed) -
24/5_16:10_csi            34635280014          ENVIADO      POSITIVA                  review enviada
29/5_17:30_4e             34610648642          ENVIADO      recordatorio FALLIDO (send_not_confirmed) -
30/5_19:00_4e             34625490565          ENVIADO      POSITIVA                  review enviada
23/5_16:00_4e             34635122835          ENVIADO      POSITIVA (reacción emoji en texto) review enviada
29/5_17:30_4e             34610648642          ENVIADO      recordatorio FALLIDO (send_not_confirmed) -
29/5_17:30_4e             34610648642          ENVIADO      recordatorio FALLIDO (send_not_confirmed) -
29/5_17:30_4e             34610648642          ENVIADO      recordatorio FALLIDO (send_not_confirmed) -
29/5_17:30_4e             34610648642          ENVIADO      recordatorio FALLIDO (send_not_confirmed) -
29/5_17:30_4e             34610648642          ENVIADO      recordatorio enviado (48h) -
24/5_19:00_4e             34649515037          ENVIADO      POSITIVA                  review enviada
5/6_17:30_4e/csi          34%C2%A0661%C2%A017%C2%A038%C2%A050%E2%80%AC FALLIDO (intento 1) -                         -
6/6_11:30_4e              34609544005          FALLIDO (intento 1) -                         -
6/6_17:40_csi             34%C2%A0644%C2%A040%C2%A004%C2%A086%E2%80%AC FALLIDO (intento 1) -                         -
7/6_13:00_maf             34642913042          FALLIDO (intento 1) -                         -
7/6_13:10_csi             34653578572          FALLIDO (intento 1) -                         -
3/6_16:00_4e              32%C2%A0489%C2%A034%C2%A031%C2%A012%E2%80%AC FALLIDO (intento 1) -                         -
3/6_16:10_csi             31%C2%A06%C2%A027024287%E2%80%AC FALLIDO (intento 1) -                         -

[2026-06-07 17:59:48] NEGATIVO | Fotos nuevas: 0 | Envios OK: 0 | Envios FAIL: 4 | Reviews negativas: 0 | Fotos borradas: 0

=== SESIÓN 13:53-16:05 (07/06/2026) ===
RESERVA                   TELÉFONO             ESTADO       RESPUESTA                 REVIEW
-----------------------------------------------------------------------------------------------
30/5_19:00_4e             34625490565          ENVIADO      sin respuesta             -
30/5_20:30_4e             34665943110          ENVIADO      sin respuesta             -
23/5_17:30_maf            34603458949          ENVIADO      recordatorio enviado (reacción en foto) -
23/5_19:00_maf            34649814146          ENVIADO      POSITIVA                  review enviada
24/5_19:00_4e             34649515037          ENVIADO      recordatorio enviado (48h) -
24/5_16:10_csi            34635280014          ENVIADO      recordatorio enviado (48h) -
29/5_17:30_4e             34610648642          ENVIADO      recordatorio FALLIDO (send_not_confirmed) -
29/5_17:40_csi            34651560074          ENVIADO      POSITIVA                  review enviada
30/5_11:30_4e             34647357305          ENVIADO      recordatorio enviado (48h) -
30/5_14:40_csi            31657059941          ENVIADO      POSITIVA                  review enviada
30/5_20:30_4e             34665943110          ENVIADO      POSITIVA                  review enviada
23/5_16:00_4e             34635122835          ENVIADO      recordatorio FALLIDO (send_not_confirmed) -
24/5_16:10_csi            34635280014          ENVIADO      POSITIVA                  review enviada
29/5_17:30_4e             34610648642          ENVIADO      recordatorio FALLIDO (send_not_confirmed) -
30/5_19:00_4e             34625490565          ENVIADO      POSITIVA                  review enviada
23/5_16:00_4e             34635122835          ENVIADO      POSITIVA (reacción emoji en texto) review enviada
29/5_17:30_4e             34610648642          ENVIADO      recordatorio FALLIDO (send_not_confirmed) -
29/5_17:30_4e             34610648642          ENVIADO      recordatorio FALLIDO (send_not_confirmed) -
29/5_17:30_4e             34610648642          ENVIADO      recordatorio FALLIDO (send_not_confirmed) -
29/5_17:30_4e             34610648642          ENVIADO      recordatorio FALLIDO (send_not_confirmed) -
29/5_17:30_4e             34610648642          ENVIADO      recordatorio enviado (48h) -
24/5_19:00_4e             34649515037          ENVIADO      POSITIVA                  review enviada
5/6_17:30_4e/csi          34%C2%A0661%C2%A017%C2%A038%C2%A050%E2%80%AC FALLIDO (intento 1) -                         -
6/6_11:30_4e              34609544005          FALLIDO (intento 1) -                         -
6/6_17:40_csi             34%C2%A0644%C2%A040%C2%A004%C2%A086%E2%80%AC FALLIDO (intento 1) -                         -
7/6_13:00_maf             34642913042          FALLIDO (intento 1) -                         -
7/6_13:10_csi             34653578572          FALLIDO (intento 1) -                         -
3/6_16:00_4e              32%C2%A0489%C2%A034%C2%A031%C2%A012%E2%80%AC FALLIDO (intento 1) -                         -
3/6_16:10_csi             31%C2%A06%C2%A027024287%E2%80%AC FALLIDO (intento 1) -                         -

[2026-06-07 18:15:59] NEGATIVO | Fotos nuevas: 0 | Envios OK: 0 | Envios FAIL: 4 | Reviews negativas: 0 | Fotos borradas: 0

=== SESIÓN 13:53-16:05 (07/06/2026) ===
RESERVA                   TELÉFONO             ESTADO       RESPUESTA                 REVIEW
-----------------------------------------------------------------------------------------------
30/5_19:00_4e             34625490565          ENVIADO      sin respuesta             -
30/5_20:30_4e             34665943110          ENVIADO      sin respuesta             -
23/5_17:30_maf            34603458949          ENVIADO      recordatorio enviado (reacción en foto) -
23/5_19:00_maf            34649814146          ENVIADO      POSITIVA                  review enviada
24/5_19:00_4e             34649515037          ENVIADO      recordatorio enviado (48h) -
24/5_16:10_csi            34635280014          ENVIADO      recordatorio enviado (48h) -
29/5_17:30_4e             34610648642          ENVIADO      recordatorio FALLIDO (send_not_confirmed) -
29/5_17:40_csi            34651560074          ENVIADO      POSITIVA                  review enviada
30/5_11:30_4e             34647357305          ENVIADO      recordatorio enviado (48h) -
30/5_14:40_csi            31657059941          ENVIADO      POSITIVA                  review enviada
30/5_20:30_4e             34665943110          ENVIADO      POSITIVA                  review enviada
23/5_16:00_4e             34635122835          ENVIADO      recordatorio FALLIDO (send_not_confirmed) -
24/5_16:10_csi            34635280014          ENVIADO      POSITIVA                  review enviada
29/5_17:30_4e             34610648642          ENVIADO      recordatorio FALLIDO (send_not_confirmed) -
30/5_19:00_4e             34625490565          ENVIADO      POSITIVA                  review enviada
23/5_16:00_4e             34635122835          ENVIADO      POSITIVA (reacción emoji en texto) review enviada
29/5_17:30_4e             34610648642          ENVIADO      recordatorio FALLIDO (send_not_confirmed) -
29/5_17:30_4e             34610648642          ENVIADO      recordatorio FALLIDO (send_not_confirmed) -
29/5_17:30_4e             34610648642          ENVIADO      recordatorio FALLIDO (send_not_confirmed) -
29/5_17:30_4e             34610648642          ENVIADO      recordatorio FALLIDO (send_not_confirmed) -
29/5_17:30_4e             34610648642          ENVIADO      recordatorio enviado (48h) -
24/5_19:00_4e             34649515037          ENVIADO      POSITIVA                  review enviada
5/6_17:30_4e/csi          34%C2%A0661%C2%A017%C2%A038%C2%A050%E2%80%AC FALLIDO (intento 1) -                         -
6/6_11:30_4e              34609544005          FALLIDO (intento 1) -                         -
6/6_17:40_csi             34%C2%A0644%C2%A040%C2%A004%C2%A086%E2%80%AC FALLIDO (intento 1) -                         -
7/6_13:00_maf             34642913042          FALLIDO (intento 1) -                         -
7/6_13:10_csi             34653578572          FALLIDO (intento 1) -                         -
3/6_16:00_4e              32%C2%A0489%C2%A034%C2%A031%C2%A012%E2%80%AC FALLIDO (intento 1) -                         -
3/6_16:10_csi             31%C2%A06%C2%A027024287%E2%80%AC FALLIDO (intento 1) -                         -

[2026-06-07 18:32:14] NEGATIVO | Fotos nuevas: 0 | Envios OK: 0 | Envios FAIL: 4 | Reviews negativas: 0 | Fotos borradas: 0

=== SESIÓN 13:53-18:50 (07/06/2026) ===
RESERVA                   TELÉFONO             ESTADO       RESPUESTA                 REVIEW
-----------------------------------------------------------------------------------------------
30/5_19:00_4e             34625490565          ENVIADO      sin respuesta             -
30/5_20:30_4e             34665943110          ENVIADO      sin respuesta             -
23/5_17:30_maf            34603458949          ENVIADO      recordatorio enviado (reacción en foto) -
23/5_19:00_maf            34649814146          ENVIADO      POSITIVA                  review enviada
24/5_19:00_4e             34649515037          ENVIADO      recordatorio enviado (48h) -
24/5_16:10_csi            34635280014          ENVIADO      recordatorio enviado (48h) -
29/5_17:30_4e             34610648642          ENVIADO      recordatorio FALLIDO (send_not_confirmed) -
29/5_17:40_csi            34651560074          ENVIADO      POSITIVA                  review enviada
30/5_11:30_4e             34647357305          ENVIADO      recordatorio enviado (48h) -
30/5_14:40_csi            31657059941          ENVIADO      POSITIVA                  review enviada
30/5_20:30_4e             34665943110          ENVIADO      POSITIVA                  review enviada
23/5_16:00_4e             34635122835          ENVIADO      recordatorio FALLIDO (send_not_confirmed) -
24/5_16:10_csi            34635280014          ENVIADO      POSITIVA                  review enviada
29/5_17:30_4e             34610648642          ENVIADO      recordatorio FALLIDO (send_not_confirmed) -
30/5_19:00_4e             34625490565          ENVIADO      POSITIVA                  review enviada
23/5_16:00_4e             34635122835          ENVIADO      POSITIVA (reacción emoji en texto) review enviada
29/5_17:30_4e             34610648642          ENVIADO      recordatorio FALLIDO (send_not_confirmed) -
29/5_17:30_4e             34610648642          ENVIADO      recordatorio FALLIDO (send_not_confirmed) -
29/5_17:30_4e             34610648642          ENVIADO      recordatorio FALLIDO (send_not_confirmed) -
29/5_17:30_4e             34610648642          ENVIADO      recordatorio FALLIDO (send_not_confirmed) -
29/5_17:30_4e             34610648642          ENVIADO      recordatorio enviado (48h) -
24/5_19:00_4e             34649515037          ENVIADO      POSITIVA                  review enviada
5/6_17:30_4e/csi          34%C2%A0661%C2%A017%C2%A038%C2%A050%E2%80%AC FALLIDO (intento 1) -                         -
6/6_11:30_4e              34609544005          FALLIDO (intento 1) -                         -
6/6_17:40_csi             34%C2%A0644%C2%A040%C2%A004%C2%A086%E2%80%AC FALLIDO (intento 1) -                         -
7/6_13:00_maf             34642913042          FALLIDO (intento 1) -                         -
7/6_13:10_csi             34653578572          FALLIDO (intento 1) -                         -
3/6_16:00_4e              32%C2%A0489%C2%A034%C2%A031%C2%A012%E2%80%AC FALLIDO (intento 1) -                         -
3/6_16:10_csi             31%C2%A06%C2%A027024287%E2%80%AC FALLIDO (intento 1) -                         -
7/6_17:30_4e              3548992971           FALLIDO (intento 1) -                         -

[2026-06-07 18:50:42] NEGATIVO | Fotos nuevas: 1 | Envios OK: 0 | Envios FAIL: 5 | Reviews negativas: 0 | Fotos borradas: 0

=== SESIÓN 13:53-18:50 (07/06/2026) ===
RESERVA                   TELÉFONO             ESTADO       RESPUESTA                 REVIEW
-----------------------------------------------------------------------------------------------
30/5_19:00_4e             34625490565          ENVIADO      sin respuesta             -
30/5_20:30_4e             34665943110          ENVIADO      sin respuesta             -
23/5_17:30_maf            34603458949          ENVIADO      recordatorio enviado (reacción en foto) -
23/5_19:00_maf            34649814146          ENVIADO      POSITIVA                  review enviada
24/5_19:00_4e             34649515037          ENVIADO      recordatorio enviado (48h) -
24/5_16:10_csi            34635280014          ENVIADO      recordatorio enviado (48h) -
29/5_17:30_4e             34610648642          ENVIADO      recordatorio FALLIDO (send_not_confirmed) -
29/5_17:40_csi            34651560074          ENVIADO      POSITIVA                  review enviada
30/5_11:30_4e             34647357305          ENVIADO      recordatorio enviado (48h) -
30/5_14:40_csi            31657059941          ENVIADO      POSITIVA                  review enviada
30/5_20:30_4e             34665943110          ENVIADO      POSITIVA                  review enviada
23/5_16:00_4e             34635122835          ENVIADO      recordatorio FALLIDO (send_not_confirmed) -
24/5_16:10_csi            34635280014          ENVIADO      POSITIVA                  review enviada
29/5_17:30_4e             34610648642          ENVIADO      recordatorio FALLIDO (send_not_confirmed) -
30/5_19:00_4e             34625490565          ENVIADO      POSITIVA                  review enviada
23/5_16:00_4e             34635122835          ENVIADO      POSITIVA (reacción emoji en texto) review enviada
29/5_17:30_4e             34610648642          ENVIADO      recordatorio FALLIDO (send_not_confirmed) -
29/5_17:30_4e             34610648642          ENVIADO      recordatorio FALLIDO (send_not_confirmed) -
29/5_17:30_4e             34610648642          ENVIADO      recordatorio FALLIDO (send_not_confirmed) -
29/5_17:30_4e             34610648642          ENVIADO      recordatorio FALLIDO (send_not_confirmed) -
29/5_17:30_4e             34610648642          ENVIADO      recordatorio enviado (48h) -
24/5_19:00_4e             34649515037          ENVIADO      POSITIVA                  review enviada
5/6_17:30_4e/csi          34%C2%A0661%C2%A017%C2%A038%C2%A050%E2%80%AC FALLIDO (intento 1) -                         -
6/6_11:30_4e              34609544005          FALLIDO (intento 1) -                         -
6/6_17:40_csi             34%C2%A0644%C2%A040%C2%A004%C2%A086%E2%80%AC FALLIDO (intento 1) -                         -
7/6_13:00_maf             34642913042          FALLIDO (intento 1) -                         -
7/6_13:10_csi             34653578572          FALLIDO (intento 1) -                         -
3/6_16:00_4e              32%C2%A0489%C2%A034%C2%A031%C2%A012%E2%80%AC FALLIDO (intento 1) -                         -
3/6_16:10_csi             31%C2%A06%C2%A027024287%E2%80%AC FALLIDO (intento 1) -                         -
7/6_17:30_4e              3548992971           FALLIDO (intento 1) -                         -

[2026-06-07 19:06:56] NEGATIVO | Fotos nuevas: 0 | Envios OK: 0 | Envios FAIL: 5 | Reviews negativas: 0 | Fotos borradas: 0

=== SESIÓN 13:53-18:50 (07/06/2026) ===
RESERVA                   TELÉFONO             ESTADO       RESPUESTA                 REVIEW
-----------------------------------------------------------------------------------------------
30/5_19:00_4e             34625490565          ENVIADO      sin respuesta             -
30/5_20:30_4e             34665943110          ENVIADO      sin respuesta             -
23/5_17:30_maf            34603458949          ENVIADO      recordatorio enviado (reacción en foto) -
23/5_19:00_maf            34649814146          ENVIADO      POSITIVA                  review enviada
24/5_19:00_4e             34649515037          ENVIADO      recordatorio enviado (48h) -
24/5_16:10_csi            34635280014          ENVIADO      recordatorio enviado (48h) -
29/5_17:30_4e             34610648642          ENVIADO      recordatorio FALLIDO (send_not_confirmed) -
29/5_17:40_csi            34651560074          ENVIADO      POSITIVA                  review enviada
30/5_11:30_4e             34647357305          ENVIADO      recordatorio enviado (48h) -
30/5_14:40_csi            31657059941          ENVIADO      POSITIVA                  review enviada
30/5_20:30_4e             34665943110          ENVIADO      POSITIVA                  review enviada
23/5_16:00_4e             34635122835          ENVIADO      recordatorio FALLIDO (send_not_confirmed) -
24/5_16:10_csi            34635280014          ENVIADO      POSITIVA                  review enviada
29/5_17:30_4e             34610648642          ENVIADO      recordatorio FALLIDO (send_not_confirmed) -
30/5_19:00_4e             34625490565          ENVIADO      POSITIVA                  review enviada
23/5_16:00_4e             34635122835          ENVIADO      POSITIVA (reacción emoji en texto) review enviada
29/5_17:30_4e             34610648642          ENVIADO      recordatorio FALLIDO (send_not_confirmed) -
29/5_17:30_4e             34610648642          ENVIADO      recordatorio FALLIDO (send_not_confirmed) -
29/5_17:30_4e             34610648642          ENVIADO      recordatorio FALLIDO (send_not_confirmed) -
29/5_17:30_4e             34610648642          ENVIADO      recordatorio FALLIDO (send_not_confirmed) -
29/5_17:30_4e             34610648642          ENVIADO      recordatorio enviado (48h) -
24/5_19:00_4e             34649515037          ENVIADO      POSITIVA                  review enviada
5/6_17:30_4e/csi          34%C2%A0661%C2%A017%C2%A038%C2%A050%E2%80%AC FALLIDO (intento 1) -                         -
6/6_11:30_4e              34609544005          FALLIDO (intento 1) -                         -
6/6_17:40_csi             34%C2%A0644%C2%A040%C2%A004%C2%A086%E2%80%AC FALLIDO (intento 1) -                         -
7/6_13:00_maf             34642913042          FALLIDO (intento 1) -                         -
7/6_13:10_csi             34653578572          FALLIDO (intento 1) -                         -
3/6_16:00_4e              32%C2%A0489%C2%A034%C2%A031%C2%A012%E2%80%AC FALLIDO (intento 1) -                         -
3/6_16:10_csi             31%C2%A06%C2%A027024287%E2%80%AC FALLIDO (intento 1) -                         -
7/6_17:30_4e              3548992971           FALLIDO (intento 1) -                         -

[2026-06-07 19:23:09] NEGATIVO | Fotos nuevas: 0 | Envios OK: 0 | Envios FAIL: 5 | Reviews negativas: 0 | Fotos borradas: 0

=== SESIÓN 13:53-18:50 (07/06/2026) ===
RESERVA                   TELÉFONO             ESTADO       RESPUESTA                 REVIEW
-----------------------------------------------------------------------------------------------
30/5_19:00_4e             34625490565          ENVIADO      sin respuesta             -
30/5_20:30_4e             34665943110          ENVIADO      sin respuesta             -
23/5_17:30_maf            34603458949          ENVIADO      recordatorio enviado (reacción en foto) -
23/5_19:00_maf            34649814146          ENVIADO      POSITIVA                  review enviada
24/5_19:00_4e             34649515037          ENVIADO      recordatorio enviado (48h) -
24/5_16:10_csi            34635280014          ENVIADO      recordatorio enviado (48h) -
29/5_17:30_4e             34610648642          ENVIADO      recordatorio FALLIDO (send_not_confirmed) -
29/5_17:40_csi            34651560074          ENVIADO      POSITIVA                  review enviada
30/5_11:30_4e             34647357305          ENVIADO      recordatorio enviado (48h) -
30/5_14:40_csi            31657059941          ENVIADO      POSITIVA                  review enviada
30/5_20:30_4e             34665943110          ENVIADO      POSITIVA                  review enviada
23/5_16:00_4e             34635122835          ENVIADO      recordatorio FALLIDO (send_not_confirmed) -
24/5_16:10_csi            34635280014          ENVIADO      POSITIVA                  review enviada
29/5_17:30_4e             34610648642          ENVIADO      recordatorio FALLIDO (send_not_confirmed) -
30/5_19:00_4e             34625490565          ENVIADO      POSITIVA                  review enviada
23/5_16:00_4e             34635122835          ENVIADO      POSITIVA (reacción emoji en texto) review enviada
29/5_17:30_4e             34610648642          ENVIADO      recordatorio FALLIDO (send_not_confirmed) -
29/5_17:30_4e             34610648642          ENVIADO      recordatorio FALLIDO (send_not_confirmed) -
29/5_17:30_4e             34610648642          ENVIADO      recordatorio FALLIDO (send_not_confirmed) -
29/5_17:30_4e             34610648642          ENVIADO      recordatorio FALLIDO (send_not_confirmed) -
29/5_17:30_4e             34610648642          ENVIADO      recordatorio enviado (48h) -
24/5_19:00_4e             34649515037          ENVIADO      POSITIVA                  review enviada
5/6_17:30_4e/csi          34%C2%A0661%C2%A017%C2%A038%C2%A050%E2%80%AC FALLIDO (intento 1) -                         -
6/6_11:30_4e              34609544005          FALLIDO (intento 1) -                         -
6/6_17:40_csi             34%C2%A0644%C2%A040%C2%A004%C2%A086%E2%80%AC FALLIDO (intento 1) -                         -
7/6_13:00_maf             34642913042          FALLIDO (intento 1) -                         -
7/6_13:10_csi             34653578572          FALLIDO (intento 1) -                         -
3/6_16:00_4e              32%C2%A0489%C2%A034%C2%A031%C2%A012%E2%80%AC FALLIDO (intento 1) -                         -
3/6_16:10_csi             31%C2%A06%C2%A027024287%E2%80%AC FALLIDO (intento 1) -                         -
7/6_17:30_4e              3548992971           FALLIDO (intento 1) -                         -

[2026-06-07 19:39:20] NEGATIVO | Fotos nuevas: 0 | Envios OK: 0 | Envios FAIL: 5 | Reviews negativas: 0 | Fotos borradas: 0

=== SESIÓN 13:53-18:50 (07/06/2026) ===
RESERVA                   TELÉFONO             ESTADO       RESPUESTA                 REVIEW
-----------------------------------------------------------------------------------------------
30/5_19:00_4e             34625490565          ENVIADO      sin respuesta             -
30/5_20:30_4e             34665943110          ENVIADO      sin respuesta             -
23/5_17:30_maf            34603458949          ENVIADO      recordatorio enviado (reacción en foto) -
23/5_19:00_maf            34649814146          ENVIADO      POSITIVA                  review enviada
24/5_19:00_4e             34649515037          ENVIADO      recordatorio enviado (48h) -
24/5_16:10_csi            34635280014          ENVIADO      recordatorio enviado (48h) -
29/5_17:30_4e             34610648642          ENVIADO      recordatorio FALLIDO (send_not_confirmed) -
29/5_17:40_csi            34651560074          ENVIADO      POSITIVA                  review enviada
30/5_11:30_4e             34647357305          ENVIADO      recordatorio enviado (48h) -
30/5_14:40_csi            31657059941          ENVIADO      POSITIVA                  review enviada
30/5_20:30_4e             34665943110          ENVIADO      POSITIVA                  review enviada
23/5_16:00_4e             34635122835          ENVIADO      recordatorio FALLIDO (send_not_confirmed) -
24/5_16:10_csi            34635280014          ENVIADO      POSITIVA                  review enviada
29/5_17:30_4e             34610648642          ENVIADO      recordatorio FALLIDO (send_not_confirmed) -
30/5_19:00_4e             34625490565          ENVIADO      POSITIVA                  review enviada
23/5_16:00_4e             34635122835          ENVIADO      POSITIVA (reacción emoji en texto) review enviada
29/5_17:30_4e             34610648642          ENVIADO      recordatorio FALLIDO (send_not_confirmed) -
29/5_17:30_4e             34610648642          ENVIADO      recordatorio FALLIDO (send_not_confirmed) -
29/5_17:30_4e             34610648642          ENVIADO      recordatorio FALLIDO (send_not_confirmed) -
29/5_17:30_4e             34610648642          ENVIADO      recordatorio FALLIDO (send_not_confirmed) -
29/5_17:30_4e             34610648642          ENVIADO      recordatorio enviado (48h) -
24/5_19:00_4e             34649515037          ENVIADO      POSITIVA                  review enviada
5/6_17:30_4e/csi          34%C2%A0661%C2%A017%C2%A038%C2%A050%E2%80%AC FALLIDO (intento 1) -                         -
6/6_11:30_4e              34609544005          FALLIDO (intento 1) -                         -
6/6_17:40_csi             34%C2%A0644%C2%A040%C2%A004%C2%A086%E2%80%AC FALLIDO (intento 1) -                         -
7/6_13:00_maf             34642913042          FALLIDO (intento 1) -                         -
7/6_13:10_csi             34653578572          FALLIDO (intento 1) -                         -
3/6_16:00_4e              32%C2%A0489%C2%A034%C2%A031%C2%A012%E2%80%AC FALLIDO (intento 1) -                         -
3/6_16:10_csi             31%C2%A06%C2%A027024287%E2%80%AC FALLIDO (intento 1) -                         -
7/6_17:30_4e              3548992971           FALLIDO (intento 1) -                         -

[2026-06-07 19:55:34] NEGATIVO | Fotos nuevas: 0 | Envios OK: 0 | Envios FAIL: 5 | Reviews negativas: 0 | Fotos borradas: 0

=== SESIÓN 13:53-18:50 (07/06/2026) ===
RESERVA                   TELÉFONO             ESTADO       RESPUESTA                 REVIEW
-----------------------------------------------------------------------------------------------
30/5_19:00_4e             34625490565          ENVIADO      sin respuesta             -
30/5_20:30_4e             34665943110          ENVIADO      sin respuesta             -
23/5_17:30_maf            34603458949          ENVIADO      recordatorio enviado (reacción en foto) -
23/5_19:00_maf            34649814146          ENVIADO      POSITIVA                  review enviada
24/5_19:00_4e             34649515037          ENVIADO      recordatorio enviado (48h) -
24/5_16:10_csi            34635280014          ENVIADO      recordatorio enviado (48h) -
29/5_17:30_4e             34610648642          ENVIADO      recordatorio FALLIDO (send_not_confirmed) -
29/5_17:40_csi            34651560074          ENVIADO      POSITIVA                  review enviada
30/5_11:30_4e             34647357305          ENVIADO      recordatorio enviado (48h) -
30/5_14:40_csi            31657059941          ENVIADO      POSITIVA                  review enviada
30/5_20:30_4e             34665943110          ENVIADO      POSITIVA                  review enviada
23/5_16:00_4e             34635122835          ENVIADO      recordatorio FALLIDO (send_not_confirmed) -
24/5_16:10_csi            34635280014          ENVIADO      POSITIVA                  review enviada
29/5_17:30_4e             34610648642          ENVIADO      recordatorio FALLIDO (send_not_confirmed) -
30/5_19:00_4e             34625490565          ENVIADO      POSITIVA                  review enviada
23/5_16:00_4e             34635122835          ENVIADO      POSITIVA (reacción emoji en texto) review enviada
29/5_17:30_4e             34610648642          ENVIADO      recordatorio FALLIDO (send_not_confirmed) -
29/5_17:30_4e             34610648642          ENVIADO      recordatorio FALLIDO (send_not_confirmed) -
29/5_17:30_4e             34610648642          ENVIADO      recordatorio FALLIDO (send_not_confirmed) -
29/5_17:30_4e             34610648642          ENVIADO      recordatorio FALLIDO (send_not_confirmed) -
29/5_17:30_4e             34610648642          ENVIADO      recordatorio enviado (48h) -
24/5_19:00_4e             34649515037          ENVIADO      POSITIVA                  review enviada
5/6_17:30_4e/csi          34%C2%A0661%C2%A017%C2%A038%C2%A050%E2%80%AC FALLIDO (intento 1) -                         -
6/6_11:30_4e              34609544005          FALLIDO (intento 1) -                         -
6/6_17:40_csi             34%C2%A0644%C2%A040%C2%A004%C2%A086%E2%80%AC FALLIDO (intento 1) -                         -
7/6_13:00_maf             34642913042          FALLIDO (intento 1) -                         -
7/6_13:10_csi             34653578572          FALLIDO (intento 1) -                         -
3/6_16:00_4e              32%C2%A0489%C2%A034%C2%A031%C2%A012%E2%80%AC FALLIDO (intento 1) -                         -
3/6_16:10_csi             31%C2%A06%C2%A027024287%E2%80%AC FALLIDO (intento 1) -                         -
7/6_17:30_4e              3548992971           FALLIDO (intento 1) -                         -

[2026-06-07 20:11:45] NEGATIVO | Fotos nuevas: 0 | Envios OK: 0 | Envios FAIL: 5 | Reviews negativas: 0 | Fotos borradas: 0

=== SESIÓN 13:53-18:50 (07/06/2026) ===
RESERVA                   TELÉFONO             ESTADO       RESPUESTA                 REVIEW
-----------------------------------------------------------------------------------------------
30/5_19:00_4e             34625490565          ENVIADO      sin respuesta             -
30/5_20:30_4e             34665943110          ENVIADO      sin respuesta             -
23/5_17:30_maf            34603458949          ENVIADO      recordatorio enviado (reacción en foto) -
23/5_19:00_maf            34649814146          ENVIADO      POSITIVA                  review enviada
24/5_19:00_4e             34649515037          ENVIADO      recordatorio enviado (48h) -
24/5_16:10_csi            34635280014          ENVIADO      recordatorio enviado (48h) -
29/5_17:30_4e             34610648642          ENVIADO      recordatorio FALLIDO (send_not_confirmed) -
29/5_17:40_csi            34651560074          ENVIADO      POSITIVA                  review enviada
30/5_11:30_4e             34647357305          ENVIADO      recordatorio enviado (48h) -
30/5_14:40_csi            31657059941          ENVIADO      POSITIVA                  review enviada
30/5_20:30_4e             34665943110          ENVIADO      POSITIVA                  review enviada
23/5_16:00_4e             34635122835          ENVIADO      recordatorio FALLIDO (send_not_confirmed) -
24/5_16:10_csi            34635280014          ENVIADO      POSITIVA                  review enviada
29/5_17:30_4e             34610648642          ENVIADO      recordatorio FALLIDO (send_not_confirmed) -
30/5_19:00_4e             34625490565          ENVIADO      POSITIVA                  review enviada
23/5_16:00_4e             34635122835          ENVIADO      POSITIVA (reacción emoji en texto) review enviada
29/5_17:30_4e             34610648642          ENVIADO      recordatorio FALLIDO (send_not_confirmed) -
29/5_17:30_4e             34610648642          ENVIADO      recordatorio FALLIDO (send_not_confirmed) -
29/5_17:30_4e             34610648642          ENVIADO      recordatorio FALLIDO (send_not_confirmed) -
29/5_17:30_4e             34610648642          ENVIADO      recordatorio FALLIDO (send_not_confirmed) -
29/5_17:30_4e             34610648642          ENVIADO      recordatorio enviado (48h) -
24/5_19:00_4e             34649515037          ENVIADO      POSITIVA                  review enviada
5/6_17:30_4e/csi          34%C2%A0661%C2%A017%C2%A038%C2%A050%E2%80%AC FALLIDO (intento 1) -                         -
6/6_11:30_4e              34609544005          FALLIDO (intento 1) -                         -
6/6_17:40_csi             34%C2%A0644%C2%A040%C2%A004%C2%A086%E2%80%AC FALLIDO (intento 1) -                         -
7/6_13:00_maf             34642913042          FALLIDO (intento 1) -                         -
7/6_13:10_csi             34653578572          FALLIDO (intento 1) -                         -
3/6_16:00_4e              32%C2%A0489%C2%A034%C2%A031%C2%A012%E2%80%AC FALLIDO (intento 1) -                         -
3/6_16:10_csi             31%C2%A06%C2%A027024287%E2%80%AC FALLIDO (intento 1) -                         -
7/6_17:30_4e              3548992971           FALLIDO (intento 1) -                         -

[2026-06-07 20:27:56] NEGATIVO | Fotos nuevas: 0 | Envios OK: 0 | Envios FAIL: 5 | Reviews negativas: 0 | Fotos borradas: 0
