
=== SESIÓN 18:26-22:16 (24/05/2026) ===
RESERVA                   TELÉFONO             ESTADO       RESPUESTA                 REVIEW
-----------------------------------------------------------------------------------------------
16/5_17:30_4e             34662691916          ENVIADO      sin respuesta             -
16/5_17:40_csi            34661826756          ENVIADO      sin respuesta             -
15/5_19:00_4e             34680445843          ENVIADO      POSITIVA                  review enviada
16/5_17:40_csi            34661826756          ENVIADO      POSITIVA                  review enviada
16/5_19:10_csi            34676007933          ENVIADO      sin respuesta             -
16/5_19:10_csi            34676007933          ENVIADO      POSITIVA                  review enviada
16/5_19:00_4e             34%C2%A0635%C2%A088%C2%A014%C2%A013%E2%80%AC ENVIADO      sin respuesta             -
16/5_19:00_4e             34%C2%A0635%C2%A088%C2%A014%C2%A013%E2%80%AC ENVIADO      POSITIVA                  review enviada
16/5_20:40_csi            34670238951          ENVIADO      sin respuesta             -
17/5_17:30_4e             34674807460          ENVIADO      sin respuesta             -
17/5_16:00_4e             34%C2%A0652%C2%A090%C2%A019%C2%A066%E2%80%AC ENVIADO      sin respuesta             -
17/5_16:00_4e             34%C2%A0652%C2%A090%C2%A019%C2%A066%E2%80%AC ENVIADO      POSITIVA                  review enviada
17/5_17:30_4e             34674807460          ENVIADO      POSITIVA                  review enviada
15/5_16:00_maf            34630660579          ENVIADO      recordatorio enviado (48h) -
15/5_19:10_csi            34657852342          ENVIADO      recordatorio enviado (48h) -
15/5_16:00_maf            34630660579          ENVIADO      NEUTRAL (guardado para revisión) -
15/5_19:10_csi            34657852342          ENVIADO      POSITIVA                  review enviada
16/5_17:30_4e             34662691916          ENVIADO      recordatorio FALLIDO (send_not_confirmed) -
16/5_17:30_4e             34662691916          ENVIADO      recordatorio FALLIDO (send_not_confirmed) -
16/5_17:30_4e             34662691916          ENVIADO      recordatorio enviado (48h) -
16/5_20:40_csi            34670238951          ENVIADO      recordatorio enviado (48h) -

[2026-05-24 10:04:33] POSITIVO | Fotos nuevas: 5 | Envios OK: 0 | Envios FAIL: 0 | Reviews negativas: 0 | Fotos borradas: 0

=== SESIÓN 18:26-22:16 (24/05/2026) ===
RESERVA                   TELÉFONO             ESTADO       RESPUESTA                 REVIEW
-----------------------------------------------------------------------------------------------
16/5_17:30_4e             34662691916          ENVIADO      sin respuesta             -
16/5_17:40_csi            34661826756          ENVIADO      sin respuesta             -
15/5_19:00_4e             34680445843          ENVIADO      POSITIVA                  review enviada
16/5_17:40_csi            34661826756          ENVIADO      POSITIVA                  review enviada
16/5_19:10_csi            34676007933          ENVIADO      sin respuesta             -
16/5_19:10_csi            34676007933          ENVIADO      POSITIVA                  review enviada
16/5_19:00_4e             34%C2%A0635%C2%A088%C2%A014%C2%A013%E2%80%AC ENVIADO      sin respuesta             -
16/5_19:00_4e             34%C2%A0635%C2%A088%C2%A014%C2%A013%E2%80%AC ENVIADO      POSITIVA                  review enviada
16/5_20:40_csi            34670238951          ENVIADO      sin respuesta             -
17/5_17:30_4e             34674807460          ENVIADO      sin respuesta             -
17/5_16:00_4e             34%C2%A0652%C2%A090%C2%A019%C2%A066%E2%80%AC ENVIADO      sin respuesta             -
17/5_16:00_4e             34%C2%A0652%C2%A090%C2%A019%C2%A066%E2%80%AC ENVIADO      POSITIVA                  review enviada
17/5_17:30_4e             34674807460          ENVIADO      POSITIVA                  review enviada
15/5_16:00_maf            34630660579          ENVIADO      recordatorio enviado (48h) -
15/5_19:10_csi            34657852342          ENVIADO      recordatorio enviado (48h) -
15/5_16:00_maf            34630660579          ENVIADO      NEUTRAL (guardado para revisión) -
15/5_19:10_csi            34657852342          ENVIADO      POSITIVA                  review enviada
16/5_17:30_4e             34662691916          ENVIADO      recordatorio FALLIDO (send_not_confirmed) -
16/5_17:30_4e             34662691916          ENVIADO      recordatorio FALLIDO (send_not_confirmed) -
16/5_17:30_4e             34662691916          ENVIADO      recordatorio enviado (48h) -
16/5_20:40_csi            34670238951          ENVIADO      recordatorio enviado (48h) -

[2026-05-24 10:22:00] POSITIVO | Fotos nuevas: 0 | Envios OK: 0 | Envios FAIL: 0 | Reviews negativas: 0 | Fotos borradas: 0

=== SESIÓN 18:26-22:16 (24/05/2026) ===
RESERVA                   TELÉFONO             ESTADO       RESPUESTA                 REVIEW
-----------------------------------------------------------------------------------------------
16/5_17:30_4e             34662691916          ENVIADO      sin respuesta             -
16/5_17:40_csi            34661826756          ENVIADO      sin respuesta             -
15/5_19:00_4e             34680445843          ENVIADO      POSITIVA                  review enviada
16/5_17:40_csi            34661826756          ENVIADO      POSITIVA                  review enviada
16/5_19:10_csi            34676007933          ENVIADO      sin respuesta             -
16/5_19:10_csi            34676007933          ENVIADO      POSITIVA                  review enviada
16/5_19:00_4e             34%C2%A0635%C2%A088%C2%A014%C2%A013%E2%80%AC ENVIADO      sin respuesta             -
16/5_19:00_4e             34%C2%A0635%C2%A088%C2%A014%C2%A013%E2%80%AC ENVIADO      POSITIVA                  review enviada
16/5_20:40_csi            34670238951          ENVIADO      sin respuesta             -
17/5_17:30_4e             34674807460          ENVIADO      sin respuesta             -
17/5_16:00_4e             34%C2%A0652%C2%A090%C2%A019%C2%A066%E2%80%AC ENVIADO      sin respuesta             -
17/5_16:00_4e             34%C2%A0652%C2%A090%C2%A019%C2%A066%E2%80%AC ENVIADO      POSITIVA                  review enviada
17/5_17:30_4e             34674807460          ENVIADO      POSITIVA                  review enviada
15/5_16:00_maf            34630660579          ENVIADO      recordatorio enviado (48h) -
15/5_19:10_csi            34657852342          ENVIADO      recordatorio enviado (48h) -
15/5_16:00_maf            34630660579          ENVIADO      NEUTRAL (guardado para revisión) -
15/5_19:10_csi            34657852342          ENVIADO      POSITIVA                  review enviada
16/5_17:30_4e             34662691916          ENVIADO      recordatorio FALLIDO (send_not_confirmed) -
16/5_17:30_4e             34662691916          ENVIADO      recordatorio FALLIDO (send_not_confirmed) -
16/5_17:30_4e             34662691916          ENVIADO      recordatorio enviado (48h) -
16/5_20:40_csi            34670238951          ENVIADO      recordatorio enviado (48h) -

[2026-05-24 10:39:02] POSITIVO | Fotos nuevas: 0 | Envios OK: 0 | Envios FAIL: 0 | Reviews negativas: 0 | Fotos borradas: 0

=== SESIÓN 18:26-22:16 (24/05/2026) ===
RESERVA                   TELÉFONO             ESTADO       RESPUESTA                 REVIEW
-----------------------------------------------------------------------------------------------
16/5_17:30_4e             34662691916          ENVIADO      sin respuesta             -
16/5_17:40_csi            34661826756          ENVIADO      sin respuesta             -
15/5_19:00_4e             34680445843          ENVIADO      POSITIVA                  review enviada
16/5_17:40_csi            34661826756          ENVIADO      POSITIVA                  review enviada
16/5_19:10_csi            34676007933          ENVIADO      sin respuesta             -
16/5_19:10_csi            34676007933          ENVIADO      POSITIVA                  review enviada
16/5_19:00_4e             34%C2%A0635%C2%A088%C2%A014%C2%A013%E2%80%AC ENVIADO      sin respuesta             -
16/5_19:00_4e             34%C2%A0635%C2%A088%C2%A014%C2%A013%E2%80%AC ENVIADO      POSITIVA                  review enviada
16/5_20:40_csi            34670238951          ENVIADO      sin respuesta             -
17/5_17:30_4e             34674807460          ENVIADO      sin respuesta             -
17/5_16:00_4e             34%C2%A0652%C2%A090%C2%A019%C2%A066%E2%80%AC ENVIADO      sin respuesta             -
17/5_16:00_4e             34%C2%A0652%C2%A090%C2%A019%C2%A066%E2%80%AC ENVIADO      POSITIVA                  review enviada
17/5_17:30_4e             34674807460          ENVIADO      POSITIVA                  review enviada
15/5_16:00_maf            34630660579          ENVIADO      recordatorio enviado (48h) -
15/5_19:10_csi            34657852342          ENVIADO      recordatorio enviado (48h) -
15/5_16:00_maf            34630660579          ENVIADO      NEUTRAL (guardado para revisión) -
15/5_19:10_csi            34657852342          ENVIADO      POSITIVA                  review enviada
16/5_17:30_4e             34662691916          ENVIADO      recordatorio FALLIDO (send_not_confirmed) -
16/5_17:30_4e             34662691916          ENVIADO      recordatorio FALLIDO (send_not_confirmed) -
16/5_17:30_4e             34662691916          ENVIADO      recordatorio enviado (48h) -
16/5_20:40_csi            34670238951          ENVIADO      recordatorio enviado (48h) -

[2026-05-24 10:56:20] POSITIVO | Fotos nuevas: 0 | Envios OK: 0 | Envios FAIL: 0 | Reviews negativas: 0 | Fotos borradas: 0

=== SESIÓN 18:26-22:16 (24/05/2026) ===
RESERVA                   TELÉFONO             ESTADO       RESPUESTA                 REVIEW
-----------------------------------------------------------------------------------------------
16/5_17:30_4e             34662691916          ENVIADO      sin respuesta             -
16/5_17:40_csi            34661826756          ENVIADO      sin respuesta             -
15/5_19:00_4e             34680445843          ENVIADO      POSITIVA                  review enviada
16/5_17:40_csi            34661826756          ENVIADO      POSITIVA                  review enviada
16/5_19:10_csi            34676007933          ENVIADO      sin respuesta             -
16/5_19:10_csi            34676007933          ENVIADO      POSITIVA                  review enviada
16/5_19:00_4e             34%C2%A0635%C2%A088%C2%A014%C2%A013%E2%80%AC ENVIADO      sin respuesta             -
16/5_19:00_4e             34%C2%A0635%C2%A088%C2%A014%C2%A013%E2%80%AC ENVIADO      POSITIVA                  review enviada
16/5_20:40_csi            34670238951          ENVIADO      sin respuesta             -
17/5_17:30_4e             34674807460          ENVIADO      sin respuesta             -
17/5_16:00_4e             34%C2%A0652%C2%A090%C2%A019%C2%A066%E2%80%AC ENVIADO      sin respuesta             -
17/5_16:00_4e             34%C2%A0652%C2%A090%C2%A019%C2%A066%E2%80%AC ENVIADO      POSITIVA                  review enviada
17/5_17:30_4e             34674807460          ENVIADO      POSITIVA                  review enviada
15/5_16:00_maf            34630660579          ENVIADO      recordatorio enviado (48h) -
15/5_19:10_csi            34657852342          ENVIADO      recordatorio enviado (48h) -
15/5_16:00_maf            34630660579          ENVIADO      NEUTRAL (guardado para revisión) -
15/5_19:10_csi            34657852342          ENVIADO      POSITIVA                  review enviada
16/5_17:30_4e             34662691916          ENVIADO      recordatorio FALLIDO (send_not_confirmed) -
16/5_17:30_4e             34662691916          ENVIADO      recordatorio FALLIDO (send_not_confirmed) -
16/5_17:30_4e             34662691916          ENVIADO      recordatorio enviado (48h) -
16/5_20:40_csi            34670238951          ENVIADO      recordatorio enviado (48h) -

[2026-05-24 11:13:52] POSITIVO | Fotos nuevas: 0 | Envios OK: 0 | Envios FAIL: 0 | Reviews negativas: 0 | Fotos borradas: 0

=== SESIÓN 18:26-22:16 (24/05/2026) ===
RESERVA                   TELÉFONO             ESTADO       RESPUESTA                 REVIEW
-----------------------------------------------------------------------------------------------
16/5_17:30_4e             34662691916          ENVIADO      sin respuesta             -
16/5_17:40_csi            34661826756          ENVIADO      sin respuesta             -
15/5_19:00_4e             34680445843          ENVIADO      POSITIVA                  review enviada
16/5_17:40_csi            34661826756          ENVIADO      POSITIVA                  review enviada
16/5_19:10_csi            34676007933          ENVIADO      sin respuesta             -
16/5_19:10_csi            34676007933          ENVIADO      POSITIVA                  review enviada
16/5_19:00_4e             34%C2%A0635%C2%A088%C2%A014%C2%A013%E2%80%AC ENVIADO      sin respuesta             -
16/5_19:00_4e             34%C2%A0635%C2%A088%C2%A014%C2%A013%E2%80%AC ENVIADO      POSITIVA                  review enviada
16/5_20:40_csi            34670238951          ENVIADO      sin respuesta             -
17/5_17:30_4e             34674807460          ENVIADO      sin respuesta             -
17/5_16:00_4e             34%C2%A0652%C2%A090%C2%A019%C2%A066%E2%80%AC ENVIADO      sin respuesta             -
17/5_16:00_4e             34%C2%A0652%C2%A090%C2%A019%C2%A066%E2%80%AC ENVIADO      POSITIVA                  review enviada
17/5_17:30_4e             34674807460          ENVIADO      POSITIVA                  review enviada
15/5_16:00_maf            34630660579          ENVIADO      recordatorio enviado (48h) -
15/5_19:10_csi            34657852342          ENVIADO      recordatorio enviado (48h) -
15/5_16:00_maf            34630660579          ENVIADO      NEUTRAL (guardado para revisión) -
15/5_19:10_csi            34657852342          ENVIADO      POSITIVA                  review enviada
16/5_17:30_4e             34662691916          ENVIADO      recordatorio FALLIDO (send_not_confirmed) -
16/5_17:30_4e             34662691916          ENVIADO      recordatorio FALLIDO (send_not_confirmed) -
16/5_17:30_4e             34662691916          ENVIADO      recordatorio enviado (48h) -
16/5_20:40_csi            34670238951          ENVIADO      recordatorio enviado (48h) -

[2026-05-24 11:31:20] POSITIVO | Fotos nuevas: 0 | Envios OK: 0 | Envios FAIL: 0 | Reviews negativas: 0 | Fotos borradas: 0

=== SESIÓN 18:26-22:16 (24/05/2026) ===
RESERVA                   TELÉFONO             ESTADO       RESPUESTA                 REVIEW
-----------------------------------------------------------------------------------------------
16/5_17:30_4e             34662691916          ENVIADO      sin respuesta             -
16/5_17:40_csi            34661826756          ENVIADO      sin respuesta             -
15/5_19:00_4e             34680445843          ENVIADO      POSITIVA                  review enviada
16/5_17:40_csi            34661826756          ENVIADO      POSITIVA                  review enviada
16/5_19:10_csi            34676007933          ENVIADO      sin respuesta             -
16/5_19:10_csi            34676007933          ENVIADO      POSITIVA                  review enviada
16/5_19:00_4e             34%C2%A0635%C2%A088%C2%A014%C2%A013%E2%80%AC ENVIADO      sin respuesta             -
16/5_19:00_4e             34%C2%A0635%C2%A088%C2%A014%C2%A013%E2%80%AC ENVIADO      POSITIVA                  review enviada
16/5_20:40_csi            34670238951          ENVIADO      sin respuesta             -
17/5_17:30_4e             34674807460          ENVIADO      sin respuesta             -
17/5_16:00_4e             34%C2%A0652%C2%A090%C2%A019%C2%A066%E2%80%AC ENVIADO      sin respuesta             -
17/5_16:00_4e             34%C2%A0652%C2%A090%C2%A019%C2%A066%E2%80%AC ENVIADO      POSITIVA                  review enviada
17/5_17:30_4e             34674807460          ENVIADO      POSITIVA                  review enviada
15/5_16:00_maf            34630660579          ENVIADO      recordatorio enviado (48h) -
15/5_19:10_csi            34657852342          ENVIADO      recordatorio enviado (48h) -
15/5_16:00_maf            34630660579          ENVIADO      NEUTRAL (guardado para revisión) -
15/5_19:10_csi            34657852342          ENVIADO      POSITIVA                  review enviada
16/5_17:30_4e             34662691916          ENVIADO      recordatorio FALLIDO (send_not_confirmed) -
16/5_17:30_4e             34662691916          ENVIADO      recordatorio FALLIDO (send_not_confirmed) -
16/5_17:30_4e             34662691916          ENVIADO      recordatorio enviado (48h) -
16/5_20:40_csi            34670238951          ENVIADO      recordatorio enviado (48h) -

[2026-05-24 11:48:33] POSITIVO | Fotos nuevas: 0 | Envios OK: 0 | Envios FAIL: 0 | Reviews negativas: 0 | Fotos borradas: 0

=== SESIÓN 18:26-22:16 (24/05/2026) ===
RESERVA                   TELÉFONO             ESTADO       RESPUESTA                 REVIEW
-----------------------------------------------------------------------------------------------
16/5_17:30_4e             34662691916          ENVIADO      sin respuesta             -
16/5_17:40_csi            34661826756          ENVIADO      sin respuesta             -
15/5_19:00_4e             34680445843          ENVIADO      POSITIVA                  review enviada
16/5_17:40_csi            34661826756          ENVIADO      POSITIVA                  review enviada
16/5_19:10_csi            34676007933          ENVIADO      sin respuesta             -
16/5_19:10_csi            34676007933          ENVIADO      POSITIVA                  review enviada
16/5_19:00_4e             34%C2%A0635%C2%A088%C2%A014%C2%A013%E2%80%AC ENVIADO      sin respuesta             -
16/5_19:00_4e             34%C2%A0635%C2%A088%C2%A014%C2%A013%E2%80%AC ENVIADO      POSITIVA                  review enviada
16/5_20:40_csi            34670238951          ENVIADO      sin respuesta             -
17/5_17:30_4e             34674807460          ENVIADO      sin respuesta             -
17/5_16:00_4e             34%C2%A0652%C2%A090%C2%A019%C2%A066%E2%80%AC ENVIADO      sin respuesta             -
17/5_16:00_4e             34%C2%A0652%C2%A090%C2%A019%C2%A066%E2%80%AC ENVIADO      POSITIVA                  review enviada
17/5_17:30_4e             34674807460          ENVIADO      POSITIVA                  review enviada
15/5_16:00_maf            34630660579          ENVIADO      recordatorio enviado (48h) -
15/5_19:10_csi            34657852342          ENVIADO      recordatorio enviado (48h) -
15/5_16:00_maf            34630660579          ENVIADO      NEUTRAL (guardado para revisión) -
15/5_19:10_csi            34657852342          ENVIADO      POSITIVA                  review enviada
16/5_17:30_4e             34662691916          ENVIADO      recordatorio FALLIDO (send_not_confirmed) -
16/5_17:30_4e             34662691916          ENVIADO      recordatorio FALLIDO (send_not_confirmed) -
16/5_17:30_4e             34662691916          ENVIADO      recordatorio enviado (48h) -
16/5_20:40_csi            34670238951          ENVIADO      recordatorio enviado (48h) -

[2026-05-24 12:05:57] POSITIVO | Fotos nuevas: 0 | Envios OK: 0 | Envios FAIL: 0 | Reviews negativas: 0 | Fotos borradas: 0

=== SESIÓN 18:26-22:16 (24/05/2026) ===
RESERVA                   TELÉFONO             ESTADO       RESPUESTA                 REVIEW
-----------------------------------------------------------------------------------------------
16/5_17:30_4e             34662691916          ENVIADO      sin respuesta             -
16/5_17:40_csi            34661826756          ENVIADO      sin respuesta             -
15/5_19:00_4e             34680445843          ENVIADO      POSITIVA                  review enviada
16/5_17:40_csi            34661826756          ENVIADO      POSITIVA                  review enviada
16/5_19:10_csi            34676007933          ENVIADO      sin respuesta             -
16/5_19:10_csi            34676007933          ENVIADO      POSITIVA                  review enviada
16/5_19:00_4e             34%C2%A0635%C2%A088%C2%A014%C2%A013%E2%80%AC ENVIADO      sin respuesta             -
16/5_19:00_4e             34%C2%A0635%C2%A088%C2%A014%C2%A013%E2%80%AC ENVIADO      POSITIVA                  review enviada
16/5_20:40_csi            34670238951          ENVIADO      sin respuesta             -
17/5_17:30_4e             34674807460          ENVIADO      sin respuesta             -
17/5_16:00_4e             34%C2%A0652%C2%A090%C2%A019%C2%A066%E2%80%AC ENVIADO      sin respuesta             -
17/5_16:00_4e             34%C2%A0652%C2%A090%C2%A019%C2%A066%E2%80%AC ENVIADO      POSITIVA                  review enviada
17/5_17:30_4e             34674807460          ENVIADO      POSITIVA                  review enviada
15/5_16:00_maf            34630660579          ENVIADO      recordatorio enviado (48h) -
15/5_19:10_csi            34657852342          ENVIADO      recordatorio enviado (48h) -
15/5_16:00_maf            34630660579          ENVIADO      NEUTRAL (guardado para revisión) -
15/5_19:10_csi            34657852342          ENVIADO      POSITIVA                  review enviada
16/5_17:30_4e             34662691916          ENVIADO      recordatorio FALLIDO (send_not_confirmed) -
16/5_17:30_4e             34662691916          ENVIADO      recordatorio FALLIDO (send_not_confirmed) -
16/5_17:30_4e             34662691916          ENVIADO      recordatorio enviado (48h) -
16/5_20:40_csi            34670238951          ENVIADO      recordatorio enviado (48h) -

[2026-05-24 12:23:12] POSITIVO | Fotos nuevas: 0 | Envios OK: 0 | Envios FAIL: 0 | Reviews negativas: 0 | Fotos borradas: 0

=== SESIÓN 18:26-22:16 (24/05/2026) ===
RESERVA                   TELÉFONO             ESTADO       RESPUESTA                 REVIEW
-----------------------------------------------------------------------------------------------
16/5_17:30_4e             34662691916          ENVIADO      sin respuesta             -
16/5_17:40_csi            34661826756          ENVIADO      sin respuesta             -
15/5_19:00_4e             34680445843          ENVIADO      POSITIVA                  review enviada
16/5_17:40_csi            34661826756          ENVIADO      POSITIVA                  review enviada
16/5_19:10_csi            34676007933          ENVIADO      sin respuesta             -
16/5_19:10_csi            34676007933          ENVIADO      POSITIVA                  review enviada
16/5_19:00_4e             34%C2%A0635%C2%A088%C2%A014%C2%A013%E2%80%AC ENVIADO      sin respuesta             -
16/5_19:00_4e             34%C2%A0635%C2%A088%C2%A014%C2%A013%E2%80%AC ENVIADO      POSITIVA                  review enviada
16/5_20:40_csi            34670238951          ENVIADO      sin respuesta             -
17/5_17:30_4e             34674807460          ENVIADO      sin respuesta             -
17/5_16:00_4e             34%C2%A0652%C2%A090%C2%A019%C2%A066%E2%80%AC ENVIADO      sin respuesta             -
17/5_16:00_4e             34%C2%A0652%C2%A090%C2%A019%C2%A066%E2%80%AC ENVIADO      POSITIVA                  review enviada
17/5_17:30_4e             34674807460          ENVIADO      POSITIVA                  review enviada
15/5_16:00_maf            34630660579          ENVIADO      recordatorio enviado (48h) -
15/5_19:10_csi            34657852342          ENVIADO      recordatorio enviado (48h) -
15/5_16:00_maf            34630660579          ENVIADO      NEUTRAL (guardado para revisión) -
15/5_19:10_csi            34657852342          ENVIADO      POSITIVA                  review enviada
16/5_17:30_4e             34662691916          ENVIADO      recordatorio FALLIDO (send_not_confirmed) -
16/5_17:30_4e             34662691916          ENVIADO      recordatorio FALLIDO (send_not_confirmed) -
16/5_17:30_4e             34662691916          ENVIADO      recordatorio enviado (48h) -
16/5_20:40_csi            34670238951          ENVIADO      recordatorio enviado (48h) -

[2026-05-24 12:40:42] POSITIVO | Fotos nuevas: 0 | Envios OK: 0 | Envios FAIL: 0 | Reviews negativas: 0 | Fotos borradas: 0

=== SESIÓN 18:26-22:16 (24/05/2026) ===
RESERVA                   TELÉFONO             ESTADO       RESPUESTA                 REVIEW
-----------------------------------------------------------------------------------------------
16/5_17:30_4e             34662691916          ENVIADO      sin respuesta             -
16/5_17:40_csi            34661826756          ENVIADO      sin respuesta             -
15/5_19:00_4e             34680445843          ENVIADO      POSITIVA                  review enviada
16/5_17:40_csi            34661826756          ENVIADO      POSITIVA                  review enviada
16/5_19:10_csi            34676007933          ENVIADO      sin respuesta             -
16/5_19:10_csi            34676007933          ENVIADO      POSITIVA                  review enviada
16/5_19:00_4e             34%C2%A0635%C2%A088%C2%A014%C2%A013%E2%80%AC ENVIADO      sin respuesta             -
16/5_19:00_4e             34%C2%A0635%C2%A088%C2%A014%C2%A013%E2%80%AC ENVIADO      POSITIVA                  review enviada
16/5_20:40_csi            34670238951          ENVIADO      sin respuesta             -
17/5_17:30_4e             34674807460          ENVIADO      sin respuesta             -
17/5_16:00_4e             34%C2%A0652%C2%A090%C2%A019%C2%A066%E2%80%AC ENVIADO      sin respuesta             -
17/5_16:00_4e             34%C2%A0652%C2%A090%C2%A019%C2%A066%E2%80%AC ENVIADO      POSITIVA                  review enviada
17/5_17:30_4e             34674807460          ENVIADO      POSITIVA                  review enviada
15/5_16:00_maf            34630660579          ENVIADO      recordatorio enviado (48h) -
15/5_19:10_csi            34657852342          ENVIADO      recordatorio enviado (48h) -
15/5_16:00_maf            34630660579          ENVIADO      NEUTRAL (guardado para revisión) -
15/5_19:10_csi            34657852342          ENVIADO      POSITIVA                  review enviada
16/5_17:30_4e             34662691916          ENVIADO      recordatorio FALLIDO (send_not_confirmed) -
16/5_17:30_4e             34662691916          ENVIADO      recordatorio FALLIDO (send_not_confirmed) -
16/5_17:30_4e             34662691916          ENVIADO      recordatorio enviado (48h) -
16/5_20:40_csi            34670238951          ENVIADO      recordatorio enviado (48h) -

[2026-05-24 12:58:16] POSITIVO | Fotos nuevas: 0 | Envios OK: 0 | Envios FAIL: 0 | Reviews negativas: 0 | Fotos borradas: 0

=== SESIÓN 18:26-22:16 (24/05/2026) ===
RESERVA                   TELÉFONO             ESTADO       RESPUESTA                 REVIEW
-----------------------------------------------------------------------------------------------
16/5_17:30_4e             34662691916          ENVIADO      sin respuesta             -
16/5_17:40_csi            34661826756          ENVIADO      sin respuesta             -
15/5_19:00_4e             34680445843          ENVIADO      POSITIVA                  review enviada
16/5_17:40_csi            34661826756          ENVIADO      POSITIVA                  review enviada
16/5_19:10_csi            34676007933          ENVIADO      sin respuesta             -
16/5_19:10_csi            34676007933          ENVIADO      POSITIVA                  review enviada
16/5_19:00_4e             34%C2%A0635%C2%A088%C2%A014%C2%A013%E2%80%AC ENVIADO      sin respuesta             -
16/5_19:00_4e             34%C2%A0635%C2%A088%C2%A014%C2%A013%E2%80%AC ENVIADO      POSITIVA                  review enviada
16/5_20:40_csi            34670238951          ENVIADO      sin respuesta             -
17/5_17:30_4e             34674807460          ENVIADO      sin respuesta             -
17/5_16:00_4e             34%C2%A0652%C2%A090%C2%A019%C2%A066%E2%80%AC ENVIADO      sin respuesta             -
17/5_16:00_4e             34%C2%A0652%C2%A090%C2%A019%C2%A066%E2%80%AC ENVIADO      POSITIVA                  review enviada
17/5_17:30_4e             34674807460          ENVIADO      POSITIVA                  review enviada
15/5_16:00_maf            34630660579          ENVIADO      recordatorio enviado (48h) -
15/5_19:10_csi            34657852342          ENVIADO      recordatorio enviado (48h) -
15/5_16:00_maf            34630660579          ENVIADO      NEUTRAL (guardado para revisión) -
15/5_19:10_csi            34657852342          ENVIADO      POSITIVA                  review enviada
16/5_17:30_4e             34662691916          ENVIADO      recordatorio FALLIDO (send_not_confirmed) -
16/5_17:30_4e             34662691916          ENVIADO      recordatorio FALLIDO (send_not_confirmed) -
16/5_17:30_4e             34662691916          ENVIADO      recordatorio enviado (48h) -
16/5_20:40_csi            34670238951          ENVIADO      recordatorio enviado (48h) -

[2026-05-24 13:15:40] POSITIVO | Fotos nuevas: 0 | Envios OK: 0 | Envios FAIL: 0 | Reviews negativas: 0 | Fotos borradas: 0

=== SESIÓN 18:26-22:16 (24/05/2026) ===
RESERVA                   TELÉFONO             ESTADO       RESPUESTA                 REVIEW
-----------------------------------------------------------------------------------------------
16/5_17:30_4e             34662691916          ENVIADO      sin respuesta             -
16/5_17:40_csi            34661826756          ENVIADO      sin respuesta             -
15/5_19:00_4e             34680445843          ENVIADO      POSITIVA                  review enviada
16/5_17:40_csi            34661826756          ENVIADO      POSITIVA                  review enviada
16/5_19:10_csi            34676007933          ENVIADO      sin respuesta             -
16/5_19:10_csi            34676007933          ENVIADO      POSITIVA                  review enviada
16/5_19:00_4e             34%C2%A0635%C2%A088%C2%A014%C2%A013%E2%80%AC ENVIADO      sin respuesta             -
16/5_19:00_4e             34%C2%A0635%C2%A088%C2%A014%C2%A013%E2%80%AC ENVIADO      POSITIVA                  review enviada
16/5_20:40_csi            34670238951          ENVIADO      sin respuesta             -
17/5_17:30_4e             34674807460          ENVIADO      sin respuesta             -
17/5_16:00_4e             34%C2%A0652%C2%A090%C2%A019%C2%A066%E2%80%AC ENVIADO      sin respuesta             -
17/5_16:00_4e             34%C2%A0652%C2%A090%C2%A019%C2%A066%E2%80%AC ENVIADO      POSITIVA                  review enviada
17/5_17:30_4e             34674807460          ENVIADO      POSITIVA                  review enviada
15/5_16:00_maf            34630660579          ENVIADO      recordatorio enviado (48h) -
15/5_19:10_csi            34657852342          ENVIADO      recordatorio enviado (48h) -
15/5_16:00_maf            34630660579          ENVIADO      NEUTRAL (guardado para revisión) -
15/5_19:10_csi            34657852342          ENVIADO      POSITIVA                  review enviada
16/5_17:30_4e             34662691916          ENVIADO      recordatorio FALLIDO (send_not_confirmed) -
16/5_17:30_4e             34662691916          ENVIADO      recordatorio FALLIDO (send_not_confirmed) -
16/5_17:30_4e             34662691916          ENVIADO      recordatorio enviado (48h) -
16/5_20:40_csi            34670238951          ENVIADO      recordatorio enviado (48h) -

[2026-05-24 13:33:20] POSITIVO | Fotos nuevas: 0 | Envios OK: 0 | Envios FAIL: 0 | Reviews negativas: 0 | Fotos borradas: 0

=== SESIÓN 18:26-22:16 (24/05/2026) ===
RESERVA                   TELÉFONO             ESTADO       RESPUESTA                 REVIEW
-----------------------------------------------------------------------------------------------
16/5_17:30_4e             34662691916          ENVIADO      sin respuesta             -
16/5_17:40_csi            34661826756          ENVIADO      sin respuesta             -
15/5_19:00_4e             34680445843          ENVIADO      POSITIVA                  review enviada
16/5_17:40_csi            34661826756          ENVIADO      POSITIVA                  review enviada
16/5_19:10_csi            34676007933          ENVIADO      sin respuesta             -
16/5_19:10_csi            34676007933          ENVIADO      POSITIVA                  review enviada
16/5_19:00_4e             34%C2%A0635%C2%A088%C2%A014%C2%A013%E2%80%AC ENVIADO      sin respuesta             -
16/5_19:00_4e             34%C2%A0635%C2%A088%C2%A014%C2%A013%E2%80%AC ENVIADO      POSITIVA                  review enviada
16/5_20:40_csi            34670238951          ENVIADO      sin respuesta             -
17/5_17:30_4e             34674807460          ENVIADO      sin respuesta             -
17/5_16:00_4e             34%C2%A0652%C2%A090%C2%A019%C2%A066%E2%80%AC ENVIADO      sin respuesta             -
17/5_16:00_4e             34%C2%A0652%C2%A090%C2%A019%C2%A066%E2%80%AC ENVIADO      POSITIVA                  review enviada
17/5_17:30_4e             34674807460          ENVIADO      POSITIVA                  review enviada
15/5_16:00_maf            34630660579          ENVIADO      recordatorio enviado (48h) -
15/5_19:10_csi            34657852342          ENVIADO      recordatorio enviado (48h) -
15/5_16:00_maf            34630660579          ENVIADO      NEUTRAL (guardado para revisión) -
15/5_19:10_csi            34657852342          ENVIADO      POSITIVA                  review enviada
16/5_17:30_4e             34662691916          ENVIADO      recordatorio FALLIDO (send_not_confirmed) -
16/5_17:30_4e             34662691916          ENVIADO      recordatorio FALLIDO (send_not_confirmed) -
16/5_17:30_4e             34662691916          ENVIADO      recordatorio enviado (48h) -
16/5_20:40_csi            34670238951          ENVIADO      recordatorio enviado (48h) -

[2026-05-24 13:50:59] POSITIVO | Fotos nuevas: 0 | Envios OK: 0 | Envios FAIL: 0 | Reviews negativas: 0 | Fotos borradas: 0

=== SESIÓN 18:26-22:16 (24/05/2026) ===
RESERVA                   TELÉFONO             ESTADO       RESPUESTA                 REVIEW
-----------------------------------------------------------------------------------------------
16/5_17:30_4e             34662691916          ENVIADO      sin respuesta             -
16/5_17:40_csi            34661826756          ENVIADO      sin respuesta             -
15/5_19:00_4e             34680445843          ENVIADO      POSITIVA                  review enviada
16/5_17:40_csi            34661826756          ENVIADO      POSITIVA                  review enviada
16/5_19:10_csi            34676007933          ENVIADO      sin respuesta             -
16/5_19:10_csi            34676007933          ENVIADO      POSITIVA                  review enviada
16/5_19:00_4e             34%C2%A0635%C2%A088%C2%A014%C2%A013%E2%80%AC ENVIADO      sin respuesta             -
16/5_19:00_4e             34%C2%A0635%C2%A088%C2%A014%C2%A013%E2%80%AC ENVIADO      POSITIVA                  review enviada
16/5_20:40_csi            34670238951          ENVIADO      sin respuesta             -
17/5_17:30_4e             34674807460          ENVIADO      sin respuesta             -
17/5_16:00_4e             34%C2%A0652%C2%A090%C2%A019%C2%A066%E2%80%AC ENVIADO      sin respuesta             -
17/5_16:00_4e             34%C2%A0652%C2%A090%C2%A019%C2%A066%E2%80%AC ENVIADO      POSITIVA                  review enviada
17/5_17:30_4e             34674807460          ENVIADO      POSITIVA                  review enviada
15/5_16:00_maf            34630660579          ENVIADO      recordatorio enviado (48h) -
15/5_19:10_csi            34657852342          ENVIADO      recordatorio enviado (48h) -
15/5_16:00_maf            34630660579          ENVIADO      NEUTRAL (guardado para revisión) -
15/5_19:10_csi            34657852342          ENVIADO      POSITIVA                  review enviada
16/5_17:30_4e             34662691916          ENVIADO      recordatorio FALLIDO (send_not_confirmed) -
16/5_17:30_4e             34662691916          ENVIADO      recordatorio FALLIDO (send_not_confirmed) -
16/5_17:30_4e             34662691916          ENVIADO      recordatorio enviado (48h) -
16/5_20:40_csi            34670238951          ENVIADO      recordatorio enviado (48h) -

[2026-05-24 14:08:13] POSITIVO | Fotos nuevas: 0 | Envios OK: 0 | Envios FAIL: 0 | Reviews negativas: 0 | Fotos borradas: 0

=== SESIÓN 18:26-22:16 (24/05/2026) ===
RESERVA                   TELÉFONO             ESTADO       RESPUESTA                 REVIEW
-----------------------------------------------------------------------------------------------
16/5_17:30_4e             34662691916          ENVIADO      sin respuesta             -
16/5_17:40_csi            34661826756          ENVIADO      sin respuesta             -
15/5_19:00_4e             34680445843          ENVIADO      POSITIVA                  review enviada
16/5_17:40_csi            34661826756          ENVIADO      POSITIVA                  review enviada
16/5_19:10_csi            34676007933          ENVIADO      sin respuesta             -
16/5_19:10_csi            34676007933          ENVIADO      POSITIVA                  review enviada
16/5_19:00_4e             34%C2%A0635%C2%A088%C2%A014%C2%A013%E2%80%AC ENVIADO      sin respuesta             -
16/5_19:00_4e             34%C2%A0635%C2%A088%C2%A014%C2%A013%E2%80%AC ENVIADO      POSITIVA                  review enviada
16/5_20:40_csi            34670238951          ENVIADO      sin respuesta             -
17/5_17:30_4e             34674807460          ENVIADO      sin respuesta             -
17/5_16:00_4e             34%C2%A0652%C2%A090%C2%A019%C2%A066%E2%80%AC ENVIADO      sin respuesta             -
17/5_16:00_4e             34%C2%A0652%C2%A090%C2%A019%C2%A066%E2%80%AC ENVIADO      POSITIVA                  review enviada
17/5_17:30_4e             34674807460          ENVIADO      POSITIVA                  review enviada
15/5_16:00_maf            34630660579          ENVIADO      recordatorio enviado (48h) -
15/5_19:10_csi            34657852342          ENVIADO      recordatorio enviado (48h) -
15/5_16:00_maf            34630660579          ENVIADO      NEUTRAL (guardado para revisión) -
15/5_19:10_csi            34657852342          ENVIADO      POSITIVA                  review enviada
16/5_17:30_4e             34662691916          ENVIADO      recordatorio FALLIDO (send_not_confirmed) -
16/5_17:30_4e             34662691916          ENVIADO      recordatorio FALLIDO (send_not_confirmed) -
16/5_17:30_4e             34662691916          ENVIADO      recordatorio enviado (48h) -
16/5_20:40_csi            34670238951          ENVIADO      recordatorio enviado (48h) -

[2026-05-24 14:25:35] POSITIVO | Fotos nuevas: 1 | Envios OK: 0 | Envios FAIL: 0 | Reviews negativas: 0 | Fotos borradas: 0

=== SESIÓN 18:26-22:16 (24/05/2026) ===
RESERVA                   TELÉFONO             ESTADO       RESPUESTA                 REVIEW
-----------------------------------------------------------------------------------------------
16/5_17:30_4e             34662691916          ENVIADO      sin respuesta             -
16/5_17:40_csi            34661826756          ENVIADO      sin respuesta             -
15/5_19:00_4e             34680445843          ENVIADO      POSITIVA                  review enviada
16/5_17:40_csi            34661826756          ENVIADO      POSITIVA                  review enviada
16/5_19:10_csi            34676007933          ENVIADO      sin respuesta             -
16/5_19:10_csi            34676007933          ENVIADO      POSITIVA                  review enviada
16/5_19:00_4e             34%C2%A0635%C2%A088%C2%A014%C2%A013%E2%80%AC ENVIADO      sin respuesta             -
16/5_19:00_4e             34%C2%A0635%C2%A088%C2%A014%C2%A013%E2%80%AC ENVIADO      POSITIVA                  review enviada
16/5_20:40_csi            34670238951          ENVIADO      sin respuesta             -
17/5_17:30_4e             34674807460          ENVIADO      sin respuesta             -
17/5_16:00_4e             34%C2%A0652%C2%A090%C2%A019%C2%A066%E2%80%AC ENVIADO      sin respuesta             -
17/5_16:00_4e             34%C2%A0652%C2%A090%C2%A019%C2%A066%E2%80%AC ENVIADO      POSITIVA                  review enviada
17/5_17:30_4e             34674807460          ENVIADO      POSITIVA                  review enviada
15/5_16:00_maf            34630660579          ENVIADO      recordatorio enviado (48h) -
15/5_19:10_csi            34657852342          ENVIADO      recordatorio enviado (48h) -
15/5_16:00_maf            34630660579          ENVIADO      NEUTRAL (guardado para revisión) -
15/5_19:10_csi            34657852342          ENVIADO      POSITIVA                  review enviada
16/5_17:30_4e             34662691916          ENVIADO      recordatorio FALLIDO (send_not_confirmed) -
16/5_17:30_4e             34662691916          ENVIADO      recordatorio FALLIDO (send_not_confirmed) -
16/5_17:30_4e             34662691916          ENVIADO      recordatorio enviado (48h) -
16/5_20:40_csi            34670238951          ENVIADO      recordatorio enviado (48h) -

[2026-05-24 14:42:44] POSITIVO | Fotos nuevas: 0 | Envios OK: 0 | Envios FAIL: 0 | Reviews negativas: 0 | Fotos borradas: 0

=== SESIÓN 18:26-22:16 (24/05/2026) ===
RESERVA                   TELÉFONO             ESTADO       RESPUESTA                 REVIEW
-----------------------------------------------------------------------------------------------
16/5_17:30_4e             34662691916          ENVIADO      sin respuesta             -
16/5_17:40_csi            34661826756          ENVIADO      sin respuesta             -
15/5_19:00_4e             34680445843          ENVIADO      POSITIVA                  review enviada
16/5_17:40_csi            34661826756          ENVIADO      POSITIVA                  review enviada
16/5_19:10_csi            34676007933          ENVIADO      sin respuesta             -
16/5_19:10_csi            34676007933          ENVIADO      POSITIVA                  review enviada
16/5_19:00_4e             34%C2%A0635%C2%A088%C2%A014%C2%A013%E2%80%AC ENVIADO      sin respuesta             -
16/5_19:00_4e             34%C2%A0635%C2%A088%C2%A014%C2%A013%E2%80%AC ENVIADO      POSITIVA                  review enviada
16/5_20:40_csi            34670238951          ENVIADO      sin respuesta             -
17/5_17:30_4e             34674807460          ENVIADO      sin respuesta             -
17/5_16:00_4e             34%C2%A0652%C2%A090%C2%A019%C2%A066%E2%80%AC ENVIADO      sin respuesta             -
17/5_16:00_4e             34%C2%A0652%C2%A090%C2%A019%C2%A066%E2%80%AC ENVIADO      POSITIVA                  review enviada
17/5_17:30_4e             34674807460          ENVIADO      POSITIVA                  review enviada
15/5_16:00_maf            34630660579          ENVIADO      recordatorio enviado (48h) -
15/5_19:10_csi            34657852342          ENVIADO      recordatorio enviado (48h) -
15/5_16:00_maf            34630660579          ENVIADO      NEUTRAL (guardado para revisión) -
15/5_19:10_csi            34657852342          ENVIADO      POSITIVA                  review enviada
16/5_17:30_4e             34662691916          ENVIADO      recordatorio FALLIDO (send_not_confirmed) -
16/5_17:30_4e             34662691916          ENVIADO      recordatorio FALLIDO (send_not_confirmed) -
16/5_17:30_4e             34662691916          ENVIADO      recordatorio enviado (48h) -
16/5_20:40_csi            34670238951          ENVIADO      recordatorio enviado (48h) -

[2026-05-24 15:00:13] POSITIVO | Fotos nuevas: 0 | Envios OK: 0 | Envios FAIL: 0 | Reviews negativas: 0 | Fotos borradas: 0

=== SESIÓN 18:26-22:16 (24/05/2026) ===
RESERVA                   TELÉFONO             ESTADO       RESPUESTA                 REVIEW
-----------------------------------------------------------------------------------------------
16/5_17:30_4e             34662691916          ENVIADO      sin respuesta             -
16/5_17:40_csi            34661826756          ENVIADO      sin respuesta             -
15/5_19:00_4e             34680445843          ENVIADO      POSITIVA                  review enviada
16/5_17:40_csi            34661826756          ENVIADO      POSITIVA                  review enviada
16/5_19:10_csi            34676007933          ENVIADO      sin respuesta             -
16/5_19:10_csi            34676007933          ENVIADO      POSITIVA                  review enviada
16/5_19:00_4e             34%C2%A0635%C2%A088%C2%A014%C2%A013%E2%80%AC ENVIADO      sin respuesta             -
16/5_19:00_4e             34%C2%A0635%C2%A088%C2%A014%C2%A013%E2%80%AC ENVIADO      POSITIVA                  review enviada
16/5_20:40_csi            34670238951          ENVIADO      sin respuesta             -
17/5_17:30_4e             34674807460          ENVIADO      sin respuesta             -
17/5_16:00_4e             34%C2%A0652%C2%A090%C2%A019%C2%A066%E2%80%AC ENVIADO      sin respuesta             -
17/5_16:00_4e             34%C2%A0652%C2%A090%C2%A019%C2%A066%E2%80%AC ENVIADO      POSITIVA                  review enviada
17/5_17:30_4e             34674807460          ENVIADO      POSITIVA                  review enviada
15/5_16:00_maf            34630660579          ENVIADO      recordatorio enviado (48h) -
15/5_19:10_csi            34657852342          ENVIADO      recordatorio enviado (48h) -
15/5_16:00_maf            34630660579          ENVIADO      NEUTRAL (guardado para revisión) -
15/5_19:10_csi            34657852342          ENVIADO      POSITIVA                  review enviada
16/5_17:30_4e             34662691916          ENVIADO      recordatorio FALLIDO (send_not_confirmed) -
16/5_17:30_4e             34662691916          ENVIADO      recordatorio FALLIDO (send_not_confirmed) -
16/5_17:30_4e             34662691916          ENVIADO      recordatorio enviado (48h) -
16/5_20:40_csi            34670238951          ENVIADO      recordatorio enviado (48h) -

[2026-05-24 15:17:46] POSITIVO | Fotos nuevas: 0 | Envios OK: 0 | Envios FAIL: 0 | Reviews negativas: 0 | Fotos borradas: 0

=== SESIÓN 18:26-22:16 (24/05/2026) ===
RESERVA                   TELÉFONO             ESTADO       RESPUESTA                 REVIEW
-----------------------------------------------------------------------------------------------
16/5_17:30_4e             34662691916          ENVIADO      sin respuesta             -
16/5_17:40_csi            34661826756          ENVIADO      sin respuesta             -
15/5_19:00_4e             34680445843          ENVIADO      POSITIVA                  review enviada
16/5_17:40_csi            34661826756          ENVIADO      POSITIVA                  review enviada
16/5_19:10_csi            34676007933          ENVIADO      sin respuesta             -
16/5_19:10_csi            34676007933          ENVIADO      POSITIVA                  review enviada
16/5_19:00_4e             34%C2%A0635%C2%A088%C2%A014%C2%A013%E2%80%AC ENVIADO      sin respuesta             -
16/5_19:00_4e             34%C2%A0635%C2%A088%C2%A014%C2%A013%E2%80%AC ENVIADO      POSITIVA                  review enviada
16/5_20:40_csi            34670238951          ENVIADO      sin respuesta             -
17/5_17:30_4e             34674807460          ENVIADO      sin respuesta             -
17/5_16:00_4e             34%C2%A0652%C2%A090%C2%A019%C2%A066%E2%80%AC ENVIADO      sin respuesta             -
17/5_16:00_4e             34%C2%A0652%C2%A090%C2%A019%C2%A066%E2%80%AC ENVIADO      POSITIVA                  review enviada
17/5_17:30_4e             34674807460          ENVIADO      POSITIVA                  review enviada
15/5_16:00_maf            34630660579          ENVIADO      recordatorio enviado (48h) -
15/5_19:10_csi            34657852342          ENVIADO      recordatorio enviado (48h) -
15/5_16:00_maf            34630660579          ENVIADO      NEUTRAL (guardado para revisión) -
15/5_19:10_csi            34657852342          ENVIADO      POSITIVA                  review enviada
16/5_17:30_4e             34662691916          ENVIADO      recordatorio FALLIDO (send_not_confirmed) -
16/5_17:30_4e             34662691916          ENVIADO      recordatorio FALLIDO (send_not_confirmed) -
16/5_17:30_4e             34662691916          ENVIADO      recordatorio enviado (48h) -
16/5_20:40_csi            34670238951          ENVIADO      recordatorio enviado (48h) -

[2026-05-24 15:35:29] POSITIVO | Fotos nuevas: 0 | Envios OK: 0 | Envios FAIL: 0 | Reviews negativas: 0 | Fotos borradas: 0

=== SESIÓN 18:26-22:16 (24/05/2026) ===
RESERVA                   TELÉFONO             ESTADO       RESPUESTA                 REVIEW
-----------------------------------------------------------------------------------------------
16/5_17:30_4e             34662691916          ENVIADO      sin respuesta             -
16/5_17:40_csi            34661826756          ENVIADO      sin respuesta             -
15/5_19:00_4e             34680445843          ENVIADO      POSITIVA                  review enviada
16/5_17:40_csi            34661826756          ENVIADO      POSITIVA                  review enviada
16/5_19:10_csi            34676007933          ENVIADO      sin respuesta             -
16/5_19:10_csi            34676007933          ENVIADO      POSITIVA                  review enviada
16/5_19:00_4e             34%C2%A0635%C2%A088%C2%A014%C2%A013%E2%80%AC ENVIADO      sin respuesta             -
16/5_19:00_4e             34%C2%A0635%C2%A088%C2%A014%C2%A013%E2%80%AC ENVIADO      POSITIVA                  review enviada
16/5_20:40_csi            34670238951          ENVIADO      sin respuesta             -
17/5_17:30_4e             34674807460          ENVIADO      sin respuesta             -
17/5_16:00_4e             34%C2%A0652%C2%A090%C2%A019%C2%A066%E2%80%AC ENVIADO      sin respuesta             -
17/5_16:00_4e             34%C2%A0652%C2%A090%C2%A019%C2%A066%E2%80%AC ENVIADO      POSITIVA                  review enviada
17/5_17:30_4e             34674807460          ENVIADO      POSITIVA                  review enviada
15/5_16:00_maf            34630660579          ENVIADO      recordatorio enviado (48h) -
15/5_19:10_csi            34657852342          ENVIADO      recordatorio enviado (48h) -
15/5_16:00_maf            34630660579          ENVIADO      NEUTRAL (guardado para revisión) -
15/5_19:10_csi            34657852342          ENVIADO      POSITIVA                  review enviada
16/5_17:30_4e             34662691916          ENVIADO      recordatorio FALLIDO (send_not_confirmed) -
16/5_17:30_4e             34662691916          ENVIADO      recordatorio FALLIDO (send_not_confirmed) -
16/5_17:30_4e             34662691916          ENVIADO      recordatorio enviado (48h) -
16/5_20:40_csi            34670238951          ENVIADO      recordatorio enviado (48h) -

[2026-05-24 15:53:02] POSITIVO | Fotos nuevas: 0 | Envios OK: 0 | Envios FAIL: 0 | Reviews negativas: 0 | Fotos borradas: 0

=== SESIÓN 18:26-22:16 (24/05/2026) ===
RESERVA                   TELÉFONO             ESTADO       RESPUESTA                 REVIEW
-----------------------------------------------------------------------------------------------
16/5_17:30_4e             34662691916          ENVIADO      sin respuesta             -
16/5_17:40_csi            34661826756          ENVIADO      sin respuesta             -
15/5_19:00_4e             34680445843          ENVIADO      POSITIVA                  review enviada
16/5_17:40_csi            34661826756          ENVIADO      POSITIVA                  review enviada
16/5_19:10_csi            34676007933          ENVIADO      sin respuesta             -
16/5_19:10_csi            34676007933          ENVIADO      POSITIVA                  review enviada
16/5_19:00_4e             34%C2%A0635%C2%A088%C2%A014%C2%A013%E2%80%AC ENVIADO      sin respuesta             -
16/5_19:00_4e             34%C2%A0635%C2%A088%C2%A014%C2%A013%E2%80%AC ENVIADO      POSITIVA                  review enviada
16/5_20:40_csi            34670238951          ENVIADO      sin respuesta             -
17/5_17:30_4e             34674807460          ENVIADO      sin respuesta             -
17/5_16:00_4e             34%C2%A0652%C2%A090%C2%A019%C2%A066%E2%80%AC ENVIADO      sin respuesta             -
17/5_16:00_4e             34%C2%A0652%C2%A090%C2%A019%C2%A066%E2%80%AC ENVIADO      POSITIVA                  review enviada
17/5_17:30_4e             34674807460          ENVIADO      POSITIVA                  review enviada
15/5_16:00_maf            34630660579          ENVIADO      recordatorio enviado (48h) -
15/5_19:10_csi            34657852342          ENVIADO      recordatorio enviado (48h) -
15/5_16:00_maf            34630660579          ENVIADO      NEUTRAL (guardado para revisión) -
15/5_19:10_csi            34657852342          ENVIADO      POSITIVA                  review enviada
16/5_17:30_4e             34662691916          ENVIADO      recordatorio FALLIDO (send_not_confirmed) -
16/5_17:30_4e             34662691916          ENVIADO      recordatorio FALLIDO (send_not_confirmed) -
16/5_17:30_4e             34662691916          ENVIADO      recordatorio enviado (48h) -
16/5_20:40_csi            34670238951          ENVIADO      recordatorio enviado (48h) -

[2026-05-24 16:10:41] POSITIVO | Fotos nuevas: 0 | Envios OK: 0 | Envios FAIL: 0 | Reviews negativas: 0 | Fotos borradas: 0

=== SESIÓN 18:26-22:16 (24/05/2026) ===
RESERVA                   TELÉFONO             ESTADO       RESPUESTA                 REVIEW
-----------------------------------------------------------------------------------------------
16/5_17:30_4e             34662691916          ENVIADO      sin respuesta             -
16/5_17:40_csi            34661826756          ENVIADO      sin respuesta             -
15/5_19:00_4e             34680445843          ENVIADO      POSITIVA                  review enviada
16/5_17:40_csi            34661826756          ENVIADO      POSITIVA                  review enviada
16/5_19:10_csi            34676007933          ENVIADO      sin respuesta             -
16/5_19:10_csi            34676007933          ENVIADO      POSITIVA                  review enviada
16/5_19:00_4e             34%C2%A0635%C2%A088%C2%A014%C2%A013%E2%80%AC ENVIADO      sin respuesta             -
16/5_19:00_4e             34%C2%A0635%C2%A088%C2%A014%C2%A013%E2%80%AC ENVIADO      POSITIVA                  review enviada
16/5_20:40_csi            34670238951          ENVIADO      sin respuesta             -
17/5_17:30_4e             34674807460          ENVIADO      sin respuesta             -
17/5_16:00_4e             34%C2%A0652%C2%A090%C2%A019%C2%A066%E2%80%AC ENVIADO      sin respuesta             -
17/5_16:00_4e             34%C2%A0652%C2%A090%C2%A019%C2%A066%E2%80%AC ENVIADO      POSITIVA                  review enviada
17/5_17:30_4e             34674807460          ENVIADO      POSITIVA                  review enviada
15/5_16:00_maf            34630660579          ENVIADO      recordatorio enviado (48h) -
15/5_19:10_csi            34657852342          ENVIADO      recordatorio enviado (48h) -
15/5_16:00_maf            34630660579          ENVIADO      NEUTRAL (guardado para revisión) -
15/5_19:10_csi            34657852342          ENVIADO      POSITIVA                  review enviada
16/5_17:30_4e             34662691916          ENVIADO      recordatorio FALLIDO (send_not_confirmed) -
16/5_17:30_4e             34662691916          ENVIADO      recordatorio FALLIDO (send_not_confirmed) -
16/5_17:30_4e             34662691916          ENVIADO      recordatorio enviado (48h) -
16/5_20:40_csi            34670238951          ENVIADO      recordatorio enviado (48h) -

[2026-05-24 16:28:05] POSITIVO | Fotos nuevas: 0 | Envios OK: 0 | Envios FAIL: 0 | Reviews negativas: 0 | Fotos borradas: 0

=== SESIÓN 18:26-22:16 (24/05/2026) ===
RESERVA                   TELÉFONO             ESTADO       RESPUESTA                 REVIEW
-----------------------------------------------------------------------------------------------
16/5_17:30_4e             34662691916          ENVIADO      sin respuesta             -
16/5_17:40_csi            34661826756          ENVIADO      sin respuesta             -
15/5_19:00_4e             34680445843          ENVIADO      POSITIVA                  review enviada
16/5_17:40_csi            34661826756          ENVIADO      POSITIVA                  review enviada
16/5_19:10_csi            34676007933          ENVIADO      sin respuesta             -
16/5_19:10_csi            34676007933          ENVIADO      POSITIVA                  review enviada
16/5_19:00_4e             34%C2%A0635%C2%A088%C2%A014%C2%A013%E2%80%AC ENVIADO      sin respuesta             -
16/5_19:00_4e             34%C2%A0635%C2%A088%C2%A014%C2%A013%E2%80%AC ENVIADO      POSITIVA                  review enviada
16/5_20:40_csi            34670238951          ENVIADO      sin respuesta             -
17/5_17:30_4e             34674807460          ENVIADO      sin respuesta             -
17/5_16:00_4e             34%C2%A0652%C2%A090%C2%A019%C2%A066%E2%80%AC ENVIADO      sin respuesta             -
17/5_16:00_4e             34%C2%A0652%C2%A090%C2%A019%C2%A066%E2%80%AC ENVIADO      POSITIVA                  review enviada
17/5_17:30_4e             34674807460          ENVIADO      POSITIVA                  review enviada
15/5_16:00_maf            34630660579          ENVIADO      recordatorio enviado (48h) -
15/5_19:10_csi            34657852342          ENVIADO      recordatorio enviado (48h) -
15/5_16:00_maf            34630660579          ENVIADO      NEUTRAL (guardado para revisión) -
15/5_19:10_csi            34657852342          ENVIADO      POSITIVA                  review enviada
16/5_17:30_4e             34662691916          ENVIADO      recordatorio FALLIDO (send_not_confirmed) -
16/5_17:30_4e             34662691916          ENVIADO      recordatorio FALLIDO (send_not_confirmed) -
16/5_17:30_4e             34662691916          ENVIADO      recordatorio enviado (48h) -
16/5_20:40_csi            34670238951          ENVIADO      recordatorio enviado (48h) -

[2026-05-24 16:45:19] POSITIVO | Fotos nuevas: 0 | Envios OK: 0 | Envios FAIL: 0 | Reviews negativas: 0 | Fotos borradas: 0

=== SESIÓN 18:26-22:16 (24/05/2026) ===
RESERVA                   TELÉFONO             ESTADO       RESPUESTA                 REVIEW
-----------------------------------------------------------------------------------------------
16/5_17:30_4e             34662691916          ENVIADO      sin respuesta             -
16/5_17:40_csi            34661826756          ENVIADO      sin respuesta             -
15/5_19:00_4e             34680445843          ENVIADO      POSITIVA                  review enviada
16/5_17:40_csi            34661826756          ENVIADO      POSITIVA                  review enviada
16/5_19:10_csi            34676007933          ENVIADO      sin respuesta             -
16/5_19:10_csi            34676007933          ENVIADO      POSITIVA                  review enviada
16/5_19:00_4e             34%C2%A0635%C2%A088%C2%A014%C2%A013%E2%80%AC ENVIADO      sin respuesta             -
16/5_19:00_4e             34%C2%A0635%C2%A088%C2%A014%C2%A013%E2%80%AC ENVIADO      POSITIVA                  review enviada
16/5_20:40_csi            34670238951          ENVIADO      sin respuesta             -
17/5_17:30_4e             34674807460          ENVIADO      sin respuesta             -
17/5_16:00_4e             34%C2%A0652%C2%A090%C2%A019%C2%A066%E2%80%AC ENVIADO      sin respuesta             -
17/5_16:00_4e             34%C2%A0652%C2%A090%C2%A019%C2%A066%E2%80%AC ENVIADO      POSITIVA                  review enviada
17/5_17:30_4e             34674807460          ENVIADO      POSITIVA                  review enviada
15/5_16:00_maf            34630660579          ENVIADO      recordatorio enviado (48h) -
15/5_19:10_csi            34657852342          ENVIADO      recordatorio enviado (48h) -
15/5_16:00_maf            34630660579          ENVIADO      NEUTRAL (guardado para revisión) -
15/5_19:10_csi            34657852342          ENVIADO      POSITIVA                  review enviada
16/5_17:30_4e             34662691916          ENVIADO      recordatorio FALLIDO (send_not_confirmed) -
16/5_17:30_4e             34662691916          ENVIADO      recordatorio FALLIDO (send_not_confirmed) -
16/5_17:30_4e             34662691916          ENVIADO      recordatorio enviado (48h) -
16/5_20:40_csi            34670238951          ENVIADO      recordatorio enviado (48h) -

[2026-05-24 17:02:44] POSITIVO | Fotos nuevas: 0 | Envios OK: 0 | Envios FAIL: 0 | Reviews negativas: 0 | Fotos borradas: 0

=== SESIÓN 18:26-22:16 (24/05/2026) ===
RESERVA                   TELÉFONO             ESTADO       RESPUESTA                 REVIEW
-----------------------------------------------------------------------------------------------
16/5_17:30_4e             34662691916          ENVIADO      sin respuesta             -
16/5_17:40_csi            34661826756          ENVIADO      sin respuesta             -
15/5_19:00_4e             34680445843          ENVIADO      POSITIVA                  review enviada
16/5_17:40_csi            34661826756          ENVIADO      POSITIVA                  review enviada
16/5_19:10_csi            34676007933          ENVIADO      sin respuesta             -
16/5_19:10_csi            34676007933          ENVIADO      POSITIVA                  review enviada
16/5_19:00_4e             34%C2%A0635%C2%A088%C2%A014%C2%A013%E2%80%AC ENVIADO      sin respuesta             -
16/5_19:00_4e             34%C2%A0635%C2%A088%C2%A014%C2%A013%E2%80%AC ENVIADO      POSITIVA                  review enviada
16/5_20:40_csi            34670238951          ENVIADO      sin respuesta             -
17/5_17:30_4e             34674807460          ENVIADO      sin respuesta             -
17/5_16:00_4e             34%C2%A0652%C2%A090%C2%A019%C2%A066%E2%80%AC ENVIADO      sin respuesta             -
17/5_16:00_4e             34%C2%A0652%C2%A090%C2%A019%C2%A066%E2%80%AC ENVIADO      POSITIVA                  review enviada
17/5_17:30_4e             34674807460          ENVIADO      POSITIVA                  review enviada
15/5_16:00_maf            34630660579          ENVIADO      recordatorio enviado (48h) -
15/5_19:10_csi            34657852342          ENVIADO      recordatorio enviado (48h) -
15/5_16:00_maf            34630660579          ENVIADO      NEUTRAL (guardado para revisión) -
15/5_19:10_csi            34657852342          ENVIADO      POSITIVA                  review enviada
16/5_17:30_4e             34662691916          ENVIADO      recordatorio FALLIDO (send_not_confirmed) -
16/5_17:30_4e             34662691916          ENVIADO      recordatorio FALLIDO (send_not_confirmed) -
16/5_17:30_4e             34662691916          ENVIADO      recordatorio enviado (48h) -
16/5_20:40_csi            34670238951          ENVIADO      recordatorio enviado (48h) -

[2026-05-24 17:19:56] POSITIVO | Fotos nuevas: 0 | Envios OK: 0 | Envios FAIL: 0 | Reviews negativas: 0 | Fotos borradas: 0

=== SESIÓN 18:26-22:16 (24/05/2026) ===
RESERVA                   TELÉFONO             ESTADO       RESPUESTA                 REVIEW
-----------------------------------------------------------------------------------------------
16/5_17:30_4e             34662691916          ENVIADO      sin respuesta             -
16/5_17:40_csi            34661826756          ENVIADO      sin respuesta             -
15/5_19:00_4e             34680445843          ENVIADO      POSITIVA                  review enviada
16/5_17:40_csi            34661826756          ENVIADO      POSITIVA                  review enviada
16/5_19:10_csi            34676007933          ENVIADO      sin respuesta             -
16/5_19:10_csi            34676007933          ENVIADO      POSITIVA                  review enviada
16/5_19:00_4e             34%C2%A0635%C2%A088%C2%A014%C2%A013%E2%80%AC ENVIADO      sin respuesta             -
16/5_19:00_4e             34%C2%A0635%C2%A088%C2%A014%C2%A013%E2%80%AC ENVIADO      POSITIVA                  review enviada
16/5_20:40_csi            34670238951          ENVIADO      sin respuesta             -
17/5_17:30_4e             34674807460          ENVIADO      sin respuesta             -
17/5_16:00_4e             34%C2%A0652%C2%A090%C2%A019%C2%A066%E2%80%AC ENVIADO      sin respuesta             -
17/5_16:00_4e             34%C2%A0652%C2%A090%C2%A019%C2%A066%E2%80%AC ENVIADO      POSITIVA                  review enviada
17/5_17:30_4e             34674807460          ENVIADO      POSITIVA                  review enviada
15/5_16:00_maf            34630660579          ENVIADO      recordatorio enviado (48h) -
15/5_19:10_csi            34657852342          ENVIADO      recordatorio enviado (48h) -
15/5_16:00_maf            34630660579          ENVIADO      NEUTRAL (guardado para revisión) -
15/5_19:10_csi            34657852342          ENVIADO      POSITIVA                  review enviada
16/5_17:30_4e             34662691916          ENVIADO      recordatorio FALLIDO (send_not_confirmed) -
16/5_17:30_4e             34662691916          ENVIADO      recordatorio FALLIDO (send_not_confirmed) -
16/5_17:30_4e             34662691916          ENVIADO      recordatorio enviado (48h) -
16/5_20:40_csi            34670238951          ENVIADO      recordatorio enviado (48h) -

[2026-05-24 17:37:06] POSITIVO | Fotos nuevas: 0 | Envios OK: 0 | Envios FAIL: 0 | Reviews negativas: 0 | Fotos borradas: 0

=== SESIÓN 18:26-22:16 (24/05/2026) ===
RESERVA                   TELÉFONO             ESTADO       RESPUESTA                 REVIEW
-----------------------------------------------------------------------------------------------
16/5_17:30_4e             34662691916          ENVIADO      sin respuesta             -
16/5_17:40_csi            34661826756          ENVIADO      sin respuesta             -
15/5_19:00_4e             34680445843          ENVIADO      POSITIVA                  review enviada
16/5_17:40_csi            34661826756          ENVIADO      POSITIVA                  review enviada
16/5_19:10_csi            34676007933          ENVIADO      sin respuesta             -
16/5_19:10_csi            34676007933          ENVIADO      POSITIVA                  review enviada
16/5_19:00_4e             34%C2%A0635%C2%A088%C2%A014%C2%A013%E2%80%AC ENVIADO      sin respuesta             -
16/5_19:00_4e             34%C2%A0635%C2%A088%C2%A014%C2%A013%E2%80%AC ENVIADO      POSITIVA                  review enviada
16/5_20:40_csi            34670238951          ENVIADO      sin respuesta             -
17/5_17:30_4e             34674807460          ENVIADO      sin respuesta             -
17/5_16:00_4e             34%C2%A0652%C2%A090%C2%A019%C2%A066%E2%80%AC ENVIADO      sin respuesta             -
17/5_16:00_4e             34%C2%A0652%C2%A090%C2%A019%C2%A066%E2%80%AC ENVIADO      POSITIVA                  review enviada
17/5_17:30_4e             34674807460          ENVIADO      POSITIVA                  review enviada
15/5_16:00_maf            34630660579          ENVIADO      recordatorio enviado (48h) -
15/5_19:10_csi            34657852342          ENVIADO      recordatorio enviado (48h) -
15/5_16:00_maf            34630660579          ENVIADO      NEUTRAL (guardado para revisión) -
15/5_19:10_csi            34657852342          ENVIADO      POSITIVA                  review enviada
16/5_17:30_4e             34662691916          ENVIADO      recordatorio FALLIDO (send_not_confirmed) -
16/5_17:30_4e             34662691916          ENVIADO      recordatorio FALLIDO (send_not_confirmed) -
16/5_17:30_4e             34662691916          ENVIADO      recordatorio enviado (48h) -
16/5_20:40_csi            34670238951          ENVIADO      recordatorio enviado (48h) -

[2026-05-24 17:54:28] POSITIVO | Fotos nuevas: 0 | Envios OK: 0 | Envios FAIL: 0 | Reviews negativas: 0 | Fotos borradas: 0

=== SESIÓN 18:26-22:16 (24/05/2026) ===
RESERVA                   TELÉFONO             ESTADO       RESPUESTA                 REVIEW
-----------------------------------------------------------------------------------------------
16/5_17:30_4e             34662691916          ENVIADO      sin respuesta             -
16/5_17:40_csi            34661826756          ENVIADO      sin respuesta             -
15/5_19:00_4e             34680445843          ENVIADO      POSITIVA                  review enviada
16/5_17:40_csi            34661826756          ENVIADO      POSITIVA                  review enviada
16/5_19:10_csi            34676007933          ENVIADO      sin respuesta             -
16/5_19:10_csi            34676007933          ENVIADO      POSITIVA                  review enviada
16/5_19:00_4e             34%C2%A0635%C2%A088%C2%A014%C2%A013%E2%80%AC ENVIADO      sin respuesta             -
16/5_19:00_4e             34%C2%A0635%C2%A088%C2%A014%C2%A013%E2%80%AC ENVIADO      POSITIVA                  review enviada
16/5_20:40_csi            34670238951          ENVIADO      sin respuesta             -
17/5_17:30_4e             34674807460          ENVIADO      sin respuesta             -
17/5_16:00_4e             34%C2%A0652%C2%A090%C2%A019%C2%A066%E2%80%AC ENVIADO      sin respuesta             -
17/5_16:00_4e             34%C2%A0652%C2%A090%C2%A019%C2%A066%E2%80%AC ENVIADO      POSITIVA                  review enviada
17/5_17:30_4e             34674807460          ENVIADO      POSITIVA                  review enviada
15/5_16:00_maf            34630660579          ENVIADO      recordatorio enviado (48h) -
15/5_19:10_csi            34657852342          ENVIADO      recordatorio enviado (48h) -
15/5_16:00_maf            34630660579          ENVIADO      NEUTRAL (guardado para revisión) -
15/5_19:10_csi            34657852342          ENVIADO      POSITIVA                  review enviada
16/5_17:30_4e             34662691916          ENVIADO      recordatorio FALLIDO (send_not_confirmed) -
16/5_17:30_4e             34662691916          ENVIADO      recordatorio FALLIDO (send_not_confirmed) -
16/5_17:30_4e             34662691916          ENVIADO      recordatorio enviado (48h) -
16/5_20:40_csi            34670238951          ENVIADO      recordatorio enviado (48h) -

[2026-05-24 18:12:00] POSITIVO | Fotos nuevas: 0 | Envios OK: 0 | Envios FAIL: 0 | Reviews negativas: 0 | Fotos borradas: 0

=== SESIÓN 18:26-22:16 (24/05/2026) ===
RESERVA                   TELÉFONO             ESTADO       RESPUESTA                 REVIEW
-----------------------------------------------------------------------------------------------
16/5_17:30_4e             34662691916          ENVIADO      sin respuesta             -
16/5_17:40_csi            34661826756          ENVIADO      sin respuesta             -
15/5_19:00_4e             34680445843          ENVIADO      POSITIVA                  review enviada
16/5_17:40_csi            34661826756          ENVIADO      POSITIVA                  review enviada
16/5_19:10_csi            34676007933          ENVIADO      sin respuesta             -
16/5_19:10_csi            34676007933          ENVIADO      POSITIVA                  review enviada
16/5_19:00_4e             34%C2%A0635%C2%A088%C2%A014%C2%A013%E2%80%AC ENVIADO      sin respuesta             -
16/5_19:00_4e             34%C2%A0635%C2%A088%C2%A014%C2%A013%E2%80%AC ENVIADO      POSITIVA                  review enviada
16/5_20:40_csi            34670238951          ENVIADO      sin respuesta             -
17/5_17:30_4e             34674807460          ENVIADO      sin respuesta             -
17/5_16:00_4e             34%C2%A0652%C2%A090%C2%A019%C2%A066%E2%80%AC ENVIADO      sin respuesta             -
17/5_16:00_4e             34%C2%A0652%C2%A090%C2%A019%C2%A066%E2%80%AC ENVIADO      POSITIVA                  review enviada
17/5_17:30_4e             34674807460          ENVIADO      POSITIVA                  review enviada
15/5_16:00_maf            34630660579          ENVIADO      recordatorio enviado (48h) -
15/5_19:10_csi            34657852342          ENVIADO      recordatorio enviado (48h) -
15/5_16:00_maf            34630660579          ENVIADO      NEUTRAL (guardado para revisión) -
15/5_19:10_csi            34657852342          ENVIADO      POSITIVA                  review enviada
16/5_17:30_4e             34662691916          ENVIADO      recordatorio FALLIDO (send_not_confirmed) -
16/5_17:30_4e             34662691916          ENVIADO      recordatorio FALLIDO (send_not_confirmed) -
16/5_17:30_4e             34662691916          ENVIADO      recordatorio enviado (48h) -
16/5_20:40_csi            34670238951          ENVIADO      recordatorio enviado (48h) -

[2026-05-24 18:29:25] POSITIVO | Fotos nuevas: 0 | Envios OK: 0 | Envios FAIL: 0 | Reviews negativas: 0 | Fotos borradas: 0

=== SESIÓN 18:26-22:16 (24/05/2026) ===
RESERVA                   TELÉFONO             ESTADO       RESPUESTA                 REVIEW
-----------------------------------------------------------------------------------------------
16/5_17:30_4e             34662691916          ENVIADO      sin respuesta             -
16/5_17:40_csi            34661826756          ENVIADO      sin respuesta             -
15/5_19:00_4e             34680445843          ENVIADO      POSITIVA                  review enviada
16/5_17:40_csi            34661826756          ENVIADO      POSITIVA                  review enviada
16/5_19:10_csi            34676007933          ENVIADO      sin respuesta             -
16/5_19:10_csi            34676007933          ENVIADO      POSITIVA                  review enviada
16/5_19:00_4e             34%C2%A0635%C2%A088%C2%A014%C2%A013%E2%80%AC ENVIADO      sin respuesta             -
16/5_19:00_4e             34%C2%A0635%C2%A088%C2%A014%C2%A013%E2%80%AC ENVIADO      POSITIVA                  review enviada
16/5_20:40_csi            34670238951          ENVIADO      sin respuesta             -
17/5_17:30_4e             34674807460          ENVIADO      sin respuesta             -
17/5_16:00_4e             34%C2%A0652%C2%A090%C2%A019%C2%A066%E2%80%AC ENVIADO      sin respuesta             -
17/5_16:00_4e             34%C2%A0652%C2%A090%C2%A019%C2%A066%E2%80%AC ENVIADO      POSITIVA                  review enviada
17/5_17:30_4e             34674807460          ENVIADO      POSITIVA                  review enviada
15/5_16:00_maf            34630660579          ENVIADO      recordatorio enviado (48h) -
15/5_19:10_csi            34657852342          ENVIADO      recordatorio enviado (48h) -
15/5_16:00_maf            34630660579          ENVIADO      NEUTRAL (guardado para revisión) -
15/5_19:10_csi            34657852342          ENVIADO      POSITIVA                  review enviada
16/5_17:30_4e             34662691916          ENVIADO      recordatorio FALLIDO (send_not_confirmed) -
16/5_17:30_4e             34662691916          ENVIADO      recordatorio FALLIDO (send_not_confirmed) -
16/5_17:30_4e             34662691916          ENVIADO      recordatorio enviado (48h) -
16/5_20:40_csi            34670238951          ENVIADO      recordatorio enviado (48h) -

[2026-05-24 18:46:41] POSITIVO | Fotos nuevas: 0 | Envios OK: 0 | Envios FAIL: 0 | Reviews negativas: 0 | Fotos borradas: 0

=== SESIÓN 18:26-22:16 (24/05/2026) ===
RESERVA                   TELÉFONO             ESTADO       RESPUESTA                 REVIEW
-----------------------------------------------------------------------------------------------
16/5_17:30_4e             34662691916          ENVIADO      sin respuesta             -
16/5_17:40_csi            34661826756          ENVIADO      sin respuesta             -
15/5_19:00_4e             34680445843          ENVIADO      POSITIVA                  review enviada
16/5_17:40_csi            34661826756          ENVIADO      POSITIVA                  review enviada
16/5_19:10_csi            34676007933          ENVIADO      sin respuesta             -
16/5_19:10_csi            34676007933          ENVIADO      POSITIVA                  review enviada
16/5_19:00_4e             34%C2%A0635%C2%A088%C2%A014%C2%A013%E2%80%AC ENVIADO      sin respuesta             -
16/5_19:00_4e             34%C2%A0635%C2%A088%C2%A014%C2%A013%E2%80%AC ENVIADO      POSITIVA                  review enviada
16/5_20:40_csi            34670238951          ENVIADO      sin respuesta             -
17/5_17:30_4e             34674807460          ENVIADO      sin respuesta             -
17/5_16:00_4e             34%C2%A0652%C2%A090%C2%A019%C2%A066%E2%80%AC ENVIADO      sin respuesta             -
17/5_16:00_4e             34%C2%A0652%C2%A090%C2%A019%C2%A066%E2%80%AC ENVIADO      POSITIVA                  review enviada
17/5_17:30_4e             34674807460          ENVIADO      POSITIVA                  review enviada
15/5_16:00_maf            34630660579          ENVIADO      recordatorio enviado (48h) -
15/5_19:10_csi            34657852342          ENVIADO      recordatorio enviado (48h) -
15/5_16:00_maf            34630660579          ENVIADO      NEUTRAL (guardado para revisión) -
15/5_19:10_csi            34657852342          ENVIADO      POSITIVA                  review enviada
16/5_17:30_4e             34662691916          ENVIADO      recordatorio FALLIDO (send_not_confirmed) -
16/5_17:30_4e             34662691916          ENVIADO      recordatorio FALLIDO (send_not_confirmed) -
16/5_17:30_4e             34662691916          ENVIADO      recordatorio enviado (48h) -
16/5_20:40_csi            34670238951          ENVIADO      recordatorio enviado (48h) -

[2026-05-24 19:03:57] POSITIVO | Fotos nuevas: 0 | Envios OK: 0 | Envios FAIL: 0 | Reviews negativas: 0 | Fotos borradas: 0

=== SESIÓN 18:26-22:16 (24/05/2026) ===
RESERVA                   TELÉFONO             ESTADO       RESPUESTA                 REVIEW
-----------------------------------------------------------------------------------------------
16/5_17:30_4e             34662691916          ENVIADO      sin respuesta             -
16/5_17:40_csi            34661826756          ENVIADO      sin respuesta             -
15/5_19:00_4e             34680445843          ENVIADO      POSITIVA                  review enviada
16/5_17:40_csi            34661826756          ENVIADO      POSITIVA                  review enviada
16/5_19:10_csi            34676007933          ENVIADO      sin respuesta             -
16/5_19:10_csi            34676007933          ENVIADO      POSITIVA                  review enviada
16/5_19:00_4e             34%C2%A0635%C2%A088%C2%A014%C2%A013%E2%80%AC ENVIADO      sin respuesta             -
16/5_19:00_4e             34%C2%A0635%C2%A088%C2%A014%C2%A013%E2%80%AC ENVIADO      POSITIVA                  review enviada
16/5_20:40_csi            34670238951          ENVIADO      sin respuesta             -
17/5_17:30_4e             34674807460          ENVIADO      sin respuesta             -
17/5_16:00_4e             34%C2%A0652%C2%A090%C2%A019%C2%A066%E2%80%AC ENVIADO      sin respuesta             -
17/5_16:00_4e             34%C2%A0652%C2%A090%C2%A019%C2%A066%E2%80%AC ENVIADO      POSITIVA                  review enviada
17/5_17:30_4e             34674807460          ENVIADO      POSITIVA                  review enviada
15/5_16:00_maf            34630660579          ENVIADO      recordatorio enviado (48h) -
15/5_19:10_csi            34657852342          ENVIADO      recordatorio enviado (48h) -
15/5_16:00_maf            34630660579          ENVIADO      NEUTRAL (guardado para revisión) -
15/5_19:10_csi            34657852342          ENVIADO      POSITIVA                  review enviada
16/5_17:30_4e             34662691916          ENVIADO      recordatorio FALLIDO (send_not_confirmed) -
16/5_17:30_4e             34662691916          ENVIADO      recordatorio FALLIDO (send_not_confirmed) -
16/5_17:30_4e             34662691916          ENVIADO      recordatorio enviado (48h) -
16/5_20:40_csi            34670238951          ENVIADO      recordatorio enviado (48h) -

[2026-05-24 19:21:41] POSITIVO | Fotos nuevas: 0 | Envios OK: 0 | Envios FAIL: 0 | Reviews negativas: 0 | Fotos borradas: 0

=== SESIÓN 18:26-22:16 (24/05/2026) ===
RESERVA                   TELÉFONO             ESTADO       RESPUESTA                 REVIEW
-----------------------------------------------------------------------------------------------
16/5_17:30_4e             34662691916          ENVIADO      sin respuesta             -
16/5_17:40_csi            34661826756          ENVIADO      sin respuesta             -
15/5_19:00_4e             34680445843          ENVIADO      POSITIVA                  review enviada
16/5_17:40_csi            34661826756          ENVIADO      POSITIVA                  review enviada
16/5_19:10_csi            34676007933          ENVIADO      sin respuesta             -
16/5_19:10_csi            34676007933          ENVIADO      POSITIVA                  review enviada
16/5_19:00_4e             34%C2%A0635%C2%A088%C2%A014%C2%A013%E2%80%AC ENVIADO      sin respuesta             -
16/5_19:00_4e             34%C2%A0635%C2%A088%C2%A014%C2%A013%E2%80%AC ENVIADO      POSITIVA                  review enviada
16/5_20:40_csi            34670238951          ENVIADO      sin respuesta             -
17/5_17:30_4e             34674807460          ENVIADO      sin respuesta             -
17/5_16:00_4e             34%C2%A0652%C2%A090%C2%A019%C2%A066%E2%80%AC ENVIADO      sin respuesta             -
17/5_16:00_4e             34%C2%A0652%C2%A090%C2%A019%C2%A066%E2%80%AC ENVIADO      POSITIVA                  review enviada
17/5_17:30_4e             34674807460          ENVIADO      POSITIVA                  review enviada
15/5_16:00_maf            34630660579          ENVIADO      recordatorio enviado (48h) -
15/5_19:10_csi            34657852342          ENVIADO      recordatorio enviado (48h) -
15/5_16:00_maf            34630660579          ENVIADO      NEUTRAL (guardado para revisión) -
15/5_19:10_csi            34657852342          ENVIADO      POSITIVA                  review enviada
16/5_17:30_4e             34662691916          ENVIADO      recordatorio FALLIDO (send_not_confirmed) -
16/5_17:30_4e             34662691916          ENVIADO      recordatorio FALLIDO (send_not_confirmed) -
16/5_17:30_4e             34662691916          ENVIADO      recordatorio enviado (48h) -
16/5_20:40_csi            34670238951          ENVIADO      recordatorio enviado (48h) -

[2026-05-24 19:39:03] POSITIVO | Fotos nuevas: 0 | Envios OK: 0 | Envios FAIL: 0 | Reviews negativas: 0 | Fotos borradas: 0

=== SESIÓN 18:26-22:16 (24/05/2026) ===
RESERVA                   TELÉFONO             ESTADO       RESPUESTA                 REVIEW
-----------------------------------------------------------------------------------------------
16/5_17:30_4e             34662691916          ENVIADO      sin respuesta             -
16/5_17:40_csi            34661826756          ENVIADO      sin respuesta             -
15/5_19:00_4e             34680445843          ENVIADO      POSITIVA                  review enviada
16/5_17:40_csi            34661826756          ENVIADO      POSITIVA                  review enviada
16/5_19:10_csi            34676007933          ENVIADO      sin respuesta             -
16/5_19:10_csi            34676007933          ENVIADO      POSITIVA                  review enviada
16/5_19:00_4e             34%C2%A0635%C2%A088%C2%A014%C2%A013%E2%80%AC ENVIADO      sin respuesta             -
16/5_19:00_4e             34%C2%A0635%C2%A088%C2%A014%C2%A013%E2%80%AC ENVIADO      POSITIVA                  review enviada
16/5_20:40_csi            34670238951          ENVIADO      sin respuesta             -
17/5_17:30_4e             34674807460          ENVIADO      sin respuesta             -
17/5_16:00_4e             34%C2%A0652%C2%A090%C2%A019%C2%A066%E2%80%AC ENVIADO      sin respuesta             -
17/5_16:00_4e             34%C2%A0652%C2%A090%C2%A019%C2%A066%E2%80%AC ENVIADO      POSITIVA                  review enviada
17/5_17:30_4e             34674807460          ENVIADO      POSITIVA                  review enviada
15/5_16:00_maf            34630660579          ENVIADO      recordatorio enviado (48h) -
15/5_19:10_csi            34657852342          ENVIADO      recordatorio enviado (48h) -
15/5_16:00_maf            34630660579          ENVIADO      NEUTRAL (guardado para revisión) -
15/5_19:10_csi            34657852342          ENVIADO      POSITIVA                  review enviada
16/5_17:30_4e             34662691916          ENVIADO      recordatorio FALLIDO (send_not_confirmed) -
16/5_17:30_4e             34662691916          ENVIADO      recordatorio FALLIDO (send_not_confirmed) -
16/5_17:30_4e             34662691916          ENVIADO      recordatorio enviado (48h) -
16/5_20:40_csi            34670238951          ENVIADO      recordatorio enviado (48h) -

[2026-05-24 19:56:17] POSITIVO | Fotos nuevas: 0 | Envios OK: 0 | Envios FAIL: 0 | Reviews negativas: 0 | Fotos borradas: 0

=== SESIÓN 18:26-22:16 (24/05/2026) ===
RESERVA                   TELÉFONO             ESTADO       RESPUESTA                 REVIEW
-----------------------------------------------------------------------------------------------
16/5_17:30_4e             34662691916          ENVIADO      sin respuesta             -
16/5_17:40_csi            34661826756          ENVIADO      sin respuesta             -
15/5_19:00_4e             34680445843          ENVIADO      POSITIVA                  review enviada
16/5_17:40_csi            34661826756          ENVIADO      POSITIVA                  review enviada
16/5_19:10_csi            34676007933          ENVIADO      sin respuesta             -
16/5_19:10_csi            34676007933          ENVIADO      POSITIVA                  review enviada
16/5_19:00_4e             34%C2%A0635%C2%A088%C2%A014%C2%A013%E2%80%AC ENVIADO      sin respuesta             -
16/5_19:00_4e             34%C2%A0635%C2%A088%C2%A014%C2%A013%E2%80%AC ENVIADO      POSITIVA                  review enviada
16/5_20:40_csi            34670238951          ENVIADO      sin respuesta             -
17/5_17:30_4e             34674807460          ENVIADO      sin respuesta             -
17/5_16:00_4e             34%C2%A0652%C2%A090%C2%A019%C2%A066%E2%80%AC ENVIADO      sin respuesta             -
17/5_16:00_4e             34%C2%A0652%C2%A090%C2%A019%C2%A066%E2%80%AC ENVIADO      POSITIVA                  review enviada
17/5_17:30_4e             34674807460          ENVIADO      POSITIVA                  review enviada
15/5_16:00_maf            34630660579          ENVIADO      recordatorio enviado (48h) -
15/5_19:10_csi            34657852342          ENVIADO      recordatorio enviado (48h) -
15/5_16:00_maf            34630660579          ENVIADO      NEUTRAL (guardado para revisión) -
15/5_19:10_csi            34657852342          ENVIADO      POSITIVA                  review enviada
16/5_17:30_4e             34662691916          ENVIADO      recordatorio FALLIDO (send_not_confirmed) -
16/5_17:30_4e             34662691916          ENVIADO      recordatorio FALLIDO (send_not_confirmed) -
16/5_17:30_4e             34662691916          ENVIADO      recordatorio enviado (48h) -
16/5_20:40_csi            34670238951          ENVIADO      recordatorio enviado (48h) -

[2026-05-24 20:13:29] POSITIVO | Fotos nuevas: 0 | Envios OK: 0 | Envios FAIL: 0 | Reviews negativas: 0 | Fotos borradas: 0

=== SESIÓN 18:26-22:16 (24/05/2026) ===
RESERVA                   TELÉFONO             ESTADO       RESPUESTA                 REVIEW
-----------------------------------------------------------------------------------------------
16/5_17:30_4e             34662691916          ENVIADO      sin respuesta             -
16/5_17:40_csi            34661826756          ENVIADO      sin respuesta             -
15/5_19:00_4e             34680445843          ENVIADO      POSITIVA                  review enviada
16/5_17:40_csi            34661826756          ENVIADO      POSITIVA                  review enviada
16/5_19:10_csi            34676007933          ENVIADO      sin respuesta             -
16/5_19:10_csi            34676007933          ENVIADO      POSITIVA                  review enviada
16/5_19:00_4e             34%C2%A0635%C2%A088%C2%A014%C2%A013%E2%80%AC ENVIADO      sin respuesta             -
16/5_19:00_4e             34%C2%A0635%C2%A088%C2%A014%C2%A013%E2%80%AC ENVIADO      POSITIVA                  review enviada
16/5_20:40_csi            34670238951          ENVIADO      sin respuesta             -
17/5_17:30_4e             34674807460          ENVIADO      sin respuesta             -
17/5_16:00_4e             34%C2%A0652%C2%A090%C2%A019%C2%A066%E2%80%AC ENVIADO      sin respuesta             -
17/5_16:00_4e             34%C2%A0652%C2%A090%C2%A019%C2%A066%E2%80%AC ENVIADO      POSITIVA                  review enviada
17/5_17:30_4e             34674807460          ENVIADO      POSITIVA                  review enviada
15/5_16:00_maf            34630660579          ENVIADO      recordatorio enviado (48h) -
15/5_19:10_csi            34657852342          ENVIADO      recordatorio enviado (48h) -
15/5_16:00_maf            34630660579          ENVIADO      NEUTRAL (guardado para revisión) -
15/5_19:10_csi            34657852342          ENVIADO      POSITIVA                  review enviada
16/5_17:30_4e             34662691916          ENVIADO      recordatorio FALLIDO (send_not_confirmed) -
16/5_17:30_4e             34662691916          ENVIADO      recordatorio FALLIDO (send_not_confirmed) -
16/5_17:30_4e             34662691916          ENVIADO      recordatorio enviado (48h) -
16/5_20:40_csi            34670238951          ENVIADO      recordatorio enviado (48h) -

[2026-05-24 20:30:51] POSITIVO | Fotos nuevas: 2 | Envios OK: 0 | Envios FAIL: 0 | Reviews negativas: 0 | Fotos borradas: 0

=== SESIÓN 18:26-22:16 (24/05/2026) ===
RESERVA                   TELÉFONO             ESTADO       RESPUESTA                 REVIEW
-----------------------------------------------------------------------------------------------
16/5_17:30_4e             34662691916          ENVIADO      sin respuesta             -
16/5_17:40_csi            34661826756          ENVIADO      sin respuesta             -
15/5_19:00_4e             34680445843          ENVIADO      POSITIVA                  review enviada
16/5_17:40_csi            34661826756          ENVIADO      POSITIVA                  review enviada
16/5_19:10_csi            34676007933          ENVIADO      sin respuesta             -
16/5_19:10_csi            34676007933          ENVIADO      POSITIVA                  review enviada
16/5_19:00_4e             34%C2%A0635%C2%A088%C2%A014%C2%A013%E2%80%AC ENVIADO      sin respuesta             -
16/5_19:00_4e             34%C2%A0635%C2%A088%C2%A014%C2%A013%E2%80%AC ENVIADO      POSITIVA                  review enviada
16/5_20:40_csi            34670238951          ENVIADO      sin respuesta             -
17/5_17:30_4e             34674807460          ENVIADO      sin respuesta             -
17/5_16:00_4e             34%C2%A0652%C2%A090%C2%A019%C2%A066%E2%80%AC ENVIADO      sin respuesta             -
17/5_16:00_4e             34%C2%A0652%C2%A090%C2%A019%C2%A066%E2%80%AC ENVIADO      POSITIVA                  review enviada
17/5_17:30_4e             34674807460          ENVIADO      POSITIVA                  review enviada
15/5_16:00_maf            34630660579          ENVIADO      recordatorio enviado (48h) -
15/5_19:10_csi            34657852342          ENVIADO      recordatorio enviado (48h) -
15/5_16:00_maf            34630660579          ENVIADO      NEUTRAL (guardado para revisión) -
15/5_19:10_csi            34657852342          ENVIADO      POSITIVA                  review enviada
16/5_17:30_4e             34662691916          ENVIADO      recordatorio FALLIDO (send_not_confirmed) -
16/5_17:30_4e             34662691916          ENVIADO      recordatorio FALLIDO (send_not_confirmed) -
16/5_17:30_4e             34662691916          ENVIADO      recordatorio enviado (48h) -
16/5_20:40_csi            34670238951          ENVIADO      recordatorio enviado (48h) -

[2026-05-24 20:48:16] POSITIVO | Fotos nuevas: 0 | Envios OK: 0 | Envios FAIL: 0 | Reviews negativas: 0 | Fotos borradas: 0

=== SESIÓN 18:26-22:16 (24/05/2026) ===
RESERVA                   TELÉFONO             ESTADO       RESPUESTA                 REVIEW
-----------------------------------------------------------------------------------------------
16/5_17:30_4e             34662691916          ENVIADO      sin respuesta             -
16/5_17:40_csi            34661826756          ENVIADO      sin respuesta             -
15/5_19:00_4e             34680445843          ENVIADO      POSITIVA                  review enviada
16/5_17:40_csi            34661826756          ENVIADO      POSITIVA                  review enviada
16/5_19:10_csi            34676007933          ENVIADO      sin respuesta             -
16/5_19:10_csi            34676007933          ENVIADO      POSITIVA                  review enviada
16/5_19:00_4e             34%C2%A0635%C2%A088%C2%A014%C2%A013%E2%80%AC ENVIADO      sin respuesta             -
16/5_19:00_4e             34%C2%A0635%C2%A088%C2%A014%C2%A013%E2%80%AC ENVIADO      POSITIVA                  review enviada
16/5_20:40_csi            34670238951          ENVIADO      sin respuesta             -
17/5_17:30_4e             34674807460          ENVIADO      sin respuesta             -
17/5_16:00_4e             34%C2%A0652%C2%A090%C2%A019%C2%A066%E2%80%AC ENVIADO      sin respuesta             -
17/5_16:00_4e             34%C2%A0652%C2%A090%C2%A019%C2%A066%E2%80%AC ENVIADO      POSITIVA                  review enviada
17/5_17:30_4e             34674807460          ENVIADO      POSITIVA                  review enviada
15/5_16:00_maf            34630660579          ENVIADO      recordatorio enviado (48h) -
15/5_19:10_csi            34657852342          ENVIADO      recordatorio enviado (48h) -
15/5_16:00_maf            34630660579          ENVIADO      NEUTRAL (guardado para revisión) -
15/5_19:10_csi            34657852342          ENVIADO      POSITIVA                  review enviada
16/5_17:30_4e             34662691916          ENVIADO      recordatorio FALLIDO (send_not_confirmed) -
16/5_17:30_4e             34662691916          ENVIADO      recordatorio FALLIDO (send_not_confirmed) -
16/5_17:30_4e             34662691916          ENVIADO      recordatorio enviado (48h) -
16/5_20:40_csi            34670238951          ENVIADO      recordatorio enviado (48h) -

[2026-05-24 21:04:31] POSITIVO | Fotos nuevas: 0 | Envios OK: 0 | Envios FAIL: 0 | Reviews negativas: 0 | Fotos borradas: 0

=== SESIÓN 18:26-22:16 (24/05/2026) ===
RESERVA                   TELÉFONO             ESTADO       RESPUESTA                 REVIEW
-----------------------------------------------------------------------------------------------
16/5_17:30_4e             34662691916          ENVIADO      sin respuesta             -
16/5_17:40_csi            34661826756          ENVIADO      sin respuesta             -
15/5_19:00_4e             34680445843          ENVIADO      POSITIVA                  review enviada
16/5_17:40_csi            34661826756          ENVIADO      POSITIVA                  review enviada
16/5_19:10_csi            34676007933          ENVIADO      sin respuesta             -
16/5_19:10_csi            34676007933          ENVIADO      POSITIVA                  review enviada
16/5_19:00_4e             34%C2%A0635%C2%A088%C2%A014%C2%A013%E2%80%AC ENVIADO      sin respuesta             -
16/5_19:00_4e             34%C2%A0635%C2%A088%C2%A014%C2%A013%E2%80%AC ENVIADO      POSITIVA                  review enviada
16/5_20:40_csi            34670238951          ENVIADO      sin respuesta             -
17/5_17:30_4e             34674807460          ENVIADO      sin respuesta             -
17/5_16:00_4e             34%C2%A0652%C2%A090%C2%A019%C2%A066%E2%80%AC ENVIADO      sin respuesta             -
17/5_16:00_4e             34%C2%A0652%C2%A090%C2%A019%C2%A066%E2%80%AC ENVIADO      POSITIVA                  review enviada
17/5_17:30_4e             34674807460          ENVIADO      POSITIVA                  review enviada
15/5_16:00_maf            34630660579          ENVIADO      recordatorio enviado (48h) -
15/5_19:10_csi            34657852342          ENVIADO      recordatorio enviado (48h) -
15/5_16:00_maf            34630660579          ENVIADO      NEUTRAL (guardado para revisión) -
15/5_19:10_csi            34657852342          ENVIADO      POSITIVA                  review enviada
16/5_17:30_4e             34662691916          ENVIADO      recordatorio FALLIDO (send_not_confirmed) -
16/5_17:30_4e             34662691916          ENVIADO      recordatorio FALLIDO (send_not_confirmed) -
16/5_17:30_4e             34662691916          ENVIADO      recordatorio enviado (48h) -
16/5_20:40_csi            34670238951          ENVIADO      recordatorio enviado (48h) -

[2026-05-24 21:20:47] POSITIVO | Fotos nuevas: 0 | Envios OK: 0 | Envios FAIL: 0 | Reviews negativas: 0 | Fotos borradas: 0

=== SESIÓN 18:26-22:16 (24/05/2026) ===
RESERVA                   TELÉFONO             ESTADO       RESPUESTA                 REVIEW
-----------------------------------------------------------------------------------------------
16/5_17:30_4e             34662691916          ENVIADO      sin respuesta             -
16/5_17:40_csi            34661826756          ENVIADO      sin respuesta             -
15/5_19:00_4e             34680445843          ENVIADO      POSITIVA                  review enviada
16/5_17:40_csi            34661826756          ENVIADO      POSITIVA                  review enviada
16/5_19:10_csi            34676007933          ENVIADO      sin respuesta             -
16/5_19:10_csi            34676007933          ENVIADO      POSITIVA                  review enviada
16/5_19:00_4e             34%C2%A0635%C2%A088%C2%A014%C2%A013%E2%80%AC ENVIADO      sin respuesta             -
16/5_19:00_4e             34%C2%A0635%C2%A088%C2%A014%C2%A013%E2%80%AC ENVIADO      POSITIVA                  review enviada
16/5_20:40_csi            34670238951          ENVIADO      sin respuesta             -
17/5_17:30_4e             34674807460          ENVIADO      sin respuesta             -
17/5_16:00_4e             34%C2%A0652%C2%A090%C2%A019%C2%A066%E2%80%AC ENVIADO      sin respuesta             -
17/5_16:00_4e             34%C2%A0652%C2%A090%C2%A019%C2%A066%E2%80%AC ENVIADO      POSITIVA                  review enviada
17/5_17:30_4e             34674807460          ENVIADO      POSITIVA                  review enviada
15/5_16:00_maf            34630660579          ENVIADO      recordatorio enviado (48h) -
15/5_19:10_csi            34657852342          ENVIADO      recordatorio enviado (48h) -
15/5_16:00_maf            34630660579          ENVIADO      NEUTRAL (guardado para revisión) -
15/5_19:10_csi            34657852342          ENVIADO      POSITIVA                  review enviada
16/5_17:30_4e             34662691916          ENVIADO      recordatorio FALLIDO (send_not_confirmed) -
16/5_17:30_4e             34662691916          ENVIADO      recordatorio FALLIDO (send_not_confirmed) -
16/5_17:30_4e             34662691916          ENVIADO      recordatorio enviado (48h) -
16/5_20:40_csi            34670238951          ENVIADO      recordatorio enviado (48h) -

[2026-05-24 21:37:01] POSITIVO | Fotos nuevas: 0 | Envios OK: 0 | Envios FAIL: 0 | Reviews negativas: 0 | Fotos borradas: 0

=== SESIÓN 18:26-22:16 (24/05/2026) ===
RESERVA                   TELÉFONO             ESTADO       RESPUESTA                 REVIEW
-----------------------------------------------------------------------------------------------
16/5_17:30_4e             34662691916          ENVIADO      sin respuesta             -
16/5_17:40_csi            34661826756          ENVIADO      sin respuesta             -
15/5_19:00_4e             34680445843          ENVIADO      POSITIVA                  review enviada
16/5_17:40_csi            34661826756          ENVIADO      POSITIVA                  review enviada
16/5_19:10_csi            34676007933          ENVIADO      sin respuesta             -
16/5_19:10_csi            34676007933          ENVIADO      POSITIVA                  review enviada
16/5_19:00_4e             34%C2%A0635%C2%A088%C2%A014%C2%A013%E2%80%AC ENVIADO      sin respuesta             -
16/5_19:00_4e             34%C2%A0635%C2%A088%C2%A014%C2%A013%E2%80%AC ENVIADO      POSITIVA                  review enviada
16/5_20:40_csi            34670238951          ENVIADO      sin respuesta             -
17/5_17:30_4e             34674807460          ENVIADO      sin respuesta             -
17/5_16:00_4e             34%C2%A0652%C2%A090%C2%A019%C2%A066%E2%80%AC ENVIADO      sin respuesta             -
17/5_16:00_4e             34%C2%A0652%C2%A090%C2%A019%C2%A066%E2%80%AC ENVIADO      POSITIVA                  review enviada
17/5_17:30_4e             34674807460          ENVIADO      POSITIVA                  review enviada
15/5_16:00_maf            34630660579          ENVIADO      recordatorio enviado (48h) -
15/5_19:10_csi            34657852342          ENVIADO      recordatorio enviado (48h) -
15/5_16:00_maf            34630660579          ENVIADO      NEUTRAL (guardado para revisión) -
15/5_19:10_csi            34657852342          ENVIADO      POSITIVA                  review enviada
16/5_17:30_4e             34662691916          ENVIADO      recordatorio FALLIDO (send_not_confirmed) -
16/5_17:30_4e             34662691916          ENVIADO      recordatorio FALLIDO (send_not_confirmed) -
16/5_17:30_4e             34662691916          ENVIADO      recordatorio enviado (48h) -
16/5_20:40_csi            34670238951          ENVIADO      recordatorio enviado (48h) -

[2026-05-24 21:53:12] POSITIVO | Fotos nuevas: 0 | Envios OK: 0 | Envios FAIL: 0 | Reviews negativas: 0 | Fotos borradas: 0

=== SESIÓN 18:26-22:16 (24/05/2026) ===
RESERVA                   TELÉFONO             ESTADO       RESPUESTA                 REVIEW
-----------------------------------------------------------------------------------------------
16/5_17:30_4e             34662691916          ENVIADO      sin respuesta             -
16/5_17:40_csi            34661826756          ENVIADO      sin respuesta             -
15/5_19:00_4e             34680445843          ENVIADO      POSITIVA                  review enviada
16/5_17:40_csi            34661826756          ENVIADO      POSITIVA                  review enviada
16/5_19:10_csi            34676007933          ENVIADO      sin respuesta             -
16/5_19:10_csi            34676007933          ENVIADO      POSITIVA                  review enviada
16/5_19:00_4e             34%C2%A0635%C2%A088%C2%A014%C2%A013%E2%80%AC ENVIADO      sin respuesta             -
16/5_19:00_4e             34%C2%A0635%C2%A088%C2%A014%C2%A013%E2%80%AC ENVIADO      POSITIVA                  review enviada
16/5_20:40_csi            34670238951          ENVIADO      sin respuesta             -
17/5_17:30_4e             34674807460          ENVIADO      sin respuesta             -
17/5_16:00_4e             34%C2%A0652%C2%A090%C2%A019%C2%A066%E2%80%AC ENVIADO      sin respuesta             -
17/5_16:00_4e             34%C2%A0652%C2%A090%C2%A019%C2%A066%E2%80%AC ENVIADO      POSITIVA                  review enviada
17/5_17:30_4e             34674807460          ENVIADO      POSITIVA                  review enviada
15/5_16:00_maf            34630660579          ENVIADO      recordatorio enviado (48h) -
15/5_19:10_csi            34657852342          ENVIADO      recordatorio enviado (48h) -
15/5_16:00_maf            34630660579          ENVIADO      NEUTRAL (guardado para revisión) -
15/5_19:10_csi            34657852342          ENVIADO      POSITIVA                  review enviada
16/5_17:30_4e             34662691916          ENVIADO      recordatorio FALLIDO (send_not_confirmed) -
16/5_17:30_4e             34662691916          ENVIADO      recordatorio FALLIDO (send_not_confirmed) -
16/5_17:30_4e             34662691916          ENVIADO      recordatorio enviado (48h) -
16/5_20:40_csi            34670238951          ENVIADO      recordatorio enviado (48h) -

[2026-05-24 22:09:24] POSITIVO | Fotos nuevas: 0 | Envios OK: 0 | Envios FAIL: 0 | Reviews negativas: 0 | Fotos borradas: 0

=== SESIÓN 18:26-22:16 (24/05/2026) ===
RESERVA                   TELÉFONO             ESTADO       RESPUESTA                 REVIEW
-----------------------------------------------------------------------------------------------
16/5_17:30_4e             34662691916          ENVIADO      sin respuesta             -
16/5_17:40_csi            34661826756          ENVIADO      sin respuesta             -
15/5_19:00_4e             34680445843          ENVIADO      POSITIVA                  review enviada
16/5_17:40_csi            34661826756          ENVIADO      POSITIVA                  review enviada
16/5_19:10_csi            34676007933          ENVIADO      sin respuesta             -
16/5_19:10_csi            34676007933          ENVIADO      POSITIVA                  review enviada
16/5_19:00_4e             34%C2%A0635%C2%A088%C2%A014%C2%A013%E2%80%AC ENVIADO      sin respuesta             -
16/5_19:00_4e             34%C2%A0635%C2%A088%C2%A014%C2%A013%E2%80%AC ENVIADO      POSITIVA                  review enviada
16/5_20:40_csi            34670238951          ENVIADO      sin respuesta             -
17/5_17:30_4e             34674807460          ENVIADO      sin respuesta             -
17/5_16:00_4e             34%C2%A0652%C2%A090%C2%A019%C2%A066%E2%80%AC ENVIADO      sin respuesta             -
17/5_16:00_4e             34%C2%A0652%C2%A090%C2%A019%C2%A066%E2%80%AC ENVIADO      POSITIVA                  review enviada
17/5_17:30_4e             34674807460          ENVIADO      POSITIVA                  review enviada
15/5_16:00_maf            34630660579          ENVIADO      recordatorio enviado (48h) -
15/5_19:10_csi            34657852342          ENVIADO      recordatorio enviado (48h) -
15/5_16:00_maf            34630660579          ENVIADO      NEUTRAL (guardado para revisión) -
15/5_19:10_csi            34657852342          ENVIADO      POSITIVA                  review enviada
16/5_17:30_4e             34662691916          ENVIADO      recordatorio FALLIDO (send_not_confirmed) -
16/5_17:30_4e             34662691916          ENVIADO      recordatorio FALLIDO (send_not_confirmed) -
16/5_17:30_4e             34662691916          ENVIADO      recordatorio enviado (48h) -
16/5_20:40_csi            34670238951          ENVIADO      recordatorio enviado (48h) -

[2026-05-24 22:25:34] POSITIVO | Fotos nuevas: 0 | Envios OK: 0 | Envios FAIL: 0 | Reviews negativas: 0 | Fotos borradas: 0

=== SESIÓN 18:26-22:16 (24/05/2026) ===
RESERVA                   TELÉFONO             ESTADO       RESPUESTA                 REVIEW
-----------------------------------------------------------------------------------------------
16/5_17:30_4e             34662691916          ENVIADO      sin respuesta             -
16/5_17:40_csi            34661826756          ENVIADO      sin respuesta             -
15/5_19:00_4e             34680445843          ENVIADO      POSITIVA                  review enviada
16/5_17:40_csi            34661826756          ENVIADO      POSITIVA                  review enviada
16/5_19:10_csi            34676007933          ENVIADO      sin respuesta             -
16/5_19:10_csi            34676007933          ENVIADO      POSITIVA                  review enviada
16/5_19:00_4e             34%C2%A0635%C2%A088%C2%A014%C2%A013%E2%80%AC ENVIADO      sin respuesta             -
16/5_19:00_4e             34%C2%A0635%C2%A088%C2%A014%C2%A013%E2%80%AC ENVIADO      POSITIVA                  review enviada
16/5_20:40_csi            34670238951          ENVIADO      sin respuesta             -
17/5_17:30_4e             34674807460          ENVIADO      sin respuesta             -
17/5_16:00_4e             34%C2%A0652%C2%A090%C2%A019%C2%A066%E2%80%AC ENVIADO      sin respuesta             -
17/5_16:00_4e             34%C2%A0652%C2%A090%C2%A019%C2%A066%E2%80%AC ENVIADO      POSITIVA                  review enviada
17/5_17:30_4e             34674807460          ENVIADO      POSITIVA                  review enviada
15/5_16:00_maf            34630660579          ENVIADO      recordatorio enviado (48h) -
15/5_19:10_csi            34657852342          ENVIADO      recordatorio enviado (48h) -
15/5_16:00_maf            34630660579          ENVIADO      NEUTRAL (guardado para revisión) -
15/5_19:10_csi            34657852342          ENVIADO      POSITIVA                  review enviada
16/5_17:30_4e             34662691916          ENVIADO      recordatorio FALLIDO (send_not_confirmed) -
16/5_17:30_4e             34662691916          ENVIADO      recordatorio FALLIDO (send_not_confirmed) -
16/5_17:30_4e             34662691916          ENVIADO      recordatorio enviado (48h) -
16/5_20:40_csi            34670238951          ENVIADO      recordatorio enviado (48h) -

[2026-05-24 22:41:46] POSITIVO | Fotos nuevas: 0 | Envios OK: 0 | Envios FAIL: 0 | Reviews negativas: 0 | Fotos borradas: 0

=== SESIÓN 18:26-22:16 (24/05/2026) ===
RESERVA                   TELÉFONO             ESTADO       RESPUESTA                 REVIEW
-----------------------------------------------------------------------------------------------
16/5_17:30_4e             34662691916          ENVIADO      sin respuesta             -
16/5_17:40_csi            34661826756          ENVIADO      sin respuesta             -
15/5_19:00_4e             34680445843          ENVIADO      POSITIVA                  review enviada
16/5_17:40_csi            34661826756          ENVIADO      POSITIVA                  review enviada
16/5_19:10_csi            34676007933          ENVIADO      sin respuesta             -
16/5_19:10_csi            34676007933          ENVIADO      POSITIVA                  review enviada
16/5_19:00_4e             34%C2%A0635%C2%A088%C2%A014%C2%A013%E2%80%AC ENVIADO      sin respuesta             -
16/5_19:00_4e             34%C2%A0635%C2%A088%C2%A014%C2%A013%E2%80%AC ENVIADO      POSITIVA                  review enviada
16/5_20:40_csi            34670238951          ENVIADO      sin respuesta             -
17/5_17:30_4e             34674807460          ENVIADO      sin respuesta             -
17/5_16:00_4e             34%C2%A0652%C2%A090%C2%A019%C2%A066%E2%80%AC ENVIADO      sin respuesta             -
17/5_16:00_4e             34%C2%A0652%C2%A090%C2%A019%C2%A066%E2%80%AC ENVIADO      POSITIVA                  review enviada
17/5_17:30_4e             34674807460          ENVIADO      POSITIVA                  review enviada
15/5_16:00_maf            34630660579          ENVIADO      recordatorio enviado (48h) -
15/5_19:10_csi            34657852342          ENVIADO      recordatorio enviado (48h) -
15/5_16:00_maf            34630660579          ENVIADO      NEUTRAL (guardado para revisión) -
15/5_19:10_csi            34657852342          ENVIADO      POSITIVA                  review enviada
16/5_17:30_4e             34662691916          ENVIADO      recordatorio FALLIDO (send_not_confirmed) -
16/5_17:30_4e             34662691916          ENVIADO      recordatorio FALLIDO (send_not_confirmed) -
16/5_17:30_4e             34662691916          ENVIADO      recordatorio enviado (48h) -
16/5_20:40_csi            34670238951          ENVIADO      recordatorio enviado (48h) -

[2026-05-24 22:57:57] POSITIVO | Fotos nuevas: 0 | Envios OK: 0 | Envios FAIL: 0 | Reviews negativas: 0 | Fotos borradas: 0
